C601,C003,R027-0201,R027-0202,R027-0203,R027-0204,R027-0205
2024,140190001,NO,NO,NO,NO,NO
2024,140190002,NO,NO,NO,NO,NO
2024,140190003,NO,NO,NO,NO,NO
2024,140190004,NO,NO,NO,NO,NO
2024,140190007,NO,NO,NO,NO,NO
2024,140190010,NO,NO,NO,NO,NO
2024,140190011,NO,NO,NO,NO,NO
2024,140190013,NO,NO,NO,NO,NO
2024,140190015,NO,NO,NO,NO,NO
2024,140190017,NO,NO,NO,NO,NO
2024,140190018,NO,NO,NO,NO,NO
2024,140190020,NO,NO,NO,NO,NO
2024,140190021,NO,NO,NO,NO,NO
2024,140190022,NO,NO,NO,NO,NO
2024,140190023,NO,NO,NO,NO,NO
2024,140190024,NO,NO,NO,NO,NO
2024,140190026,NO,NO,NO,NO,NO
2024,140190027,NO,NO,NO,NO,NO
2024,140190028,NO,NO,NO,NO,NO
2024,140190030,NO,NO,NO,NO,NO
2024,140190031,NO,NO,NO,NO,NO
2024,140190032,NO,NO,NO,NO,NO
2024,140190033,NO,NO,NO,NO,NO
2024,140190034,NO,NO,NO,NO,NO
2024,140190035,NO,NO,NO,NO,NO
2024,140190036,NO,NO,NO,NO,NO
2024,140190037,NO,NO,NO,NO,NO
2024,140190039,NO,NO,NO,NO,NO
2024,140190040,NO,NO,NO,NO,NO
2024,140190041,NO,NO,NO,NO,NO
2024,140190043,NO,NO,NO,NO,NO
2024,140190044,NO,NO,NO,NO,NO
2024,140190047,NO,NO,NO,NO,NO
2024,140190048,NO,NO,NO,NO,NO
2024,140190049,NO,NO,NO,NO,NO
2024,140190050,NO,NO,NO,NO,NO
2024,140190052,NO,NO,NO,NO,NO
2024,140190054,NO,NO,NO,NO,NO
2024,140190055,NO,NO,NO,NO,NO
2024,140190056,NO,NO,NO,NO,NO
2024,140190057,NO,NO,NO,NO,NO
2024,140190058,NO,NO,NO,NO,NO
2024,140190059,NO,NO,NO,NO,NO
2024,140190060,NO,NO,NO,NO,NO
2024,140190061,NO,NO,NO,NO,NO
2024,140190063,NO,NO,NO,NO,NO
2024,140190064,NO,NO,NO,NO,NO
2024,140190066,NO,NO,NO,NO,NO
2024,140190067,NO,NO,NO,NO,NO
2024,140190070,NO,NO,NO,NO,NO
2024,140190072,NO,NO,NO,NO,NO
2024,140190073,NO,NO,NO,NO,NO
2024,140190075,NO,NO,NO,NO,NO
2024,140190076,NO,NO,NO,NO,NO
2024,140190077,NO,NO,NO,NO,NO
2024,140190078,NO,NO,NO,NO,NO
2024,140190079,NO,NO,NO,NO,NO
2024,140190080,NO,NO,NO,NO,NO
2024,140190081,NO,NO,NO,NO,NO
2024,140190083,NO,NO,NO,NO,NO
2024,140190085,NO,NO,NO,NO,NO
2024,140190089,NO,NO,NO,NO,NO
2024,140190090,NO,NO,NO,NO,NO
2024,140190092,NO,NO,NO,NO,NO
2024,140190093,NO,NO,NO,NO,NO
2024,140190094,NO,NO,NO,NO,NO
2024,140190096,NO,NO,NO,NO,NO
2024,140190097,NO,NO,NO,NO,NO
2024,140190098,NO,NO,NO,NO,NO
2024,140190100,NO,NO,NO,NO,NO
2024,140190101,NO,NO,NO,NO,NO
2024,140190102,NO,NO,NO,NO,NO
2024,140190103,NO,NO,NO,NO,NO
2024,140190105,NO,NO,NO,NO,NO
2024,140190107,NO,NO,NO,NO,NO
2024,140190108,NO,NO,NO,NO,NO
2024,140190109,NO,NO,NO,NO,NO
2024,140190110,NO,NO,NO,NO,NO
2024,140190111,NO,NO,NO,NO,NO
2024,140190114,NO,NO,NO,NO,NO
2024,140190115,NO,NO,NO,NO,NO
2024,140190118,NO,NO,NO,NO,NO
2024,140190119,NO,NO,NO,NO,NO
2024,140190120,NO,NO,NO,NO,NO
2024,140190122,NO,NO,NO,NO,NO
2024,140190123,NO,NO,NO,NO,NO
2024,140190124,NO,NO,NO,NO,NO
2024,140190125,NO,NO,NO,NO,NO
2024,140190127,NO,NO,NO,NO,NO
2024,140190130,NO,NO,NO,NO,NO
2024,140190131,NO,NO,NO,NO,NO
2024,140190133,NO,NO,NO,NO,NO
2024,140190135,NO,NO,NO,NO,NO
2024,140190136,NO,NO,NO,NO,NO
2024,140190137,NO,NO,NO,NO,NO
2024,140190138,NO,NO,NO,NO,NO
2024,140190150,NO,NO,NO,NO,NO
2024,140190151,NO,NO,NO,NO,NO
2024,140190152,NO,NO,NO,NO,NO
2024,140190153,NO,NO,NO,NO,NO
2024,140190154,NO,NO,NO,NO,NO
2024,140190158,NO,NO,NO,NO,NO
2024,140190160,NO,NO,NO,NO,NO
2024,140190162,NO,NO,NO,NO,NO
2024,140190164,NO,NO,NO,NO,NO
2024,140190165,NO,NO,NO,NO,NO
2024,140190167,NO,NO,NO,NO,NO
2024,140190172,NO,NO,NO,NO,NO
2024,140190174,NO,NO,NO,NO,NO
2024,140190177,NO,NO,NO,NO,NO
2024,140190183,NO,NO,NO,NO,NO
2024,140190187,NO,NO,NO,NO,NO
2024,140190188,NO,NO,NO,NO,NO
2024,140190190,NO,NO,NO,NO,NO
2024,140190193,NO,NO,NO,NO,NO
2024,140190196,NO,NO,NO,NO,NO
2024,140190197,NO,NO,NO,NO,NO
2024,140190198,NO,NO,NO,NO,NO
2024,140190199,NO,NO,NO,NO,NO
2024,140190200,NO,NO,NO,NO,NO
2024,140190201,NO,NO,NO,NO,NO
2024,140190203,NO,NO,NO,NO,NO
2024,140190205,NO,NO,NO,NO,NO
2024,140190206,NO,NO,NO,NO,NO
2024,140190208,NO,NO,NO,NO,NO
2024,140190209,NO,NO,NO,NO,NO
2024,140190210,NO,NO,NO,NO,NO
2024,140190211,NO,NO,NO,NO,NO
2024,140190212,NO,NO,NO,NO,NO
2024,140190213,NO,NO,NO,NO,NO
2024,140190214,NO,NO,NO,NO,NO
2024,140190215,NO,NO,NO,NO,NO
2024,140190216,NO,NO,NO,NO,NO
2024,140190217,NO,NO,NO,NO,NO
2024,140190218,NO,NO,NO,NO,NO
2024,140190221,NO,NO,NO,NO,NO
2024,140190224,NO,NO,NO,NO,NO
2024,140190226,NO,NO,NO,NO,NO
2024,140190227,NO,NO,NO,NO,NO
2024,140190229,NO,NO,NO,NO,NO
2024,140190230,NO,NO,NO,NO,NO
2024,140190234,NO,NO,NO,NO,NO
2024,140190238,NO,NO,NO,NO,NO
2024,140190239,NO,NO,NO,NO,NO
2024,140190240,NO,NO,NO,NO,NO
2024,140190241,NO,NO,NO,NO,NO
2024,140190242,NO,NO,NO,NO,NO
2024,140190243,NO,NO,NO,NO,NO
2024,140190244,NO,NO,NO,NO,NO
2024,140190245,NO,NO,NO,NO,NO
2024,140190246,NO,NO,NO,NO,NO
2024,140190249,NO,NO,NO,NO,NO
2024,140190253,NO,NO,NO,NO,NO
2024,140190256,NO,NO,NO,NO,NO
2024,140190257,NO,NO,NO,NO,NO
2024,140190258,NO,NO,NO,NO,NO
2024,140190259,NO,NO,NO,NO,NO
2024,140190260,NO,NO,NO,NO,NO
2024,140190261,NO,NO,NO,NO,NO
2024,140190262,NO,NO,NO,NO,NO
2024,140190263,NO,NO,NO,NO,NO
2024,140190266,NO,NO,NO,NO,NO
2024,140190267,NO,NO,NO,NO,NO
2024,140190268,NO,NO,NO,NO,NO
2024,140190272,NO,NO,NO,NO,NO
2024,140190274,NO,NO,NO,NO,NO
2024,140190275,NO,NO,NO,NO,NO
2024,140190276,NO,NO,NO,NO,NO
2024,140190277,NO,NO,NO,NO,NO
2024,140190278,NO,NO,NO,NO,NO
2024,140190279,NO,NO,NO,NO,NO
2024,140190280,NO,NO,NO,NO,NO
2024,140190281,NO,NO,NO,NO,NO
2024,140190282,NO,NO,NO,NO,NO
2024,140190283,NO,NO,NO,NO,NO
2024,140190285,NO,NO,NO,NO,NO
2024,140190286,NO,NO,NO,NO,NO
2024,140190287,NO,NO,NO,NO,NO
2024,140190288,NO,NO,NO,NO,NO
2024,140190291,NO,NO,NO,NO,NO
2024,140190292,NO,NO,NO,NO,NO
2024,140190293,NO,NO,NO,NO,NO
2024,140190294,NO,NO,NO,NO,NO
2024,140190295,NO,NO,NO,NO,NO
2024,140190296,NO,NO,NO,NO,NO
2024,140190297,NO,NO,NO,NO,NO
2024,140190300,NO,NO,NO,NO,NO
2024,140190307,NO,NO,NO,NO,NO
2024,140190308,NO,NO,NO,NO,NO
2024,140190309,NO,NO,NO,NO,NO
2024,140190315,NO,NO,NO,NO,NO
2024,140190322,NO,NO,NO,NO,NO
2024,140190323,NO,NO,NO,NO,NO
2024,140190327,NO,NO,NO,NO,NO
2024,140190330,NO,NO,NO,NO,NO
2024,140190332,NO,NO,NO,NO,NO
2024,140190333,NO,NO,NO,NO,NO
2024,140190334,NO,NO,NO,NO,NO
2024,140190335,NO,NO,NO,NO,NO
2024,140190336,NO,NO,NO,NO,NO
2024,140190337,NO,NO,NO,NO,NO
2024,140190338,NO,NO,NO,NO,NO
2024,140190339,NO,NO,NO,NO,NO
2024,140190340,NO,NO,NO,NO,NO
2024,140190341,NO,NO,NO,NO,NO
2024,140190342,NO,NO,NO,NO,NO
2024,140190343,NO,NO,NO,NO,NO
2024,140190344,NO,NO,NO,NO,NO
2024,140190345,NO,NO,NO,NO,NO
2024,140190346,NO,NO,NO,NO,NO
2024,140190347,NO,NO,NO,NO,NO
2024,140190348,NO,NO,NO,NO,NO
2024,140190349,NO,NO,NO,NO,NO
2024,140190350,NO,NO,NO,NO,NO
2024,140190351,NO,NO,NO,NO,NO
2024,140190352,NO,NO,NO,NO,NO
2024,140190353,NO,NO,NO,NO,NO
2024,140190354,NO,NO,NO,NO,NO
2024,140190355,NO,NO,NO,NO,NO
2024,140190356,NO,NO,NO,NO,NO
2024,140190357,NO,NO,NO,NO,NO
2024,140190358,NO,NO,NO,NO,NO
2024,140190359,NO,NO,NO,NO,NO
2024,140190360,NO,NO,NO,NO,NO
2024,140190361,NO,NO,NO,NO,NO
2024,140190362,NO,NO,NO,NO,NO
2024,140190363,NO,NO,NO,NO,NO
2024,140190364,NO,NO,NO,NO,NO
2024,140190365,NO,NO,NO,NO,NO
2024,140190367,NO,NO,NO,NO,NO
2024,140190368,NO,NO,NO,NO,NO
2024,140190369,NO,NO,NO,NO,NO
2024,140190370,NO,NO,NO,NO,NO
2024,140190371,NO,NO,NO,NO,NO
2024,140190372,NO,NO,NO,NO,NO
2024,140190373,NO,NO,NO,NO,NO
2024,140190374,NO,NO,NO,NO,NO
2024,140190375,NO,NO,NO,NO,NO
2024,140190376,NO,NO,NO,NO,NO
2024,140190377,NO,NO,NO,NO,NO
2024,140190378,NO,NO,NO,NO,NO
2024,140190379,NO,NO,NO,NO,NO
2024,140190380,NO,NO,NO,NO,NO
2024,140190381,NO,NO,NO,NO,NO
2024,140190382,NO,NO,NO,NO,NO
2024,140190383,NO,NO,NO,NO,NO
2024,140190384,NO,NO,NO,NO,NO
2024,140190385,NO,NO,NO,NO,NO
2024,140190386,NO,NO,NO,NO,NO
2024,140190387,NO,NO,NO,NO,NO
2024,140190388,NO,NO,NO,NO,NO
2024,140190389,NO,NO,NO,NO,NO
2024,140190390,NO,NO,NO,NO,NO
2024,140190391,NO,NO,NO,NO,NO
2024,140190392,NO,NO,NO,NO,NO
2024,140190393,NO,NO,NO,NO,NO
2024,140190394,NO,NO,NO,NO,NO
2024,140190395,NO,NO,NO,NO,NO
2024,140190396,NO,NO,NO,NO,NO
2024,140190397,NO,NO,NO,NO,NO
2024,140190398,NO,NO,NO,NO,NO
2024,140190399,NO,NO,NO,NO,NO
2024,140190400,NO,NO,NO,NO,NO
2024,140190401,NO,NO,NO,NO,NO
2024,140190402,NO,NO,NO,NO,NO
2024,140190403,NO,NO,NO,NO,NO
2024,140190404,NO,NO,NO,NO,NO
2024,140190405,NO,NO,NO,NO,NO
2024,140190406,NO,NO,NO,NO,NO
2024,140190407,NO,NO,NO,NO,NO
2024,140190408,NO,NO,NO,NO,NO
2024,140190409,NO,NO,NO,NO,NO
2024,140190410,NO,NO,NO,NO,NO
2024,140190411,NO,NO,NO,NO,NO
2024,140190412,NO,NO,NO,NO,NO
2024,140190413,NO,NO,NO,NO,NO
2024,140190414,NO,NO,NO,NO,NO
2024,140190415,NO,NO,NO,NO,NO
2024,140190416,NO,NO,NO,NO,NO
2024,140190417,NO,NO,NO,NO,NO
2024,140190418,NO,NO,NO,NO,NO
2024,140190419,NO,NO,NO,NO,NO
2024,140190420,NO,NO,NO,NO,NO
2024,140190421,NO,NO,NO,NO,NO
2024,140190422,NO,NO,NO,NO,NO
2024,140190423,NO,NO,NO,NO,NO
2024,140190424,NO,NO,NO,NO,NO
2024,140190425,NO,NO,NO,NO,NO
2024,140190426,NO,NO,NO,NO,NO
2024,140190427,NO,NO,NO,NO,NO
2024,140190428,NO,NO,NO,NO,NO
2024,140190429,NO,NO,NO,NO,NO
2024,140190430,NO,NO,NO,NO,NO
2024,140190431,NO,NO,NO,NO,NO
2024,140190432,NO,NO,NO,NO,NO
2024,140190433,NO,NO,NO,NO,NO
2024,140190434,NO,NO,NO,NO,NO
2024,140190435,NO,NO,NO,NO,NO
2024,140190436,NO,NO,NO,NO,NO
2024,140190437,NO,NO,NO,NO,NO
2024,140190438,NO,NO,NO,NO,NO
2024,140190439,NO,NO,NO,NO,NO
2024,140190440,NO,NO,NO,NO,NO
2024,140190441,NO,NO,NO,NO,NO
2024,140190442,NO,NO,NO,NO,NO
2024,140190443,NO,NO,NO,NO,NO
2024,140190444,NO,NO,NO,NO,NO
2024,140250001,NO,NO,NO,NO,NO
2024,140250003,NO,NO,NO,NO,NO
2024,140250005,NO,NO,NO,NO,NO
2024,140250006,NO,NO,NO,NO,NO
2024,140250007,NO,NO,NO,NO,NO
2024,140250008,NO,NO,NO,NO,NO
2024,140250012,NO,NO,NO,NO,NO
2024,140250013,NO,NO,NO,NO,NO
2024,140250014,NO,NO,NO,NO,NO
2024,140250016,NO,NO,NO,NO,NO
2024,140250018,NO,NO,NO,NO,NO
2024,140250019,NO,NO,NO,NO,NO
2024,140250020,NO,NO,NO,NO,NO
2024,140250021,NO,NO,NO,NO,NO
2024,140250023,NO,NO,NO,NO,NO
2024,140250026,NO,NO,NO,NO,NO
2024,140250028,NO,NO,NO,NO,NO
2024,140250029,NO,NO,NO,NO,NO
2024,140250031,NO,NO,NO,NO,NO
2024,140250032,NO,NO,NO,NO,NO
2024,140250035,NO,NO,NO,NO,NO
2024,140250037,NO,NO,NO,NO,NO
2024,140250039,NO,NO,NO,NO,NO
2024,140250041,NO,NO,NO,NO,NO
2024,140250042,NO,NO,NO,NO,NO
2024,140250043,NO,NO,NO,NO,NO
2024,140250045,NO,NO,NO,NO,NO
2024,140250047,NO,NO,NO,NO,NO
2024,140250049,NO,NO,NO,NO,NO
2024,140250050,NO,NO,NO,NO,NO
2024,140250051,NO,NO,NO,NO,NO
2024,140250053,NO,NO,NO,NO,NO
2024,140250054,NO,NO,NO,NO,NO
2024,140250058,NO,NO,NO,NO,NO
2024,140250059,NO,NO,NO,NO,NO
2024,140250060,NO,NO,NO,NO,NO
2024,140250061,NO,NO,NO,NO,NO
2024,140250062,NO,NO,NO,NO,NO
2024,140250063,NO,NO,NO,NO,NO
2024,140250064,NO,NO,NO,NO,NO
2024,140250065,NO,NO,NO,NO,NO
2024,140250066,NO,NO,NO,NO,NO
2024,140250067,NO,NO,NO,NO,NO
2024,140250068,NO,NO,NO,NO,NO
2024,140250070,NO,NO,NO,NO,NO
2024,140250071,NO,NO,NO,NO,NO
2024,140250073,NO,NO,NO,NO,NO
2024,140250074,NO,NO,NO,NO,NO
2024,140250075,NO,NO,NO,NO,NO
2024,140250076,NO,NO,NO,NO,NO
2024,140250077,NO,NO,NO,NO,NO
2024,140250078,NO,NO,NO,NO,NO
2024,140250079,NO,NO,NO,NO,NO
2024,140250080,NO,NO,NO,NO,NO
2024,140250081,NO,NO,NO,NO,NO
2024,140250085,NO,NO,NO,NO,NO
2024,140250087,NO,NO,NO,NO,NO
2024,140250089,NO,NO,NO,NO,NO
2024,140250090,NO,NO,NO,NO,NO
2024,140250094,NO,NO,NO,NO,NO
2024,140250096,NO,NO,NO,NO,NO
2024,140250098,NO,NO,NO,NO,NO
2024,140250099,NO,NO,NO,NO,NO
2024,140250100,NO,NO,NO,NO,NO
2024,140250102,NO,NO,NO,NO,NO
2024,140250103,NO,NO,NO,NO,NO
2024,140250106,NO,NO,NO,NO,NO
2024,140250107,NO,NO,NO,NO,NO
2024,140250112,NO,NO,NO,NO,NO
2024,140250116,NO,NO,NO,NO,NO
2024,140250118,NO,NO,NO,NO,NO
2024,140250119,NO,NO,NO,NO,NO
2024,140250120,NO,NO,NO,NO,NO
2024,140250122,NO,NO,NO,NO,NO
2024,140250123,NO,NO,NO,NO,NO
2024,140250128,NO,NO,NO,NO,NO
2024,140250129,NO,NO,NO,NO,NO
2024,140250130,NO,NO,NO,NO,NO
2024,140250133,NO,NO,NO,NO,NO
2024,140250134,NO,NO,NO,NO,NO
2024,140250135,NO,NO,NO,NO,NO
2024,140250136,NO,NO,NO,NO,NO
2024,140250139,NO,NO,NO,NO,NO
2024,140250140,NO,NO,NO,NO,NO
2024,140250141,NO,NO,NO,NO,NO
2024,140250142,NO,NO,NO,NO,NO
2024,140250143,NO,NO,NO,NO,NO
2024,140250144,NO,NO,NO,NO,NO
2024,140250145,NO,NO,NO,NO,NO
2024,140250146,NO,NO,NO,NO,NO
2024,140250147,NO,NO,NO,NO,NO
2024,140250148,NO,NO,NO,NO,NO
2024,140250149,NO,NO,NO,NO,NO
2024,140250150,NO,NO,NO,NO,NO
2024,140250151,NO,NO,NO,NO,NO
2024,140250152,NO,NO,NO,NO,NO
2024,140250153,NO,NO,NO,NO,NO
2024,140250154,NO,NO,NO,NO,NO
2024,140250155,NO,NO,NO,NO,NO
2024,140250156,NO,NO,NO,NO,NO
2024,140250157,NO,NO,NO,NO,NO
2024,140250158,NO,NO,NO,NO,NO
2024,140250160,NO,NO,NO,NO,NO
2024,140250161,NO,NO,NO,NO,NO
2024,140250162,NO,NO,NO,NO,NO
2024,140250163,NO,NO,NO,NO,NO
2024,140250164,NO,NO,NO,NO,NO
2024,140250165,NO,NO,NO,NO,NO
2024,140250166,NO,NO,NO,NO,NO
2024,140250167,NO,NO,NO,NO,NO
2024,140250168,NO,NO,NO,NO,NO
2024,140250169,NO,NO,NO,NO,NO
2024,140250170,NO,NO,NO,NO,NO
2024,140250171,NO,NO,NO,NO,NO
2024,140250172,NO,NO,NO,NO,NO
2024,140250173,NO,NO,NO,NO,NO
2024,140250174,NO,NO,NO,NO,NO
2024,140250175,NO,NO,NO,NO,NO
2024,140250176,NO,NO,NO,NO,NO
2024,140250177,NO,NO,NO,NO,NO
2024,140250178,NO,NO,NO,NO,NO
2024,140250179,NO,NO,NO,NO,NO
2024,140250180,NO,NO,NO,NO,NO
2024,140250181,NO,NO,NO,NO,NO
2024,140250182,NO,NO,NO,NO,NO
2024,140250183,NO,NO,NO,NO,NO
2024,140250184,NO,NO,NO,NO,NO
2024,140250185,NO,NO,NO,NO,NO
2024,140250186,NO,NO,NO,NO,NO
2024,140250187,NO,NO,NO,NO,NO
2024,140250188,NO,NO,NO,NO,NO
2024,140250189,NO,NO,NO,NO,NO
2024,140250190,NO,NO,NO,NO,NO
2024,140250191,NO,NO,NO,NO,NO
2024,140250192,NO,NO,NO,NO,NO
2024,140250193,NO,NO,NO,NO,NO
2024,140250194,NO,NO,NO,NO,NO
2024,140250195,NO,NO,NO,NO,NO
2024,140250196,NO,NO,NO,NO,NO
2024,140250197,NO,NO,NO,NO,NO
2024,140250198,NO,NO,NO,NO,NO
2024,140250199,NO,NO,NO,NO,NO
2024,140250200,NO,NO,NO,NO,NO
2024,140250201,NO,NO,NO,NO,NO
2024,140250202,NO,NO,NO,NO,NO
2024,140250203,NO,NO,NO,NO,NO
2024,140250204,NO,NO,NO,NO,NO
2024,140250205,NO,NO,NO,NO,NO
2024,140250206,NO,NO,NO,NO,NO
2024,140250207,NO,NO,NO,NO,NO
2024,140250208,NO,NO,NO,NO,NO
2024,140250209,NO,NO,NO,NO,NO
2024,140250210,NO,NO,NO,NO,NO
2024,140250211,NO,NO,NO,NO,NO
2024,140410001,NO,NO,NO,NO,NO
2024,140410002,NO,NO,NO,NO,NO
2024,140410003,NO,NO,NO,NO,NO
2024,140410004,NO,NO,NO,NO,NO
2024,140410005,NO,NO,NO,NO,NO
2024,140410006,NO,NO,NO,NO,NO
2024,140410007,NO,NO,NO,NO,NO
2024,140410009,NO,NO,NO,NO,NO
2024,140410010,NO,NO,NO,NO,NO
2024,140410012,NO,NO,NO,NO,NO
2024,140410013,NO,NO,NO,NO,NO
2024,140410014,NO,NO,NO,NO,NO
2024,140410015,NO,NO,NO,NO,NO
2024,140410016,NO,NO,NO,NO,NO
2024,140410017,NO,NO,NO,NO,NO
2024,140410018,NO,NO,NO,NO,NO
2024,140410019,NO,NO,NO,NO,NO
2024,140410020,NO,NO,NO,NO,NO
2024,140410021,NO,NO,NO,NO,NO
2024,140410022,NO,NO,NO,NO,NO
2024,140410023,NO,NO,NO,NO,NO
2024,140410024,NO,NO,NO,NO,NO
2024,140410025,NO,NO,NO,NO,NO
2024,140410026,NO,NO,NO,NO,NO
2024,140410027,NO,NO,NO,NO,NO
2024,140410029,NO,NO,NO,NO,NO
2024,140410030,NO,NO,NO,NO,NO
2024,140410035,NO,NO,NO,NO,NO
2024,140410042,NO,NO,NO,NO,NO
2024,140410043,NO,NO,NO,NO,NO
2024,140410044,NO,NO,NO,NO,NO
2024,140410045,NO,NO,NO,NO,NO
2024,140410046,NO,NO,NO,NO,NO
2024,140410047,NO,NO,NO,NO,NO
2024,140410048,NO,NO,NO,NO,NO
2024,140410049,NO,NO,NO,NO,NO
2024,140410050,NO,NO,NO,NO,NO
2024,140410051,NO,NO,NO,NO,NO
2024,140410052,NO,NO,NO,NO,NO
2024,140410053,NO,NO,NO,NO,NO
2024,140410054,NO,NO,NO,NO,NO
2024,140410055,NO,NO,NO,NO,NO
2024,140410056,NO,NO,NO,NO,NO
2024,140410057,NO,NO,NO,NO,NO
2024,140410058,NO,NO,NO,NO,NO
2024,140410059,NO,NO,NO,NO,NO
2024,140410060,NO,NO,NO,NO,NO
2024,140410061,NO,NO,NO,NO,NO
2024,140410062,NO,NO,NO,NO,NO
2024,140410063,NO,NO,NO,NO,NO
2024,140410064,NO,NO,NO,NO,NO
2024,140410065,NO,NO,NO,NO,NO
2024,140410066,NO,NO,NO,NO,NO
2024,140410067,NO,NO,NO,NO,NO
2024,140410068,NO,NO,NO,NO,NO
2024,140410069,NO,NO,NO,NO,NO
2024,140410070,NO,NO,NO,NO,NO
2024,140410071,NO,NO,NO,NO,NO
2024,140410072,NO,NO,NO,NO,NO
2024,140410073,NO,NO,NO,NO,NO
2024,140410074,NO,NO,NO,NO,NO
2024,140410075,NO,NO,NO,NO,NO
2024,140410076,NO,NO,NO,NO,NO
2024,140410077,NO,NO,NO,NO,NO
2024,140410078,NO,NO,NO,NO,NO
2024,140410079,NO,NO,NO,NO,NO
2024,140410080,NO,NO,NO,NO,NO
2024,140410081,NO,NO,NO,NO,NO
2024,140410082,NO,NO,NO,NO,NO
2024,140410083,NO,NO,NO,NO,NO
2024,140410084,NO,NO,NO,NO,NO
2024,140410085,NO,NO,NO,NO,NO
2024,140410086,NO,NO,NO,NO,NO
2024,140410087,NO,NO,NO,NO,NO
2024,140410088,NO,NO,NO,NO,NO
2024,140410089,NO,NO,NO,NO,NO
2024,140410090,NO,NO,NO,NO,NO
2024,140410091,NO,NO,NO,NO,NO
2024,140410092,NO,NO,NO,NO,NO
2024,140410093,NO,NO,NO,NO,NO
2024,140410094,NO,NO,NO,NO,NO
2024,140410095,NO,NO,NO,NO,NO
2024,140410096,NO,NO,NO,NO,NO
2024,140410097,NO,NO,NO,NO,NO
2024,140410098,NO,NO,NO,NO,NO
2024,140410099,NO,NO,NO,NO,NO
2024,140410100,NO,NO,NO,NO,NO
2024,140410101,NO,NO,NO,NO,NO
2024,140410102,NO,NO,NO,NO,NO
2024,140410103,NO,NO,NO,NO,NO
2024,140410104,NO,NO,NO,NO,NO
2024,140410105,NO,NO,NO,NO,NO
2024,140410106,NO,NO,NO,NO,NO
2024,140410107,NO,NO,NO,NO,NO
2024,140410108,NO,NO,NO,NO,NO
2024,140410109,NO,NO,NO,NO,NO
2024,140410110,NO,NO,NO,NO,NO
2024,140410111,NO,NO,NO,NO,NO
2024,140410112,NO,NO,NO,NO,NO
2024,140410115,NO,NO,NO,NO,NO
2024,140410116,NO,NO,NO,NO,NO
2024,140410117,NO,NO,NO,NO,NO
2024,140420001,NO,NO,NO,NO,NO
2024,140420002,NO,NO,NO,NO,NO
2024,140420003,NO,NO,NO,NO,NO
2024,140420005,NO,NO,NO,NO,NO
2024,140420006,NO,NO,NO,NO,NO
2024,140420007,NO,NO,NO,NO,NO
2024,140420008,NO,NO,NO,NO,NO
2024,140420009,NO,NO,NO,NO,NO
2024,140420010,NO,NO,NO,NO,NO
2024,140420011,NO,NO,NO,NO,NO
2024,140420012,NO,NO,NO,NO,NO
2024,140420013,NO,NO,NO,NO,NO
2024,140420014,NO,NO,NO,NO,NO
2024,140420015,NO,NO,NO,NO,NO
2024,140420016,NO,NO,NO,NO,NO
2024,140420017,NO,NO,NO,NO,NO
2024,140420018,NO,NO,NO,NO,NO
2024,140420019,NO,NO,NO,NO,NO
2024,140420020,NO,NO,NO,NO,NO
2024,140420021,NO,NO,NO,NO,NO
2024,140420022,NO,NO,NO,NO,NO
2024,140420023,NO,NO,NO,NO,NO
2024,140420024,NO,NO,NO,NO,NO
2024,140420025,NO,NO,NO,NO,NO
2024,140420026,NO,NO,NO,NO,NO
2024,140420027,NO,NO,NO,NO,NO
2024,140420028,NO,NO,NO,NO,NO
2024,140420029,NO,NO,NO,NO,NO
2024,140420030,NO,NO,NO,NO,NO
2024,140420031,NO,NO,NO,NO,NO
2024,140420032,NO,NO,NO,NO,NO
2024,140420033,NO,NO,NO,NO,NO
2024,140420034,NO,NO,NO,NO,NO
2024,140420035,NO,NO,NO,NO,NO
2024,140420036,NO,NO,NO,NO,NO
2024,140420037,NO,NO,NO,NO,NO
2024,140420038,NO,NO,NO,NO,NO
2024,140420039,NO,NO,NO,NO,NO
2024,140420041,NO,NO,NO,NO,NO
2024,140420042,NO,NO,NO,NO,NO
2024,140420043,NO,NO,NO,NO,NO
2024,140420044,NO,NO,NO,NO,NO
2024,140420045,NO,NO,NO,NO,NO
2024,140420046,NO,NO,NO,NO,NO
2024,140420047,NO,NO,NO,NO,NO
2024,140420048,NO,NO,NO,NO,NO
2024,140420049,NO,NO,NO,NO,NO
2024,140420052,NO,NO,NO,NO,NO
2024,140420053,NO,NO,NO,NO,NO
2024,140420054,NO,NO,NO,NO,NO
2024,140420057,NO,NO,NO,NO,NO
2024,140420061,NO,NO,NO,NO,NO
2024,140420063,NO,NO,NO,NO,NO
2024,140420067,NO,NO,NO,NO,NO
2024,140420070,NO,NO,NO,NO,NO
2024,140420076,NO,NO,NO,NO,NO
2024,140420079,NO,NO,NO,NO,NO
2024,140420082,NO,NO,NO,NO,NO
2024,140420085,NO,NO,NO,NO,NO
2024,140420096,NO,NO,NO,NO,NO
2024,140420105,NO,NO,NO,NO,NO
2024,140420110,NO,NO,NO,NO,NO
2024,140420117,NO,NO,NO,NO,NO
2024,140420119,NO,NO,NO,NO,NO
2024,140420121,NO,NO,NO,NO,NO
2024,140420130,NO,NO,NO,NO,NO
2024,140420131,NO,NO,NO,NO,NO
2024,140420132,NO,NO,NO,NO,NO
2024,140420133,NO,NO,NO,NO,NO
2024,140420134,NO,NO,NO,NO,NO
2024,140420140,NO,NO,NO,NO,NO
2024,140420145,NO,NO,NO,NO,NO
2024,140420148,NO,NO,NO,NO,NO
2024,140420150,NO,NO,NO,NO,NO
2024,140420152,NO,NO,NO,NO,NO
2024,140420153,NO,NO,NO,NO,NO
2024,140420155,NO,NO,NO,NO,NO
2024,140420156,NO,NO,NO,NO,NO
2024,140420158,NO,NO,NO,NO,NO
2024,140420159,NO,NO,NO,NO,NO
2024,140420160,NO,NO,NO,NO,NO
2024,140420161,NO,NO,NO,NO,NO
2024,140420162,NO,NO,NO,NO,NO
2024,140420163,NO,NO,NO,NO,NO
2024,140420164,NO,NO,NO,NO,NO
2024,140420165,NO,NO,NO,NO,NO
2024,140420166,NO,NO,NO,NO,NO
2024,140420167,NO,NO,NO,NO,NO
2024,140420168,NO,NO,NO,NO,NO
2024,140420169,NO,NO,NO,NO,NO
2024,140420170,NO,NO,NO,NO,NO
2024,140420171,NO,NO,NO,NO,NO
2024,140420172,NO,NO,NO,NO,NO
2024,140420173,NO,NO,NO,NO,NO
2024,140420174,NO,NO,NO,NO,NO
2024,140420175,NO,NO,NO,NO,NO
2024,140420176,NO,NO,NO,NO,NO
2024,140420177,NO,NO,NO,NO,NO
2024,140420178,NO,NO,NO,NO,NO
2024,140420180,NO,NO,NO,NO,NO
2024,140420183,NO,NO,NO,NO,NO
2024,140420187,NO,NO,NO,NO,NO
2024,140420188,NO,NO,NO,NO,NO
2024,140420189,NO,NO,NO,NO,NO
2024,140420190,NO,NO,NO,NO,NO
2024,140420191,NO,NO,NO,NO,NO
2024,140420192,NO,NO,NO,NO,NO
2024,140420193,NO,NO,NO,NO,NO
2024,140420194,NO,NO,NO,NO,NO
2024,140420195,NO,NO,NO,NO,NO
2024,140420196,NO,NO,NO,NO,NO
2024,140420197,NO,NO,NO,NO,NO
2024,140420198,NO,NO,NO,NO,NO
2024,140420199,NO,NO,NO,NO,NO
2024,140420200,NO,NO,NO,NO,NO
2024,140610001,NO,NO,NO,NO,NO
2024,140610003,NO,NO,NO,NO,NO
2024,140610004,NO,NO,NO,NO,NO
2024,140610005,NO,NO,NO,NO,NO
2024,140610006,NO,NO,NO,NO,NO
2024,140610008,NO,NO,NO,NO,NO
2024,140610009,NO,NO,NO,NO,NO
2024,140610010,NO,NO,NO,NO,NO
2024,140610011,NO,NO,NO,NO,NO
2024,140610013,NO,NO,NO,NO,NO
2024,140610015,NO,NO,NO,NO,NO
2024,140610016,NO,NO,NO,NO,NO
2024,140610017,NO,NO,NO,NO,NO
2024,140610019,NO,NO,NO,NO,NO
2024,140610022,NO,NO,NO,NO,NO
2024,140610024,NO,NO,NO,NO,NO
2024,140610025,NO,NO,NO,NO,NO
2024,140610027,NO,NO,NO,NO,NO
2024,140610028,NO,NO,NO,NO,NO
2024,140610031,NO,NO,NO,NO,NO
2024,140610033,NO,NO,NO,NO,NO
2024,140610035,NO,NO,NO,NO,NO
2024,140610036,NO,NO,NO,NO,NO
2024,140610037,NO,NO,NO,NO,NO
2024,140610039,NO,NO,NO,NO,NO
2024,140610040,NO,NO,NO,NO,NO
2024,140610042,NO,NO,NO,NO,NO
2024,140610044,NO,NO,NO,NO,NO
2024,140610045,NO,NO,NO,NO,NO
2024,140610048,NO,NO,NO,NO,NO
2024,140610051,NO,NO,NO,NO,NO
2024,140610052,NO,NO,NO,NO,NO
2024,140610053,NO,NO,NO,NO,NO
2024,140610055,NO,NO,NO,NO,NO
2024,140610056,NO,NO,NO,NO,NO
2024,140610058,NO,NO,NO,NO,NO
2024,140610065,NO,NO,NO,NO,NO
2024,140610066,NO,NO,NO,NO,NO
2024,140610067,NO,NO,NO,NO,NO
2024,140610070,NO,NO,NO,NO,NO
2024,140610072,NO,NO,NO,NO,NO
2024,140610076,NO,NO,NO,NO,NO
2024,140610077,NO,NO,NO,NO,NO
2024,140610080,NO,NO,NO,NO,NO
2024,140610082,NO,NO,NO,NO,NO
2024,140610084,NO,NO,NO,NO,NO
2024,140610087,NO,NO,NO,NO,NO
2024,140610088,NO,NO,NO,NO,NO
2024,140610089,NO,NO,NO,NO,NO
2024,140610090,NO,NO,NO,NO,NO
2024,140610091,NO,NO,NO,NO,NO
2024,140610095,NO,NO,NO,NO,NO
2024,140610096,NO,NO,NO,NO,NO
2024,140610098,NO,NO,NO,NO,NO
2024,140610100,NO,NO,NO,NO,NO
2024,140610102,NO,NO,NO,NO,NO
2024,140610104,NO,NO,NO,NO,NO
2024,140610105,NO,NO,NO,NO,NO
2024,140610109,NO,NO,NO,NO,NO
2024,140610110,NO,NO,NO,NO,NO
2024,140610113,NO,NO,NO,NO,NO
2024,140610115,NO,NO,NO,NO,NO
2024,140610117,NO,NO,NO,NO,NO
2024,140610120,NO,NO,NO,NO,NO
2024,140610122,NO,NO,NO,NO,NO
2024,140610124,NO,NO,NO,NO,NO
2024,140610129,NO,NO,NO,NO,NO
2024,140610130,NO,NO,NO,NO,NO
2024,140610131,NO,NO,NO,NO,NO
2024,140610132,NO,NO,NO,NO,NO
2024,140610133,NO,NO,NO,NO,NO
2024,140610136,NO,NO,NO,NO,NO
2024,140610139,NO,NO,NO,NO,NO
2024,140610140,NO,NO,NO,NO,NO
2024,140610142,NO,NO,NO,NO,NO
2024,140610143,NO,NO,NO,NO,NO
2024,140610146,NO,NO,NO,NO,NO
2024,140610148,NO,NO,NO,NO,NO
2024,140610149,NO,NO,NO,NO,NO
2024,140610150,NO,NO,NO,NO,NO
2024,140610151,NO,NO,NO,NO,NO
2024,140610152,NO,NO,NO,NO,NO
2024,140610155,NO,NO,NO,NO,NO
2024,140610156,NO,NO,NO,NO,NO
2024,140610157,NO,NO,NO,NO,NO
2024,140610158,NO,NO,NO,NO,NO
2024,140610159,NO,NO,NO,NO,NO
2024,140610163,NO,NO,NO,NO,NO
2024,140610164,NO,NO,NO,NO,NO
2024,140610165,NO,NO,NO,NO,NO
2024,140610166,NO,NO,NO,NO,NO
2024,140610167,NO,NO,NO,NO,NO
2024,140610168,NO,NO,NO,NO,NO
2024,140610169,NO,NO,NO,NO,NO
2024,140610173,NO,NO,NO,NO,NO
2024,140610176,NO,NO,NO,NO,NO
2024,140610177,NO,NO,NO,NO,NO
2024,140610178,NO,NO,NO,NO,NO
2024,140610182,NO,NO,NO,NO,NO
2024,140610186,NO,NO,NO,NO,NO
2024,140610187,NO,NO,NO,NO,NO
2024,140610188,NO,NO,NO,NO,NO
2024,140610189,NO,NO,NO,NO,NO
2024,140610190,NO,NO,NO,NO,NO
2024,140610191,NO,NO,NO,NO,NO
2024,140610192,NO,NO,NO,NO,NO
2024,140610193,NO,NO,NO,NO,NO
2024,140610194,NO,NO,NO,NO,NO
2024,140610195,NO,NO,NO,NO,NO
2024,140610197,NO,NO,NO,NO,NO
2024,140610198,NO,NO,NO,NO,NO
2024,140610199,NO,NO,NO,NO,NO
2024,140610200,NO,NO,NO,NO,NO
2024,140610201,NO,NO,NO,NO,NO
2024,140610202,NO,NO,NO,NO,NO
2024,140610203,NO,NO,NO,NO,NO
2024,140610204,NO,NO,NO,NO,NO
2024,140610205,NO,NO,NO,NO,NO
2024,140610207,NO,NO,NO,NO,NO
2024,140610208,NO,NO,NO,NO,NO
2024,140610210,NO,NO,NO,NO,NO
2024,140610213,NO,NO,NO,NO,NO
2024,140610215,NO,NO,NO,NO,NO
2024,140610221,NO,NO,NO,NO,NO
2024,140610224,NO,NO,NO,NO,NO
2024,140610227,NO,NO,NO,NO,NO
2024,140610228,NO,NO,NO,NO,NO
2024,140610229,NO,NO,NO,NO,NO
2024,140610230,NO,NO,NO,NO,NO
2024,140610231,NO,NO,NO,NO,NO
2024,140610234,NO,NO,NO,NO,NO
2024,140610235,NO,NO,NO,NO,NO
2024,140610236,NO,NO,NO,NO,NO
2024,140610238,NO,NO,NO,NO,NO
2024,140610240,NO,NO,NO,NO,NO
2024,140610241,NO,NO,NO,NO,NO
2024,140610242,NO,NO,NO,NO,NO
2024,140610243,NO,NO,NO,NO,NO
2024,140610245,NO,NO,NO,NO,NO
2024,140610248,NO,NO,NO,NO,NO
2024,140610251,NO,NO,NO,NO,NO
2024,140610256,NO,NO,NO,NO,NO
2024,140610259,NO,NO,NO,NO,NO
2024,140610261,NO,NO,NO,NO,NO
2024,140610268,NO,NO,NO,NO,NO
2024,140610283,NO,NO,NO,NO,NO
2024,140610293,NO,NO,NO,NO,NO
2024,140610294,NO,NO,NO,NO,NO
2024,140610296,NO,NO,NO,NO,NO
2024,140610297,NO,NO,NO,NO,NO
2024,140610298,NO,NO,NO,NO,NO
2024,140610302,NO,NO,NO,NO,NO
2024,140610309,NO,NO,NO,NO,NO
2024,140610314,NO,NO,NO,NO,NO
2024,140610316,NO,NO,NO,NO,NO
2024,140610319,NO,NO,NO,NO,NO
2024,140610324,NO,NO,NO,NO,NO
2024,140610325,NO,NO,NO,NO,NO
2024,140610326,NO,NO,NO,NO,NO
2024,140610328,NO,NO,NO,NO,NO
2024,140610330,NO,NO,NO,NO,NO
2024,140610331,NO,NO,NO,NO,NO
2024,140610332,NO,NO,NO,NO,NO
2024,140610335,NO,NO,NO,NO,NO
2024,140610336,NO,NO,NO,NO,NO
2024,140610337,NO,NO,NO,NO,NO
2024,140610341,NO,NO,NO,NO,NO
2024,140610349,NO,NO,NO,NO,NO
2024,140610350,NO,NO,NO,NO,NO
2024,140610351,NO,NO,NO,NO,NO
2024,140610358,NO,NO,NO,NO,NO
2024,140610361,NO,NO,NO,NO,NO
2024,140610362,NO,NO,NO,NO,NO
2024,140610363,NO,NO,NO,NO,NO
2024,140610364,NO,NO,NO,NO,NO
2024,140610365,NO,NO,NO,NO,NO
2024,140610367,NO,NO,NO,NO,NO
2024,140610370,NO,NO,NO,NO,NO
2024,140610373,NO,NO,NO,NO,NO
2024,140610374,NO,NO,NO,NO,NO
2024,140610376,NO,NO,NO,NO,NO
2024,140610377,NO,NO,NO,NO,NO
2024,140610380,NO,NO,NO,NO,NO
2024,140610384,NO,NO,NO,NO,NO
2024,140610385,NO,NO,NO,NO,NO
2024,140610388,NO,NO,NO,NO,NO
2024,140610393,NO,NO,NO,NO,NO
2024,140610394,NO,NO,NO,NO,NO
2024,140610395,NO,NO,NO,NO,NO
2024,140610400,NO,NO,NO,NO,NO
2024,140610402,NO,NO,NO,NO,NO
2024,140610404,NO,NO,NO,NO,NO
2024,140610406,NO,NO,NO,NO,NO
2024,140610407,NO,NO,NO,NO,NO
2024,140610412,NO,NO,NO,NO,NO
2024,140610413,NO,NO,NO,NO,NO
2024,140610416,NO,NO,NO,NO,NO
2024,140610419,NO,NO,NO,NO,NO
2024,140610420,NO,NO,NO,NO,NO
2024,140610421,NO,NO,NO,NO,NO
2024,140610423,NO,NO,NO,NO,NO
2024,140610425,NO,NO,NO,NO,NO
2024,140610426,NO,NO,NO,NO,NO
2024,140610427,NO,NO,NO,NO,NO
2024,140610428,NO,NO,NO,NO,NO
2024,140610429,NO,NO,NO,NO,NO
2024,140610430,NO,NO,NO,NO,NO
2024,140610431,NO,NO,NO,NO,NO
2024,140610432,NO,NO,NO,NO,NO
2024,140610433,NO,NO,NO,NO,NO
2024,140610434,NO,NO,NO,NO,NO
2024,140610435,NO,NO,NO,NO,NO
2024,140610436,NO,NO,NO,NO,NO
2024,140610437,NO,NO,NO,NO,NO
2024,140610439,NO,NO,NO,NO,NO
2024,140610440,NO,NO,NO,NO,NO
2024,140610441,NO,NO,NO,NO,NO
2024,140610442,NO,NO,NO,NO,NO
2024,140610443,NO,NO,NO,NO,NO
2024,140610444,NO,NO,NO,NO,NO
2024,140610446,NO,NO,NO,NO,NO
2024,140610447,NO,NO,NO,NO,NO
2024,140610448,NO,NO,NO,NO,NO
2024,140610450,NO,NO,NO,NO,NO
2024,140610451,NO,NO,NO,NO,NO
2024,140610452,NO,NO,NO,NO,NO
2024,140610453,NO,NO,NO,NO,NO
2024,140610454,NO,NO,NO,NO,NO
2024,140610455,NO,NO,NO,NO,NO
2024,140610456,NO,NO,NO,NO,NO
2024,140610457,NO,NO,NO,NO,NO
2024,140610458,NO,NO,NO,NO,NO
2024,140610459,NO,NO,NO,NO,NO
2024,140610460,NO,NO,NO,NO,NO
2024,140610462,NO,NO,NO,NO,NO
2024,140610463,NO,NO,NO,NO,NO
2024,140610464,NO,NO,NO,NO,NO
2024,140610465,NO,NO,NO,NO,NO
2024,140610466,NO,NO,NO,NO,NO
2024,140610467,NO,NO,NO,NO,NO
2024,140610468,NO,NO,NO,NO,NO
2024,140610469,NO,NO,NO,NO,NO
2024,140610470,NO,NO,NO,NO,NO
2024,140610471,NO,NO,NO,NO,NO
2024,140610472,NO,NO,NO,NO,NO
2024,140610473,NO,NO,NO,NO,NO
2024,140610474,NO,NO,NO,NO,NO
2024,140610475,NO,NO,NO,NO,NO
2024,140610476,NO,NO,NO,NO,NO
2024,140610477,NO,NO,NO,NO,NO
2024,140610478,NO,NO,NO,NO,NO
2024,140610479,NO,NO,NO,NO,NO
2024,140610480,NO,NO,NO,NO,NO
2024,140610482,NO,NO,NO,NO,NO
2024,140610483,NO,NO,NO,NO,NO
2024,140610484,NO,NO,NO,NO,NO
2024,140610485,NO,NO,NO,NO,NO
2024,140610486,NO,NO,NO,NO,NO
2024,140610487,NO,NO,NO,NO,NO
2024,140610488,NO,NO,NO,NO,NO
2024,140610489,NO,NO,NO,NO,NO
2024,140610490,NO,NO,NO,NO,NO
2024,140610491,NO,NO,NO,NO,NO
2024,140610492,NO,NO,NO,NO,NO
2024,140610493,NO,NO,NO,NO,NO
2024,140610494,NO,NO,NO,NO,NO
2024,140610495,NO,NO,NO,NO,NO
2024,140610497,NO,NO,NO,NO,NO
2024,140610498,NO,NO,NO,NO,NO
2024,140610499,NO,NO,NO,NO,NO
2024,140610500,NO,NO,NO,NO,NO
2024,140610501,NO,NO,NO,NO,NO
2024,140610503,NO,NO,NO,NO,NO
2024,140610506,NO,NO,NO,NO,NO
2024,140610507,NO,NO,NO,NO,NO
2024,140610508,NO,NO,NO,NO,NO
2024,140610510,NO,NO,NO,NO,NO
2024,140610513,NO,NO,NO,NO,NO
2024,140610514,NO,NO,NO,NO,NO
2024,140610515,NO,NO,NO,NO,NO
2024,140610516,NO,NO,NO,NO,NO
2024,140610517,NO,NO,NO,NO,NO
2024,140610519,NO,NO,NO,NO,NO
2024,140610520,NO,NO,NO,NO,NO
2024,140610521,NO,NO,NO,NO,NO
2024,140610522,NO,NO,NO,NO,NO
2024,140610523,NO,NO,NO,NO,NO
2024,140610524,NO,NO,NO,NO,NO
2024,140610525,NO,NO,NO,NO,NO
2024,140610526,NO,NO,NO,NO,NO
2024,140610528,NO,NO,NO,NO,NO
2024,140610529,NO,NO,NO,NO,NO
2024,140610530,NO,NO,NO,NO,NO
2024,140610531,NO,NO,NO,NO,NO
2024,140610532,NO,NO,NO,NO,NO
2024,140610533,NO,NO,NO,NO,NO
2024,140610535,NO,NO,NO,NO,NO
2024,140610538,NO,NO,NO,NO,NO
2024,140610539,NO,NO,NO,NO,NO
2024,140610540,NO,NO,NO,NO,NO
2024,140610541,NO,NO,NO,NO,NO
2024,140610542,NO,NO,NO,NO,NO
2024,140610544,NO,NO,NO,NO,NO
2024,140610545,NO,NO,NO,NO,NO
2024,140610547,NO,NO,NO,NO,NO
2024,140610548,NO,NO,NO,NO,NO
2024,140610549,NO,NO,NO,NO,NO
2024,140610550,NO,NO,NO,NO,NO
2024,140610551,NO,NO,NO,NO,NO
2024,140610552,NO,NO,NO,NO,NO
2024,140610553,NO,NO,NO,NO,NO
2024,140610555,NO,NO,NO,NO,NO
2024,140610556,NO,NO,NO,NO,NO
2024,140610557,NO,NO,NO,NO,NO
2024,140610560,NO,NO,NO,NO,NO
2024,140610563,NO,NO,NO,NO,NO
2024,140610564,NO,NO,NO,NO,NO
2024,140610565,NO,NO,NO,NO,NO
2024,140610566,NO,NO,NO,NO,NO
2024,140610570,NO,NO,NO,NO,NO
2024,140610571,NO,NO,NO,NO,NO
2024,140610572,NO,NO,NO,NO,NO
2024,140610573,NO,NO,NO,NO,NO
2024,140610575,NO,NO,NO,NO,NO
2024,140610577,NO,NO,NO,NO,NO
2024,140610578,NO,NO,NO,NO,NO
2024,140610579,NO,NO,NO,NO,NO
2024,140610589,NO,NO,NO,NO,NO
2024,140610590,NO,NO,NO,NO,NO
2024,140610591,NO,NO,NO,NO,NO
2024,140610592,NO,NO,NO,NO,NO
2024,140610593,NO,NO,NO,NO,NO
2024,140610595,NO,NO,NO,NO,NO
2024,140610596,NO,NO,NO,NO,NO
2024,140610598,NO,NO,NO,NO,NO
2024,140610600,NO,NO,NO,NO,NO
2024,140610601,NO,NO,NO,NO,NO
2024,140610602,NO,NO,NO,NO,NO
2024,140610603,NO,NO,NO,NO,NO
2024,140610604,NO,NO,NO,NO,NO
2024,140610605,NO,NO,NO,NO,NO
2024,140610606,NO,NO,NO,NO,NO
2024,140610607,NO,NO,NO,NO,NO
2024,140610608,NO,NO,NO,NO,NO
2024,140610609,NO,NO,NO,NO,NO
2024,140610610,NO,NO,NO,NO,NO
2024,140610611,NO,NO,NO,NO,NO
2024,140610612,NO,NO,NO,NO,NO
2024,140610613,NO,NO,NO,NO,NO
2024,140610614,NO,NO,NO,NO,NO
2024,140610615,NO,NO,NO,NO,NO
2024,140610616,NO,NO,NO,NO,NO
2024,140610617,NO,NO,NO,NO,NO
2024,140610618,NO,NO,NO,NO,NO
2024,140610619,NO,NO,NO,NO,NO
2024,140610620,NO,NO,NO,NO,NO
2024,140610621,NO,NO,NO,NO,NO
2024,140610622,NO,NO,NO,NO,NO
2024,140610626,NO,NO,NO,NO,NO
2024,140610627,NO,NO,NO,NO,NO
2024,140610628,NO,NO,NO,NO,NO
2024,140610629,NO,NO,NO,NO,NO
2024,140610630,NO,NO,NO,NO,NO
2024,140610631,NO,NO,NO,NO,NO
2024,140610632,NO,NO,NO,NO,NO
2024,140610633,NO,NO,NO,NO,NO
2024,140610634,NO,NO,NO,NO,NO
2024,140610635,NO,NO,NO,NO,NO
2024,140610636,NO,NO,NO,NO,NO
2024,140610637,NO,NO,NO,NO,NO
2024,140610638,NO,NO,NO,NO,NO
2024,140610639,NO,NO,NO,NO,NO
2024,140610640,NO,NO,NO,NO,NO
2024,140610641,NO,NO,NO,NO,NO
2024,140610642,NO,NO,NO,NO,NO
2024,140610643,NO,NO,NO,NO,NO
2024,140610645,NO,NO,NO,NO,NO
2024,140610646,NO,NO,NO,NO,NO
2024,140610647,NO,NO,NO,NO,NO
2024,140610648,NO,NO,NO,NO,NO
2024,140610649,NO,NO,NO,NO,NO
2024,140610651,NO,NO,NO,NO,NO
2024,140610652,NO,NO,NO,NO,NO
2024,140610661,NO,NO,NO,NO,NO
2024,140610662,NO,NO,NO,NO,NO
2024,140610663,NO,NO,NO,NO,NO
2024,140610664,NO,NO,NO,NO,NO
2024,140610666,NO,NO,NO,NO,NO
2024,140610668,NO,NO,NO,NO,NO
2024,140610670,NO,NO,NO,NO,NO
2024,140610672,NO,NO,NO,NO,NO
2024,140610675,NO,NO,NO,NO,NO
2024,140610679,NO,NO,NO,NO,NO
2024,140610683,NO,NO,NO,NO,NO
2024,140610684,NO,NO,NO,NO,NO
2024,140610686,NO,NO,NO,NO,NO
2024,140610692,NO,NO,NO,NO,NO
2024,140610693,NO,NO,NO,NO,NO
2024,140610694,NO,NO,NO,NO,NO
2024,140610696,NO,NO,NO,NO,NO
2024,140610697,NO,NO,NO,NO,NO
2024,140610698,NO,NO,NO,NO,NO
2024,140610699,NO,NO,NO,NO,NO
2024,140610701,NO,NO,NO,NO,NO
2024,140610703,NO,NO,NO,NO,NO
2024,140610704,NO,NO,NO,NO,NO
2024,140610705,NO,NO,NO,NO,NO
2024,140610707,NO,NO,NO,NO,NO
2024,140610708,NO,NO,NO,NO,NO
2024,140610709,NO,NO,NO,NO,NO
2024,140610710,NO,NO,NO,NO,NO
2024,140610711,NO,NO,NO,NO,NO
2024,140610712,NO,NO,NO,NO,NO
2024,140610713,NO,NO,NO,NO,NO
2024,140610716,NO,NO,NO,NO,NO
2024,140610717,NO,NO,NO,NO,NO
2024,140610719,NO,NO,NO,NO,NO
2024,140610722,NO,NO,NO,NO,NO
2024,140610724,NO,NO,NO,NO,NO
2024,140610725,NO,NO,NO,NO,NO
2024,140610726,NO,NO,NO,NO,NO
2024,140610731,NO,NO,NO,NO,NO
2024,140610732,NO,NO,NO,NO,NO
2024,140610733,NO,NO,NO,NO,NO
2024,140610734,NO,NO,NO,NO,NO
2024,140610737,NO,NO,NO,NO,NO
2024,140610738,NO,NO,NO,NO,NO
2024,140610739,NO,NO,NO,NO,NO
2024,140610740,NO,NO,NO,NO,NO
2024,140610741,NO,NO,NO,NO,NO
2024,140610742,NO,NO,NO,NO,NO
2024,140610743,NO,NO,NO,NO,NO
2024,140610744,NO,NO,NO,NO,NO
2024,140610745,NO,NO,NO,NO,NO
2024,140610746,NO,NO,NO,NO,NO
2024,140610749,NO,NO,NO,NO,NO
2024,140610750,NO,NO,NO,NO,NO
2024,140610754,NO,NO,NO,NO,NO
2024,140610755,NO,NO,NO,NO,NO
2024,140610756,NO,NO,NO,NO,NO
2024,140610757,NO,NO,NO,NO,NO
2024,140610758,NO,NO,NO,NO,NO
2024,140610759,NO,NO,NO,NO,NO
2024,140610760,NO,NO,NO,NO,NO
2024,140610761,NO,NO,NO,NO,NO
2024,140610763,NO,NO,NO,NO,NO
2024,140610764,NO,NO,NO,NO,NO
2024,140610765,NO,NO,NO,NO,NO
2024,140610766,NO,NO,NO,NO,NO
2024,140610767,NO,NO,NO,NO,NO
2024,140610768,NO,NO,NO,NO,NO
2024,140610773,NO,NO,NO,NO,NO
2024,140610775,NO,NO,NO,NO,NO
2024,140610777,NO,NO,NO,NO,NO
2024,140610778,NO,NO,NO,NO,NO
2024,140610780,NO,NO,NO,NO,NO
2024,140610782,NO,NO,NO,NO,NO
2024,140610784,NO,NO,NO,NO,NO
2024,140610785,NO,NO,NO,NO,NO
2024,140610786,NO,NO,NO,NO,NO
2024,140610787,NO,NO,NO,NO,NO
2024,140610791,NO,NO,NO,NO,NO
2024,140610792,NO,NO,NO,NO,NO
2024,140610793,NO,NO,NO,NO,NO
2024,140610797,NO,NO,NO,NO,NO
2024,140610799,NO,NO,NO,NO,NO
2024,140610802,NO,NO,NO,NO,NO
2024,140610807,NO,NO,NO,NO,NO
2024,140610810,NO,NO,NO,NO,NO
2024,140610811,NO,NO,NO,NO,NO
2024,140610812,NO,NO,NO,NO,NO
2024,140610813,NO,NO,NO,NO,NO
2024,140610814,NO,NO,NO,NO,NO
2024,140610815,NO,NO,NO,NO,NO
2024,140610818,NO,NO,NO,NO,NO
2024,140610819,NO,NO,NO,NO,NO
2024,140610821,NO,NO,NO,NO,NO
2024,140610822,NO,NO,NO,NO,NO
2024,140610823,NO,NO,NO,NO,NO
2024,140610824,NO,NO,NO,NO,NO
2024,140610828,NO,NO,NO,NO,NO
2024,140610829,NO,NO,NO,NO,NO
2024,140610831,NO,NO,NO,NO,NO
2024,140610835,NO,NO,NO,NO,NO
2024,140610838,NO,NO,NO,NO,NO
2024,140610839,NO,NO,NO,NO,NO
2024,140610841,NO,NO,NO,NO,NO
2024,140610844,NO,NO,NO,NO,NO
2024,140610848,NO,NO,NO,NO,NO
2024,140610849,NO,NO,NO,NO,NO
2024,140610850,NO,NO,NO,NO,NO
2024,140610851,NO,NO,NO,NO,NO
2024,140610852,NO,NO,NO,NO,NO
2024,140610853,NO,NO,NO,NO,NO
2024,140610854,NO,NO,NO,NO,NO
2024,140610855,NO,NO,NO,NO,NO
2024,140610856,NO,NO,NO,NO,NO
2024,140610857,NO,NO,NO,NO,NO
2024,140610858,NO,NO,NO,NO,NO
2024,140610859,NO,NO,NO,NO,NO
2024,140610861,NO,NO,NO,NO,NO
2024,140610862,NO,NO,NO,NO,NO
2024,140610863,NO,NO,NO,NO,NO
2024,140610864,NO,NO,NO,NO,NO
2024,140610865,NO,NO,NO,NO,NO
2024,140610866,NO,NO,NO,NO,NO
2024,140610867,NO,NO,NO,NO,NO
2024,140610868,NO,NO,NO,NO,NO
2024,140610869,NO,NO,NO,NO,NO
2024,140610870,NO,NO,NO,NO,NO
2024,140610871,NO,NO,NO,NO,NO
2024,140610872,NO,NO,NO,NO,NO
2024,140610873,NO,NO,NO,NO,NO
2024,140610874,NO,NO,NO,NO,NO
2024,140610875,NO,NO,NO,NO,NO
2024,140610876,NO,NO,NO,NO,NO
2024,140610877,NO,NO,NO,NO,NO
2024,140610878,NO,NO,NO,NO,NO
2024,140610879,NO,NO,NO,NO,NO
2024,140610880,NO,NO,NO,NO,NO
2024,140610881,NO,NO,NO,NO,NO
2024,140610882,NO,NO,NO,NO,NO
2024,140610883,NO,NO,NO,NO,NO
2024,140610884,NO,NO,NO,NO,NO
2024,140610885,NO,NO,NO,NO,NO
2024,140610886,NO,NO,NO,NO,NO
2024,140610887,NO,NO,NO,NO,NO
2024,140610888,NO,NO,NO,NO,NO
2024,140610889,NO,NO,NO,NO,NO
2024,140610890,NO,NO,NO,NO,NO
2024,140610891,NO,NO,NO,NO,NO
2024,140610892,NO,NO,NO,NO,NO
2024,140610893,NO,NO,NO,NO,NO
2024,140610894,NO,NO,NO,NO,NO
2024,140610895,NO,NO,NO,NO,NO
2024,140610896,NO,NO,NO,NO,NO
2024,140610897,NO,NO,NO,NO,NO
2024,140610898,NO,NO,NO,NO,NO
2024,140610899,NO,NO,NO,NO,NO
2024,140610900,NO,NO,NO,NO,NO
2024,140610901,NO,NO,NO,NO,NO
2024,140610902,NO,NO,NO,NO,NO
2024,140610903,NO,NO,NO,NO,NO
2024,140610904,NO,NO,NO,NO,NO
2024,140610905,NO,NO,NO,NO,NO
2024,140610906,NO,NO,NO,NO,NO
2024,140610908,NO,NO,NO,NO,NO
2024,140610909,NO,NO,NO,NO,NO
2024,140610910,NO,NO,NO,NO,NO
2024,140610912,NO,NO,NO,NO,NO
2024,140610913,NO,NO,NO,NO,NO
2024,140610914,NO,NO,NO,NO,NO
2024,140610915,NO,NO,NO,NO,NO
2024,140610916,NO,NO,NO,NO,NO
2024,140610917,NO,NO,NO,NO,NO
2024,140610918,NO,NO,NO,NO,NO
2024,140610919,NO,NO,NO,NO,NO
2024,140610920,NO,NO,NO,NO,NO
2024,140610921,NO,NO,NO,NO,NO
2024,140610922,NO,NO,NO,NO,NO
2024,140610923,NO,NO,NO,NO,NO
2024,140610924,NO,NO,NO,NO,NO
2024,140610925,NO,NO,NO,NO,NO
2024,140610926,NO,NO,NO,NO,NO
2024,140610927,NO,NO,NO,NO,NO
2024,140610928,NO,NO,NO,NO,NO
2024,140610929,NO,NO,NO,NO,NO
2024,140610930,NO,NO,NO,NO,NO
2024,140610931,NO,NO,NO,NO,NO
2024,140610932,NO,NO,NO,NO,NO
2024,140610933,NO,NO,NO,NO,NO
2024,140610934,NO,NO,NO,NO,NO
2024,140610935,NO,NO,NO,NO,NO
2024,140610936,NO,NO,NO,NO,NO
2024,140610937,NO,NO,NO,NO,NO
2024,140610938,NO,NO,NO,NO,NO
2024,140610939,NO,NO,NO,NO,NO
2024,140610940,NO,NO,NO,NO,NO
2024,140610941,NO,NO,NO,NO,NO
2024,140610942,NO,NO,NO,NO,NO
2024,140610943,NO,NO,NO,NO,NO
2024,140610944,NO,NO,NO,NO,NO
2024,140610945,NO,NO,NO,NO,NO
2024,140610946,NO,NO,NO,NO,NO
2024,140610947,NO,NO,NO,NO,NO
2024,140610948,NO,NO,NO,NO,NO
2024,140610949,NO,NO,NO,NO,NO
2024,140610950,NO,NO,NO,NO,NO
2024,140610952,NO,NO,NO,NO,NO
2024,140610953,NO,NO,NO,NO,NO
2024,140610954,NO,NO,NO,NO,NO
2024,140610955,NO,NO,NO,NO,NO
2024,140610956,NO,NO,NO,NO,NO
2024,140610957,NO,NO,NO,NO,NO
2024,140610958,NO,NO,NO,NO,NO
2024,140610959,NO,NO,NO,NO,NO
2024,140610960,NO,NO,NO,NO,NO
2024,140610961,NO,NO,NO,NO,NO
2024,140610962,NO,NO,NO,NO,NO
2024,140610963,NO,NO,NO,NO,NO
2024,140610964,NO,NO,NO,NO,NO
2024,140610965,NO,NO,NO,NO,NO
2024,140610966,NO,NO,NO,NO,NO
2024,140610967,NO,NO,NO,NO,NO
2024,140610968,NO,NO,NO,NO,NO
2024,140610969,NO,NO,NO,NO,NO
2024,140610971,NO,NO,NO,NO,NO
2024,140610972,NO,NO,NO,NO,NO
2024,140610973,NO,NO,NO,NO,NO
2024,140610974,NO,NO,NO,NO,NO
2024,140610975,NO,NO,NO,NO,NO
2024,140610976,NO,NO,NO,NO,NO
2024,140610977,NO,NO,NO,NO,NO
2024,140610978,NO,NO,NO,NO,NO
2024,140610979,NO,NO,NO,NO,NO
2024,140610980,NO,NO,NO,NO,NO
2024,140610981,NO,NO,NO,NO,NO
2024,140610982,NO,NO,NO,NO,NO
2024,140610983,NO,NO,NO,NO,NO
2024,140610984,NO,NO,NO,NO,NO
2024,140610985,NO,NO,NO,NO,NO
2024,140610986,NO,NO,NO,NO,NO
2024,140610987,NO,NO,NO,NO,NO
2024,140610988,NO,NO,NO,NO,NO
2024,140610989,NO,NO,NO,NO,NO
2024,140610990,NO,NO,NO,NO,NO
2024,140610992,NO,NO,NO,NO,NO
2024,140610993,NO,NO,NO,NO,NO
2024,140610994,NO,NO,NO,NO,NO
2024,140610995,NO,NO,NO,NO,NO
2024,140610996,NO,NO,NO,NO,NO
2024,140610997,NO,NO,NO,NO,NO
2024,140610998,NO,NO,NO,NO,NO
2024,140610999,NO,NO,NO,NO,NO
2024,140611000,NO,NO,NO,NO,NO
2024,140611001,NO,NO,NO,NO,NO
2024,140611002,NO,NO,NO,NO,NO
2024,140611003,NO,NO,NO,NO,NO
2024,140611004,NO,NO,NO,NO,NO
2024,140611005,NO,NO,NO,NO,NO
2024,140611006,NO,NO,NO,NO,NO
2024,140611007,NO,NO,NO,NO,NO
2024,140611008,NO,NO,NO,NO,NO
2024,140611009,NO,NO,NO,NO,NO
2024,140611010,NO,NO,NO,NO,NO
2024,140611011,NO,NO,NO,NO,NO
2024,140611012,NO,NO,NO,NO,NO
2024,140611013,NO,NO,NO,NO,NO
2024,140611014,NO,NO,NO,NO,NO
2024,140611015,NO,NO,NO,NO,NO
2024,140611016,NO,NO,NO,NO,NO
2024,140611017,NO,NO,NO,NO,NO
2024,140611018,NO,NO,NO,NO,NO
2024,140611019,NO,NO,NO,NO,NO
2024,140611020,NO,NO,NO,NO,NO
2024,140611021,NO,NO,NO,NO,NO
2024,140611022,NO,NO,NO,NO,NO
2024,140611023,NO,NO,NO,NO,NO
2024,140611024,NO,NO,NO,NO,NO
2024,140611025,NO,NO,NO,NO,NO
2024,140611026,NO,NO,NO,NO,NO
2024,140611027,NO,NO,NO,NO,NO
2024,140611029,NO,NO,NO,NO,NO
2024,140611030,NO,NO,NO,NO,NO
2024,140611031,NO,NO,NO,NO,NO
2024,140611032,NO,NO,NO,NO,NO
2024,140611033,NO,NO,NO,NO,NO
2024,140611034,NO,NO,NO,NO,NO
2024,140611035,NO,NO,NO,NO,NO
2024,140611036,NO,NO,NO,NO,NO
2024,140611038,NO,NO,NO,NO,NO
2024,140611039,NO,NO,NO,NO,NO
2024,140611040,NO,NO,NO,NO,NO
2024,140611041,NO,NO,NO,NO,NO
2024,140611042,NO,NO,NO,NO,NO
2024,140611043,NO,NO,NO,NO,NO
2024,140611044,NO,NO,NO,NO,NO
2024,140611045,NO,NO,NO,NO,NO
2024,140611046,NO,NO,NO,NO,NO
2024,140611047,NO,NO,NO,NO,NO
2024,140611048,NO,NO,NO,NO,NO
2024,140611049,NO,NO,NO,NO,NO
2024,140611050,NO,NO,NO,NO,NO
2024,140611051,NO,NO,NO,NO,NO
2024,140611052,NO,NO,NO,NO,NO
2024,140611053,NO,NO,NO,NO,NO
2024,140611054,NO,NO,NO,NO,NO
2024,140611055,NO,NO,NO,NO,NO
2024,140611056,NO,NO,NO,NO,NO
2024,140611057,NO,NO,NO,NO,NO
2024,140611058,NO,NO,NO,NO,NO
2024,140611059,NO,NO,NO,NO,NO
2024,140611060,NO,NO,NO,NO,NO
2024,140611061,NO,NO,NO,NO,NO
2024,140611062,NO,NO,NO,NO,NO
2024,140611063,NO,NO,NO,NO,NO
2024,140611064,NO,NO,NO,NO,NO
2024,140611065,NO,NO,NO,NO,NO
2024,140611066,NO,NO,NO,NO,NO
2024,140611068,NO,NO,NO,NO,NO
2024,140611069,NO,NO,NO,NO,NO
2024,140611070,NO,NO,NO,NO,NO
2024,140611071,NO,NO,NO,NO,NO
2024,140611072,NO,NO,NO,NO,NO
2024,140611074,NO,NO,NO,NO,NO
2024,140611075,NO,NO,NO,NO,NO
2024,140611076,NO,NO,NO,NO,NO
2024,140611077,NO,NO,NO,NO,NO
2024,140611078,NO,NO,NO,NO,NO
2024,140611079,NO,NO,NO,NO,NO
2024,140611080,NO,NO,NO,NO,NO
2024,140611081,NO,NO,NO,NO,NO
2024,140611082,NO,NO,NO,NO,NO
2024,140611083,NO,NO,NO,NO,NO
2024,140611084,NO,NO,NO,NO,NO
2024,140611085,NO,NO,NO,NO,NO
2024,140611086,NO,NO,NO,NO,NO
2024,140611087,NO,NO,NO,NO,NO
2024,140611088,NO,NO,NO,NO,NO
2024,140611089,NO,NO,NO,NO,NO
2024,140611090,NO,NO,NO,NO,NO
2024,140611091,NO,NO,NO,NO,NO
2024,140611092,NO,NO,NO,NO,NO
2024,140611093,NO,NO,NO,NO,NO
2024,140611094,NO,NO,NO,NO,NO
2024,140611095,NO,NO,NO,NO,NO
2024,140611096,NO,NO,NO,NO,NO
2024,140611097,NO,NO,NO,NO,NO
2024,140611098,NO,NO,NO,NO,NO
2024,140611099,NO,NO,NO,NO,NO
2024,140611100,NO,NO,NO,NO,NO
2024,140611101,NO,NO,NO,NO,NO
2024,140611102,NO,NO,NO,NO,NO
2024,140611103,NO,NO,NO,NO,NO
2024,140611104,NO,NO,NO,NO,NO
2024,140611105,NO,NO,NO,NO,NO
2024,140611106,NO,NO,NO,NO,NO
2024,140611107,NO,NO,NO,NO,NO
2024,140611108,NO,NO,NO,NO,NO
2024,140611109,NO,NO,NO,NO,NO
2024,140611110,NO,NO,NO,NO,NO
2024,140611111,NO,NO,NO,NO,NO
2024,140611113,NO,NO,NO,NO,NO
2024,140611114,NO,NO,NO,NO,NO
2024,140611115,NO,NO,NO,NO,NO
2024,140611116,NO,NO,NO,NO,NO
2024,140611117,NO,NO,NO,NO,NO
2024,140611118,NO,NO,NO,NO,NO
2024,140611119,NO,NO,NO,NO,NO
2024,140611120,NO,NO,NO,NO,NO
2024,140611121,NO,NO,NO,NO,NO
2024,140611122,NO,NO,NO,NO,NO
2024,140611123,NO,NO,NO,NO,NO
2024,140611124,NO,NO,NO,NO,NO
2024,140611125,NO,NO,NO,NO,NO
2024,140611126,NO,NO,NO,NO,NO
2024,140611127,NO,NO,NO,NO,NO
2024,140611128,NO,NO,NO,NO,NO
2024,140611129,NO,NO,NO,NO,NO
2024,140611130,NO,NO,NO,NO,NO
2024,140611131,NO,NO,NO,NO,NO
2024,140611132,NO,NO,NO,NO,NO
2024,140611133,NO,NO,NO,NO,NO
2024,140611134,NO,NO,NO,NO,NO
2024,140611135,NO,NO,NO,NO,NO
2024,140611136,NO,NO,NO,NO,NO
2024,140611137,NO,NO,NO,NO,NO
2024,140611138,NO,NO,NO,NO,NO
2024,140611139,NO,NO,NO,NO,NO
2024,140611140,NO,NO,NO,NO,NO
2024,140611141,NO,NO,NO,NO,NO
2024,140611142,NO,NO,NO,NO,NO
2024,140611143,NO,NO,NO,NO,NO
2024,140611144,NO,NO,NO,NO,NO
2024,140611145,NO,NO,NO,NO,NO
2024,140611146,NO,NO,NO,NO,NO
2024,140611147,NO,NO,NO,NO,NO
2024,140611148,NO,NO,NO,NO,NO
2024,140611149,NO,NO,NO,NO,NO
2024,140611150,NO,NO,NO,NO,NO
2024,140611151,NO,NO,NO,NO,NO
2024,140611152,NO,NO,NO,NO,NO
2024,140611153,NO,NO,NO,NO,NO
2024,140611154,NO,NO,NO,NO,NO
2024,140611155,NO,NO,NO,NO,NO
2024,140611156,NO,NO,NO,NO,NO
2024,140611157,NO,NO,NO,NO,NO
2024,140611158,NO,NO,NO,NO,NO
2024,140611159,NO,NO,NO,NO,NO
2024,140611160,NO,NO,NO,NO,NO
2024,140611161,NO,NO,NO,NO,NO
2024,140611162,NO,NO,NO,NO,NO
2024,140611163,NO,NO,NO,NO,NO
2024,140611164,NO,NO,NO,NO,NO
2024,140611165,NO,NO,NO,NO,NO
2024,140611166,NO,NO,NO,NO,NO
2024,140611167,NO,NO,NO,NO,NO
2024,140611168,NO,NO,NO,NO,NO
2024,140611169,NO,NO,NO,NO,NO
2024,140611170,NO,NO,NO,NO,NO
2024,140611171,NO,NO,NO,NO,NO
2024,140611172,NO,NO,NO,NO,NO
2024,140611173,NO,NO,NO,NO,NO
2024,140611174,NO,NO,NO,NO,NO
2024,140611175,NO,NO,NO,NO,NO
2024,140611176,NO,NO,NO,NO,NO
2024,140611177,NO,NO,NO,NO,NO
2024,140611178,NO,NO,NO,NO,NO
2024,140611179,NO,NO,NO,NO,NO
2024,140611180,NO,NO,NO,NO,NO
2024,140611181,NO,NO,NO,NO,NO
2024,140611182,NO,NO,NO,NO,NO
2024,140611183,NO,NO,NO,NO,NO
2024,140611184,NO,NO,NO,NO,NO
2024,140611185,NO,NO,NO,NO,NO
2024,140611186,NO,NO,NO,NO,NO
2024,140611187,NO,NO,NO,NO,NO
2024,140611188,NO,NO,NO,NO,NO
2024,140611189,NO,NO,NO,NO,NO
2024,140611190,NO,NO,NO,NO,NO
2024,140611191,NO,NO,NO,NO,NO
2024,140611192,NO,NO,NO,NO,NO
2024,140611193,NO,NO,NO,NO,NO
2024,140611194,NO,NO,NO,NO,NO
2024,140611195,NO,NO,NO,NO,NO
2024,140611196,NO,NO,NO,NO,NO
2024,140611197,NO,NO,NO,NO,NO
2024,140611198,NO,NO,NO,NO,NO
2024,140611199,NO,NO,NO,NO,NO
2024,140611200,NO,NO,NO,NO,NO
2024,140611201,NO,NO,NO,NO,NO
2024,140611202,NO,NO,NO,NO,NO
2024,140611203,NO,NO,NO,NO,NO
2024,140611204,NO,NO,NO,NO,NO
2024,140611205,NO,NO,NO,NO,NO
2024,140611206,NO,NO,NO,NO,NO
2024,140611207,NO,NO,NO,NO,NO
2024,140611208,NO,NO,NO,NO,NO
2024,140611209,NO,NO,NO,NO,NO
2024,140611210,NO,NO,NO,NO,NO
2024,140611211,NO,NO,NO,NO,NO
2024,140611212,NO,NO,NO,NO,NO
2024,140611213,NO,NO,NO,NO,NO
2024,140611214,NO,NO,NO,NO,NO
2024,140611215,NO,NO,NO,NO,NO
2024,140611216,NO,NO,NO,NO,NO
2024,140611217,NO,NO,NO,NO,NO
2024,140611218,NO,NO,NO,NO,NO
2024,140611219,NO,NO,NO,NO,NO
2024,140611220,NO,NO,NO,NO,NO
2024,140611221,NO,NO,NO,NO,NO
2024,140611222,NO,NO,NO,NO,NO
2024,140611223,NO,NO,NO,NO,NO
2024,140611224,NO,NO,NO,NO,NO
2024,140611225,NO,NO,NO,NO,NO
2024,140611226,NO,NO,NO,NO,NO
2024,140611227,NO,NO,NO,NO,NO
2024,140611228,NO,NO,NO,NO,NO
2024,140611229,NO,NO,NO,NO,NO
2024,140611230,NO,NO,NO,NO,NO
2024,140611231,NO,NO,NO,NO,NO
2024,140611232,NO,NO,NO,NO,NO
2024,140611233,NO,NO,NO,NO,NO
2024,140611234,NO,NO,NO,NO,NO
2024,140611235,NO,NO,NO,NO,NO
2024,140611236,NO,NO,NO,NO,NO
2024,140611237,NO,NO,NO,NO,NO
2024,140611238,NO,NO,NO,NO,NO
2024,140611239,NO,NO,NO,NO,NO
2024,140611240,NO,NO,NO,NO,NO
2024,140611241,NO,NO,NO,NO,NO
2024,140611242,NO,NO,NO,NO,NO
2024,140611243,NO,NO,NO,NO,NO
2024,140611244,NO,NO,NO,NO,NO
2024,140611245,NO,NO,NO,NO,NO
2024,140611246,NO,NO,NO,NO,NO
2024,140611247,NO,NO,NO,NO,NO
2024,140611248,NO,NO,NO,NO,NO
2024,140611249,NO,NO,NO,NO,NO
2024,140611250,NO,NO,NO,NO,NO
2024,140611251,NO,NO,NO,NO,NO
2024,140611252,NO,NO,NO,NO,NO
2024,140611253,NO,NO,NO,NO,NO
2024,140611254,NO,NO,NO,NO,NO
2024,140611255,NO,NO,NO,NO,NO
2024,140611256,NO,NO,NO,NO,NO
2024,140611257,NO,NO,NO,NO,NO
2024,140611258,NO,NO,NO,NO,NO
2024,140611259,NO,NO,NO,NO,NO
2024,140611260,NO,NO,NO,NO,NO
2024,140611261,NO,NO,NO,NO,NO
2024,140611262,NO,NO,NO,NO,NO
2024,140611263,NO,NO,NO,NO,NO
2024,140611264,NO,NO,NO,NO,NO
2024,140611265,NO,NO,NO,NO,NO
2024,140611266,NO,NO,NO,NO,NO
2024,140611267,NO,NO,NO,NO,NO
2024,140611268,NO,NO,NO,NO,NO
2024,140810001,NO,NO,NO,NO,NO
2024,140810002,NO,NO,NO,NO,NO
2024,140810003,NO,NO,NO,NO,NO
2024,140810004,NO,NO,NO,NO,NO
2024,140810006,NO,NO,NO,NO,NO
2024,140810007,NO,NO,NO,NO,NO
2024,140810008,NO,NO,NO,NO,NO
2024,140810009,NO,NO,NO,NO,NO
2024,140810010,NO,NO,NO,NO,NO
2024,140810011,NO,NO,NO,NO,NO
2024,140810012,NO,NO,NO,NO,NO
2024,140810014,NO,NO,NO,NO,NO
2024,140810016,NO,NO,NO,NO,NO
2024,140810017,NO,NO,NO,NO,NO
2024,140810022,NO,NO,NO,NO,NO
2024,140810023,NO,NO,NO,NO,NO
2024,140810025,NO,NO,NO,NO,NO
2024,140810026,NO,NO,NO,NO,NO
2024,140810027,NO,NO,NO,NO,NO
2024,140810028,NO,NO,NO,NO,NO
2024,140810030,NO,NO,NO,NO,NO
2024,140810031,NO,NO,NO,NO,NO
2024,140810034,NO,NO,NO,NO,NO
2024,140810036,NO,NO,NO,NO,NO
2024,140810038,NO,NO,NO,NO,NO
2024,140810039,NO,NO,NO,NO,NO
2024,140810043,NO,NO,NO,NO,NO
2024,140810044,NO,NO,NO,NO,NO
2024,140810045,NO,NO,NO,NO,NO
2024,140810046,NO,NO,NO,NO,NO
2024,140810047,NO,NO,NO,NO,NO
2024,140810048,NO,NO,NO,NO,NO
2024,140810049,NO,NO,NO,NO,NO
2024,140810050,NO,NO,NO,NO,NO
2024,140810051,NO,NO,NO,NO,NO
2024,140810052,NO,NO,NO,NO,NO
2024,140810053,NO,NO,NO,NO,NO
2024,140810054,NO,NO,NO,NO,NO
2024,140810055,NO,NO,NO,NO,NO
2024,140810056,NO,NO,NO,NO,NO
2024,140810057,NO,NO,NO,NO,NO
2024,140810058,NO,NO,NO,NO,NO
2024,140810059,NO,NO,NO,NO,NO
2024,140810060,NO,NO,NO,NO,NO
2024,140810061,NO,NO,NO,NO,NO
2024,140810114,NO,NO,NO,NO,NO
2024,141150001,NO,NO,NO,NO,NO
2024,141150003,NO,NO,NO,NO,NO
2024,141150005,NO,NO,NO,NO,NO
2024,141150008,NO,NO,NO,NO,NO
2024,141150009,NO,NO,NO,NO,NO
2024,141150010,NO,NO,NO,NO,NO
2024,141150011,NO,NO,NO,NO,NO
2024,141150013,NO,NO,NO,NO,NO
2024,141150015,NO,NO,NO,NO,NO
2024,141150016,NO,NO,NO,NO,NO
2024,141150017,NO,NO,NO,NO,NO
2024,141150018,NO,NO,NO,NO,NO
2024,141150021,NO,NO,NO,NO,NO
2024,141150023,NO,NO,NO,NO,NO
2024,141150024,NO,NO,NO,NO,NO
2024,141150025,NO,NO,NO,NO,NO
2024,141150026,NO,NO,NO,NO,NO
2024,141150028,NO,NO,NO,NO,NO
2024,141150029,NO,NO,NO,NO,NO
2024,141150031,NO,NO,NO,NO,NO
2024,141150032,NO,NO,NO,NO,NO
2024,141150033,NO,NO,NO,NO,NO
2024,141150035,NO,NO,NO,NO,NO
2024,141150036,NO,NO,NO,NO,NO
2024,141150037,NO,NO,NO,NO,NO
2024,141150038,NO,NO,NO,NO,NO
2024,141150039,NO,NO,NO,NO,NO
2024,141150040,NO,NO,NO,NO,NO
2024,141150041,NO,NO,NO,NO,NO
2024,141150042,NO,NO,NO,NO,NO
2024,141150043,NO,NO,NO,NO,NO
2024,141150045,NO,NO,NO,NO,NO
2024,141150046,NO,NO,NO,NO,NO
2024,141150048,NO,NO,NO,NO,NO
2024,141150049,NO,NO,NO,NO,NO
2024,141150050,NO,NO,NO,NO,NO
2024,141150051,NO,NO,NO,NO,NO
2024,141150052,NO,NO,NO,NO,NO
2024,141150054,NO,NO,NO,NO,NO
2024,141150055,NO,NO,NO,NO,NO
2024,141150058,NO,NO,NO,NO,NO
2024,141150059,NO,NO,NO,NO,NO
2024,141150060,NO,NO,NO,NO,NO
2024,141150061,NO,NO,NO,NO,NO
2024,141150062,NO,NO,NO,NO,NO
2024,141150063,NO,NO,NO,NO,NO
2024,141150064,NO,NO,NO,NO,NO
2024,141150065,NO,NO,NO,NO,NO
2024,141150066,NO,NO,NO,NO,NO
2024,141150067,NO,NO,NO,NO,NO
2024,141150068,NO,NO,NO,NO,NO
2024,141150069,NO,NO,NO,NO,NO
2024,141150070,NO,NO,NO,NO,NO
2024,141150073,NO,NO,NO,NO,NO
2024,141150074,NO,NO,NO,NO,NO
2024,141150075,NO,NO,NO,NO,NO
2024,141150077,NO,NO,NO,NO,NO
2024,141150078,NO,NO,NO,NO,NO
2024,141150079,NO,NO,NO,NO,NO
2024,141150080,NO,NO,NO,NO,NO
2024,141150083,NO,NO,NO,NO,NO
2024,141150084,NO,NO,NO,NO,NO
2024,141150086,NO,NO,NO,NO,NO
2024,141150087,NO,NO,NO,NO,NO
2024,141150088,NO,NO,NO,NO,NO
2024,141150089,NO,NO,NO,NO,NO
2024,141150090,NO,NO,NO,NO,NO
2024,141150091,NO,NO,NO,NO,NO
2024,141150092,NO,NO,NO,NO,NO
2024,141150093,NO,NO,NO,NO,NO
2024,141150094,NO,NO,NO,NO,NO
2024,141150096,NO,NO,NO,NO,NO
2024,141150097,NO,NO,NO,NO,NO
2024,141150098,NO,NO,NO,NO,NO
2024,141150099,NO,NO,NO,NO,NO
2024,141150100,NO,NO,NO,NO,NO
2024,141150101,NO,NO,NO,NO,NO
2024,141150102,NO,NO,NO,NO,NO
2024,141150104,NO,NO,NO,NO,NO
2024,141150105,NO,NO,NO,NO,NO
2024,141150106,NO,NO,NO,NO,NO
2024,141150108,NO,NO,NO,NO,NO
2024,141150109,NO,NO,NO,NO,NO
2024,141150111,NO,NO,NO,NO,NO
2024,141150112,NO,NO,NO,NO,NO
2024,141150113,NO,NO,NO,NO,NO
2024,141150116,NO,NO,NO,NO,NO
2024,141150117,NO,NO,NO,NO,NO
2024,141150118,NO,NO,NO,NO,NO
2024,141150119,NO,NO,NO,NO,NO
2024,141150127,NO,NO,NO,NO,NO
2024,141150129,NO,NO,NO,NO,NO
2024,141150130,NO,NO,NO,NO,NO
2024,141150131,NO,NO,NO,NO,NO
2024,141150133,NO,NO,NO,NO,NO
2024,141150134,NO,NO,NO,NO,NO
2024,141150136,NO,NO,NO,NO,NO
2024,141150137,NO,NO,NO,NO,NO
2024,141150140,NO,NO,NO,NO,NO
2024,141150141,NO,NO,NO,NO,NO
2024,141150142,NO,NO,NO,NO,NO
2024,141150143,NO,NO,NO,NO,NO
2024,141150144,NO,NO,NO,NO,NO
2024,141150145,NO,NO,NO,NO,NO
2024,141150146,NO,NO,NO,NO,NO
2024,141150148,NO,NO,NO,NO,NO
2024,141150149,NO,NO,NO,NO,NO
2024,141150150,NO,NO,NO,NO,NO
2024,141150151,NO,NO,NO,NO,NO
2024,141150152,NO,NO,NO,NO,NO
2024,141150153,NO,NO,NO,NO,NO
2024,141150156,NO,NO,NO,NO,NO
2024,141150157,NO,NO,NO,NO,NO
2024,141150158,NO,NO,NO,NO,NO
2024,141150159,NO,NO,NO,NO,NO
2024,141150163,NO,NO,NO,NO,NO
2024,141150164,NO,NO,NO,NO,NO
2024,141150165,NO,NO,NO,NO,NO
2024,141150166,NO,NO,NO,NO,NO
2024,141150168,NO,NO,NO,NO,NO
2024,141150169,NO,NO,NO,NO,NO
2024,141150170,NO,NO,NO,NO,NO
2024,141150171,NO,NO,NO,NO,NO
2024,141150174,NO,NO,NO,NO,NO
2024,141150176,NO,NO,NO,NO,NO
2024,141150177,NO,NO,NO,NO,NO
2024,141150178,NO,NO,NO,NO,NO
2024,141150184,NO,NO,NO,NO,NO
2024,141150200,NO,NO,NO,NO,NO
2024,141150201,NO,NO,NO,NO,NO
2024,141150207,NO,NO,NO,NO,NO
2024,141150208,NO,NO,NO,NO,NO
2024,141150209,NO,NO,NO,NO,NO
2024,141150211,NO,NO,NO,NO,NO
2024,141150212,NO,NO,NO,NO,NO
2024,141150213,NO,NO,NO,NO,NO
2024,141150214,NO,NO,NO,NO,NO
2024,141150215,NO,NO,NO,NO,NO
2024,141150216,NO,NO,NO,NO,NO
2024,141150218,NO,NO,NO,NO,NO
2024,141150219,NO,NO,NO,NO,NO
2024,141150220,NO,NO,NO,NO,NO
2024,141150221,NO,NO,NO,NO,NO
2024,141150222,NO,NO,NO,NO,NO
2024,141150223,NO,NO,NO,NO,NO
2024,141150225,NO,NO,NO,NO,NO
2024,141150226,NO,NO,NO,NO,NO
2024,141150227,NO,NO,NO,NO,NO
2024,141150228,NO,NO,NO,NO,NO
2024,141150229,NO,NO,NO,NO,NO
2024,141150230,NO,NO,NO,NO,NO
2024,141150231,NO,NO,NO,NO,NO
2024,141150232,NO,NO,NO,NO,NO
2024,141150233,NO,NO,NO,NO,NO
2024,141150234,NO,NO,NO,NO,NO
2024,141150235,NO,NO,NO,NO,NO
2024,141150236,NO,NO,NO,NO,NO
2024,141150237,NO,NO,NO,NO,NO
2024,141150238,NO,NO,NO,NO,NO
2024,141150239,NO,NO,NO,NO,NO
2024,141150240,NO,NO,NO,NO,NO
2024,141150241,NO,NO,NO,NO,NO
2024,141150242,NO,NO,NO,NO,NO
2024,141150243,NO,NO,NO,NO,NO
2024,141150244,NO,NO,NO,NO,NO
2024,141150245,NO,NO,NO,NO,NO
2024,141150246,NO,NO,NO,NO,NO
2024,141150248,NO,NO,NO,NO,NO
2024,141150249,NO,NO,NO,NO,NO
2024,141150250,NO,NO,NO,NO,NO
2024,141150251,NO,NO,NO,NO,NO
2024,141150252,NO,NO,NO,NO,NO
2024,141150254,NO,NO,NO,NO,NO
2024,141150255,NO,NO,NO,NO,NO
2024,141150256,NO,NO,NO,NO,NO
2024,141150257,NO,NO,NO,NO,NO
2024,141150258,NO,NO,NO,NO,NO
2024,141150259,NO,NO,NO,NO,NO
2024,141150260,NO,NO,NO,NO,NO
2024,141150261,NO,NO,NO,NO,NO
2024,141150262,NO,NO,NO,NO,NO
2024,141150263,NO,NO,NO,NO,NO
2024,141150264,NO,NO,NO,NO,NO
2024,141150267,NO,NO,NO,NO,NO
2024,141150270,NO,NO,NO,NO,NO
2024,141150271,NO,NO,NO,NO,NO
2024,141150273,NO,NO,NO,NO,NO
2024,141150274,NO,NO,NO,NO,NO
2024,141150275,NO,NO,NO,NO,NO
2024,141150276,NO,NO,NO,NO,NO
2024,320050001,NO,NO,NO,NO,NO
2024,320050003,NO,NO,NO,NO,NO
2024,320050005,NO,NO,NO,NO,NO
2024,320050007,NO,NO,NO,NO,NO
2024,320050009,NO,NO,NO,NO,NO
2024,320050010,NO,NO,NO,NO,NO
2024,320050012,NO,NO,NO,NO,NO
2024,320050014,NO,NO,NO,NO,NO
2024,320050015,NO,NO,NO,NO,NO
2024,320050016,NO,NO,NO,NO,NO
2024,320050019,NO,NO,NO,NO,NO
2024,320050020,NO,NO,NO,NO,NO
2024,320050022,NO,NO,NO,NO,NO
2024,320050024,NO,NO,NO,NO,NO
2024,320050025,NO,NO,NO,NO,NO
2024,320050026,NO,NO,NO,NO,NO
2024,320050027,NO,NO,NO,NO,NO
2024,320050028,NO,NO,NO,NO,NO
2024,320050030,NO,NO,NO,NO,NO
2024,320050031,NO,NO,NO,NO,NO
2024,320050034,NO,NO,NO,NO,NO
2024,320050042,NO,NO,NO,NO,NO
2024,320050047,NO,NO,NO,NO,NO
2024,320050048,NO,NO,NO,NO,NO
2024,320050049,NO,NO,NO,NO,NO
2024,320050051,NO,NO,NO,NO,NO
2024,320050052,NO,NO,NO,NO,NO
2024,320050061,NO,NO,NO,NO,NO
2024,320050062,NO,NO,NO,NO,NO
2024,320050066,NO,NO,NO,NO,NO
2024,320050067,NO,NO,NO,NO,NO
2024,320050069,NO,NO,NO,NO,NO
2024,320050071,NO,NO,NO,NO,NO
2024,320050072,NO,NO,NO,NO,NO
2024,320050073,NO,NO,NO,NO,NO
2024,320050074,NO,NO,NO,NO,NO
2024,320050075,NO,NO,NO,NO,NO
2024,320050076,NO,NO,NO,NO,NO
2024,320050077,NO,NO,NO,NO,NO
2024,320050079,NO,NO,NO,NO,NO
2024,320050080,NO,NO,NO,NO,NO
2024,320050081,NO,NO,NO,NO,NO
2024,320050083,NO,NO,NO,NO,NO
2024,320050084,NO,NO,NO,NO,NO
2024,320050085,NO,NO,NO,NO,NO
2024,320050086,NO,NO,NO,NO,NO
2024,320050088,NO,NO,NO,NO,NO
2024,320050092,NO,NO,NO,NO,NO
2024,320050095,NO,NO,NO,NO,NO
2024,320050099,NO,NO,NO,NO,NO
2024,320050100,NO,NO,NO,NO,NO
2024,320050101,NO,NO,NO,NO,NO
2024,320050102,NO,NO,NO,NO,NO
2024,320050103,NO,NO,NO,NO,NO
2024,320050104,NO,NO,NO,NO,NO
2024,320050107,NO,NO,NO,NO,NO
2024,320050108,NO,NO,NO,NO,NO
2024,320050109,NO,NO,NO,NO,NO
2024,320050110,NO,NO,NO,NO,NO
2024,320050112,NO,NO,NO,NO,NO
2024,320050114,NO,NO,NO,NO,NO
2024,320050117,NO,NO,NO,NO,NO
2024,320050118,NO,NO,NO,NO,NO
2024,320050122,NO,NO,NO,NO,NO
2024,320050124,NO,NO,NO,NO,NO
2024,320050127,NO,NO,NO,NO,NO
2024,320050128,NO,NO,NO,NO,NO
2024,320050129,NO,NO,NO,NO,NO
2024,320050131,NO,NO,NO,NO,NO
2024,320050133,NO,NO,NO,NO,NO
2024,320050134,NO,NO,NO,NO,NO
2024,320050135,NO,NO,NO,NO,NO
2024,320050136,NO,NO,NO,NO,NO
2024,320050137,NO,NO,NO,NO,NO
2024,320050138,NO,NO,NO,NO,NO
2024,320050139,NO,NO,NO,NO,NO
2024,320050140,NO,NO,NO,NO,NO
2024,320050141,NO,NO,NO,NO,NO
2024,320050144,NO,NO,NO,NO,NO
2024,320050147,NO,NO,NO,NO,NO
2024,320050148,NO,NO,NO,NO,NO
2024,320050149,NO,NO,NO,NO,NO
2024,320050150,NO,NO,NO,NO,NO
2024,320050151,NO,NO,NO,NO,NO
2024,320050152,NO,NO,NO,NO,NO
2024,320050153,NO,NO,NO,NO,NO
2024,320050154,NO,NO,NO,NO,NO
2024,320050155,NO,NO,NO,NO,NO
2024,320050157,NO,NO,NO,NO,NO
2024,320050158,NO,NO,NO,NO,NO
2024,320050159,NO,NO,NO,NO,NO
2024,320050160,NO,NO,NO,NO,NO
2024,320050161,NO,NO,NO,NO,NO
2024,320050162,NO,NO,NO,NO,NO
2024,320050163,NO,NO,NO,NO,NO
2024,320050164,NO,NO,NO,NO,NO
2024,320050165,NO,NO,NO,NO,NO
2024,320050166,NO,NO,NO,NO,NO
2024,320050167,NO,NO,NO,NO,NO
2024,320050168,NO,NO,NO,NO,NO
2024,320050169,NO,NO,NO,NO,NO
2024,320050170,NO,NO,NO,NO,NO
2024,320050171,NO,NO,NO,NO,NO
2024,320050172,NO,NO,NO,NO,NO
2024,320050173,NO,NO,NO,NO,NO
2024,320050174,NO,NO,NO,NO,NO
2024,320050175,NO,NO,NO,NO,NO
2024,320050176,NO,NO,NO,NO,NO
2024,320050177,NO,NO,NO,NO,NO
2024,320050178,NO,NO,NO,NO,NO
2024,320050179,NO,NO,NO,NO,NO
2024,320050180,NO,NO,NO,NO,NO
2024,320050181,NO,NO,NO,NO,NO
2024,320050182,NO,NO,NO,NO,NO
2024,320050184,NO,NO,NO,NO,NO
2024,320050188,NO,NO,NO,NO,NO
2024,320050189,NO,NO,NO,NO,NO
2024,320050190,NO,NO,NO,NO,NO
2024,320050191,NO,NO,NO,NO,NO
2024,320050192,NO,NO,NO,NO,NO
2024,320050193,NO,NO,NO,NO,NO
2024,320050194,NO,NO,NO,NO,NO
2024,320050195,NO,NO,NO,NO,NO
2024,320050196,NO,NO,NO,NO,NO
2024,320050197,NO,NO,NO,NO,NO
2024,320050198,NO,NO,NO,NO,NO
2024,320050199,NO,NO,NO,NO,NO
2024,320050200,NO,NO,NO,NO,NO
2024,320050201,NO,NO,NO,NO,NO
2024,320050202,NO,NO,NO,NO,NO
2024,320050203,NO,NO,NO,NO,NO
2024,320050205,NO,NO,NO,NO,NO
2024,320050206,NO,NO,NO,NO,NO
2024,320050207,NO,NO,NO,NO,NO
2024,320050208,NO,NO,NO,NO,NO
2024,320050209,NO,NO,NO,NO,NO
2024,320050210,NO,NO,NO,NO,NO
2024,320050211,NO,NO,NO,NO,NO
2024,320050212,NO,NO,NO,NO,NO
2024,320050213,NO,NO,NO,NO,NO
2024,320050214,NO,NO,NO,NO,NO
2024,320050215,NO,NO,NO,NO,NO
2024,320050216,NO,NO,NO,NO,NO
2024,320050217,NO,NO,NO,NO,NO
2024,320050218,NO,NO,NO,NO,NO
2024,320050219,NO,NO,NO,NO,NO
2024,320050220,NO,NO,NO,NO,NO
2024,320050221,NO,NO,NO,NO,NO
2024,320050222,NO,NO,NO,NO,NO
2024,320050223,NO,NO,NO,NO,NO
2024,320050224,NO,NO,NO,NO,NO
2024,320050225,NO,NO,NO,NO,NO
2024,320050226,NO,NO,NO,NO,NO
2024,320050227,NO,NO,NO,NO,NO
2024,320050228,NO,NO,NO,NO,NO
2024,320050229,NO,NO,NO,NO,NO
2024,320050230,NO,NO,NO,NO,NO
2024,320050231,NO,NO,NO,NO,NO
2024,320050232,NO,NO,NO,NO,NO
2024,320050233,NO,NO,NO,NO,NO
2024,320050234,NO,NO,NO,NO,NO
2024,320050235,NO,NO,NO,NO,NO
2024,320050236,NO,NO,NO,NO,NO
2024,320050237,NO,NO,NO,NO,NO
2024,320050238,NO,NO,NO,NO,NO
2024,320050239,NO,NO,NO,NO,NO
2024,320050240,NO,NO,NO,NO,NO
2024,320050241,NO,NO,NO,NO,NO
2024,320050242,NO,NO,NO,NO,NO
2024,320050243,NO,NO,NO,NO,NO
2024,320050244,NO,NO,NO,NO,NO
2024,320050245,NO,NO,NO,NO,NO
2024,320050246,NO,NO,NO,NO,NO
2024,320050247,NO,NO,NO,NO,NO
2024,320050248,NO,NO,NO,NO,NO
2024,320050249,NO,NO,NO,NO,NO
2024,320060001,NO,NO,NO,NO,NO
2024,320060002,NO,NO,NO,NO,NO
2024,320060003,NO,NO,NO,NO,NO
2024,320060004,NO,NO,NO,NO,NO
2024,320060006,NO,NO,NO,NO,NO
2024,320060007,NO,NO,NO,NO,NO
2024,320060008,NO,NO,NO,NO,NO
2024,320060009,NO,NO,NO,NO,NO
2024,320060011,NO,NO,NO,NO,NO
2024,320060012,NO,NO,NO,NO,NO
2024,320060018,NO,NO,NO,NO,NO
2024,320060020,NO,NO,NO,NO,NO
2024,320060021,NO,NO,NO,NO,NO
2024,320060023,NO,NO,NO,NO,NO
2024,320060024,NO,NO,NO,NO,NO
2024,320060025,NO,NO,NO,NO,NO
2024,320060026,NO,NO,NO,NO,NO
2024,320060027,NO,NO,NO,NO,NO
2024,320060028,NO,NO,NO,NO,NO
2024,320060029,NO,NO,NO,NO,NO
2024,320070001,NO,NO,NO,NO,NO
2024,320070002,NO,NO,NO,NO,NO
2024,320070003,NO,NO,NO,NO,NO
2024,320070004,NO,NO,NO,NO,NO
2024,320070005,NO,NO,NO,NO,NO
2024,320070006,NO,NO,NO,NO,NO
2024,320070007,NO,NO,NO,NO,NO
2024,320070008,NO,NO,NO,NO,NO
2024,320070010,NO,NO,NO,NO,NO
2024,320070011,NO,NO,NO,NO,NO
2024,320070012,NO,NO,NO,NO,NO
2024,320070013,NO,NO,NO,NO,NO
2024,320070014,NO,NO,NO,NO,NO
2024,320070015,NO,NO,NO,NO,NO
2024,320070016,NO,NO,NO,NO,NO
2024,320070017,NO,NO,NO,NO,NO
2024,320070018,NO,NO,NO,NO,NO
2024,320070019,NO,NO,NO,NO,NO
2024,320070020,NO,NO,NO,NO,NO
2024,320070021,NO,NO,NO,NO,NO
2024,320070022,NO,NO,NO,NO,NO
2024,320070023,NO,NO,NO,NO,NO
2024,320070024,NO,NO,NO,NO,NO
2024,320070025,NO,NO,NO,NO,NO
2024,320070026,NO,NO,NO,NO,NO
2024,320070027,NO,NO,NO,NO,NO
2024,320070028,NO,NO,NO,NO,NO
2024,320070029,NO,NO,NO,NO,NO
2024,320070030,NO,NO,NO,NO,NO
2024,320070031,NO,NO,NO,NO,NO
2024,320070032,NO,NO,NO,NO,NO
2024,320070033,NO,NO,NO,NO,NO
2024,320070036,NO,NO,NO,NO,NO
2024,320070037,NO,NO,NO,NO,NO
2024,320070038,NO,NO,NO,NO,NO
2024,320070039,NO,NO,NO,NO,NO
2024,320070040,NO,NO,NO,NO,NO
2024,320070041,NO,NO,NO,NO,NO
2024,320070042,NO,NO,NO,NO,NO
2024,320070043,NO,NO,NO,NO,NO
2024,320070045,NO,NO,NO,NO,NO
2024,320070048,NO,NO,NO,NO,NO
2024,320070049,NO,NO,NO,NO,NO
2024,320070050,NO,NO,NO,NO,NO
2024,320070051,NO,NO,NO,NO,NO
2024,320070052,NO,NO,NO,NO,NO
2024,320070054,NO,NO,NO,NO,NO
2024,320070055,NO,NO,NO,NO,NO
2024,320070057,NO,NO,NO,NO,NO
2024,320070058,NO,NO,NO,NO,NO
2024,320070064,NO,NO,NO,NO,NO
2024,320070066,NO,NO,NO,NO,NO
2024,320070067,NO,NO,NO,NO,NO
2024,320070068,NO,NO,NO,NO,NO
2024,320070070,NO,NO,NO,NO,NO
2024,320070071,NO,NO,NO,NO,NO
2024,320070073,NO,NO,NO,NO,NO
2024,320070075,NO,NO,NO,NO,NO
2024,320070076,NO,NO,NO,NO,NO
2024,320070079,NO,NO,NO,NO,NO
2024,320070082,NO,NO,NO,NO,NO
2024,320070083,NO,NO,NO,NO,NO
2024,320070084,NO,NO,NO,NO,NO
2024,320070085,NO,NO,NO,NO,NO
2024,320070086,NO,NO,NO,NO,NO
2024,320070087,NO,NO,NO,NO,NO
2024,320070089,NO,NO,NO,NO,NO
2024,320070090,NO,NO,NO,NO,NO
2024,320070091,NO,NO,NO,NO,NO
2024,320070092,NO,NO,NO,NO,NO
2024,320070093,NO,NO,NO,NO,NO
2024,320070094,NO,NO,NO,NO,NO
2024,320070096,NO,NO,NO,NO,NO
2024,320070099,NO,NO,NO,NO,NO
2024,320070101,NO,NO,NO,NO,NO
2024,320070102,NO,NO,NO,NO,NO
2024,320070104,NO,NO,NO,NO,NO
2024,320070107,NO,NO,NO,NO,NO
2024,320070108,NO,NO,NO,NO,NO
2024,320070111,NO,NO,NO,NO,NO
2024,320070112,NO,NO,NO,NO,NO
2024,320070116,NO,NO,NO,NO,NO
2024,320070117,NO,NO,NO,NO,NO
2024,320070118,NO,NO,NO,NO,NO
2024,320070119,NO,NO,NO,NO,NO
2024,320070120,NO,NO,NO,NO,NO
2024,320070122,NO,NO,NO,NO,NO
2024,320070124,NO,NO,NO,NO,NO
2024,320070126,NO,NO,NO,NO,NO
2024,320070127,NO,NO,NO,NO,NO
2024,320070129,NO,NO,NO,NO,NO
2024,320070130,NO,NO,NO,NO,NO
2024,320070131,NO,NO,NO,NO,NO
2024,320070132,NO,NO,NO,NO,NO
2024,320070134,NO,NO,NO,NO,NO
2024,320070135,NO,NO,NO,NO,NO
2024,320070138,NO,NO,NO,NO,NO
2024,320070139,NO,NO,NO,NO,NO
2024,320070140,NO,NO,NO,NO,NO
2024,320070143,NO,NO,NO,NO,NO
2024,320070144,NO,NO,NO,NO,NO
2024,320070145,NO,NO,NO,NO,NO
2024,320070146,NO,NO,NO,NO,NO
2024,320070147,NO,NO,NO,NO,NO
2024,320070148,NO,NO,NO,NO,NO
2024,320070149,NO,NO,NO,NO,NO
2024,320070150,NO,NO,NO,NO,NO
2024,320070151,NO,NO,NO,NO,NO
2024,320070152,NO,NO,NO,NO,NO
2024,320070153,NO,NO,NO,NO,NO
2024,320070154,NO,NO,NO,NO,NO
2024,320070155,NO,NO,NO,NO,NO
2024,320070156,NO,NO,NO,NO,NO
2024,320070157,NO,NO,NO,NO,NO
2024,320080001,NO,NO,NO,NO,NO
2024,320080002,NO,NO,NO,NO,NO
2024,320080003,NO,NO,NO,NO,NO
2024,320080005,NO,NO,NO,NO,NO
2024,320080006,NO,NO,NO,NO,NO
2024,320080008,NO,NO,NO,NO,NO
2024,320080009,NO,NO,NO,NO,NO
2024,320080011,NO,NO,NO,NO,NO
2024,320080012,NO,NO,NO,NO,NO
2024,320080013,NO,NO,NO,NO,NO
2024,320080015,NO,NO,NO,NO,NO
2024,320080016,NO,NO,NO,NO,NO
2024,320080018,NO,NO,NO,NO,NO
2024,320080019,NO,NO,NO,NO,NO
2024,320080020,NO,NO,NO,NO,NO
2024,320080021,NO,NO,NO,NO,NO
2024,320080024,NO,NO,NO,NO,NO
2024,320080025,NO,NO,NO,NO,NO
2024,320080027,NO,NO,NO,NO,NO
2024,320080029,NO,NO,NO,NO,NO
2024,320080035,NO,NO,NO,NO,NO
2024,320080036,NO,NO,NO,NO,NO
2024,320080037,NO,NO,NO,NO,NO
2024,320080038,NO,NO,NO,NO,NO
2024,320080039,NO,NO,NO,NO,NO
2024,320080040,NO,NO,NO,NO,NO
2024,320080041,NO,NO,NO,NO,NO
2024,320080043,NO,NO,NO,NO,NO
2024,320080044,NO,NO,NO,NO,NO
2024,320080045,NO,NO,NO,NO,NO
2024,320080046,NO,NO,NO,NO,NO
2024,320080047,NO,NO,NO,NO,NO
2024,320080048,NO,NO,NO,NO,NO
2024,320080049,NO,NO,NO,NO,NO
2024,320080051,NO,NO,NO,NO,NO
2024,320080052,NO,NO,NO,NO,NO
2024,320080053,NO,NO,NO,NO,NO
2024,320080054,NO,NO,NO,NO,NO
2024,320080055,NO,NO,NO,NO,NO
2024,320080056,NO,NO,NO,NO,NO
2024,320080057,NO,NO,NO,NO,NO
2024,320080058,NO,NO,NO,NO,NO
2024,320080059,NO,NO,NO,NO,NO
2024,320080060,NO,NO,NO,NO,NO
2024,320080061,NO,NO,NO,NO,NO
2024,320080062,NO,NO,NO,NO,NO
2024,320080063,NO,NO,NO,NO,NO
2024,320080064,NO,NO,NO,NO,NO
2024,320080065,NO,NO,NO,NO,NO
2024,320080066,NO,NO,NO,NO,NO
2024,320080067,NO,NO,NO,NO,NO
2024,320080068,NO,NO,NO,NO,NO
2024,320080069,NO,NO,NO,NO,NO
2024,320080070,NO,NO,NO,NO,NO
2024,320080071,NO,NO,NO,NO,NO
2024,320080072,NO,NO,NO,NO,NO
2024,320080074,NO,NO,NO,NO,NO
2024,320080075,NO,NO,NO,NO,NO
2024,320080076,NO,NO,NO,NO,NO
2024,320080077,NO,NO,NO,NO,NO
2024,320080078,NO,NO,NO,NO,NO
2024,320080079,NO,NO,NO,NO,NO
2024,320080080,NO,NO,NO,NO,NO
2024,320080081,NO,NO,NO,NO,NO
2024,320080082,NO,NO,NO,NO,NO
2024,320080083,NO,NO,NO,NO,NO
2024,320090001,NO,NO,NO,NO,NO
2024,320090002,NO,NO,NO,NO,NO
2024,320090003,NO,NO,NO,NO,NO
2024,320090004,NO,NO,NO,NO,NO
2024,320090005,NO,NO,NO,NO,NO
2024,320090007,NO,NO,NO,NO,NO
2024,320090008,NO,NO,NO,NO,NO
2024,320090010,NO,NO,NO,NO,NO
2024,320090011,NO,NO,NO,NO,NO
2024,320090012,NO,NO,NO,NO,NO
2024,320090015,NO,NO,NO,NO,NO
2024,320090017,NO,NO,NO,NO,NO
2024,320090019,NO,NO,NO,NO,NO
2024,320090020,NO,NO,NO,NO,NO
2024,320090021,NO,NO,NO,NO,NO
2024,320090022,NO,NO,NO,NO,NO
2024,320090023,NO,NO,NO,NO,NO
2024,320090024,NO,NO,NO,NO,NO
2024,320090025,NO,NO,NO,NO,NO
2024,320090026,NO,NO,NO,NO,NO
2024,320090027,NO,NO,NO,NO,NO
2024,320090029,NO,NO,NO,NO,NO
2024,320090030,NO,NO,NO,NO,NO
2024,320090031,NO,NO,NO,NO,NO
2024,320090032,NO,NO,NO,NO,NO
2024,320090036,NO,NO,NO,NO,NO
2024,320090037,NO,NO,NO,NO,NO
2024,320090038,NO,NO,NO,NO,NO
2024,320090039,NO,NO,NO,NO,NO
2024,320090041,NO,NO,NO,NO,NO
2024,320090042,NO,NO,NO,NO,NO
2024,320090043,NO,NO,NO,NO,NO
2024,320090044,NO,NO,NO,NO,NO
2024,320090045,NO,NO,NO,NO,NO
2024,320090047,NO,NO,NO,NO,NO
2024,320090048,NO,NO,NO,NO,NO
2024,320090049,NO,NO,NO,NO,NO
2024,320090050,NO,NO,NO,NO,NO
2024,320090052,NO,NO,NO,NO,NO
2024,320090053,NO,NO,NO,NO,NO
2024,320090054,NO,NO,NO,NO,NO
2024,320090060,NO,NO,NO,NO,NO
2024,320090061,NO,NO,NO,NO,NO
2024,320090062,NO,NO,NO,NO,NO
2024,320090063,NO,NO,NO,NO,NO
2024,320090064,NO,NO,NO,NO,NO
2024,320090065,NO,NO,NO,NO,NO
2024,320090066,NO,NO,NO,NO,NO
2024,320090067,NO,NO,NO,NO,NO
2024,320090068,NO,NO,NO,NO,NO
2024,320090069,NO,NO,NO,NO,NO
2024,320090070,NO,NO,NO,NO,NO
2024,320090073,NO,NO,NO,NO,NO
2024,320090075,NO,NO,NO,NO,NO
2024,320090076,NO,NO,NO,NO,NO
2024,320090077,NO,NO,NO,NO,NO
2024,320090078,NO,NO,NO,NO,NO
2024,320090080,NO,NO,NO,NO,NO
2024,320090082,NO,NO,NO,NO,NO
2024,320090083,NO,NO,NO,NO,NO
2024,320090084,NO,NO,NO,NO,NO
2024,320090085,NO,NO,NO,NO,NO
2024,320090086,NO,NO,NO,NO,NO
2024,320090089,NO,NO,NO,NO,NO
2024,320090090,NO,NO,NO,NO,NO
2024,320090091,NO,NO,NO,NO,NO
2024,320090092,NO,NO,NO,NO,NO
2024,320090093,NO,NO,NO,NO,NO
2024,320090094,NO,NO,NO,NO,NO
2024,320090095,NO,NO,NO,NO,NO
2024,320090096,NO,NO,NO,NO,NO
2024,320090097,NO,NO,NO,NO,NO
2024,320090098,NO,NO,NO,NO,NO
2024,320090099,NO,NO,NO,NO,NO
2024,320090100,NO,NO,NO,NO,NO
2024,320090101,NO,NO,NO,NO,NO
2024,320090102,NO,NO,NO,NO,NO
2024,320090103,NO,NO,NO,NO,NO
2024,320090104,NO,NO,NO,NO,NO
2024,320090105,NO,NO,NO,NO,NO
2024,320090109,NO,NO,NO,NO,NO
2024,320090110,NO,NO,NO,NO,NO
2024,320090111,NO,NO,NO,NO,NO
2024,320090112,NO,NO,NO,NO,NO
2024,320090113,NO,NO,NO,NO,NO
2024,320090114,NO,NO,NO,NO,NO
2024,320090115,NO,NO,NO,NO,NO
2024,320090116,NO,NO,NO,NO,NO
2024,320090117,NO,NO,NO,NO,NO
2024,320090118,NO,NO,NO,NO,NO
2024,320090119,NO,NO,NO,NO,NO
2024,320090120,NO,NO,NO,NO,NO
2024,320090121,NO,NO,NO,NO,NO
2024,320090122,NO,NO,NO,NO,NO
2024,320090123,NO,NO,NO,NO,NO
2024,320090124,NO,NO,NO,NO,NO
2024,320090125,NO,NO,NO,NO,NO
2024,320090126,NO,NO,NO,NO,NO
2024,320090127,NO,NO,NO,NO,NO
2024,320090128,NO,NO,NO,NO,NO
2024,320100001,NO,NO,NO,NO,NO
2024,320100055,NO,NO,NO,NO,NO
2024,320100056,NO,NO,NO,NO,NO
2024,320100058,NO,NO,NO,NO,NO
2024,320100059,NO,NO,NO,NO,NO
2024,320100060,NO,NO,NO,NO,NO
2024,320100061,NO,NO,NO,NO,NO
2024,320100062,NO,NO,NO,NO,NO
2024,320100063,NO,NO,NO,NO,NO
2024,320100066,NO,NO,NO,NO,NO
2024,320100067,NO,NO,NO,NO,NO
2024,320100068,NO,NO,NO,NO,NO
2024,320100069,NO,NO,NO,NO,NO
2024,320100070,NO,NO,NO,NO,NO
2024,320100073,NO,NO,NO,NO,NO
2024,320100074,NO,NO,NO,NO,NO
2024,320100075,NO,NO,NO,NO,NO
2024,320100078,NO,NO,NO,NO,NO
2024,320100079,NO,NO,NO,NO,NO
2024,320100080,NO,NO,NO,NO,NO
2024,320100081,NO,NO,NO,NO,NO
2024,320100082,NO,NO,NO,NO,NO
2024,320100083,NO,NO,NO,NO,NO
2024,320100084,NO,NO,NO,NO,NO
2024,320100085,NO,NO,NO,NO,NO
2024,320100086,NO,NO,NO,NO,NO
2024,320100088,NO,NO,NO,NO,NO
2024,320100091,NO,NO,NO,NO,NO
2024,320100092,NO,NO,NO,NO,NO
2024,320100093,NO,NO,NO,NO,NO
2024,320100095,NO,NO,NO,NO,NO
2024,320100096,NO,NO,NO,NO,NO
2024,320100097,NO,NO,NO,NO,NO
2024,320100098,NO,NO,NO,NO,NO
2024,320100099,NO,NO,NO,NO,NO
2024,320100100,NO,NO,NO,NO,NO
2024,320100101,NO,NO,NO,NO,NO
2024,320100103,NO,NO,NO,NO,NO
2024,320100104,NO,NO,NO,NO,NO
2024,320100105,NO,NO,NO,NO,NO
2024,320100106,NO,NO,NO,NO,NO
2024,320100107,NO,NO,NO,NO,NO
2024,320100108,NO,NO,NO,NO,NO
2024,320100109,NO,NO,NO,NO,NO
2024,320100111,NO,NO,NO,NO,NO
2024,320100112,NO,NO,NO,NO,NO
2024,320100113,NO,NO,NO,NO,NO
2024,320100114,NO,NO,NO,NO,NO
2024,320100115,NO,NO,NO,NO,NO
2024,320100116,NO,NO,NO,NO,NO
2024,320100117,NO,NO,NO,NO,NO
2024,320100118,NO,NO,NO,NO,NO
2024,320100120,NO,NO,NO,NO,NO
2024,320100123,NO,NO,NO,NO,NO
2024,320100124,NO,NO,NO,NO,NO
2024,320100126,NO,NO,NO,NO,NO
2024,320100129,NO,NO,NO,NO,NO
2024,320100130,NO,NO,NO,NO,NO
2024,320100131,NO,NO,NO,NO,NO
2024,320100132,NO,NO,NO,NO,NO
2024,320100133,NO,NO,NO,NO,NO
2024,320100134,NO,NO,NO,NO,NO
2024,320100135,NO,NO,NO,NO,NO
2024,320100137,NO,NO,NO,NO,NO
2024,320100138,NO,NO,NO,NO,NO
2024,320100139,NO,NO,NO,NO,NO
2024,320100140,NO,NO,NO,NO,NO
2024,320100142,NO,NO,NO,NO,NO
2024,320100143,NO,NO,NO,NO,NO
2024,320100144,NO,NO,NO,NO,NO
2024,320100145,NO,NO,NO,NO,NO
2024,320100148,NO,NO,NO,NO,NO
2024,320100149,NO,NO,NO,NO,NO
2024,320100150,NO,NO,NO,NO,NO
2024,320100151,NO,NO,NO,NO,NO
2024,320100155,NO,NO,NO,NO,NO
2024,320100156,NO,NO,NO,NO,NO
2024,320100157,NO,NO,NO,NO,NO
2024,320100159,NO,NO,NO,NO,NO
2024,320100160,NO,NO,NO,NO,NO
2024,320100161,NO,NO,NO,NO,NO
2024,320100162,NO,NO,NO,NO,NO
2024,320100163,NO,NO,NO,NO,NO
2024,320100164,NO,NO,NO,NO,NO
2024,320100165,NO,NO,NO,NO,NO
2024,320100166,NO,NO,NO,NO,NO
2024,320100168,NO,NO,NO,NO,NO
2024,320100169,NO,NO,NO,NO,NO
2024,320100170,NO,NO,NO,NO,NO
2024,320100172,NO,NO,NO,NO,NO
2024,320100173,NO,NO,NO,NO,NO
2024,320100174,NO,NO,NO,NO,NO
2024,320100175,NO,NO,NO,NO,NO
2024,320100176,NO,NO,NO,NO,NO
2024,320100177,NO,NO,NO,NO,NO
2024,320100178,NO,NO,NO,NO,NO
2024,320100180,NO,NO,NO,NO,NO
2024,320100181,NO,NO,NO,NO,NO
2024,320100182,NO,NO,NO,NO,NO
2024,320100183,NO,NO,NO,NO,NO
2024,320100185,NO,NO,NO,NO,NO
2024,320100186,NO,NO,NO,NO,NO
2024,320100188,NO,NO,NO,NO,NO
2024,320100189,NO,NO,NO,NO,NO
2024,320100190,NO,NO,NO,NO,NO
2024,320100191,NO,NO,NO,NO,NO
2024,320100193,NO,NO,NO,NO,NO
2024,320100195,NO,NO,NO,NO,NO
2024,320100196,NO,NO,NO,NO,NO
2024,320100197,NO,NO,NO,NO,NO
2024,320100198,NO,NO,NO,NO,NO
2024,320100199,NO,NO,NO,NO,NO
2024,320100200,NO,NO,NO,NO,NO
2024,320100201,NO,NO,NO,NO,NO
2024,320100202,NO,NO,NO,NO,NO
2024,320100203,NO,NO,NO,NO,NO
2024,320100204,NO,NO,NO,NO,NO
2024,320100205,NO,NO,NO,NO,NO
2024,320100206,NO,NO,NO,NO,NO
2024,320100208,NO,NO,NO,NO,NO
2024,320100210,NO,NO,NO,NO,NO
2024,320100211,NO,NO,NO,NO,NO
2024,320100212,NO,NO,NO,NO,NO
2024,320100213,NO,NO,NO,NO,NO
2024,320100214,NO,NO,NO,NO,NO
2024,320100215,NO,NO,NO,NO,NO
2024,320100216,NO,NO,NO,NO,NO
2024,320100217,NO,NO,NO,NO,NO
2024,320100218,NO,NO,NO,NO,NO
2024,320100219,NO,NO,NO,NO,NO
2024,320100220,NO,NO,NO,NO,NO
2024,320100222,NO,NO,NO,NO,NO
2024,320100223,NO,NO,NO,NO,NO
2024,320100224,NO,NO,NO,NO,NO
2024,320100225,NO,NO,NO,NO,NO
2024,320100226,NO,NO,NO,NO,NO
2024,320100228,NO,NO,NO,NO,NO
2024,320100230,NO,NO,NO,NO,NO
2024,320100231,NO,NO,NO,NO,NO
2024,320100232,NO,NO,NO,NO,NO
2024,320100233,NO,NO,NO,NO,NO
2024,320100235,NO,NO,NO,NO,NO
2024,320100236,NO,NO,NO,NO,NO
2024,320100237,NO,NO,NO,NO,NO
2024,320100238,NO,NO,NO,NO,NO
2024,320100239,NO,NO,NO,NO,NO
2024,320100240,NO,NO,NO,NO,NO
2024,320100241,NO,NO,NO,NO,NO
2024,320100242,NO,NO,NO,NO,NO
2024,320100245,NO,NO,NO,NO,NO
2024,320100246,NO,NO,NO,NO,NO
2024,320100247,NO,NO,NO,NO,NO
2024,320100248,NO,NO,NO,NO,NO
2024,320100249,NO,NO,NO,NO,NO
2024,320100250,NO,NO,NO,NO,NO
2024,320100252,NO,NO,NO,NO,NO
2024,320100256,NO,NO,NO,NO,NO
2024,320100257,NO,NO,NO,NO,NO
2024,320100258,NO,NO,NO,NO,NO
2024,320100259,NO,NO,NO,NO,NO
2024,320100262,NO,NO,NO,NO,NO
2024,320100263,NO,NO,NO,NO,NO
2024,320100265,NO,NO,NO,NO,NO
2024,320100267,NO,NO,NO,NO,NO
2024,320100270,NO,NO,NO,NO,NO
2024,320100273,NO,NO,NO,NO,NO
2024,320100274,NO,NO,NO,NO,NO
2024,320100280,NO,NO,NO,NO,NO
2024,320100281,NO,NO,NO,NO,NO
2024,320100282,NO,NO,NO,NO,NO
2024,320100283,NO,NO,NO,NO,NO
2024,320100284,NO,NO,NO,NO,NO
2024,320100287,NO,NO,NO,NO,NO
2024,320100288,NO,NO,NO,NO,NO
2024,320100290,NO,NO,NO,NO,NO
2024,320100291,NO,NO,NO,NO,NO
2024,320100294,NO,NO,NO,NO,NO
2024,320100295,NO,NO,NO,NO,NO
2024,320100297,NO,NO,NO,NO,NO
2024,320100298,NO,NO,NO,NO,NO
2024,320100299,NO,NO,NO,NO,NO
2024,320100302,NO,NO,NO,NO,NO
2024,320100304,NO,NO,NO,NO,NO
2024,320100306,NO,NO,NO,NO,NO
2024,320100309,NO,NO,NO,NO,NO
2024,320100311,NO,NO,NO,NO,NO
2024,320100313,NO,NO,NO,NO,NO
2024,320100314,NO,NO,NO,NO,NO
2024,320100315,NO,NO,NO,NO,NO
2024,320100318,NO,NO,NO,NO,NO
2024,320100320,NO,NO,NO,NO,NO
2024,320100324,NO,NO,NO,NO,NO
2024,320100329,NO,NO,NO,NO,NO
2024,320100330,NO,NO,NO,NO,NO
2024,320100331,NO,NO,NO,NO,NO
2024,320100332,NO,NO,NO,NO,NO
2024,320100334,NO,NO,NO,NO,NO
2024,320100335,NO,NO,NO,NO,NO
2024,320100336,NO,NO,NO,NO,NO
2024,320100337,NO,NO,NO,NO,NO
2024,320100342,NO,NO,NO,NO,NO
2024,320100343,NO,NO,NO,NO,NO
2024,320100344,NO,NO,NO,NO,NO
2024,320100346,NO,NO,NO,NO,NO
2024,320100348,NO,NO,NO,NO,NO
2024,320100349,NO,NO,NO,NO,NO
2024,320100350,NO,NO,NO,NO,NO
2024,320100352,NO,NO,NO,NO,NO
2024,320100353,NO,NO,NO,NO,NO
2024,320100354,NO,NO,NO,NO,NO
2024,320100359,NO,NO,NO,NO,NO
2024,320100360,NO,NO,NO,NO,NO
2024,320100363,NO,NO,NO,NO,NO
2024,320100364,NO,NO,NO,NO,NO
2024,320100366,NO,NO,NO,NO,NO
2024,320100368,NO,NO,NO,NO,NO
2024,320100369,NO,NO,NO,NO,NO
2024,320100370,NO,NO,NO,NO,NO
2024,320100371,NO,NO,NO,NO,NO
2024,320100372,NO,NO,NO,NO,NO
2024,320100375,NO,NO,NO,NO,NO
2024,320100376,NO,NO,NO,NO,NO
2024,320100377,NO,NO,NO,NO,NO
2024,320100378,NO,NO,NO,NO,NO
2024,320100379,NO,NO,NO,NO,NO
2024,320100381,NO,NO,NO,NO,NO
2024,320100383,NO,NO,NO,NO,NO
2024,320100384,NO,NO,NO,NO,NO
2024,320100385,NO,NO,NO,NO,NO
2024,320100386,NO,NO,NO,NO,NO
2024,320100387,NO,NO,NO,NO,NO
2024,320100388,NO,NO,NO,NO,NO
2024,320100389,NO,NO,NO,NO,NO
2024,320100391,NO,NO,NO,NO,NO
2024,320100392,NO,NO,NO,NO,NO
2024,320100395,NO,NO,NO,NO,NO
2024,320100396,NO,NO,NO,NO,NO
2024,320100398,NO,NO,NO,NO,NO
2024,320100402,NO,NO,NO,NO,NO
2024,320100404,NO,NO,NO,NO,NO
2024,320100407,NO,NO,NO,NO,NO
2024,320100408,NO,NO,NO,NO,NO
2024,320100409,NO,NO,NO,NO,NO
2024,320100410,NO,NO,NO,NO,NO
2024,320100411,NO,NO,NO,NO,NO
2024,320100412,NO,NO,NO,NO,NO
2024,320100413,NO,NO,NO,NO,NO
2024,320100414,NO,NO,NO,NO,NO
2024,320100415,NO,NO,NO,NO,NO
2024,320100418,NO,NO,NO,NO,NO
2024,320100419,NO,NO,NO,NO,NO
2024,320100420,NO,NO,NO,NO,NO
2024,320100421,NO,NO,NO,NO,NO
2024,320100425,NO,NO,NO,NO,NO
2024,320100428,NO,NO,NO,NO,NO
2024,320100430,NO,NO,NO,NO,NO
2024,320100432,NO,NO,NO,NO,NO
2024,320100433,NO,NO,NO,NO,NO
2024,320100434,NO,NO,NO,NO,NO
2024,320100435,NO,NO,NO,NO,NO
2024,320100436,NO,NO,NO,NO,NO
2024,320100437,NO,NO,NO,NO,NO
2024,320100438,NO,NO,NO,NO,NO
2024,320100439,NO,NO,NO,NO,NO
2024,320100440,NO,NO,NO,NO,NO
2024,320100441,NO,NO,NO,NO,NO
2024,320100442,NO,NO,NO,NO,NO
2024,320100443,NO,NO,NO,NO,NO
2024,320100444,NO,NO,NO,NO,NO
2024,320100446,NO,NO,NO,NO,NO
2024,320100447,NO,NO,NO,NO,NO
2024,320100448,NO,NO,NO,NO,NO
2024,320100449,NO,NO,NO,NO,NO
2024,320100450,NO,NO,NO,NO,NO
2024,320100451,NO,NO,NO,NO,NO
2024,320100452,NO,NO,NO,NO,NO
2024,320100456,NO,NO,NO,NO,NO
2024,320100458,NO,NO,NO,NO,NO
2024,320100460,NO,NO,NO,NO,NO
2024,320100461,NO,NO,NO,NO,NO
2024,320100462,NO,NO,NO,NO,NO
2024,320100467,NO,NO,NO,NO,NO
2024,320100468,NO,NO,NO,NO,NO
2024,320100471,NO,NO,NO,NO,NO
2024,320100474,NO,NO,NO,NO,NO
2024,320100475,NO,NO,NO,NO,NO
2024,320100481,NO,NO,NO,NO,NO
2024,320100484,NO,NO,NO,NO,NO
2024,320100485,NO,NO,NO,NO,NO
2024,320100487,NO,NO,NO,NO,NO
2024,320100488,NO,NO,NO,NO,NO
2024,320100489,NO,NO,NO,NO,NO
2024,320100490,NO,NO,NO,NO,NO
2024,320100491,NO,NO,NO,NO,NO
2024,320100493,NO,NO,NO,NO,NO
2024,320100494,NO,NO,NO,NO,NO
2024,320100495,NO,NO,NO,NO,NO
2024,320100497,NO,NO,NO,NO,NO
2024,320100498,NO,NO,NO,NO,NO
2024,320100499,NO,NO,NO,NO,NO
2024,320100500,NO,NO,NO,NO,NO
2024,320100501,NO,NO,NO,NO,NO
2024,320100502,NO,NO,NO,NO,NO
2024,320100504,NO,NO,NO,NO,NO
2024,320100505,NO,NO,NO,NO,NO
2024,320100506,NO,NO,NO,NO,NO
2024,320100508,NO,NO,NO,NO,NO
2024,320100511,NO,NO,NO,NO,NO
2024,320100515,NO,NO,NO,NO,NO
2024,320100517,NO,NO,NO,NO,NO
2024,320100518,NO,NO,NO,NO,NO
2024,320100519,NO,NO,NO,NO,NO
2024,320100520,NO,NO,NO,NO,NO
2024,320100522,NO,NO,NO,NO,NO
2024,320100527,NO,NO,NO,NO,NO
2024,320100529,NO,NO,NO,NO,NO
2024,320100530,NO,NO,NO,NO,NO
2024,320100531,NO,NO,NO,NO,NO
2024,320100532,NO,NO,NO,NO,NO
2024,320100535,NO,NO,NO,NO,NO
2024,320100539,NO,NO,NO,NO,NO
2024,320100540,NO,NO,NO,NO,NO
2024,320100541,NO,NO,NO,NO,NO
2024,320100542,NO,NO,NO,NO,NO
2024,320100543,NO,NO,NO,NO,NO
2024,320100548,NO,NO,NO,NO,NO
2024,320100550,NO,NO,NO,NO,NO
2024,320100553,NO,NO,NO,NO,NO
2024,320100554,NO,NO,NO,NO,NO
2024,320100556,NO,NO,NO,NO,NO
2024,320100557,NO,NO,NO,NO,NO
2024,320100559,NO,NO,NO,NO,NO
2024,320100562,NO,NO,NO,NO,NO
2024,320100563,NO,NO,NO,NO,NO
2024,320100564,NO,NO,NO,NO,NO
2024,320100565,NO,NO,NO,NO,NO
2024,320100566,NO,NO,NO,NO,NO
2024,320100567,NO,NO,NO,NO,NO
2024,320100569,NO,NO,NO,NO,NO
2024,320100570,NO,NO,NO,NO,NO
2024,320100571,NO,NO,NO,NO,NO
2024,320100572,NO,NO,NO,NO,NO
2024,320100573,NO,NO,NO,NO,NO
2024,320100574,NO,NO,NO,NO,NO
2024,320100575,NO,NO,NO,NO,NO
2024,320100576,NO,NO,NO,NO,NO
2024,320100578,NO,NO,NO,NO,NO
2024,320100579,NO,NO,NO,NO,NO
2024,320100580,NO,NO,NO,NO,NO
2024,320100581,NO,NO,NO,NO,NO
2024,320100584,NO,NO,NO,NO,NO
2024,320100585,NO,NO,NO,NO,NO
2024,320100586,NO,NO,NO,NO,NO
2024,320100587,NO,NO,NO,NO,NO
2024,320100588,NO,NO,NO,NO,NO
2024,320100589,NO,NO,NO,NO,NO
2024,320100591,NO,NO,NO,NO,NO
2024,320100593,NO,NO,NO,NO,NO
2024,320100594,NO,NO,NO,NO,NO
2024,320100596,NO,NO,NO,NO,NO
2024,320100599,NO,NO,NO,NO,NO
2024,320100600,NO,NO,NO,NO,NO
2024,320100602,NO,NO,NO,NO,NO
2024,320100603,NO,NO,NO,NO,NO
2024,320100604,NO,NO,NO,NO,NO
2024,320100605,NO,NO,NO,NO,NO
2024,320100607,NO,NO,NO,NO,NO
2024,320100608,NO,NO,NO,NO,NO
2024,320100609,NO,NO,NO,NO,NO
2024,320100610,NO,NO,NO,NO,NO
2024,320100611,NO,NO,NO,NO,NO
2024,320100613,NO,NO,NO,NO,NO
2024,320100614,NO,NO,NO,NO,NO
2024,320100615,NO,NO,NO,NO,NO
2024,320100616,NO,NO,NO,NO,NO
2024,320100622,NO,NO,NO,NO,NO
2024,320100623,NO,NO,NO,NO,NO
2024,320100626,NO,NO,NO,NO,NO
2024,320100629,NO,NO,NO,NO,NO
2024,320100630,NO,NO,NO,NO,NO
2024,320100631,NO,NO,NO,NO,NO
2024,320100633,NO,NO,NO,NO,NO
2024,320100636,NO,NO,NO,NO,NO
2024,320100638,NO,NO,NO,NO,NO
2024,320100639,NO,NO,NO,NO,NO
2024,320100640,NO,NO,NO,NO,NO
2024,320100641,NO,NO,NO,NO,NO
2024,320100642,NO,NO,NO,NO,NO
2024,320100643,NO,NO,NO,NO,NO
2024,320100648,NO,NO,NO,NO,NO
2024,320100650,NO,NO,NO,NO,NO
2024,320100651,NO,NO,NO,NO,NO
2024,320100652,NO,NO,NO,NO,NO
2024,320100653,NO,NO,NO,NO,NO
2024,320100654,NO,NO,NO,NO,NO
2024,320100655,NO,NO,NO,NO,NO
2024,320100657,NO,NO,NO,NO,NO
2024,320100662,NO,NO,NO,NO,NO
2024,320100663,NO,NO,NO,NO,NO
2024,320100666,NO,NO,NO,NO,NO
2024,320100667,NO,NO,NO,NO,NO
2024,320100668,NO,NO,NO,NO,NO
2024,320100669,NO,NO,NO,NO,NO
2024,320100671,NO,NO,NO,NO,NO
2024,320100672,NO,NO,NO,NO,NO
2024,320100673,NO,NO,NO,NO,NO
2024,320100675,NO,NO,NO,NO,NO
2024,320100676,NO,NO,NO,NO,NO
2024,320100677,NO,NO,NO,NO,NO
2024,320100678,NO,NO,NO,NO,NO
2024,320100679,NO,NO,NO,NO,NO
2024,320100682,NO,NO,NO,NO,NO
2024,320100683,NO,NO,NO,NO,NO
2024,320100684,NO,NO,NO,NO,NO
2024,320100685,NO,NO,NO,NO,NO
2024,320100686,NO,NO,NO,NO,NO
2024,320100687,NO,NO,NO,NO,NO
2024,320100689,NO,NO,NO,NO,NO
2024,320100690,NO,NO,NO,NO,NO
2024,320100691,NO,NO,NO,NO,NO
2024,320100692,NO,NO,NO,NO,NO
2024,320100695,NO,NO,NO,NO,NO
2024,320100698,NO,NO,NO,NO,NO
2024,320100699,NO,NO,NO,NO,NO
2024,320100700,NO,NO,NO,NO,NO
2024,320100701,NO,NO,NO,NO,NO
2024,320100702,NO,NO,NO,NO,NO
2024,320100703,NO,NO,NO,NO,NO
2024,320100704,NO,NO,NO,NO,NO
2024,320100705,NO,NO,NO,NO,NO
2024,320100707,NO,NO,NO,NO,NO
2024,320100708,NO,NO,NO,NO,NO
2024,320100709,NO,NO,NO,NO,NO
2024,320100712,NO,NO,NO,NO,NO
2024,320100714,NO,NO,NO,NO,NO
2024,320100735,NO,NO,NO,NO,NO
2024,320100767,NO,NO,NO,NO,NO
2024,320100768,NO,NO,NO,NO,NO
2024,320100770,NO,NO,NO,NO,NO
2024,320100772,NO,NO,NO,NO,NO
2024,320100773,NO,NO,NO,NO,NO
2024,320100774,NO,NO,NO,NO,NO
2024,320100775,NO,NO,NO,NO,NO
2024,320100776,NO,NO,NO,NO,NO
2024,320100777,NO,NO,NO,NO,NO
2024,320100778,NO,NO,NO,NO,NO
2024,320100779,NO,NO,NO,NO,NO
2024,320100780,NO,NO,NO,NO,NO
2024,320100781,NO,NO,NO,NO,NO
2024,320100782,NO,NO,NO,NO,NO
2024,320100784,NO,NO,NO,NO,NO
2024,320100787,NO,NO,NO,NO,NO
2024,320100790,NO,NO,NO,NO,NO
2024,320100791,NO,NO,NO,NO,NO
2024,320100792,NO,NO,NO,NO,NO
2024,320100793,NO,NO,NO,NO,NO
2024,320100794,NO,NO,NO,NO,NO
2024,320100795,NO,NO,NO,NO,NO
2024,320100799,NO,NO,NO,NO,NO
2024,320100800,NO,NO,NO,NO,NO
2024,320100801,NO,NO,NO,NO,NO
2024,320100805,NO,NO,NO,NO,NO
2024,320100807,NO,NO,NO,NO,NO
2024,320100809,NO,NO,NO,NO,NO
2024,320100810,NO,NO,NO,NO,NO
2024,320100811,NO,NO,NO,NO,NO
2024,320100812,NO,NO,NO,NO,NO
2024,320100813,NO,NO,NO,NO,NO
2024,320100814,NO,NO,NO,NO,NO
2024,320100815,NO,NO,NO,NO,NO
2024,320100816,NO,NO,NO,NO,NO
2024,320100817,NO,NO,NO,NO,NO
2024,320100819,NO,NO,NO,NO,NO
2024,320100820,NO,NO,NO,NO,NO
2024,320100821,NO,NO,NO,NO,NO
2024,320100822,NO,NO,NO,NO,NO
2024,320100823,NO,NO,NO,NO,NO
2024,320100824,NO,NO,NO,NO,NO
2024,320100827,NO,NO,NO,NO,NO
2024,320100828,NO,NO,NO,NO,NO
2024,320100829,NO,NO,NO,NO,NO
2024,320100830,NO,NO,NO,NO,NO
2024,320100832,NO,NO,NO,NO,NO
2024,320100833,NO,NO,NO,NO,NO
2024,320100836,NO,NO,NO,NO,NO
2024,320100837,NO,NO,NO,NO,NO
2024,320100839,NO,NO,NO,NO,NO
2024,320100841,NO,NO,NO,NO,NO
2024,320100842,NO,NO,NO,NO,NO
2024,320100843,NO,NO,NO,NO,NO
2024,320100846,NO,NO,NO,NO,NO
2024,320100848,NO,NO,NO,NO,NO
2024,320100849,NO,NO,NO,NO,NO
2024,320100850,NO,NO,NO,NO,NO
2024,320100851,NO,NO,NO,NO,NO
2024,320100852,NO,NO,NO,NO,NO
2024,320100853,NO,NO,NO,NO,NO
2024,320100854,NO,NO,NO,NO,NO
2024,320100855,NO,NO,NO,NO,NO
2024,320100857,NO,NO,NO,NO,NO
2024,320100863,NO,NO,NO,NO,NO
2024,320100864,NO,NO,NO,NO,NO
2024,320100868,NO,NO,NO,NO,NO
2024,320100869,NO,NO,NO,NO,NO
2024,320100870,NO,NO,NO,NO,NO
2024,320100871,NO,NO,NO,NO,NO
2024,320100872,NO,NO,NO,NO,NO
2024,320100873,NO,NO,NO,NO,NO
2024,320100874,NO,NO,NO,NO,NO
2024,320100877,NO,NO,NO,NO,NO
2024,320100889,NO,NO,NO,NO,NO
2024,320100912,NO,NO,NO,NO,NO
2024,320100913,NO,NO,NO,NO,NO
2024,320100915,NO,NO,NO,NO,NO
2024,320100916,NO,NO,NO,NO,NO
2024,320100917,NO,NO,NO,NO,NO
2024,320100919,NO,NO,NO,NO,NO
2024,320100921,NO,NO,NO,NO,NO
2024,320100922,NO,NO,NO,NO,NO
2024,320100923,NO,NO,NO,NO,NO
2024,320100924,NO,NO,NO,NO,NO
2024,320100925,NO,NO,NO,NO,NO
2024,320100926,NO,NO,NO,NO,NO
2024,320100927,NO,NO,NO,NO,NO
2024,320100929,NO,NO,NO,NO,NO
2024,320100930,NO,NO,NO,NO,NO
2024,320100931,NO,NO,NO,NO,NO
2024,320100932,NO,NO,NO,NO,NO
2024,320100934,NO,NO,NO,NO,NO
2024,320100935,NO,NO,NO,NO,NO
2024,320100936,NO,NO,NO,NO,NO
2024,320100937,NO,NO,NO,NO,NO
2024,320100938,NO,NO,NO,NO,NO
2024,320100939,NO,NO,NO,NO,NO
2024,320100940,NO,NO,NO,NO,NO
2024,320100942,NO,NO,NO,NO,NO
2024,320100943,NO,NO,NO,NO,NO
2024,320100944,NO,NO,NO,NO,NO
2024,320100945,NO,NO,NO,NO,NO
2024,320100947,NO,NO,NO,NO,NO
2024,320100948,NO,NO,NO,NO,NO
2024,320100949,NO,NO,NO,NO,NO
2024,320100950,NO,NO,NO,NO,NO
2024,320100951,NO,NO,NO,NO,NO
2024,320100952,NO,NO,NO,NO,NO
2024,320100953,NO,NO,NO,NO,NO
2024,320100954,NO,NO,NO,NO,NO
2024,320100955,NO,NO,NO,NO,NO
2024,320100956,NO,NO,NO,NO,NO
2024,320100957,NO,NO,NO,NO,NO
2024,320100959,NO,NO,NO,NO,NO
2024,320100961,NO,NO,NO,NO,NO
2024,320100962,NO,NO,NO,NO,NO
2024,320100963,NO,NO,NO,NO,NO
2024,320100964,NO,NO,NO,NO,NO
2024,320100965,NO,NO,NO,NO,NO
2024,320100966,NO,NO,NO,NO,NO
2024,320100967,NO,NO,NO,NO,NO
2024,320100968,NO,NO,NO,NO,NO
2024,320100969,NO,NO,NO,NO,NO
2024,320100970,NO,NO,NO,NO,NO
2024,320100971,NO,NO,NO,NO,NO
2024,320100972,NO,NO,NO,NO,NO
2024,320100973,NO,NO,NO,NO,NO
2024,320100974,NO,NO,NO,NO,NO
2024,320100975,NO,NO,NO,NO,NO
2024,320100976,NO,NO,NO,NO,NO
2024,320100977,NO,NO,NO,NO,NO
2024,320100979,NO,NO,NO,NO,NO
2024,320100980,NO,NO,NO,NO,NO
2024,320100981,NO,NO,NO,NO,NO
2024,320100982,NO,NO,NO,NO,NO
2024,320100983,NO,NO,NO,NO,NO
2024,320100984,NO,NO,NO,NO,NO
2024,320100985,NO,NO,NO,NO,NO
2024,320100986,NO,NO,NO,NO,NO
2024,320100987,NO,NO,NO,NO,NO
2024,320100988,NO,NO,NO,NO,NO
2024,320100989,NO,NO,NO,NO,NO
2024,320100990,NO,NO,NO,NO,NO
2024,320100991,NO,NO,NO,NO,NO
2024,320100992,NO,NO,NO,NO,NO
2024,320100993,NO,NO,NO,NO,NO
2024,320100994,NO,NO,NO,NO,NO
2024,320100995,NO,NO,NO,NO,NO
2024,320100996,NO,NO,NO,NO,NO
2024,320100997,NO,NO,NO,NO,NO
2024,320100999,NO,NO,NO,NO,NO
2024,320101000,NO,NO,NO,NO,NO
2024,320101001,NO,NO,NO,NO,NO
2024,320101002,NO,NO,NO,NO,NO
2024,320101003,NO,NO,NO,NO,NO
2024,320101004,NO,NO,NO,NO,NO
2024,320101005,NO,NO,NO,NO,NO
2024,320101006,NO,NO,NO,NO,NO
2024,320101007,NO,NO,NO,NO,NO
2024,320101008,NO,NO,NO,NO,NO
2024,320101009,NO,NO,NO,NO,NO
2024,320101010,NO,NO,NO,NO,NO
2024,320101011,NO,NO,NO,NO,NO
2024,320101012,NO,NO,NO,NO,NO
2024,320101013,NO,NO,NO,NO,NO
2024,320101014,NO,NO,NO,NO,NO
2024,320101015,NO,NO,NO,NO,NO
2024,320101016,NO,NO,NO,NO,NO
2024,320101017,NO,NO,NO,NO,NO
2024,320101018,NO,NO,NO,NO,NO
2024,320101019,NO,NO,NO,NO,NO
2024,320101020,NO,NO,NO,NO,NO
2024,320101023,NO,NO,NO,NO,NO
2024,320101024,NO,NO,NO,NO,NO
2024,320101026,NO,NO,NO,NO,NO
2024,320101028,NO,NO,NO,NO,NO
2024,320101029,NO,NO,NO,NO,NO
2024,320101030,NO,NO,NO,NO,NO
2024,320101031,NO,NO,NO,NO,NO
2024,320101033,NO,NO,NO,NO,NO
2024,320101034,NO,NO,NO,NO,NO
2024,320101035,NO,NO,NO,NO,NO
2024,320101036,NO,NO,NO,NO,NO
2024,320101037,NO,NO,NO,NO,NO
2024,320101038,NO,NO,NO,NO,NO
2024,320101039,NO,NO,NO,NO,NO
2024,320101040,NO,NO,NO,NO,NO
2024,320101042,NO,NO,NO,NO,NO
2024,320101043,NO,NO,NO,NO,NO
2024,320101044,NO,NO,NO,NO,NO
2024,320101045,NO,NO,NO,NO,NO
2024,320101046,NO,NO,NO,NO,NO
2024,320101047,NO,NO,NO,NO,NO
2024,320101048,NO,NO,NO,NO,NO
2024,320101049,NO,NO,NO,NO,NO
2024,320101050,NO,NO,NO,NO,NO
2024,320101051,NO,NO,NO,NO,NO
2024,320101053,NO,NO,NO,NO,NO
2024,320101054,NO,NO,NO,NO,NO
2024,320101055,NO,NO,NO,NO,NO
2024,320101056,NO,NO,NO,NO,NO
2024,320101057,NO,NO,NO,NO,NO
2024,320101058,NO,NO,NO,NO,NO
2024,320101059,NO,NO,NO,NO,NO
2024,320101060,NO,NO,NO,NO,NO
2024,320101061,NO,NO,NO,NO,NO
2024,320101062,NO,NO,NO,NO,NO
2024,320101063,NO,NO,NO,NO,NO
2024,320101064,NO,NO,NO,NO,NO
2024,320101065,NO,NO,NO,NO,NO
2024,320101066,NO,NO,NO,NO,NO
2024,320101067,NO,NO,NO,NO,NO
2024,320101068,NO,NO,NO,NO,NO
2024,320101069,NO,NO,NO,NO,NO
2024,320101070,NO,NO,NO,NO,NO
2024,320101071,NO,NO,NO,NO,NO
2024,320101072,NO,NO,NO,NO,NO
2024,320101073,NO,NO,NO,NO,NO
2024,320101074,NO,NO,NO,NO,NO
2024,320101075,NO,NO,NO,NO,NO
2024,320101076,NO,NO,NO,NO,NO
2024,320101077,NO,NO,NO,NO,NO
2024,320101078,NO,NO,NO,NO,NO
2024,320101079,NO,NO,NO,NO,NO
2024,320101080,NO,NO,NO,NO,NO
2024,320101081,NO,NO,NO,NO,NO
2024,320101082,NO,NO,NO,NO,NO
2024,320101084,NO,NO,NO,NO,NO
2024,320101087,NO,NO,NO,NO,NO
2024,320101090,NO,NO,NO,NO,NO
2024,320101091,NO,NO,NO,NO,NO
2024,320101092,NO,NO,NO,NO,NO
2024,320101093,NO,NO,NO,NO,NO
2024,320101094,NO,NO,NO,NO,NO
2024,320101095,NO,NO,NO,NO,NO
2024,320101096,NO,NO,NO,NO,NO
2024,320101098,NO,NO,NO,NO,NO
2024,320101099,NO,NO,NO,NO,NO
2024,320101100,NO,NO,NO,NO,NO
2024,320101101,NO,NO,NO,NO,NO
2024,320101102,NO,NO,NO,NO,NO
2024,320101103,NO,NO,NO,NO,NO
2024,320101104,NO,NO,NO,NO,NO
2024,320101105,NO,NO,NO,NO,NO
2024,320101106,NO,NO,NO,NO,NO
2024,320101107,NO,NO,NO,NO,NO
2024,320101108,NO,NO,NO,NO,NO
2024,320101109,NO,NO,NO,NO,NO
2024,320101110,NO,NO,NO,NO,NO
2024,320101111,NO,NO,NO,NO,NO
2024,320101113,NO,NO,NO,NO,NO
2024,320101114,NO,NO,NO,NO,NO
2024,320101115,NO,NO,NO,NO,NO
2024,320101116,NO,NO,NO,NO,NO
2024,320101118,NO,NO,NO,NO,NO
2024,320101120,NO,NO,NO,NO,NO
2024,320101121,NO,NO,NO,NO,NO
2024,320101122,NO,NO,NO,NO,NO
2024,320101123,NO,NO,NO,NO,NO
2024,320101124,NO,NO,NO,NO,NO
2024,320101125,NO,NO,NO,NO,NO
2024,320101126,NO,NO,NO,NO,NO
2024,320101127,NO,NO,NO,NO,NO
2024,320101128,NO,NO,NO,NO,NO
2024,320101129,NO,NO,NO,NO,NO
2024,320101130,NO,NO,NO,NO,NO
2024,320101131,NO,NO,NO,NO,NO
2024,320101132,NO,NO,NO,NO,NO
2024,320101133,NO,NO,NO,NO,NO
2024,320101135,NO,NO,NO,NO,NO
2024,320101136,NO,NO,NO,NO,NO
2024,320101137,NO,NO,NO,NO,NO
2024,320101138,NO,NO,NO,NO,NO
2024,320101139,NO,NO,NO,NO,NO
2024,320101142,NO,NO,NO,NO,NO
2024,320101145,NO,NO,NO,NO,NO
2024,320101146,NO,NO,NO,NO,NO
2024,320101147,NO,NO,NO,NO,NO
2024,320101148,NO,NO,NO,NO,NO
2024,320101149,NO,NO,NO,NO,NO
2024,320101150,NO,NO,NO,NO,NO
2024,320101151,NO,NO,NO,NO,NO
2024,320101152,NO,NO,NO,NO,NO
2024,320101155,NO,NO,NO,NO,NO
2024,320101158,NO,NO,NO,NO,NO
2024,320101160,NO,NO,NO,NO,NO
2024,320101161,NO,NO,NO,NO,NO
2024,320101162,NO,NO,NO,NO,NO
2024,320101163,NO,NO,NO,NO,NO
2024,320101164,NO,NO,NO,NO,NO
2024,320101165,NO,NO,NO,NO,NO
2024,320101167,NO,NO,NO,NO,NO
2024,320101168,NO,NO,NO,NO,NO
2024,320101169,NO,NO,NO,NO,NO
2024,320101170,NO,NO,NO,NO,NO
2024,320101171,NO,NO,NO,NO,NO
2024,320101172,NO,NO,NO,NO,NO
2024,320101173,NO,NO,NO,NO,NO
2024,320101174,NO,NO,NO,NO,NO
2024,320101175,NO,NO,NO,NO,NO
2024,320101176,NO,NO,NO,NO,NO
2024,320101177,NO,NO,NO,NO,NO
2024,320101178,NO,NO,NO,NO,NO
2024,320101179,NO,NO,NO,NO,NO
2024,320101180,NO,NO,NO,NO,NO
2024,320101181,NO,NO,NO,NO,NO
2024,320101182,NO,NO,NO,NO,NO
2024,320101183,NO,NO,NO,NO,NO
2024,320101184,NO,NO,NO,NO,NO
2024,320101185,NO,NO,NO,NO,NO
2024,320101186,NO,NO,NO,NO,NO
2024,320101187,NO,NO,NO,NO,NO
2024,320101188,NO,NO,NO,NO,NO
2024,320101189,NO,NO,NO,NO,NO
2024,320101190,NO,NO,NO,NO,NO
2024,320101191,NO,NO,NO,NO,NO
2024,320101192,NO,NO,NO,NO,NO
2024,320101194,NO,NO,NO,NO,NO
2024,320101195,NO,NO,NO,NO,NO
2024,320101196,NO,NO,NO,NO,NO
2024,320101197,NO,NO,NO,NO,NO
2024,320101198,NO,NO,NO,NO,NO
2024,320101199,NO,NO,NO,NO,NO
2024,320101200,NO,NO,NO,NO,NO
2024,320101201,NO,NO,NO,NO,NO
2024,320101202,NO,NO,NO,NO,NO
2024,320101203,NO,NO,NO,NO,NO
2024,320101204,NO,NO,NO,NO,NO
2024,320101205,NO,NO,NO,NO,NO
2024,320101206,NO,NO,NO,NO,NO
2024,320101207,NO,NO,NO,NO,NO
2024,320101208,NO,NO,NO,NO,NO
2024,320101209,NO,NO,NO,NO,NO
2024,320101210,NO,NO,NO,NO,NO
2024,320101211,NO,NO,NO,NO,NO
2024,320101212,NO,NO,NO,NO,NO
2024,320101213,NO,NO,NO,NO,NO
2024,320101214,NO,NO,NO,NO,NO
2024,320101215,NO,NO,NO,NO,NO
2024,320101216,NO,NO,NO,NO,NO
2024,320101217,NO,NO,NO,NO,NO
2024,320101218,NO,NO,NO,NO,NO
2024,320101219,NO,NO,NO,NO,NO
2024,320101220,NO,NO,NO,NO,NO
2024,320101221,NO,NO,NO,NO,NO
2024,320101222,NO,NO,NO,NO,NO
2024,320101223,NO,NO,NO,NO,NO
2024,320101224,NO,NO,NO,NO,NO
2024,320101225,NO,NO,NO,NO,NO
2024,320101226,NO,NO,NO,NO,NO
2024,320101227,NO,NO,NO,NO,NO
2024,320101228,NO,NO,NO,NO,NO
2024,320101229,NO,NO,NO,NO,NO
2024,320101230,NO,NO,NO,NO,NO
2024,320101231,NO,NO,NO,NO,NO
2024,320101232,NO,NO,NO,NO,NO
2024,320101233,NO,NO,NO,NO,NO
2024,320101234,NO,NO,NO,NO,NO
2024,320101235,NO,NO,NO,NO,NO
2024,320101236,NO,NO,NO,NO,NO
2024,320101237,NO,NO,NO,NO,NO
2024,320101238,NO,NO,NO,NO,NO
2024,320101239,NO,NO,NO,NO,NO
2024,320101240,NO,NO,NO,NO,NO
2024,320101241,NO,NO,NO,NO,NO
2024,320101242,NO,NO,NO,NO,NO
2024,320101243,NO,NO,NO,NO,NO
2024,320101244,NO,NO,NO,NO,NO
2024,320101245,NO,NO,NO,NO,NO
2024,320101246,NO,NO,NO,NO,NO
2024,320101247,NO,NO,NO,NO,NO
2024,320101248,NO,NO,NO,NO,NO
2024,320101249,NO,NO,NO,NO,NO
2024,320101250,NO,NO,NO,NO,NO
2024,320101251,NO,NO,NO,NO,NO
2024,320101252,NO,NO,NO,NO,NO
2024,320101253,NO,NO,NO,NO,NO
2024,320101254,NO,NO,NO,NO,NO
2024,320101255,NO,NO,NO,NO,NO
2024,320101256,NO,NO,NO,NO,NO
2024,320101257,NO,NO,NO,NO,NO
2024,320101258,NO,NO,NO,NO,NO
2024,320101259,NO,NO,NO,NO,NO
2024,320101260,NO,NO,NO,NO,NO
2024,320101261,NO,NO,NO,NO,NO
2024,320101262,NO,NO,NO,NO,NO
2024,320101263,NO,NO,NO,NO,NO
2024,320101264,NO,NO,NO,NO,NO
2024,320101265,NO,NO,NO,NO,NO
2024,320101266,NO,NO,NO,NO,NO
2024,320101267,NO,NO,NO,NO,NO
2024,320101268,NO,NO,NO,NO,NO
2024,320101269,NO,NO,NO,NO,NO
2024,320101270,NO,NO,NO,NO,NO
2024,320101271,NO,NO,NO,NO,NO
2024,320101272,NO,NO,NO,NO,NO
2024,320101273,NO,NO,NO,NO,NO
2024,320101274,NO,NO,NO,NO,NO
2024,320101275,NO,NO,NO,NO,NO
2024,320101276,NO,NO,NO,NO,NO
2024,320101277,NO,NO,NO,NO,NO
2024,320101278,NO,NO,NO,NO,NO
2024,320101279,NO,NO,NO,NO,NO
2024,320101280,NO,NO,NO,NO,NO
2024,320101281,NO,NO,NO,NO,NO
2024,320101282,NO,NO,NO,NO,NO
2024,320101283,NO,NO,NO,NO,NO
2024,320101284,NO,NO,NO,NO,NO
2024,320101285,NO,NO,NO,NO,NO
2024,320101286,NO,NO,NO,NO,NO
2024,320101287,NO,NO,NO,NO,NO
2024,320101288,NO,NO,NO,NO,NO
2024,320101289,NO,NO,NO,NO,NO
2024,320101290,NO,NO,NO,NO,NO
2024,320101291,NO,NO,NO,NO,NO
2024,320101292,NO,NO,NO,NO,NO
2024,320101293,NO,NO,NO,NO,NO
2024,320101294,NO,NO,NO,NO,NO
2024,320101295,NO,NO,NO,NO,NO
2024,320101296,NO,NO,NO,NO,NO
2024,320101297,NO,NO,NO,NO,NO
2024,320101298,NO,NO,NO,NO,NO
2024,320101299,NO,NO,NO,NO,NO
2024,320101300,NO,NO,NO,NO,NO
2024,320101301,NO,NO,NO,NO,NO
2024,320101302,NO,NO,NO,NO,NO
2024,320101303,NO,NO,NO,NO,NO
2024,320101304,NO,NO,NO,NO,NO
2024,320101305,NO,NO,NO,NO,NO
2024,320120001,NO,NO,NO,NO,NO
2024,320120004,NO,NO,NO,NO,NO
2024,320120006,NO,NO,NO,NO,NO
2024,320120007,NO,NO,NO,NO,NO
2024,320120008,NO,NO,NO,NO,NO
2024,320120009,NO,NO,NO,NO,NO
2024,320120010,NO,NO,NO,NO,NO
2024,320120011,NO,NO,NO,NO,NO
2024,320120012,NO,NO,NO,NO,NO
2024,320120013,NO,NO,NO,NO,NO
2024,320120014,NO,NO,NO,NO,NO
2024,320120015,NO,NO,NO,NO,NO
2024,320120019,NO,NO,NO,NO,NO
2024,320120020,NO,NO,NO,NO,NO
2024,320120021,NO,NO,NO,NO,NO
2024,320120022,NO,NO,NO,NO,NO
2024,320120023,NO,NO,NO,NO,NO
2024,320120024,NO,NO,NO,NO,NO
2024,320120026,NO,NO,NO,NO,NO
2024,320120027,NO,NO,NO,NO,NO
2024,320120029,NO,NO,NO,NO,NO
2024,320120030,NO,NO,NO,NO,NO
2024,320120032,NO,NO,NO,NO,NO
2024,320120033,NO,NO,NO,NO,NO
2024,320120034,NO,NO,NO,NO,NO
2024,320120035,NO,NO,NO,NO,NO
2024,320120036,NO,NO,NO,NO,NO
2024,320120037,NO,NO,NO,NO,NO
2024,320120038,NO,NO,NO,NO,NO
2024,320120039,NO,NO,NO,NO,NO
2024,320120041,NO,NO,NO,NO,NO
2024,320120042,NO,NO,NO,NO,NO
2024,320120043,NO,NO,NO,NO,NO
2024,320120044,NO,NO,NO,NO,NO
2024,320120047,NO,NO,NO,NO,NO
2024,320120048,NO,NO,NO,NO,NO
2024,320120050,NO,NO,NO,NO,NO
2024,320120051,NO,NO,NO,NO,NO
2024,320120058,NO,NO,NO,NO,NO
2024,320120061,NO,NO,NO,NO,NO
2024,320120062,NO,NO,NO,NO,NO
2024,320120063,NO,NO,NO,NO,NO
2024,320120066,NO,NO,NO,NO,NO
2024,320120069,NO,NO,NO,NO,NO
2024,320120071,NO,NO,NO,NO,NO
2024,320120075,NO,NO,NO,NO,NO
2024,320120076,NO,NO,NO,NO,NO
2024,320120077,NO,NO,NO,NO,NO
2024,320120078,NO,NO,NO,NO,NO
2024,320120080,NO,NO,NO,NO,NO
2024,320120081,NO,NO,NO,NO,NO
2024,320120083,NO,NO,NO,NO,NO
2024,320120084,NO,NO,NO,NO,NO
2024,320120085,NO,NO,NO,NO,NO
2024,320120090,NO,NO,NO,NO,NO
2024,320120091,NO,NO,NO,NO,NO
2024,320120092,NO,NO,NO,NO,NO
2024,320120093,NO,NO,NO,NO,NO
2024,320120094,NO,NO,NO,NO,NO
2024,320120095,NO,NO,NO,NO,NO
2024,320120096,NO,NO,NO,NO,NO
2024,320120097,NO,NO,NO,NO,NO
2024,320120098,NO,NO,NO,NO,NO
2024,320120100,NO,NO,NO,NO,NO
2024,320120102,NO,NO,NO,NO,NO
2024,320120103,NO,NO,NO,NO,NO
2024,320120104,NO,NO,NO,NO,NO
2024,320120105,NO,NO,NO,NO,NO
2024,320120106,NO,NO,NO,NO,NO
2024,320120107,NO,NO,NO,NO,NO
2024,320120108,NO,NO,NO,NO,NO
2024,320120109,NO,NO,NO,NO,NO
2024,320120110,NO,NO,NO,NO,NO
2024,320120111,NO,NO,NO,NO,NO
2024,320120112,NO,NO,NO,NO,NO
2024,320120113,NO,NO,NO,NO,NO
2024,320120114,NO,NO,NO,NO,NO
2024,320120115,NO,NO,NO,NO,NO
2024,320130001,NO,NO,NO,NO,NO
2024,320130002,NO,NO,NO,NO,NO
2024,320130004,NO,NO,NO,NO,NO
2024,320130005,NO,NO,NO,NO,NO
2024,320130006,NO,NO,NO,NO,NO
2024,320130007,NO,NO,NO,NO,NO
2024,320130009,NO,NO,NO,NO,NO
2024,320130012,NO,NO,NO,NO,NO
2024,320130013,NO,NO,NO,NO,NO
2024,320130014,NO,NO,NO,NO,NO
2024,320130016,NO,NO,NO,NO,NO
2024,320130017,NO,NO,NO,NO,NO
2024,320130018,NO,NO,NO,NO,NO
2024,320130019,NO,NO,NO,NO,NO
2024,320130020,NO,NO,NO,NO,NO
2024,320130024,NO,NO,NO,NO,NO
2024,320130025,NO,NO,NO,NO,NO
2024,320130026,NO,NO,NO,NO,NO
2024,320130028,NO,NO,NO,NO,NO
2024,320130029,NO,NO,NO,NO,NO
2024,320130030,NO,NO,NO,NO,NO
2024,320130033,NO,NO,NO,NO,NO
2024,320130036,NO,NO,NO,NO,NO
2024,320130039,NO,NO,NO,NO,NO
2024,320130040,NO,NO,NO,NO,NO
2024,320130041,NO,NO,NO,NO,NO
2024,320130044,NO,NO,NO,NO,NO
2024,320130047,NO,NO,NO,NO,NO
2024,320130048,NO,NO,NO,NO,NO
2024,320130049,NO,NO,NO,NO,NO
2024,320130056,NO,NO,NO,NO,NO
2024,320130060,NO,NO,NO,NO,NO
2024,320130065,NO,NO,NO,NO,NO
2024,320130082,NO,NO,NO,NO,NO
2024,320130083,NO,NO,NO,NO,NO
2024,320130084,NO,NO,NO,NO,NO
2024,320130085,NO,NO,NO,NO,NO
2024,320130086,NO,NO,NO,NO,NO
2024,320130087,NO,NO,NO,NO,NO
2024,320130088,NO,NO,NO,NO,NO
2024,320130089,NO,NO,NO,NO,NO
2024,320130090,NO,NO,NO,NO,NO
2024,320130091,NO,NO,NO,NO,NO
2024,320130092,NO,NO,NO,NO,NO
2024,320130093,NO,NO,NO,NO,NO
2024,320130094,NO,NO,NO,NO,NO
2024,320130095,NO,NO,NO,NO,NO
2024,320130096,NO,NO,NO,NO,NO
2024,320130097,NO,NO,NO,NO,NO
2024,320130098,NO,NO,NO,NO,NO
2024,320130099,NO,NO,NO,NO,NO
2024,320130100,NO,NO,NO,NO,NO
2024,320130101,NO,NO,NO,NO,NO
2024,320130102,NO,NO,NO,NO,NO
2024,320130103,NO,NO,NO,NO,NO
2024,320130104,NO,NO,NO,NO,NO
2024,320130105,NO,NO,NO,NO,NO
2024,320130106,NO,NO,NO,NO,NO
2024,320130107,NO,NO,NO,NO,NO
2024,320130108,NO,NO,NO,NO,NO
2024,320130109,NO,NO,NO,NO,NO
2024,320130110,NO,NO,NO,NO,NO
2024,320130111,NO,NO,NO,NO,NO
2024,320130112,NO,NO,NO,NO,NO
2024,320130113,NO,NO,NO,NO,NO
2024,320130114,NO,NO,NO,NO,NO
2024,320130115,NO,NO,NO,NO,NO
2024,320130116,NO,NO,NO,NO,NO
2024,320130117,NO,NO,NO,NO,NO
2024,320130118,NO,NO,NO,NO,NO
2024,320130119,NO,NO,NO,NO,NO
2024,320130120,NO,NO,NO,NO,NO
2024,320130121,NO,NO,NO,NO,NO
2024,320130122,NO,NO,NO,NO,NO
2024,320130123,NO,NO,NO,NO,NO
2024,320130124,NO,NO,NO,NO,NO
2024,320130125,NO,NO,NO,NO,NO
2024,320130126,NO,NO,NO,NO,NO
2024,320130127,NO,NO,NO,NO,NO
2024,320130128,NO,NO,NO,NO,NO
2024,320130129,NO,NO,NO,NO,NO
2024,320130130,NO,NO,NO,NO,NO
2024,320130131,NO,NO,NO,NO,NO
2024,320130132,NO,NO,NO,NO,NO
2024,320140001,NO,NO,NO,NO,NO
2024,320140003,NO,NO,NO,NO,NO
2024,320140004,NO,NO,NO,NO,NO
2024,320140005,NO,NO,NO,NO,NO
2024,320140006,NO,NO,NO,NO,NO
2024,320140007,NO,NO,NO,NO,NO
2024,320140008,NO,NO,NO,NO,NO
2024,320140009,NO,NO,NO,NO,NO
2024,320140010,NO,NO,NO,NO,NO
2024,320140011,NO,NO,NO,NO,NO
2024,320140012,NO,NO,NO,NO,NO
2024,320140013,NO,NO,NO,NO,NO
2024,320140015,NO,NO,NO,NO,NO
2024,320140016,NO,NO,NO,NO,NO
2024,320140018,NO,NO,NO,NO,NO
2024,320140019,NO,NO,NO,NO,NO
2024,320140020,NO,NO,NO,NO,NO
2024,320140021,NO,NO,NO,NO,NO
2024,320140022,NO,NO,NO,NO,NO
2024,320140023,NO,NO,NO,NO,NO
2024,320140024,NO,NO,NO,NO,NO
2024,320140026,NO,NO,NO,NO,NO
2024,320140027,NO,NO,NO,NO,NO
2024,320140028,NO,NO,NO,NO,NO
2024,320140029,NO,NO,NO,NO,NO
2024,320140030,NO,NO,NO,NO,NO
2024,320140031,NO,NO,NO,NO,NO
2024,320140032,NO,NO,NO,NO,NO
2024,320140033,NO,NO,NO,NO,NO
2024,320140034,NO,NO,NO,NO,NO
2024,320140035,NO,NO,NO,NO,NO
2024,320140036,NO,NO,NO,NO,NO
2024,320140037,NO,NO,NO,NO,NO
2024,320140038,NO,NO,NO,NO,NO
2024,320140039,NO,NO,NO,NO,NO
2024,320140041,NO,NO,NO,NO,NO
2024,320140042,NO,NO,NO,NO,NO
2024,320140043,NO,NO,NO,NO,NO
2024,320140044,NO,NO,NO,NO,NO
2024,320140045,NO,NO,NO,NO,NO
2024,320140046,NO,NO,NO,NO,NO
2024,320140048,NO,NO,NO,NO,NO
2024,320140049,NO,NO,NO,NO,NO
2024,320140050,NO,NO,NO,NO,NO
2024,320140051,NO,NO,NO,NO,NO
2024,320140052,NO,NO,NO,NO,NO
2024,320140053,NO,NO,NO,NO,NO
2024,320140054,NO,NO,NO,NO,NO
2024,320140055,NO,NO,NO,NO,NO
2024,320140056,NO,NO,NO,NO,NO
2024,320140057,NO,NO,NO,NO,NO
2024,320140059,NO,NO,NO,NO,NO
2024,320140060,NO,NO,NO,NO,NO
2024,320140067,NO,NO,NO,NO,NO
2024,320140069,NO,NO,NO,NO,NO
2024,320140070,NO,NO,NO,NO,NO
2024,320140071,NO,NO,NO,NO,NO
2024,320140073,NO,NO,NO,NO,NO
2024,320140074,NO,NO,NO,NO,NO
2024,320140075,NO,NO,NO,NO,NO
2024,320140076,NO,NO,NO,NO,NO
2024,320140077,NO,NO,NO,NO,NO
2024,320140079,NO,NO,NO,NO,NO
2024,320140080,NO,NO,NO,NO,NO
2024,320140081,NO,NO,NO,NO,NO
2024,320140082,NO,NO,NO,NO,NO
2024,320140083,NO,NO,NO,NO,NO
2024,320140084,NO,NO,NO,NO,NO
2024,320140086,NO,NO,NO,NO,NO
2024,320140087,NO,NO,NO,NO,NO
2024,320140088,NO,NO,NO,NO,NO
2024,320140089,NO,NO,NO,NO,NO
2024,320140090,NO,NO,NO,NO,NO
2024,320140093,NO,NO,NO,NO,NO
2024,320140095,NO,NO,NO,NO,NO
2024,320140102,NO,NO,NO,NO,NO
2024,320140104,NO,NO,NO,NO,NO
2024,320140106,NO,NO,NO,NO,NO
2024,320140107,NO,NO,NO,NO,NO
2024,320140108,NO,NO,NO,NO,NO
2024,320140109,NO,NO,NO,NO,NO
2024,320140113,NO,NO,NO,NO,NO
2024,320140117,NO,NO,NO,NO,NO
2024,320140118,NO,NO,NO,NO,NO
2024,320140119,NO,NO,NO,NO,NO
2024,320140120,NO,NO,NO,NO,NO
2024,320140121,NO,NO,NO,NO,NO
2024,320140122,NO,NO,NO,NO,NO
2024,320140125,NO,NO,NO,NO,NO
2024,320140131,NO,NO,NO,NO,NO
2024,320140134,NO,NO,NO,NO,NO
2024,320140135,NO,NO,NO,NO,NO
2024,320140136,NO,NO,NO,NO,NO
2024,320140137,NO,NO,NO,NO,NO
2024,320140138,NO,NO,NO,NO,NO
2024,320140140,NO,NO,NO,NO,NO
2024,320140141,NO,NO,NO,NO,NO
2024,320140143,NO,NO,NO,NO,NO
2024,320140146,NO,NO,NO,NO,NO
2024,320140150,NO,NO,NO,NO,NO
2024,320140151,NO,NO,NO,NO,NO
2024,320140152,NO,NO,NO,NO,NO
2024,320140153,NO,NO,NO,NO,NO
2024,320140155,NO,NO,NO,NO,NO
2024,320140157,NO,NO,NO,NO,NO
2024,320140158,NO,NO,NO,NO,NO
2024,320140159,NO,NO,NO,NO,NO
2024,320140160,NO,NO,NO,NO,NO
2024,320140161,NO,NO,NO,NO,NO
2024,320140162,NO,NO,NO,NO,NO
2024,320140163,NO,NO,NO,NO,NO
2024,320140164,NO,NO,NO,NO,NO
2024,320140165,NO,NO,NO,NO,NO
2024,320140166,NO,NO,NO,NO,NO
2024,320140167,NO,NO,NO,NO,NO
2024,320140168,NO,NO,NO,NO,NO
2024,320140169,NO,NO,NO,NO,NO
2024,320140170,NO,NO,NO,NO,NO
2024,320140171,NO,NO,NO,NO,NO
2024,320140172,NO,NO,NO,NO,NO
2024,320140173,NO,NO,NO,NO,NO
2024,320140174,NO,NO,NO,NO,NO
2024,320140175,NO,NO,NO,NO,NO
2024,320140176,NO,NO,NO,NO,NO
2024,320140177,NO,NO,NO,NO,NO
2024,320140178,NO,NO,NO,NO,NO
2024,320140179,NO,NO,NO,NO,NO
2024,320140180,NO,NO,NO,NO,NO
2024,320140181,NO,NO,NO,NO,NO
2024,320140182,NO,NO,NO,NO,NO
2024,320140183,NO,NO,NO,NO,NO
2024,320140184,NO,NO,NO,NO,NO
2024,320140185,NO,NO,NO,NO,NO
2024,320140186,NO,NO,NO,NO,NO
2024,320140187,NO,NO,NO,NO,NO
2024,320140188,NO,NO,NO,NO,NO
2024,320140189,NO,NO,NO,NO,NO
2024,320140190,NO,NO,NO,NO,NO
2024,320140191,NO,NO,NO,NO,NO
2024,320140192,NO,NO,NO,NO,NO
2024,320140193,NO,NO,NO,NO,NO
2024,320160001,NO,NO,NO,NO,NO
2024,320160005,NO,NO,NO,NO,NO
2024,320160006,NO,NO,NO,NO,NO
2024,320160007,NO,NO,NO,NO,NO
2024,320160008,NO,NO,NO,NO,NO
2024,320160009,NO,NO,NO,NO,NO
2024,320160011,NO,NO,NO,NO,NO
2024,320160013,NO,NO,NO,NO,NO
2024,320160014,NO,NO,NO,NO,NO
2024,320160016,NO,NO,NO,NO,NO
2024,320160017,NO,NO,NO,NO,NO
2024,320160020,NO,NO,NO,NO,NO
2024,320160021,NO,NO,NO,NO,NO
2024,320160022,NO,NO,NO,NO,NO
2024,320160023,NO,NO,NO,NO,NO
2024,320160025,NO,NO,NO,NO,NO
2024,320160027,NO,NO,NO,NO,NO
2024,320160028,NO,NO,NO,NO,NO
2024,320160029,NO,NO,NO,NO,NO
2024,320160030,NO,NO,NO,NO,NO
2024,320160031,NO,NO,NO,NO,NO
2024,320160032,NO,NO,NO,NO,NO
2024,320160033,NO,NO,NO,NO,NO
2024,320160034,NO,NO,NO,NO,NO
2024,320160036,NO,NO,NO,NO,NO
2024,320160037,NO,NO,NO,NO,NO
2024,320160038,NO,NO,NO,NO,NO
2024,320160041,NO,NO,NO,NO,NO
2024,320160045,NO,NO,NO,NO,NO
2024,320160051,NO,NO,NO,NO,NO
2024,320160057,NO,NO,NO,NO,NO
2024,320160058,NO,NO,NO,NO,NO
2024,320160059,NO,NO,NO,NO,NO
2024,320160061,NO,NO,NO,NO,NO
2024,320160062,NO,NO,NO,NO,NO
2024,320160064,NO,NO,NO,NO,NO
2024,320160066,NO,NO,NO,NO,NO
2024,320160067,NO,NO,NO,NO,NO
2024,320160068,NO,NO,NO,NO,NO
2024,320160069,NO,NO,NO,NO,NO
2024,320160071,NO,NO,NO,NO,NO
2024,320160077,NO,NO,NO,NO,NO
2024,320160078,NO,NO,NO,NO,NO
2024,320160079,NO,NO,NO,NO,NO
2024,320160080,NO,NO,NO,NO,NO
2024,320160081,NO,NO,NO,NO,NO
2024,320160082,NO,NO,NO,NO,NO
2024,320160083,NO,NO,NO,NO,NO
2024,320160084,NO,NO,NO,NO,NO
2024,320160085,NO,NO,NO,NO,NO
2024,320160086,NO,NO,NO,NO,NO
2024,320160087,NO,NO,NO,NO,NO
2024,320160088,NO,NO,NO,NO,NO
2024,320160089,NO,NO,NO,NO,NO
2024,320160090,NO,NO,NO,NO,NO
2024,320160091,NO,NO,NO,NO,NO
2024,320160092,NO,NO,NO,NO,NO
2024,320160093,NO,NO,NO,NO,NO
2024,320160094,NO,NO,NO,NO,NO
2024,320160098,NO,NO,NO,NO,NO
2024,320160099,NO,NO,NO,NO,NO
2024,320160100,NO,NO,NO,NO,NO
2024,320160101,NO,NO,NO,NO,NO
2024,320160102,NO,NO,NO,NO,NO
2024,320160103,NO,NO,NO,NO,NO
2024,320160104,NO,NO,NO,NO,NO
2024,320160105,NO,NO,NO,NO,NO
2024,320160106,NO,NO,NO,NO,NO
2024,320160107,NO,NO,NO,NO,NO
2024,320160108,NO,NO,NO,NO,NO
2024,320160109,NO,NO,NO,NO,NO
2024,320160110,NO,NO,NO,NO,NO
2024,320160111,NO,NO,NO,NO,NO
2024,320160112,NO,NO,NO,NO,NO
2024,320160113,NO,NO,NO,NO,NO
2024,320160114,NO,NO,NO,NO,NO
2024,320160115,NO,NO,NO,NO,NO
2024,320160116,NO,NO,NO,NO,NO
2024,320160117,NO,NO,NO,NO,NO
2024,320160118,NO,NO,NO,NO,NO
2024,320160119,NO,NO,NO,NO,NO
2024,320160120,NO,NO,NO,NO,NO
2024,320170001,NO,NO,NO,NO,NO
2024,320170002,NO,NO,NO,NO,NO
2024,320170004,NO,NO,NO,NO,NO
2024,320170007,NO,NO,NO,NO,NO
2024,320170009,NO,NO,NO,NO,NO
2024,320170010,NO,NO,NO,NO,NO
2024,320170013,NO,NO,NO,NO,NO
2024,320170014,NO,NO,NO,NO,NO
2024,320170015,NO,NO,NO,NO,NO
2024,320170016,NO,NO,NO,NO,NO
2024,320170017,NO,NO,NO,NO,NO
2024,320170018,NO,NO,NO,NO,NO
2024,320170019,NO,NO,NO,NO,NO
2024,320170020,NO,NO,NO,NO,NO
2024,320170021,NO,NO,NO,NO,NO
2024,320170022,NO,NO,NO,NO,NO
2024,320170023,NO,NO,NO,NO,NO
2024,320170026,NO,NO,NO,NO,NO
2024,320170028,NO,NO,NO,NO,NO
2024,320170029,NO,NO,NO,NO,NO
2024,320170030,NO,NO,NO,NO,NO
2024,320170032,NO,NO,NO,NO,NO
2024,320170033,NO,NO,NO,NO,NO
2024,320170034,NO,NO,NO,NO,NO
2024,320170035,NO,NO,NO,NO,NO
2024,320170036,NO,NO,NO,NO,NO
2024,320170038,NO,NO,NO,NO,NO
2024,320170039,NO,NO,NO,NO,NO
2024,320170041,NO,NO,NO,NO,NO
2024,320170042,NO,NO,NO,NO,NO
2024,320170043,NO,NO,NO,NO,NO
2024,320170045,NO,NO,NO,NO,NO
2024,320170049,NO,NO,NO,NO,NO
2024,320170051,NO,NO,NO,NO,NO
2024,320170052,NO,NO,NO,NO,NO
2024,320170053,NO,NO,NO,NO,NO
2024,320170056,NO,NO,NO,NO,NO
2024,320170058,NO,NO,NO,NO,NO
2024,320170059,NO,NO,NO,NO,NO
2024,320170060,NO,NO,NO,NO,NO
2024,320170061,NO,NO,NO,NO,NO
2024,320170062,NO,NO,NO,NO,NO
2024,320170066,NO,NO,NO,NO,NO
2024,320170072,NO,NO,NO,NO,NO
2024,320170075,NO,NO,NO,NO,NO
2024,320170076,NO,NO,NO,NO,NO
2024,320170077,NO,NO,NO,NO,NO
2024,320170079,NO,NO,NO,NO,NO
2024,320170080,NO,NO,NO,NO,NO
2024,320170081,NO,NO,NO,NO,NO
2024,320170089,NO,NO,NO,NO,NO
2024,320170092,NO,NO,NO,NO,NO
2024,320170093,NO,NO,NO,NO,NO
2024,320170094,NO,NO,NO,NO,NO
2024,320170095,NO,NO,NO,NO,NO
2024,320170096,NO,NO,NO,NO,NO
2024,320170097,NO,NO,NO,NO,NO
2024,320170100,NO,NO,NO,NO,NO
2024,320170103,NO,NO,NO,NO,NO
2024,320170104,NO,NO,NO,NO,NO
2024,320170119,NO,NO,NO,NO,NO
2024,320170123,NO,NO,NO,NO,NO
2024,320170128,NO,NO,NO,NO,NO
2024,320170129,NO,NO,NO,NO,NO
2024,320170130,NO,NO,NO,NO,NO
2024,320170131,NO,NO,NO,NO,NO
2024,320170132,NO,NO,NO,NO,NO
2024,320170134,NO,NO,NO,NO,NO
2024,320170135,NO,NO,NO,NO,NO
2024,320170139,NO,NO,NO,NO,NO
2024,320170140,NO,NO,NO,NO,NO
2024,320170141,NO,NO,NO,NO,NO
2024,320170142,NO,NO,NO,NO,NO
2024,320170143,NO,NO,NO,NO,NO
2024,320170144,NO,NO,NO,NO,NO
2024,320170145,NO,NO,NO,NO,NO
2024,320170146,NO,NO,NO,NO,NO
2024,320170147,NO,NO,NO,NO,NO
2024,320170148,NO,NO,NO,NO,NO
2024,320170149,NO,NO,NO,NO,NO
2024,320170153,NO,NO,NO,NO,NO
2024,320170154,NO,NO,NO,NO,NO
2024,320170162,NO,NO,NO,NO,NO
2024,320170169,NO,NO,NO,NO,NO
2024,320170170,NO,NO,NO,NO,NO
2024,320170171,NO,NO,NO,NO,NO
2024,320170172,NO,NO,NO,NO,NO
2024,320170173,NO,NO,NO,NO,NO
2024,320170182,NO,NO,NO,NO,NO
2024,320170183,NO,NO,NO,NO,NO
2024,320170185,NO,NO,NO,NO,NO
2024,320170188,NO,NO,NO,NO,NO
2024,320170189,NO,NO,NO,NO,NO
2024,320170190,NO,NO,NO,NO,NO
2024,320170191,NO,NO,NO,NO,NO
2024,320170192,NO,NO,NO,NO,NO
2024,320170194,NO,NO,NO,NO,NO
2024,320170196,NO,NO,NO,NO,NO
2024,320170197,NO,NO,NO,NO,NO
2024,320170198,NO,NO,NO,NO,NO
2024,320170199,NO,NO,NO,NO,NO
2024,320170200,NO,NO,NO,NO,NO
2024,320170201,NO,NO,NO,NO,NO
2024,320170202,NO,NO,NO,NO,NO
2024,320170203,NO,NO,NO,NO,NO
2024,320170204,NO,NO,NO,NO,NO
2024,320170206,NO,NO,NO,NO,NO
2024,320170207,NO,NO,NO,NO,NO
2024,320170208,NO,NO,NO,NO,NO
2024,320170209,NO,NO,NO,NO,NO
2024,320170210,NO,NO,NO,NO,NO
2024,320170212,NO,NO,NO,NO,NO
2024,320170214,NO,NO,NO,NO,NO
2024,320170215,NO,NO,NO,NO,NO
2024,320170216,NO,NO,NO,NO,NO
2024,320170218,NO,NO,NO,NO,NO
2024,320170221,NO,NO,NO,NO,NO
2024,320170222,NO,NO,NO,NO,NO
2024,320170231,NO,NO,NO,NO,NO
2024,320170237,NO,NO,NO,NO,NO
2024,320170238,NO,NO,NO,NO,NO
2024,320170242,NO,NO,NO,NO,NO
2024,320170243,NO,NO,NO,NO,NO
2024,320170244,NO,NO,NO,NO,NO
2024,320170245,NO,NO,NO,NO,NO
2024,320170246,NO,NO,NO,NO,NO
2024,320170247,NO,NO,NO,NO,NO
2024,320170248,NO,NO,NO,NO,NO
2024,320170249,NO,NO,NO,NO,NO
2024,320170250,NO,NO,NO,NO,NO
2024,320170251,NO,NO,NO,NO,NO
2024,320170252,NO,NO,NO,NO,NO
2024,320170253,NO,NO,NO,NO,NO
2024,320170254,NO,NO,NO,NO,NO
2024,320170255,NO,NO,NO,NO,NO
2024,320170256,NO,NO,NO,NO,NO
2024,320170257,NO,NO,NO,NO,NO
2024,320170258,NO,NO,NO,NO,NO
2024,320170259,NO,NO,NO,NO,NO
2024,320170260,NO,NO,NO,NO,NO
2024,320170261,NO,NO,NO,NO,NO
2024,320170263,NO,NO,NO,NO,NO
2024,320170264,NO,NO,NO,NO,NO
2024,320170265,NO,NO,NO,NO,NO
2024,320170266,NO,NO,NO,NO,NO
2024,320170267,NO,NO,NO,NO,NO
2024,320170268,NO,NO,NO,NO,NO
2024,320170269,NO,NO,NO,NO,NO
2024,320170270,NO,NO,NO,NO,NO
2024,320170271,NO,NO,NO,NO,NO
2024,320170272,NO,NO,NO,NO,NO
2024,320170273,NO,NO,NO,NO,NO
2024,320170274,NO,NO,NO,NO,NO
2024,320170275,NO,NO,NO,NO,NO
2024,320170276,NO,NO,NO,NO,NO
2024,320170277,NO,NO,NO,NO,NO
2024,320170278,NO,NO,NO,NO,NO
2024,320170279,NO,NO,NO,NO,NO
2024,320170280,NO,NO,NO,NO,NO
2024,320170281,NO,NO,NO,NO,NO
2024,320170282,NO,NO,NO,NO,NO
2024,320170283,NO,NO,NO,NO,NO
2024,320170284,NO,NO,NO,NO,NO
2024,320170285,NO,NO,NO,NO,NO
2024,320170286,NO,NO,NO,NO,NO
2024,320170287,NO,NO,NO,NO,NO
2024,320170288,NO,NO,NO,NO,NO
2024,320170289,NO,NO,NO,NO,NO
2024,320170290,NO,NO,NO,NO,NO
2024,320170291,NO,NO,NO,NO,NO
2024,320170292,NO,NO,NO,NO,NO
2024,320170293,NO,NO,NO,NO,NO
2024,320170294,NO,NO,NO,NO,NO
2024,320170295,NO,NO,NO,NO,NO
2024,320170296,NO,NO,NO,NO,NO
2024,320170297,NO,NO,NO,NO,NO
2024,320170298,NO,NO,NO,NO,NO
2024,320170299,NO,NO,NO,NO,NO
2024,320170300,NO,NO,NO,NO,NO
2024,320170301,NO,NO,NO,NO,NO
2024,320170302,NO,NO,NO,NO,NO
2024,320170303,NO,NO,NO,NO,NO
2024,320170304,NO,NO,NO,NO,NO
2024,320170305,NO,NO,NO,NO,NO
2024,320170306,NO,NO,NO,NO,NO
2024,320170307,NO,NO,NO,NO,NO
2024,320170308,NO,NO,NO,NO,NO
2024,320170309,NO,NO,NO,NO,NO
2024,320170310,NO,NO,NO,NO,NO
2024,320170311,NO,NO,NO,NO,NO
2024,320170312,NO,NO,NO,NO,NO
2024,320170313,NO,NO,NO,NO,NO
2024,320170314,NO,NO,NO,NO,NO
2024,320170315,NO,NO,NO,NO,NO
2024,320170316,NO,NO,NO,NO,NO
2024,320170317,NO,NO,NO,NO,NO
2024,320170318,NO,NO,NO,NO,NO
2024,320170319,NO,NO,NO,NO,NO
2024,320170320,NO,NO,NO,NO,NO
2024,320170321,NO,NO,NO,NO,NO
2024,320170322,NO,NO,NO,NO,NO
2024,320170323,NO,NO,NO,NO,NO
2024,320170324,NO,NO,NO,NO,NO
2024,320170325,NO,NO,NO,NO,NO
2024,320170326,NO,NO,NO,NO,NO
2024,320170327,NO,NO,NO,NO,NO
2024,320170328,NO,NO,NO,NO,NO
2024,320170329,NO,NO,NO,NO,NO
2024,320170330,NO,NO,NO,NO,NO
2024,320170331,NO,NO,NO,NO,NO
2024,320170332,NO,NO,NO,NO,NO
2024,320170333,NO,NO,NO,NO,NO
2024,320170334,NO,NO,NO,NO,NO
2024,320170335,NO,NO,NO,NO,NO
2024,320170336,NO,NO,NO,NO,NO
2024,320170337,NO,NO,NO,NO,NO
2024,320170338,NO,NO,NO,NO,NO
2024,320170339,NO,NO,NO,NO,NO
2024,320170340,NO,NO,NO,NO,NO
2024,320170341,NO,NO,NO,NO,NO
2024,320170342,NO,NO,NO,NO,NO
2024,320170343,NO,NO,NO,NO,NO
2024,320170344,NO,NO,NO,NO,NO
2024,320170345,NO,NO,NO,NO,NO
2024,320170346,NO,NO,NO,NO,NO
2024,320170347,NO,NO,NO,NO,NO
2024,320170348,NO,NO,NO,NO,NO
2024,320170349,NO,NO,NO,NO,NO
2024,320170350,NO,NO,NO,NO,NO
2024,320170351,NO,NO,NO,NO,NO
2024,320170352,NO,NO,NO,NO,NO
2024,320170353,NO,NO,NO,NO,NO
2024,320170354,NO,NO,NO,NO,NO
2024,320170355,NO,NO,NO,NO,NO
2024,320170356,NO,NO,NO,NO,NO
2024,320170357,NO,NO,NO,NO,NO
2024,320170358,NO,NO,NO,NO,NO
2024,320170359,NO,NO,NO,NO,NO
2024,320170360,NO,NO,NO,NO,NO
2024,320170361,NO,NO,NO,NO,NO
2024,320170362,NO,NO,NO,NO,NO
2024,320170363,NO,NO,NO,NO,NO
2024,320170364,NO,NO,NO,NO,NO
2024,320170365,NO,NO,NO,NO,NO
2024,320170366,NO,NO,NO,NO,NO
2024,320170367,NO,NO,NO,NO,NO
2024,320170369,NO,NO,NO,NO,NO
2024,320170371,NO,NO,NO,NO,NO
2024,320170372,NO,NO,NO,NO,NO
2024,320170373,NO,NO,NO,NO,NO
2024,320170374,NO,NO,NO,NO,NO
2024,320170375,NO,NO,NO,NO,NO
2024,320170376,NO,NO,NO,NO,NO
2024,320200001,NO,NO,NO,NO,NO
2024,320200002,NO,NO,NO,NO,NO
2024,320200003,NO,NO,NO,NO,NO
2024,320200004,NO,NO,NO,NO,NO
2024,320200005,NO,NO,NO,NO,NO
2024,320200007,NO,NO,NO,NO,NO
2024,320200008,NO,NO,NO,NO,NO
2024,320200010,NO,NO,NO,NO,NO
2024,320200011,NO,NO,NO,NO,NO
2024,320200012,NO,NO,NO,NO,NO
2024,320200014,NO,NO,NO,NO,NO
2024,320200015,NO,NO,NO,NO,NO
2024,320200017,NO,NO,NO,NO,NO
2024,320200018,NO,NO,NO,NO,NO
2024,320200019,NO,NO,NO,NO,NO
2024,320200020,NO,NO,NO,NO,NO
2024,320200022,NO,NO,NO,NO,NO
2024,320200023,NO,NO,NO,NO,NO
2024,320200024,NO,NO,NO,NO,NO
2024,320200025,NO,NO,NO,NO,NO
2024,320200026,NO,NO,NO,NO,NO
2024,320200027,NO,NO,NO,NO,NO
2024,320200030,NO,NO,NO,NO,NO
2024,320200033,NO,NO,NO,NO,NO
2024,320200034,NO,NO,NO,NO,NO
2024,320200035,NO,NO,NO,NO,NO
2024,320200037,NO,NO,NO,NO,NO
2024,320200038,NO,NO,NO,NO,NO
2024,320200040,NO,NO,NO,NO,NO
2024,320200041,NO,NO,NO,NO,NO
2024,320200042,NO,NO,NO,NO,NO
2024,320200043,NO,NO,NO,NO,NO
2024,320200045,NO,NO,NO,NO,NO
2024,320200046,NO,NO,NO,NO,NO
2024,320200047,NO,NO,NO,NO,NO
2024,320200048,NO,NO,NO,NO,NO
2024,320200049,NO,NO,NO,NO,NO
2024,320200050,NO,NO,NO,NO,NO
2024,320200051,NO,NO,NO,NO,NO
2024,320200052,NO,NO,NO,NO,NO
2024,320200053,NO,NO,NO,NO,NO
2024,320200054,NO,NO,NO,NO,NO
2024,320200055,NO,NO,NO,NO,NO
2024,320200056,NO,NO,NO,NO,NO
2024,320200059,NO,NO,NO,NO,NO
2024,320200060,NO,NO,NO,NO,NO
2024,320200061,NO,NO,NO,NO,NO
2024,320200062,NO,NO,NO,NO,NO
2024,320200063,NO,NO,NO,NO,NO
2024,320200064,NO,NO,NO,NO,NO
2024,320200065,NO,NO,NO,NO,NO
2024,320200066,NO,NO,NO,NO,NO
2024,320200069,NO,NO,NO,NO,NO
2024,320200070,NO,NO,NO,NO,NO
2024,320200071,NO,NO,NO,NO,NO
2024,320200072,NO,NO,NO,NO,NO
2024,320200073,NO,NO,NO,NO,NO
2024,320200076,NO,NO,NO,NO,NO
2024,320200077,NO,NO,NO,NO,NO
2024,320200078,NO,NO,NO,NO,NO
2024,320200079,NO,NO,NO,NO,NO
2024,320200080,NO,NO,NO,NO,NO
2024,320200082,NO,NO,NO,NO,NO
2024,320200083,NO,NO,NO,NO,NO
2024,320200084,NO,NO,NO,NO,NO
2024,320200085,NO,NO,NO,NO,NO
2024,320200086,NO,NO,NO,NO,NO
2024,320200087,NO,NO,NO,NO,NO
2024,320200088,NO,NO,NO,NO,NO
2024,320200089,NO,NO,NO,NO,NO
2024,320200090,NO,NO,NO,NO,NO
2024,320200091,NO,NO,NO,NO,NO
2024,320200092,NO,NO,NO,NO,NO
2024,320200094,NO,NO,NO,NO,NO
2024,320200096,NO,NO,NO,NO,NO
2024,320200097,NO,NO,NO,NO,NO
2024,320200098,NO,NO,NO,NO,NO
2024,320200099,NO,NO,NO,NO,NO
2024,320200101,NO,NO,NO,NO,NO
2024,320200102,NO,NO,NO,NO,NO
2024,320200103,NO,NO,NO,NO,NO
2024,320200105,NO,NO,NO,NO,NO
2024,320200106,NO,NO,NO,NO,NO
2024,320200107,NO,NO,NO,NO,NO
2024,320200108,NO,NO,NO,NO,NO
2024,320200109,NO,NO,NO,NO,NO
2024,320200111,NO,NO,NO,NO,NO
2024,320200112,NO,NO,NO,NO,NO
2024,320200113,NO,NO,NO,NO,NO
2024,320200114,NO,NO,NO,NO,NO
2024,320200116,NO,NO,NO,NO,NO
2024,320200118,NO,NO,NO,NO,NO
2024,320200119,NO,NO,NO,NO,NO
2024,320200121,NO,NO,NO,NO,NO
2024,320200122,NO,NO,NO,NO,NO
2024,320200123,NO,NO,NO,NO,NO
2024,320200126,NO,NO,NO,NO,NO
2024,320200130,NO,NO,NO,NO,NO
2024,320200133,NO,NO,NO,NO,NO
2024,320200136,NO,NO,NO,NO,NO
2024,320200137,NO,NO,NO,NO,NO
2024,320200138,NO,NO,NO,NO,NO
2024,320200140,NO,NO,NO,NO,NO
2024,320200143,NO,NO,NO,NO,NO
2024,320200145,NO,NO,NO,NO,NO
2024,320200146,NO,NO,NO,NO,NO
2024,320200148,NO,NO,NO,NO,NO
2024,320200149,NO,NO,NO,NO,NO
2024,320200150,NO,NO,NO,NO,NO
2024,320200151,NO,NO,NO,NO,NO
2024,320200152,NO,NO,NO,NO,NO
2024,320200153,NO,NO,NO,NO,NO
2024,320200154,NO,NO,NO,NO,NO
2024,320200155,NO,NO,NO,NO,NO
2024,320200156,NO,NO,NO,NO,NO
2024,320200157,NO,NO,NO,NO,NO
2024,320200158,NO,NO,NO,NO,NO
2024,320200159,NO,NO,NO,NO,NO
2024,320200161,NO,NO,NO,NO,NO
2024,320200162,NO,NO,NO,NO,NO
2024,320200163,NO,NO,NO,NO,NO
2024,320200164,NO,NO,NO,NO,NO
2024,320200165,NO,NO,NO,NO,NO
2024,320200166,NO,NO,NO,NO,NO
2024,320200167,NO,NO,NO,NO,NO
2024,320200168,NO,NO,NO,NO,NO
2024,320200169,NO,NO,NO,NO,NO
2024,320200171,NO,NO,NO,NO,NO
2024,320200172,NO,NO,NO,NO,NO
2024,320200173,NO,NO,NO,NO,NO
2024,320200174,NO,NO,NO,NO,NO
2024,320200175,NO,NO,NO,NO,NO
2024,320200176,NO,NO,NO,NO,NO
2024,320200177,NO,NO,NO,NO,NO
2024,320200179,NO,NO,NO,NO,NO
2024,320200180,NO,NO,NO,NO,NO
2024,320200181,NO,NO,NO,NO,NO
2024,320200182,NO,NO,NO,NO,NO
2024,320200183,NO,NO,NO,NO,NO
2024,320200184,NO,NO,NO,NO,NO
2024,320200185,NO,NO,NO,NO,NO
2024,320200186,NO,NO,NO,NO,NO
2024,320200187,NO,NO,NO,NO,NO
2024,320200188,NO,NO,NO,NO,NO
2024,320200189,NO,NO,NO,NO,NO
2024,320200190,NO,NO,NO,NO,NO
2024,320200191,NO,NO,NO,NO,NO
2024,320200193,NO,NO,NO,NO,NO
2024,320200196,NO,NO,NO,NO,NO
2024,320200197,NO,NO,NO,NO,NO
2024,320200198,NO,NO,NO,NO,NO
2024,320200199,NO,NO,NO,NO,NO
2024,320200201,NO,NO,NO,NO,NO
2024,320200202,NO,NO,NO,NO,NO
2024,320200205,NO,NO,NO,NO,NO
2024,320200208,NO,NO,NO,NO,NO
2024,320200209,NO,NO,NO,NO,NO
2024,320200211,NO,NO,NO,NO,NO
2024,320200214,NO,NO,NO,NO,NO
2024,320200215,NO,NO,NO,NO,NO
2024,320200216,NO,NO,NO,NO,NO
2024,320200218,NO,NO,NO,NO,NO
2024,320200224,NO,NO,NO,NO,NO
2024,320200225,NO,NO,NO,NO,NO
2024,320200226,NO,NO,NO,NO,NO
2024,320200227,NO,NO,NO,NO,NO
2024,320200228,NO,NO,NO,NO,NO
2024,320200229,NO,NO,NO,NO,NO
2024,320200230,NO,NO,NO,NO,NO
2024,320200231,NO,NO,NO,NO,NO
2024,320200232,NO,NO,NO,NO,NO
2024,320200233,NO,NO,NO,NO,NO
2024,320200234,NO,NO,NO,NO,NO
2024,320200235,NO,NO,NO,NO,NO
2024,320200236,NO,NO,NO,NO,NO
2024,320200237,NO,NO,NO,NO,NO
2024,320200238,NO,NO,NO,NO,NO
2024,320200239,NO,NO,NO,NO,NO
2024,320200240,NO,NO,NO,NO,NO
2024,320200241,NO,NO,NO,NO,NO
2024,320200242,NO,NO,NO,NO,NO
2024,320200243,NO,NO,NO,NO,NO
2024,320200244,NO,NO,NO,NO,NO
2024,320200245,NO,NO,NO,NO,NO
2024,320200248,NO,NO,NO,NO,NO
2024,320200249,NO,NO,NO,NO,NO
2024,320200250,NO,NO,NO,NO,NO
2024,320200251,NO,NO,NO,NO,NO
2024,320200252,NO,NO,NO,NO,NO
2024,320200253,NO,NO,NO,NO,NO
2024,320200254,NO,NO,NO,NO,NO
2024,320200255,NO,NO,NO,NO,NO
2024,320200256,NO,NO,NO,NO,NO
2024,320200257,NO,NO,NO,NO,NO
2024,320200258,NO,NO,NO,NO,NO
2024,320200259,NO,NO,NO,NO,NO
2024,320200260,NO,NO,NO,NO,NO
2024,320200261,NO,NO,NO,NO,NO
2024,320200262,NO,NO,NO,NO,NO
2024,320200263,NO,NO,NO,NO,NO
2024,320200264,NO,NO,NO,NO,NO
2024,320200265,NO,NO,NO,NO,NO
2024,320200266,NO,NO,NO,NO,NO
2024,320200267,NO,NO,NO,NO,NO
2024,320200268,NO,NO,NO,NO,NO
2024,320200269,NO,NO,NO,NO,NO
2024,320200270,NO,NO,NO,NO,NO
2024,320200271,NO,NO,NO,NO,NO
2024,320200272,NO,NO,NO,NO,NO
2024,320200273,NO,NO,NO,NO,NO
2024,320200274,NO,NO,NO,NO,NO
2024,320200275,NO,NO,NO,NO,NO
2024,320200276,NO,NO,NO,NO,NO
2024,320200277,NO,NO,NO,NO,NO
2024,320200278,NO,NO,NO,NO,NO
2024,320200279,NO,NO,NO,NO,NO
2024,320200280,NO,NO,NO,NO,NO
2024,320200281,NO,NO,NO,NO,NO
2024,320200282,NO,NO,NO,NO,NO
2024,320200283,NO,NO,NO,NO,NO
2024,320200284,NO,NO,NO,NO,NO
2024,320200285,NO,NO,NO,NO,NO
2024,320200286,NO,NO,NO,NO,NO
2024,320200287,NO,NO,NO,NO,NO
2024,320200288,NO,NO,NO,NO,NO
2024,320200289,NO,NO,NO,NO,NO
2024,320200290,NO,NO,NO,NO,NO
2024,320200291,NO,NO,NO,NO,NO
2024,320200292,NO,NO,NO,NO,NO
2024,320200293,NO,NO,NO,NO,NO
2024,320200294,NO,NO,NO,NO,NO
2024,320200295,NO,NO,NO,NO,NO
2024,320200296,NO,NO,NO,NO,NO
2024,320200297,NO,NO,NO,NO,NO
2024,320200298,NO,NO,NO,NO,NO
2024,320200299,NO,NO,NO,NO,NO
2024,320200300,NO,NO,NO,NO,NO
2024,320200301,NO,NO,NO,NO,NO
2024,320200302,NO,NO,NO,NO,NO
2024,320200303,NO,NO,NO,NO,NO
2024,320200304,NO,NO,NO,NO,NO
2024,320200305,NO,NO,NO,NO,NO
2024,320200306,NO,NO,NO,NO,NO
2024,320200307,NO,NO,NO,NO,NO
2024,320200308,NO,NO,NO,NO,NO
2024,320200309,NO,NO,NO,NO,NO
2024,320200310,NO,NO,NO,NO,NO
2024,320200311,NO,NO,NO,NO,NO
2024,320200312,NO,NO,NO,NO,NO
2024,320200313,NO,NO,NO,NO,NO
2024,320200314,NO,NO,NO,NO,NO
2024,320200315,NO,NO,NO,NO,NO
2024,320200316,NO,NO,NO,NO,NO
2024,320200317,NO,NO,NO,NO,NO
2024,320200318,NO,NO,NO,NO,NO
2024,320200319,NO,NO,NO,NO,NO
2024,320200320,NO,NO,NO,NO,NO
2024,320200321,NO,NO,NO,NO,NO
2024,320200322,NO,NO,NO,NO,NO
2024,320200323,NO,NO,NO,NO,NO
2024,320200324,NO,NO,NO,NO,NO
2024,320200325,NO,NO,NO,NO,NO
2024,320200326,NO,NO,NO,NO,NO
2024,320200327,NO,NO,NO,NO,NO
2024,320200328,NO,NO,NO,NO,NO
2024,320200329,NO,NO,NO,NO,NO
2024,320200330,NO,NO,NO,NO,NO
2024,320200331,NO,NO,NO,NO,NO
2024,320210001,NO,NO,NO,NO,NO
2024,320210004,NO,NO,NO,NO,NO
2024,320210007,NO,NO,NO,NO,NO
2024,320210009,NO,NO,NO,NO,NO
2024,320210011,NO,NO,NO,NO,NO
2024,320210012,NO,NO,NO,NO,NO
2024,320210013,NO,NO,NO,NO,NO
2024,320210014,NO,NO,NO,NO,NO
2024,320210019,NO,NO,NO,NO,NO
2024,320210020,NO,NO,NO,NO,NO
2024,320210023,NO,NO,NO,NO,NO
2024,320210026,NO,NO,NO,NO,NO
2024,320210031,NO,NO,NO,NO,NO
2024,320210036,NO,NO,NO,NO,NO
2024,320210040,NO,NO,NO,NO,NO
2024,320210041,NO,NO,NO,NO,NO
2024,320210044,NO,NO,NO,NO,NO
2024,320210045,NO,NO,NO,NO,NO
2024,320210046,NO,NO,NO,NO,NO
2024,320210050,NO,NO,NO,NO,NO
2024,320210051,NO,NO,NO,NO,NO
2024,320210053,NO,NO,NO,NO,NO
2024,320210054,NO,NO,NO,NO,NO
2024,320210055,NO,NO,NO,NO,NO
2024,320210057,NO,NO,NO,NO,NO
2024,320210058,NO,NO,NO,NO,NO
2024,320210060,NO,NO,NO,NO,NO
2024,320210061,NO,NO,NO,NO,NO
2024,320210062,NO,NO,NO,NO,NO
2024,320210063,NO,NO,NO,NO,NO
2024,320210064,NO,NO,NO,NO,NO
2024,320210066,NO,NO,NO,NO,NO
2024,320210068,NO,NO,NO,NO,NO
2024,320210069,NO,NO,NO,NO,NO
2024,320210070,NO,NO,NO,NO,NO
2024,320210071,NO,NO,NO,NO,NO
2024,320210074,NO,NO,NO,NO,NO
2024,320210077,NO,NO,NO,NO,NO
2024,320210079,NO,NO,NO,NO,NO
2024,320210084,NO,NO,NO,NO,NO
2024,320210085,NO,NO,NO,NO,NO
2024,320210086,NO,NO,NO,NO,NO
2024,320210087,NO,NO,NO,NO,NO
2024,320210088,NO,NO,NO,NO,NO
2024,320210091,NO,NO,NO,NO,NO
2024,320210092,NO,NO,NO,NO,NO
2024,320210093,NO,NO,NO,NO,NO
2024,320210096,NO,NO,NO,NO,NO
2024,320210097,NO,NO,NO,NO,NO
2024,320210100,NO,NO,NO,NO,NO
2024,320210102,NO,NO,NO,NO,NO
2024,320210103,NO,NO,NO,NO,NO
2024,320210106,NO,NO,NO,NO,NO
2024,320210107,NO,NO,NO,NO,NO
2024,320210108,NO,NO,NO,NO,NO
2024,320210109,NO,NO,NO,NO,NO
2024,320210111,NO,NO,NO,NO,NO
2024,320210112,NO,NO,NO,NO,NO
2024,320210114,NO,NO,NO,NO,NO
2024,320210115,NO,NO,NO,NO,NO
2024,320210116,NO,NO,NO,NO,NO
2024,320210117,NO,NO,NO,NO,NO
2024,320210118,NO,NO,NO,NO,NO
2024,320210125,NO,NO,NO,NO,NO
2024,320210126,NO,NO,NO,NO,NO
2024,320210127,NO,NO,NO,NO,NO
2024,320210128,NO,NO,NO,NO,NO
2024,320210131,NO,NO,NO,NO,NO
2024,320210132,NO,NO,NO,NO,NO
2024,320210133,NO,NO,NO,NO,NO
2024,320210134,NO,NO,NO,NO,NO
2024,320210135,NO,NO,NO,NO,NO
2024,320210136,NO,NO,NO,NO,NO
2024,320210137,NO,NO,NO,NO,NO
2024,320210138,NO,NO,NO,NO,NO
2024,320210139,NO,NO,NO,NO,NO
2024,320210140,NO,NO,NO,NO,NO
2024,320210141,NO,NO,NO,NO,NO
2024,320210142,NO,NO,NO,NO,NO
2024,320210145,NO,NO,NO,NO,NO
2024,320210146,NO,NO,NO,NO,NO
2024,320210147,NO,NO,NO,NO,NO
2024,320210149,NO,NO,NO,NO,NO
2024,320210150,NO,NO,NO,NO,NO
2024,320210151,NO,NO,NO,NO,NO
2024,320210152,NO,NO,NO,NO,NO
2024,320210153,NO,NO,NO,NO,NO
2024,320210154,NO,NO,NO,NO,NO
2024,320210156,NO,NO,NO,NO,NO
2024,320210162,NO,NO,NO,NO,NO
2024,320210163,NO,NO,NO,NO,NO
2024,320210164,NO,NO,NO,NO,NO
2024,320210165,NO,NO,NO,NO,NO
2024,320210167,NO,NO,NO,NO,NO
2024,320210168,NO,NO,NO,NO,NO
2024,320210169,NO,NO,NO,NO,NO
2024,320210170,NO,NO,NO,NO,NO
2024,320210171,NO,NO,NO,NO,NO
2024,320210172,NO,NO,NO,NO,NO
2024,320210173,NO,NO,NO,NO,NO
2024,320210175,NO,NO,NO,NO,NO
2024,320210177,NO,NO,NO,NO,NO
2024,320210178,NO,NO,NO,NO,NO
2024,320210179,NO,NO,NO,NO,NO
2024,320210180,NO,NO,NO,NO,NO
2024,320210181,NO,NO,NO,NO,NO
2024,320210182,NO,NO,NO,NO,NO
2024,320210183,NO,NO,NO,NO,NO
2024,320210184,NO,NO,NO,NO,NO
2024,320210185,NO,NO,NO,NO,NO
2024,320210187,NO,NO,NO,NO,NO
2024,320210188,NO,NO,NO,NO,NO
2024,320210189,NO,NO,NO,NO,NO
2024,320210190,NO,NO,NO,NO,NO
2024,320210191,NO,NO,NO,NO,NO
2024,320210192,NO,NO,NO,NO,NO
2024,320210193,NO,NO,NO,NO,NO
2024,320210194,NO,NO,NO,NO,NO
2024,320210195,NO,NO,NO,NO,NO
2024,320220001,NO,NO,NO,NO,NO
2024,320220004,NO,NO,NO,NO,NO
2024,320220005,NO,NO,NO,NO,NO
2024,320220006,NO,NO,NO,NO,NO
2024,320220007,NO,NO,NO,NO,NO
2024,320220008,NO,NO,NO,NO,NO
2024,320220010,NO,NO,NO,NO,NO
2024,320220011,NO,NO,NO,NO,NO
2024,320220012,NO,NO,NO,NO,NO
2024,320220013,NO,NO,NO,NO,NO
2024,320220025,NO,NO,NO,NO,NO
2024,320220026,NO,NO,NO,NO,NO
2024,320220027,NO,NO,NO,NO,NO
2024,320220028,NO,NO,NO,NO,NO
2024,320220029,NO,NO,NO,NO,NO
2024,320220030,NO,NO,NO,NO,NO
2024,320220036,NO,NO,NO,NO,NO
2024,320220037,NO,NO,NO,NO,NO
2024,320220038,NO,NO,NO,NO,NO
2024,320220039,NO,NO,NO,NO,NO
2024,320220040,NO,NO,NO,NO,NO
2024,320220041,NO,NO,NO,NO,NO
2024,320220042,NO,NO,NO,NO,NO
2024,320220043,NO,NO,NO,NO,NO
2024,320220045,NO,NO,NO,NO,NO
2024,320220046,NO,NO,NO,NO,NO
2024,320220047,NO,NO,NO,NO,NO
2024,320220048,NO,NO,NO,NO,NO
2024,320220049,NO,NO,NO,NO,NO
2024,320220050,NO,NO,NO,NO,NO
2024,320220051,NO,NO,NO,NO,NO
2024,320220052,NO,NO,NO,NO,NO
2024,320220053,NO,NO,NO,NO,NO
2024,320220054,NO,NO,NO,NO,NO
2024,320220055,NO,NO,NO,NO,NO
2024,320220056,NO,NO,NO,NO,NO
2024,320220057,NO,NO,NO,NO,NO
2024,320220058,NO,NO,NO,NO,NO
2024,320220059,NO,NO,NO,NO,NO
2024,320220060,NO,NO,NO,NO,NO
2024,320220061,NO,NO,NO,NO,NO
2024,320220062,NO,NO,NO,NO,NO
2024,320220063,NO,NO,NO,NO,NO
2024,320220064,NO,NO,NO,NO,NO
2024,320220065,NO,NO,NO,NO,NO
2024,320250001,NO,NO,NO,NO,NO
2024,320250002,NO,NO,NO,NO,NO
2024,320250003,NO,NO,NO,NO,NO
2024,320250004,NO,NO,NO,NO,NO
2024,320250005,NO,NO,NO,NO,NO
2024,320250006,NO,NO,NO,NO,NO
2024,320250007,NO,NO,NO,NO,NO
2024,320250008,NO,NO,NO,NO,NO
2024,320250011,NO,NO,NO,NO,NO
2024,320250012,NO,NO,NO,NO,NO
2024,320250014,NO,NO,NO,NO,NO
2024,320250015,NO,NO,NO,NO,NO
2024,320250016,NO,NO,NO,NO,NO
2024,320250017,NO,NO,NO,NO,NO
2024,320250018,NO,NO,NO,NO,NO
2024,320250020,NO,NO,NO,NO,NO
2024,320250021,NO,NO,NO,NO,NO
2024,320250022,NO,NO,NO,NO,NO
2024,320250028,NO,NO,NO,NO,NO
2024,320250029,NO,NO,NO,NO,NO
2024,320250033,NO,NO,NO,NO,NO
2024,320250035,NO,NO,NO,NO,NO
2024,320250036,NO,NO,NO,NO,NO
2024,320250038,NO,NO,NO,NO,NO
2024,320250041,NO,NO,NO,NO,NO
2024,320250042,NO,NO,NO,NO,NO
2024,320250043,NO,NO,NO,NO,NO
2024,320250045,NO,NO,NO,NO,NO
2024,320250047,NO,NO,NO,NO,NO
2024,320250053,NO,NO,NO,NO,NO
2024,320250054,NO,NO,NO,NO,NO
2024,320250055,NO,NO,NO,NO,NO
2024,320250056,NO,NO,NO,NO,NO
2024,320250057,NO,NO,NO,NO,NO
2024,320250060,NO,NO,NO,NO,NO
2024,320250061,NO,NO,NO,NO,NO
2024,320250062,NO,NO,NO,NO,NO
2024,320250063,NO,NO,NO,NO,NO
2024,320250064,NO,NO,NO,NO,NO
2024,320250065,NO,NO,NO,NO,NO
2024,320250066,NO,NO,NO,NO,NO
2024,320250067,NO,NO,NO,NO,NO
2024,320250068,NO,NO,NO,NO,NO
2024,320250071,NO,NO,NO,NO,NO
2024,320250072,NO,NO,NO,NO,NO
2024,320250074,NO,NO,NO,NO,NO
2024,320250076,NO,NO,NO,NO,NO
2024,320250077,NO,NO,NO,NO,NO
2024,320250078,NO,NO,NO,NO,NO
2024,320250079,NO,NO,NO,NO,NO
2024,320250080,NO,NO,NO,NO,NO
2024,320250081,NO,NO,NO,NO,NO
2024,320250082,NO,NO,NO,NO,NO
2024,320250083,NO,NO,NO,NO,NO
2024,320250084,NO,NO,NO,NO,NO
2024,320250085,NO,NO,NO,NO,NO
2024,320250086,NO,NO,NO,NO,NO
2024,320250088,NO,NO,NO,NO,NO
2024,320250089,NO,NO,NO,NO,NO
2024,320250090,NO,NO,NO,NO,NO
2024,320250092,NO,NO,NO,NO,NO
2024,320250093,NO,NO,NO,NO,NO
2024,320250094,NO,NO,NO,NO,NO
2024,320250095,NO,NO,NO,NO,NO
2024,320250096,NO,NO,NO,NO,NO
2024,320250097,NO,NO,NO,NO,NO
2024,320250098,NO,NO,NO,NO,NO
2024,320250099,NO,NO,NO,NO,NO
2024,320250100,NO,NO,NO,NO,NO
2024,320250102,NO,NO,NO,NO,NO
2024,320250103,NO,NO,NO,NO,NO
2024,320250104,NO,NO,NO,NO,NO
2024,320250105,NO,NO,NO,NO,NO
2024,320250106,NO,NO,NO,NO,NO
2024,320250107,NO,NO,NO,NO,NO
2024,320250108,NO,NO,NO,NO,NO
2024,320250109,NO,NO,NO,NO,NO
2024,320250110,NO,NO,NO,NO,NO
2024,320250111,NO,NO,NO,NO,NO
2024,320250112,NO,NO,NO,NO,NO
2024,320250113,NO,NO,NO,NO,NO
2024,320250114,NO,NO,NO,NO,NO
2024,320250115,NO,NO,NO,NO,NO
2024,320260001,NO,NO,NO,NO,NO
2024,320260002,NO,NO,NO,NO,NO
2024,320260003,NO,NO,NO,NO,NO
2024,320260004,NO,NO,NO,NO,NO
2024,320260005,NO,NO,NO,NO,NO
2024,320260007,NO,NO,NO,NO,NO
2024,320260008,NO,NO,NO,NO,NO
2024,320260009,NO,NO,NO,NO,NO
2024,320260010,NO,NO,NO,NO,NO
2024,320260011,NO,NO,NO,NO,NO
2024,320260012,NO,NO,NO,NO,NO
2024,320260013,NO,NO,NO,NO,NO
2024,320260014,NO,NO,NO,NO,NO
2024,320260015,NO,NO,NO,NO,NO
2024,320260016,NO,NO,NO,NO,NO
2024,320260017,NO,NO,NO,NO,NO
2024,320260018,NO,NO,NO,NO,NO
2024,320260019,NO,NO,NO,NO,NO
2024,320260020,NO,NO,NO,NO,NO
2024,320260021,NO,NO,NO,NO,NO
2024,320260022,NO,NO,NO,NO,NO
2024,320260023,NO,NO,NO,NO,NO
2024,320260024,NO,NO,NO,NO,NO
2024,320260026,NO,NO,NO,NO,NO
2024,320260027,NO,NO,NO,NO,NO
2024,320260029,NO,NO,NO,NO,NO
2024,320260030,NO,NO,NO,NO,NO
2024,320260031,NO,NO,NO,NO,NO
2024,320260032,NO,NO,NO,NO,NO
2024,320260033,NO,NO,NO,NO,NO
2024,320260034,NO,NO,NO,NO,NO
2024,320260035,NO,NO,NO,NO,NO
2024,320260036,NO,NO,NO,NO,NO
2024,320260037,NO,NO,NO,NO,NO
2024,320260038,NO,NO,NO,NO,NO
2024,320260040,NO,NO,NO,NO,NO
2024,320260041,NO,NO,NO,NO,NO
2024,320260042,NO,NO,NO,NO,NO
2024,320260043,NO,NO,NO,NO,NO
2024,320260044,NO,NO,NO,NO,NO
2024,320260045,NO,NO,NO,NO,NO
2024,320260046,NO,NO,NO,NO,NO
2024,320260047,NO,NO,NO,NO,NO
2024,320260048,NO,NO,NO,NO,NO
2024,320260049,NO,NO,NO,NO,NO
2024,320260050,NO,NO,NO,NO,NO
2024,320260051,NO,NO,NO,NO,NO
2024,320260052,NO,NO,NO,NO,NO
2024,320260053,NO,NO,NO,NO,NO
2024,320260054,NO,NO,NO,NO,NO
2024,320260055,NO,NO,NO,NO,NO
2024,320260056,NO,NO,NO,NO,NO
2024,320260058,NO,NO,NO,NO,NO
2024,320260059,NO,NO,NO,NO,NO
2024,320260060,NO,NO,NO,NO,NO
2024,320260062,NO,NO,NO,NO,NO
2024,320260063,NO,NO,NO,NO,NO
2024,320260064,NO,NO,NO,NO,NO
2024,320260066,NO,NO,NO,NO,NO
2024,320260067,NO,NO,NO,NO,NO
2024,320260068,NO,NO,NO,NO,NO
2024,320260069,NO,NO,NO,NO,NO
2024,320260070,NO,NO,NO,NO,NO
2024,320260071,NO,NO,NO,NO,NO
2024,320260072,NO,NO,NO,NO,NO
2024,320260073,NO,NO,NO,NO,NO
2024,320260074,NO,NO,NO,NO,NO
2024,320260075,NO,NO,NO,NO,NO
2024,320260076,NO,NO,NO,NO,NO
2024,320260077,NO,NO,NO,NO,NO
2024,320260078,NO,NO,NO,NO,NO
2024,320260079,NO,NO,NO,NO,NO
2024,320260080,NO,NO,NO,NO,NO
2024,320260081,NO,NO,NO,NO,NO
2024,320260082,NO,NO,NO,NO,NO
2024,320260084,NO,NO,NO,NO,NO
2024,320260085,NO,NO,NO,NO,NO
2024,320260086,NO,NO,NO,NO,NO
2024,320260087,NO,NO,NO,NO,NO
2024,320260088,NO,NO,NO,NO,NO
2024,320260089,NO,NO,NO,NO,NO
2024,320260090,NO,NO,NO,NO,NO
2024,320260092,NO,NO,NO,NO,NO
2024,320260093,NO,NO,NO,NO,NO
2024,320260094,NO,NO,NO,NO,NO
2024,320260095,NO,NO,NO,NO,NO
2024,320260097,NO,NO,NO,NO,NO
2024,320260098,NO,NO,NO,NO,NO
2024,320260099,NO,NO,NO,NO,NO
2024,320260100,NO,NO,NO,NO,NO
2024,320260101,NO,NO,NO,NO,NO
2024,320260102,NO,NO,NO,NO,NO
2024,320260103,NO,NO,NO,NO,NO
2024,320260105,NO,NO,NO,NO,NO
2024,320260106,NO,NO,NO,NO,NO
2024,320260107,NO,NO,NO,NO,NO
2024,320260108,NO,NO,NO,NO,NO
2024,320260109,NO,NO,NO,NO,NO
2024,320260110,NO,NO,NO,NO,NO
2024,320260113,NO,NO,NO,NO,NO
2024,320260114,NO,NO,NO,NO,NO
2024,320260115,NO,NO,NO,NO,NO
2024,320260116,NO,NO,NO,NO,NO
2024,320260117,NO,NO,NO,NO,NO
2024,320260118,NO,NO,NO,NO,NO
2024,320260119,NO,NO,NO,NO,NO
2024,320260120,NO,NO,NO,NO,NO
2024,320260121,NO,NO,NO,NO,NO
2024,320260122,NO,NO,NO,NO,NO
2024,320260123,NO,NO,NO,NO,NO
2024,320260124,NO,NO,NO,NO,NO
2024,320260127,NO,NO,NO,NO,NO
2024,320260128,NO,NO,NO,NO,NO
2024,320260129,NO,NO,NO,NO,NO
2024,320260130,NO,NO,NO,NO,NO
2024,320260131,NO,NO,NO,NO,NO
2024,320260132,NO,NO,NO,NO,NO
2024,320260133,NO,NO,NO,NO,NO
2024,320260134,NO,NO,NO,NO,NO
2024,320260135,NO,NO,NO,NO,NO
2024,320260136,NO,NO,NO,NO,NO
2024,320260139,NO,NO,NO,NO,NO
2024,320260140,NO,NO,NO,NO,NO
2024,320260142,NO,NO,NO,NO,NO
2024,320260143,NO,NO,NO,NO,NO
2024,320260145,NO,NO,NO,NO,NO
2024,320260147,NO,NO,NO,NO,NO
2024,320260148,NO,NO,NO,NO,NO
2024,320260149,NO,NO,NO,NO,NO
2024,320260150,NO,NO,NO,NO,NO
2024,320260153,NO,NO,NO,NO,NO
2024,320260156,NO,NO,NO,NO,NO
2024,320260159,NO,NO,NO,NO,NO
2024,320260162,NO,NO,NO,NO,NO
2024,320260163,NO,NO,NO,NO,NO
2024,320260165,NO,NO,NO,NO,NO
2024,320260168,NO,NO,NO,NO,NO
2024,320260170,NO,NO,NO,NO,NO
2024,320260171,NO,NO,NO,NO,NO
2024,320260172,NO,NO,NO,NO,NO
2024,320260173,NO,NO,NO,NO,NO
2024,320260175,NO,NO,NO,NO,NO
2024,320260177,NO,NO,NO,NO,NO
2024,320260179,NO,NO,NO,NO,NO
2024,320260180,NO,NO,NO,NO,NO
2024,320260183,NO,NO,NO,NO,NO
2024,320260184,NO,NO,NO,NO,NO
2024,320260185,NO,NO,NO,NO,NO
2024,320260187,NO,NO,NO,NO,NO
2024,320260188,NO,NO,NO,NO,NO
2024,320260189,NO,NO,NO,NO,NO
2024,320260192,NO,NO,NO,NO,NO
2024,320260193,NO,NO,NO,NO,NO
2024,320260194,NO,NO,NO,NO,NO
2024,320260195,NO,NO,NO,NO,NO
2024,320260196,NO,NO,NO,NO,NO
2024,320260200,NO,NO,NO,NO,NO
2024,320260209,NO,NO,NO,NO,NO
2024,320260210,NO,NO,NO,NO,NO
2024,320260211,NO,NO,NO,NO,NO
2024,320260212,NO,NO,NO,NO,NO
2024,320260213,NO,NO,NO,NO,NO
2024,320260214,NO,NO,NO,NO,NO
2024,320260217,NO,NO,NO,NO,NO
2024,320260218,NO,NO,NO,NO,NO
2024,320260219,NO,NO,NO,NO,NO
2024,320260220,NO,NO,NO,NO,NO
2024,320260222,NO,NO,NO,NO,NO
2024,320260223,NO,NO,NO,NO,NO
2024,320260224,NO,NO,NO,NO,NO
2024,320260229,NO,NO,NO,NO,NO
2024,320260231,NO,NO,NO,NO,NO
2024,320260233,NO,NO,NO,NO,NO
2024,320260234,NO,NO,NO,NO,NO
2024,320260237,NO,NO,NO,NO,NO
2024,320260238,NO,NO,NO,NO,NO
2024,320260239,NO,NO,NO,NO,NO
2024,320260242,NO,NO,NO,NO,NO
2024,320260243,NO,NO,NO,NO,NO
2024,320260244,NO,NO,NO,NO,NO
2024,320260245,NO,NO,NO,NO,NO
2024,320260248,NO,NO,NO,NO,NO
2024,320260250,NO,NO,NO,NO,NO
2024,320260253,NO,NO,NO,NO,NO
2024,320260258,NO,NO,NO,NO,NO
2024,320260259,NO,NO,NO,NO,NO
2024,320260260,NO,NO,NO,NO,NO
2024,320260261,NO,NO,NO,NO,NO
2024,320260262,NO,NO,NO,NO,NO
2024,320260263,NO,NO,NO,NO,NO
2024,320260264,NO,NO,NO,NO,NO
2024,320260265,NO,NO,NO,NO,NO
2024,320260266,NO,NO,NO,NO,NO
2024,320260267,NO,NO,NO,NO,NO
2024,320260269,NO,NO,NO,NO,NO
2024,320260272,NO,NO,NO,NO,NO
2024,320260273,NO,NO,NO,NO,NO
2024,320260274,NO,NO,NO,NO,NO
2024,320260275,NO,NO,NO,NO,NO
2024,320260276,NO,NO,NO,NO,NO
2024,320260277,NO,NO,NO,NO,NO
2024,320260278,NO,NO,NO,NO,NO
2024,320260281,NO,NO,NO,NO,NO
2024,320260285,NO,NO,NO,NO,NO
2024,320260287,NO,NO,NO,NO,NO
2024,320260288,NO,NO,NO,NO,NO
2024,320260290,NO,NO,NO,NO,NO
2024,320260291,NO,NO,NO,NO,NO
2024,320260292,NO,NO,NO,NO,NO
2024,320260294,NO,NO,NO,NO,NO
2024,320260295,NO,NO,NO,NO,NO
2024,320260297,NO,NO,NO,NO,NO
2024,320260301,NO,NO,NO,NO,NO
2024,320260302,NO,NO,NO,NO,NO
2024,320260304,NO,NO,NO,NO,NO
2024,320260305,NO,NO,NO,NO,NO
2024,320260306,NO,NO,NO,NO,NO
2024,320260308,NO,NO,NO,NO,NO
2024,320260310,NO,NO,NO,NO,NO
2024,320260311,NO,NO,NO,NO,NO
2024,320260312,NO,NO,NO,NO,NO
2024,320260313,NO,NO,NO,NO,NO
2024,320260314,NO,NO,NO,NO,NO
2024,320260315,NO,NO,NO,NO,NO
2024,320260317,NO,NO,NO,NO,NO
2024,320260319,NO,NO,NO,NO,NO
2024,320260322,NO,NO,NO,NO,NO
2024,320260324,NO,NO,NO,NO,NO
2024,320260325,NO,NO,NO,NO,NO
2024,320260328,NO,NO,NO,NO,NO
2024,320260329,NO,NO,NO,NO,NO
2024,320260330,NO,NO,NO,NO,NO
2024,320260331,NO,NO,NO,NO,NO
2024,320260332,NO,NO,NO,NO,NO
2024,320260333,NO,NO,NO,NO,NO
2024,320260334,NO,NO,NO,NO,NO
2024,320260335,NO,NO,NO,NO,NO
2024,320260337,NO,NO,NO,NO,NO
2024,320260340,NO,NO,NO,NO,NO
2024,320260341,NO,NO,NO,NO,NO
2024,320260342,NO,NO,NO,NO,NO
2024,320260343,NO,NO,NO,NO,NO
2024,320260344,NO,NO,NO,NO,NO
2024,320260345,NO,NO,NO,NO,NO
2024,320260346,NO,NO,NO,NO,NO
2024,320260347,NO,NO,NO,NO,NO
2024,320260348,NO,NO,NO,NO,NO
2024,320260349,NO,NO,NO,NO,NO
2024,320260350,NO,NO,NO,NO,NO
2024,320260351,NO,NO,NO,NO,NO
2024,320260352,NO,NO,NO,NO,NO
2024,320260353,NO,NO,NO,NO,NO
2024,320260354,NO,NO,NO,NO,NO
2024,320260355,NO,NO,NO,NO,NO
2024,320260356,NO,NO,NO,NO,NO
2024,320260358,NO,NO,NO,NO,NO
2024,320260359,NO,NO,NO,NO,NO
2024,320260360,NO,NO,NO,NO,NO
2024,320260361,NO,NO,NO,NO,NO
2024,320260362,NO,NO,NO,NO,NO
2024,320260363,NO,NO,NO,NO,NO
2024,320260365,NO,NO,NO,NO,NO
2024,320260366,NO,NO,NO,NO,NO
2024,320260367,NO,NO,NO,NO,NO
2024,320260369,NO,NO,NO,NO,NO
2024,320260370,NO,NO,NO,NO,NO
2024,320260371,NO,NO,NO,NO,NO
2024,320260372,NO,NO,NO,NO,NO
2024,320260374,NO,NO,NO,NO,NO
2024,320260375,NO,NO,NO,NO,NO
2024,320260376,NO,NO,NO,NO,NO
2024,320260377,NO,NO,NO,NO,NO
2024,320260378,NO,NO,NO,NO,NO
2024,320260379,NO,NO,NO,NO,NO
2024,320260381,NO,NO,NO,NO,NO
2024,320260382,NO,NO,NO,NO,NO
2024,320260383,NO,NO,NO,NO,NO
2024,320260384,NO,NO,NO,NO,NO
2024,320260385,NO,NO,NO,NO,NO
2024,320260386,NO,NO,NO,NO,NO
2024,320260387,NO,NO,NO,NO,NO
2024,320260390,NO,NO,NO,NO,NO
2024,320260391,NO,NO,NO,NO,NO
2024,320260392,NO,NO,NO,NO,NO
2024,320260393,NO,NO,NO,NO,NO
2024,320260394,NO,NO,NO,NO,NO
2024,320260395,NO,NO,NO,NO,NO
2024,320260396,NO,NO,NO,NO,NO
2024,320260397,NO,NO,NO,NO,NO
2024,320260398,NO,NO,NO,NO,NO
2024,320260399,NO,NO,NO,NO,NO
2024,320260400,NO,NO,NO,NO,NO
2024,320260401,NO,NO,NO,NO,NO
2024,320260402,NO,NO,NO,NO,NO
2024,320260403,NO,NO,NO,NO,NO
2024,320260404,NO,NO,NO,NO,NO
2024,320260405,NO,NO,NO,NO,NO
2024,320260406,NO,NO,NO,NO,NO
2024,320260407,NO,NO,NO,NO,NO
2024,320260408,NO,NO,NO,NO,NO
2024,320270001,NO,NO,NO,NO,NO
2024,320270002,NO,NO,NO,NO,NO
2024,320270003,NO,NO,NO,NO,NO
2024,320270004,NO,NO,NO,NO,NO
2024,320270005,NO,NO,NO,NO,NO
2024,320270006,NO,NO,NO,NO,NO
2024,320270007,NO,NO,NO,NO,NO
2024,320270008,NO,NO,NO,NO,NO
2024,320270009,NO,NO,NO,NO,NO
2024,320270010,NO,NO,NO,NO,NO
2024,320270012,NO,NO,NO,NO,NO
2024,320270013,NO,NO,NO,NO,NO
2024,320270015,NO,NO,NO,NO,NO
2024,320270016,NO,NO,NO,NO,NO
2024,320270017,NO,NO,NO,NO,NO
2024,320270018,NO,NO,NO,NO,NO
2024,320270019,NO,NO,NO,NO,NO
2024,320270020,NO,NO,NO,NO,NO
2024,320270021,NO,NO,NO,NO,NO
2024,320270022,NO,NO,NO,NO,NO
2024,320270023,NO,NO,NO,NO,NO
2024,320270024,NO,NO,NO,NO,NO
2024,320270025,NO,NO,NO,NO,NO
2024,320270026,NO,NO,NO,NO,NO
2024,320270028,NO,NO,NO,NO,NO
2024,320270035,NO,NO,NO,NO,NO
2024,320270036,NO,NO,NO,NO,NO
2024,320270038,NO,NO,NO,NO,NO
2024,320270039,NO,NO,NO,NO,NO
2024,320270041,NO,NO,NO,NO,NO
2024,320270042,NO,NO,NO,NO,NO
2024,320270043,NO,NO,NO,NO,NO
2024,320270044,NO,NO,NO,NO,NO
2024,320270045,NO,NO,NO,NO,NO
2024,320270046,NO,NO,NO,NO,NO
2024,320270047,NO,NO,NO,NO,NO
2024,320270048,NO,NO,NO,NO,NO
2024,320270049,NO,NO,NO,NO,NO
2024,320270050,NO,NO,NO,NO,NO
2024,320270051,NO,NO,NO,NO,NO
2024,320270052,NO,NO,NO,NO,NO
2024,320270053,NO,NO,NO,NO,NO
2024,320270054,NO,NO,NO,NO,NO
2024,320270055,NO,NO,NO,NO,NO
2024,320270057,NO,NO,NO,NO,NO
2024,320270059,NO,NO,NO,NO,NO
2024,320270062,NO,NO,NO,NO,NO
2024,320270063,NO,NO,NO,NO,NO
2024,320270064,NO,NO,NO,NO,NO
2024,320270065,NO,NO,NO,NO,NO
2024,320270066,NO,NO,NO,NO,NO
2024,320270067,NO,NO,NO,NO,NO
2024,320270068,NO,NO,NO,NO,NO
2024,320270069,NO,NO,NO,NO,NO
2024,320270070,NO,NO,NO,NO,NO
2024,320270071,NO,NO,NO,NO,NO
2024,320270072,NO,NO,NO,NO,NO
2024,320290001,NO,NO,NO,NO,NO
2024,320290002,NO,NO,NO,NO,NO
2024,320290003,NO,NO,NO,NO,NO
2024,320290004,NO,NO,NO,NO,NO
2024,320290005,NO,NO,NO,NO,NO
2024,320290007,NO,NO,NO,NO,NO
2024,320290008,NO,NO,NO,NO,NO
2024,320290009,NO,NO,NO,NO,NO
2024,320290011,NO,NO,NO,NO,NO
2024,320290013,NO,NO,NO,NO,NO
2024,320290014,NO,NO,NO,NO,NO
2024,320290016,NO,NO,NO,NO,NO
2024,320290017,NO,NO,NO,NO,NO
2024,320290018,NO,NO,NO,NO,NO
2024,320290019,NO,NO,NO,NO,NO
2024,320290026,NO,NO,NO,NO,NO
2024,320290027,NO,NO,NO,NO,NO
2024,320290028,NO,NO,NO,NO,NO
2024,320290029,NO,NO,NO,NO,NO
2024,320290030,NO,NO,NO,NO,NO
2024,320290031,NO,NO,NO,NO,NO
2024,320290032,NO,NO,NO,NO,NO
2024,320290033,NO,NO,NO,NO,NO
2024,320290034,NO,NO,NO,NO,NO
2024,320290035,NO,NO,NO,NO,NO
2024,320290036,NO,NO,NO,NO,NO
2024,320290037,NO,NO,NO,NO,NO
2024,320290038,NO,NO,NO,NO,NO
2024,320290039,NO,NO,NO,NO,NO
2024,320290040,NO,NO,NO,NO,NO
2024,320290041,NO,NO,NO,NO,NO
2024,320290042,NO,NO,NO,NO,NO
2024,320290043,NO,NO,NO,NO,NO
2024,320290044,NO,NO,NO,NO,NO
2024,320290045,NO,NO,NO,NO,NO
2024,320290046,NO,NO,NO,NO,NO
2024,320290047,NO,NO,NO,NO,NO
2024,320290049,NO,NO,NO,NO,NO
2024,320290050,NO,NO,NO,NO,NO
2024,320290051,NO,NO,NO,NO,NO
2024,320290053,NO,NO,NO,NO,NO
2024,320290054,NO,NO,NO,NO,NO
2024,320290055,NO,NO,NO,NO,NO
2024,320290056,NO,NO,NO,NO,NO
2024,320290057,NO,NO,NO,NO,NO
2024,320290059,NO,NO,NO,NO,NO
2024,320290060,NO,NO,NO,NO,NO
2024,320290061,NO,NO,NO,NO,NO
2024,320290062,NO,NO,NO,NO,NO
2024,320290063,NO,NO,NO,NO,NO
2024,320290064,NO,NO,NO,NO,NO
2024,320290065,NO,NO,NO,NO,NO
2024,320290067,NO,NO,NO,NO,NO
2024,320290068,NO,NO,NO,NO,NO
2024,320290070,NO,NO,NO,NO,NO
2024,320290074,NO,NO,NO,NO,NO
2024,320290077,NO,NO,NO,NO,NO
2024,320290078,NO,NO,NO,NO,NO
2024,320290079,NO,NO,NO,NO,NO
2024,320290080,NO,NO,NO,NO,NO
2024,320290081,NO,NO,NO,NO,NO
2024,320290083,NO,NO,NO,NO,NO
2024,320290084,NO,NO,NO,NO,NO
2024,320290085,NO,NO,NO,NO,NO
2024,320290086,NO,NO,NO,NO,NO
2024,320290087,NO,NO,NO,NO,NO
2024,320290088,NO,NO,NO,NO,NO
2024,320290089,NO,NO,NO,NO,NO
2024,320290090,NO,NO,NO,NO,NO
2024,320290093,NO,NO,NO,NO,NO
2024,320290094,NO,NO,NO,NO,NO
2024,320290095,NO,NO,NO,NO,NO
2024,320290096,NO,NO,NO,NO,NO
2024,320290098,NO,NO,NO,NO,NO
2024,320290099,NO,NO,NO,NO,NO
2024,320290100,NO,NO,NO,NO,NO
2024,320290103,NO,NO,NO,NO,NO
2024,320290104,NO,NO,NO,NO,NO
2024,320290105,NO,NO,NO,NO,NO
2024,320290106,NO,NO,NO,NO,NO
2024,320290107,NO,NO,NO,NO,NO
2024,320290108,NO,NO,NO,NO,NO
2024,320290109,NO,NO,NO,NO,NO
2024,320290110,NO,NO,NO,NO,NO
2024,320290111,NO,NO,NO,NO,NO
2024,320290112,NO,NO,NO,NO,NO
2024,320290113,NO,NO,NO,NO,NO
2024,320290114,NO,NO,NO,NO,NO
2024,320290115,NO,NO,NO,NO,NO
2024,320290116,NO,NO,NO,NO,NO
2024,320290117,NO,NO,NO,NO,NO
2024,320290118,NO,NO,NO,NO,NO
2024,320290119,NO,NO,NO,NO,NO
2024,320290120,NO,NO,NO,NO,NO
2024,320290121,NO,NO,NO,NO,NO
2024,320290122,NO,NO,NO,NO,NO
2024,320290123,NO,NO,NO,NO,NO
2024,320290124,NO,NO,NO,NO,NO
2024,320290125,NO,NO,NO,NO,NO
2024,320290126,NO,NO,NO,NO,NO
2024,320290127,NO,NO,NO,NO,NO
2024,320290128,NO,NO,NO,NO,NO
2024,320290129,NO,NO,NO,NO,NO
2024,320290130,NO,NO,NO,NO,NO
2024,320290131,NO,NO,NO,NO,NO
2024,320290132,NO,NO,NO,NO,NO
2024,320290133,NO,NO,NO,NO,NO
2024,320310001,NO,NO,NO,NO,NO
2024,320310002,NO,NO,NO,NO,NO
2024,320310003,NO,NO,NO,NO,NO
2024,320310004,NO,NO,NO,NO,NO
2024,320310005,NO,NO,NO,NO,NO
2024,320310008,NO,NO,NO,NO,NO
2024,320310011,NO,NO,NO,NO,NO
2024,320310012,NO,NO,NO,NO,NO
2024,320310014,NO,NO,NO,NO,NO
2024,320310015,NO,NO,NO,NO,NO
2024,320310017,NO,NO,NO,NO,NO
2024,320310018,NO,NO,NO,NO,NO
2024,320310019,NO,NO,NO,NO,NO
2024,320310020,NO,NO,NO,NO,NO
2024,320310021,NO,NO,NO,NO,NO
2024,320310022,NO,NO,NO,NO,NO
2024,320310023,NO,NO,NO,NO,NO
2024,320310024,NO,NO,NO,NO,NO
2024,320310025,NO,NO,NO,NO,NO
2024,320310026,NO,NO,NO,NO,NO
2024,320310028,NO,NO,NO,NO,NO
2024,320310029,NO,NO,NO,NO,NO
2024,320310030,NO,NO,NO,NO,NO
2024,320310031,NO,NO,NO,NO,NO
2024,320310032,NO,NO,NO,NO,NO
2024,320310034,NO,NO,NO,NO,NO
2024,320310035,NO,NO,NO,NO,NO
2024,320310037,NO,NO,NO,NO,NO
2024,320310039,NO,NO,NO,NO,NO
2024,320310040,NO,NO,NO,NO,NO
2024,320310041,NO,NO,NO,NO,NO
2024,320310042,NO,NO,NO,NO,NO
2024,320310043,NO,NO,NO,NO,NO
2024,320310044,NO,NO,NO,NO,NO
2024,320310045,NO,NO,NO,NO,NO
2024,320310047,NO,NO,NO,NO,NO
2024,320310048,NO,NO,NO,NO,NO
2024,320310049,NO,NO,NO,NO,NO
2024,320310050,NO,NO,NO,NO,NO
2024,320310051,NO,NO,NO,NO,NO
2024,320310052,NO,NO,NO,NO,NO
2024,320310053,NO,NO,NO,NO,NO
2024,320310054,NO,NO,NO,NO,NO
2024,320310055,NO,NO,NO,NO,NO
2024,320310059,NO,NO,NO,NO,NO
2024,320310060,NO,NO,NO,NO,NO
2024,320310061,NO,NO,NO,NO,NO
2024,320310062,NO,NO,NO,NO,NO
2024,320310063,NO,NO,NO,NO,NO
2024,320310064,NO,NO,NO,NO,NO
2024,320310065,NO,NO,NO,NO,NO
2024,320310066,NO,NO,NO,NO,NO
2024,320310067,NO,NO,NO,NO,NO
2024,320310068,NO,NO,NO,NO,NO
2024,320310070,NO,NO,NO,NO,NO
2024,320310071,NO,NO,NO,NO,NO
2024,320310072,NO,NO,NO,NO,NO
2024,320310073,NO,NO,NO,NO,NO
2024,320310074,NO,NO,NO,NO,NO
2024,320310075,NO,NO,NO,NO,NO
2024,320310077,NO,NO,NO,NO,NO
2024,320310078,NO,NO,NO,NO,NO
2024,320310079,NO,NO,NO,NO,NO
2024,320310080,NO,NO,NO,NO,NO
2024,320310082,NO,NO,NO,NO,NO
2024,320310083,NO,NO,NO,NO,NO
2024,320310084,NO,NO,NO,NO,NO
2024,320310085,NO,NO,NO,NO,NO
2024,320310086,NO,NO,NO,NO,NO
2024,320310087,NO,NO,NO,NO,NO
2024,320310088,NO,NO,NO,NO,NO
2024,320310089,NO,NO,NO,NO,NO
2024,320310090,NO,NO,NO,NO,NO
2024,320310091,NO,NO,NO,NO,NO
2024,320310092,NO,NO,NO,NO,NO
2024,320310093,NO,NO,NO,NO,NO
2024,320310094,NO,NO,NO,NO,NO
2024,320310095,NO,NO,NO,NO,NO
2024,320310096,NO,NO,NO,NO,NO
2024,320310097,NO,NO,NO,NO,NO
2024,320310098,NO,NO,NO,NO,NO
2024,320310099,NO,NO,NO,NO,NO
2024,320310100,NO,NO,NO,NO,NO
2024,320310101,NO,NO,NO,NO,NO
2024,320310102,NO,NO,NO,NO,NO
2024,320310103,NO,NO,NO,NO,NO
2024,320310104,NO,NO,NO,NO,NO
2024,320310105,NO,NO,NO,NO,NO
2024,320310106,NO,NO,NO,NO,NO
2024,320310107,NO,NO,NO,NO,NO
2024,320310108,NO,NO,NO,NO,NO
2024,320310109,NO,NO,NO,NO,NO
2024,320310110,NO,NO,NO,NO,NO
2024,320310111,NO,NO,NO,NO,NO
2024,320310113,NO,NO,NO,NO,NO
2024,320310114,NO,NO,NO,NO,NO
2024,320310115,NO,NO,NO,NO,NO
2024,320310117,NO,NO,NO,NO,NO
2024,320310118,NO,NO,NO,NO,NO
2024,320310119,NO,NO,NO,NO,NO
2024,320310120,NO,NO,NO,NO,NO
2024,320310121,NO,NO,NO,NO,NO
2024,320310122,NO,NO,NO,NO,NO
2024,320310123,NO,NO,NO,NO,NO
2024,320310124,NO,NO,NO,NO,NO
2024,320310125,NO,NO,NO,NO,NO
2024,320310126,NO,NO,NO,NO,NO
2024,320310127,NO,NO,NO,NO,NO
2024,320310128,NO,NO,NO,NO,NO
2024,320310134,NO,NO,NO,NO,NO
2024,320310135,NO,NO,NO,NO,NO
2024,320310138,NO,NO,NO,NO,NO
2024,320310139,NO,NO,NO,NO,NO
2024,320310140,NO,NO,NO,NO,NO
2024,320310142,NO,NO,NO,NO,NO
2024,320310143,NO,NO,NO,NO,NO
2024,320310148,NO,NO,NO,NO,NO
2024,320310149,NO,NO,NO,NO,NO
2024,320310152,NO,NO,NO,NO,NO
2024,320310154,NO,NO,NO,NO,NO
2024,320310156,NO,NO,NO,NO,NO
2024,320310159,NO,NO,NO,NO,NO
2024,320310160,NO,NO,NO,NO,NO
2024,320310162,NO,NO,NO,NO,NO
2024,320310163,NO,NO,NO,NO,NO
2024,320310164,NO,NO,NO,NO,NO
2024,320310165,NO,NO,NO,NO,NO
2024,320310167,NO,NO,NO,NO,NO
2024,320310168,NO,NO,NO,NO,NO
2024,320310169,NO,NO,NO,NO,NO
2024,320310171,NO,NO,NO,NO,NO
2024,320310172,NO,NO,NO,NO,NO
2024,320310174,NO,NO,NO,NO,NO
2024,320310175,NO,NO,NO,NO,NO
2024,320310177,NO,NO,NO,NO,NO
2024,320310178,NO,NO,NO,NO,NO
2024,320310179,NO,NO,NO,NO,NO
2024,320310180,NO,NO,NO,NO,NO
2024,320310181,NO,NO,NO,NO,NO
2024,320310182,NO,NO,NO,NO,NO
2024,320310183,NO,NO,NO,NO,NO
2024,320310184,NO,NO,NO,NO,NO
2024,320310186,NO,NO,NO,NO,NO
2024,320310190,NO,NO,NO,NO,NO
2024,320310192,NO,NO,NO,NO,NO
2024,320310193,NO,NO,NO,NO,NO
2024,320310194,NO,NO,NO,NO,NO
2024,320310195,NO,NO,NO,NO,NO
2024,320310196,NO,NO,NO,NO,NO
2024,320310197,NO,NO,NO,NO,NO
2024,320310198,NO,NO,NO,NO,NO
2024,320310199,NO,NO,NO,NO,NO
2024,320310201,NO,NO,NO,NO,NO
2024,320310207,NO,NO,NO,NO,NO
2024,320310209,NO,NO,NO,NO,NO
2024,320310210,NO,NO,NO,NO,NO
2024,320310211,NO,NO,NO,NO,NO
2024,320310212,NO,NO,NO,NO,NO
2024,320310213,NO,NO,NO,NO,NO
2024,320310214,NO,NO,NO,NO,NO
2024,320310216,NO,NO,NO,NO,NO
2024,320310217,NO,NO,NO,NO,NO
2024,320310218,NO,NO,NO,NO,NO
2024,320310219,NO,NO,NO,NO,NO
2024,320310220,NO,NO,NO,NO,NO
2024,320310221,NO,NO,NO,NO,NO
2024,320310222,NO,NO,NO,NO,NO
2024,320310225,NO,NO,NO,NO,NO
2024,320310226,NO,NO,NO,NO,NO
2024,320310227,NO,NO,NO,NO,NO
2024,320310230,NO,NO,NO,NO,NO
2024,320310232,NO,NO,NO,NO,NO
2024,320310233,NO,NO,NO,NO,NO
2024,320310234,NO,NO,NO,NO,NO
2024,320310236,NO,NO,NO,NO,NO
2024,320310237,NO,NO,NO,NO,NO
2024,320310238,NO,NO,NO,NO,NO
2024,320310240,NO,NO,NO,NO,NO
2024,320310242,NO,NO,NO,NO,NO
2024,320310247,NO,NO,NO,NO,NO
2024,320310248,NO,NO,NO,NO,NO
2024,320310250,NO,NO,NO,NO,NO
2024,320310254,NO,NO,NO,NO,NO
2024,320310259,NO,NO,NO,NO,NO
2024,320310260,NO,NO,NO,NO,NO
2024,320310261,NO,NO,NO,NO,NO
2024,320310263,NO,NO,NO,NO,NO
2024,320310265,NO,NO,NO,NO,NO
2024,320310267,NO,NO,NO,NO,NO
2024,320310268,NO,NO,NO,NO,NO
2024,320310270,NO,NO,NO,NO,NO
2024,320310271,NO,NO,NO,NO,NO
2024,320310272,NO,NO,NO,NO,NO
2024,320310273,NO,NO,NO,NO,NO
2024,320310274,NO,NO,NO,NO,NO
2024,320310275,NO,NO,NO,NO,NO
2024,320310276,NO,NO,NO,NO,NO
2024,320310281,NO,NO,NO,NO,NO
2024,320310284,NO,NO,NO,NO,NO
2024,320310285,NO,NO,NO,NO,NO
2024,320310286,NO,NO,NO,NO,NO
2024,320310287,NO,NO,NO,NO,NO
2024,320310288,NO,NO,NO,NO,NO
2024,320310290,NO,NO,NO,NO,NO
2024,320310291,NO,NO,NO,NO,NO
2024,320310292,NO,NO,NO,NO,NO
2024,320310293,NO,NO,NO,NO,NO
2024,320310294,NO,NO,NO,NO,NO
2024,320310295,NO,NO,NO,NO,NO
2024,320310296,NO,NO,NO,NO,NO
2024,320310297,NO,NO,NO,NO,NO
2024,320310298,NO,NO,NO,NO,NO
2024,320310299,NO,NO,NO,NO,NO
2024,320310300,NO,NO,NO,NO,NO
2024,320310301,NO,NO,NO,NO,NO
2024,320310302,NO,NO,NO,NO,NO
2024,320310303,NO,NO,NO,NO,NO
2024,320310304,NO,NO,NO,NO,NO
2024,320310305,NO,NO,NO,NO,NO
2024,320310306,NO,NO,NO,NO,NO
2024,320310307,NO,NO,NO,NO,NO
2024,320310308,NO,NO,NO,NO,NO
2024,320310309,NO,NO,NO,NO,NO
2024,320310310,NO,NO,NO,NO,NO
2024,320310311,NO,NO,NO,NO,NO
2024,320310312,NO,NO,NO,NO,NO
2024,320310314,NO,NO,NO,NO,NO
2024,320310315,NO,NO,NO,NO,NO
2024,320310316,NO,NO,NO,NO,NO
2024,320310317,NO,NO,NO,NO,NO
2024,320310319,NO,NO,NO,NO,NO
2024,320310320,NO,NO,NO,NO,NO
2024,320310321,NO,NO,NO,NO,NO
2024,320310322,NO,NO,NO,NO,NO
2024,320310323,NO,NO,NO,NO,NO
2024,320310324,NO,NO,NO,NO,NO
2024,320310325,NO,NO,NO,NO,NO
2024,320310326,NO,NO,NO,NO,NO
2024,320310327,NO,NO,NO,NO,NO
2024,320310328,NO,NO,NO,NO,NO
2024,320310329,NO,NO,NO,NO,NO
2024,320310330,NO,NO,NO,NO,NO
2024,320310331,NO,NO,NO,NO,NO
2024,320310332,NO,NO,NO,NO,NO
2024,320310333,NO,NO,NO,NO,NO
2024,320310334,NO,NO,NO,NO,NO
2024,320310335,NO,NO,NO,NO,NO
2024,320310336,NO,NO,NO,NO,NO
2024,320310337,NO,NO,NO,NO,NO
2024,320310338,NO,NO,NO,NO,NO
2024,320310339,NO,NO,NO,NO,NO
2024,320310340,NO,NO,NO,NO,NO
2024,320310341,NO,NO,NO,NO,NO
2024,320310342,NO,NO,NO,NO,NO
2024,320310343,NO,NO,NO,NO,NO
2024,320310344,NO,NO,NO,NO,NO
2024,320310345,NO,NO,NO,NO,NO
2024,320310346,NO,NO,NO,NO,NO
2024,320310347,NO,NO,NO,NO,NO
2024,320310348,NO,NO,NO,NO,NO
2024,320310349,NO,NO,NO,NO,NO
2024,320310350,NO,NO,NO,NO,NO
2024,320310351,NO,NO,NO,NO,NO
2024,320310352,NO,NO,NO,NO,NO
2024,320310353,NO,NO,NO,NO,NO
2024,320310354,NO,NO,NO,NO,NO
2024,320310355,NO,NO,NO,NO,NO
2024,320320001,NO,NO,NO,NO,NO
2024,320320004,NO,NO,NO,NO,NO
2024,320320010,NO,NO,NO,NO,NO
2024,320320011,NO,NO,NO,NO,NO
2024,320320012,NO,NO,NO,NO,NO
2024,320320013,NO,NO,NO,NO,NO
2024,320320014,NO,NO,NO,NO,NO
2024,320320017,NO,NO,NO,NO,NO
2024,320320021,NO,NO,NO,NO,NO
2024,320320024,NO,NO,NO,NO,NO
2024,320320025,NO,NO,NO,NO,NO
2024,320320026,NO,NO,NO,NO,NO
2024,320320027,NO,NO,NO,NO,NO
2024,320320028,NO,NO,NO,NO,NO
2024,320320029,NO,NO,NO,NO,NO
2024,320320030,NO,NO,NO,NO,NO
2024,320320031,NO,NO,NO,NO,NO
2024,320320032,NO,NO,NO,NO,NO
2024,320320033,NO,NO,NO,NO,NO
2024,320320034,NO,NO,NO,NO,NO
2024,320320035,NO,NO,NO,NO,NO
2024,320320036,NO,NO,NO,NO,NO
2024,320320037,NO,NO,NO,NO,NO
2024,320320038,NO,NO,NO,NO,NO
2024,320320039,NO,NO,NO,NO,NO
2024,320320042,NO,NO,NO,NO,NO
2024,320320049,NO,NO,NO,NO,NO
2024,320320052,NO,NO,NO,NO,NO
2024,320320053,NO,NO,NO,NO,NO
2024,320320054,NO,NO,NO,NO,NO
2024,320320055,NO,NO,NO,NO,NO
2024,320320057,NO,NO,NO,NO,NO
2024,320320058,NO,NO,NO,NO,NO
2024,320320059,NO,NO,NO,NO,NO
2024,320320060,NO,NO,NO,NO,NO
2024,320320061,NO,NO,NO,NO,NO
2024,320320062,NO,NO,NO,NO,NO
2024,320320063,NO,NO,NO,NO,NO
2024,320320064,NO,NO,NO,NO,NO
2024,320320065,NO,NO,NO,NO,NO
2024,320320066,NO,NO,NO,NO,NO
2024,320320067,NO,NO,NO,NO,NO
2024,320320068,NO,NO,NO,NO,NO
2024,320320069,NO,NO,NO,NO,NO
2024,320320070,NO,NO,NO,NO,NO
2024,320320071,NO,NO,NO,NO,NO
2024,320320072,NO,NO,NO,NO,NO
2024,320320073,NO,NO,NO,NO,NO
2024,320320074,NO,NO,NO,NO,NO
2024,320320075,NO,NO,NO,NO,NO
2024,320320076,NO,NO,NO,NO,NO
2024,320320077,NO,NO,NO,NO,NO
2024,320320078,NO,NO,NO,NO,NO
2024,320320079,NO,NO,NO,NO,NO
2024,320320080,NO,NO,NO,NO,NO
2024,320360001,NO,NO,NO,NO,NO
2024,320360002,NO,NO,NO,NO,NO
2024,320360005,NO,NO,NO,NO,NO
2024,320360006,NO,NO,NO,NO,NO
2024,320360007,NO,NO,NO,NO,NO
2024,320360008,NO,NO,NO,NO,NO
2024,320360009,NO,NO,NO,NO,NO
2024,320360010,NO,NO,NO,NO,NO
2024,320360011,NO,NO,NO,NO,NO
2024,320360012,NO,NO,NO,NO,NO
2024,320360013,NO,NO,NO,NO,NO
2024,320360014,NO,NO,NO,NO,NO
2024,320360017,NO,NO,NO,NO,NO
2024,320360018,NO,NO,NO,NO,NO
2024,320360019,NO,NO,NO,NO,NO
2024,320360021,NO,NO,NO,NO,NO
2024,320360023,NO,NO,NO,NO,NO
2024,320360024,NO,NO,NO,NO,NO
2024,320360025,NO,NO,NO,NO,NO
2024,320360026,NO,NO,NO,NO,NO
2024,320360027,NO,NO,NO,NO,NO
2024,320360028,NO,NO,NO,NO,NO
2024,320360029,NO,NO,NO,NO,NO
2024,320360030,NO,NO,NO,NO,NO
2024,320360032,NO,NO,NO,NO,NO
2024,320360033,NO,NO,NO,NO,NO
2024,320360034,NO,NO,NO,NO,NO
2024,320360035,NO,NO,NO,NO,NO
2024,320360036,NO,NO,NO,NO,NO
2024,320360037,NO,NO,NO,NO,NO
2024,320360038,NO,NO,NO,NO,NO
2024,320360039,NO,NO,NO,NO,NO
2024,320360040,NO,NO,NO,NO,NO
2024,320360041,NO,NO,NO,NO,NO
2024,320360042,NO,NO,NO,NO,NO
2024,320360043,NO,NO,NO,NO,NO
2024,320360044,NO,NO,NO,NO,NO
2024,320360045,NO,NO,NO,NO,NO
2024,320360046,NO,NO,NO,NO,NO
2024,320360047,NO,NO,NO,NO,NO
2024,320360048,NO,NO,NO,NO,NO
2024,320360049,NO,NO,NO,NO,NO
2024,320360050,NO,NO,NO,NO,NO
2024,320360051,NO,NO,NO,NO,NO
2024,320360052,NO,NO,NO,NO,NO
2024,320360054,NO,NO,NO,NO,NO
2024,320360055,NO,NO,NO,NO,NO
2024,320360056,NO,NO,NO,NO,NO
2024,320360057,NO,NO,NO,NO,NO
2024,320360060,NO,NO,NO,NO,NO
2024,320360065,NO,NO,NO,NO,NO
2024,320360067,NO,NO,NO,NO,NO
2024,320360073,NO,NO,NO,NO,NO
2024,320360080,NO,NO,NO,NO,NO
2024,320360081,NO,NO,NO,NO,NO
2024,320360083,NO,NO,NO,NO,NO
2024,320360086,NO,NO,NO,NO,NO
2024,320360087,NO,NO,NO,NO,NO
2024,320360089,NO,NO,NO,NO,NO
2024,320360091,NO,NO,NO,NO,NO
2024,320360092,NO,NO,NO,NO,NO
2024,320360093,NO,NO,NO,NO,NO
2024,320360096,NO,NO,NO,NO,NO
2024,320360098,NO,NO,NO,NO,NO
2024,320360103,NO,NO,NO,NO,NO
2024,320360106,NO,NO,NO,NO,NO
2024,320360107,NO,NO,NO,NO,NO
2024,320360108,NO,NO,NO,NO,NO
2024,320360109,NO,NO,NO,NO,NO
2024,320360123,NO,NO,NO,NO,NO
2024,320360124,NO,NO,NO,NO,NO
2024,320360126,NO,NO,NO,NO,NO
2024,320360128,NO,NO,NO,NO,NO
2024,320360129,NO,NO,NO,NO,NO
2024,320360132,NO,NO,NO,NO,NO
2024,320360133,NO,NO,NO,NO,NO
2024,320360134,NO,NO,NO,NO,NO
2024,320360135,NO,NO,NO,NO,NO
2024,320360136,NO,NO,NO,NO,NO
2024,320360138,NO,NO,NO,NO,NO
2024,320360139,NO,NO,NO,NO,NO
2024,320360140,NO,NO,NO,NO,NO
2024,320360142,NO,NO,NO,NO,NO
2024,320360143,NO,NO,NO,NO,NO
2024,320360145,NO,NO,NO,NO,NO
2024,320360146,NO,NO,NO,NO,NO
2024,320360147,NO,NO,NO,NO,NO
2024,320360148,NO,NO,NO,NO,NO
2024,320360154,NO,NO,NO,NO,NO
2024,320360155,NO,NO,NO,NO,NO
2024,320360156,NO,NO,NO,NO,NO
2024,320360157,NO,NO,NO,NO,NO
2024,320360158,NO,NO,NO,NO,NO
2024,320360159,NO,NO,NO,NO,NO
2024,320360160,NO,NO,NO,NO,NO
2024,320360161,NO,NO,NO,NO,NO
2024,320360162,NO,NO,NO,NO,NO
2024,320360163,NO,NO,NO,NO,NO
2024,320360165,NO,NO,NO,NO,NO
2024,320360166,NO,NO,NO,NO,NO
2024,320360168,NO,NO,NO,NO,NO
2024,320360174,NO,NO,NO,NO,NO
2024,320360175,NO,NO,NO,NO,NO
2024,320360176,NO,NO,NO,NO,NO
2024,320360177,NO,NO,NO,NO,NO
2024,320360180,NO,NO,NO,NO,NO
2024,320360181,NO,NO,NO,NO,NO
2024,320360182,NO,NO,NO,NO,NO
2024,320360183,NO,NO,NO,NO,NO
2024,320360184,NO,NO,NO,NO,NO
2024,320360185,NO,NO,NO,NO,NO
2024,320360186,NO,NO,NO,NO,NO
2024,320360187,NO,NO,NO,NO,NO
2024,320360188,NO,NO,NO,NO,NO
2024,320360189,NO,NO,NO,NO,NO
2024,320360190,NO,NO,NO,NO,NO
2024,320360191,NO,NO,NO,NO,NO
2024,320360192,NO,NO,NO,NO,NO
2024,320360193,NO,NO,NO,NO,NO
2024,320360194,NO,NO,NO,NO,NO
2024,320360195,NO,NO,NO,NO,NO
2024,320360196,NO,NO,NO,NO,NO
2024,320360198,NO,NO,NO,NO,NO
2024,320360199,NO,NO,NO,NO,NO
2024,320360200,NO,NO,NO,NO,NO
2024,320360201,NO,NO,NO,NO,NO
2024,320360202,NO,NO,NO,NO,NO
2024,320360203,NO,NO,NO,NO,NO
2024,320360204,NO,NO,NO,NO,NO
2024,320360205,NO,NO,NO,NO,NO
2024,320360206,NO,NO,NO,NO,NO
2024,320360207,NO,NO,NO,NO,NO
2024,320360208,NO,NO,NO,NO,NO
2024,320360209,NO,NO,NO,NO,NO
2024,320360210,NO,NO,NO,NO,NO
2024,320360211,NO,NO,NO,NO,NO
2024,320360212,NO,NO,NO,NO,NO
2024,320360213,NO,NO,NO,NO,NO
2024,320360214,NO,NO,NO,NO,NO
2024,320360215,NO,NO,NO,NO,NO
2024,320360216,NO,NO,NO,NO,NO
2024,320360217,NO,NO,NO,NO,NO
2024,320360218,NO,NO,NO,NO,NO
2024,320360219,NO,NO,NO,NO,NO
2024,320360220,NO,NO,NO,NO,NO
2024,320360221,NO,NO,NO,NO,NO
2024,320360222,NO,NO,NO,NO,NO
2024,320360223,NO,NO,NO,NO,NO
2024,320360224,NO,NO,NO,NO,NO
2024,320370001,NO,NO,NO,NO,NO
2024,320370002,NO,NO,NO,NO,NO
2024,320370003,NO,NO,NO,NO,NO
2024,320370004,NO,NO,NO,NO,NO
2024,320370005,NO,NO,NO,NO,NO
2024,320370006,NO,NO,NO,NO,NO
2024,320370007,NO,NO,NO,NO,NO
2024,320370008,NO,NO,NO,NO,NO
2024,320370010,NO,NO,NO,NO,NO
2024,320370011,NO,NO,NO,NO,NO
2024,320370013,NO,NO,NO,NO,NO
2024,320370014,NO,NO,NO,NO,NO
2024,320370015,NO,NO,NO,NO,NO
2024,320370016,NO,NO,NO,NO,NO
2024,320370017,NO,NO,NO,NO,NO
2024,320370018,NO,NO,NO,NO,NO
2024,320370020,NO,NO,NO,NO,NO
2024,320370021,NO,NO,NO,NO,NO
2024,320370023,NO,NO,NO,NO,NO
2024,320370024,NO,NO,NO,NO,NO
2024,320370025,NO,NO,NO,NO,NO
2024,320370027,NO,NO,NO,NO,NO
2024,320370028,NO,NO,NO,NO,NO
2024,320370029,NO,NO,NO,NO,NO
2024,320370030,NO,NO,NO,NO,NO
2024,320370032,NO,NO,NO,NO,NO
2024,320370033,NO,NO,NO,NO,NO
2024,320370035,NO,NO,NO,NO,NO
2024,320370037,NO,NO,NO,NO,NO
2024,320370038,NO,NO,NO,NO,NO
2024,320370041,NO,NO,NO,NO,NO
2024,320370042,NO,NO,NO,NO,NO
2024,320370043,NO,NO,NO,NO,NO
2024,320370044,NO,NO,NO,NO,NO
2024,320370045,NO,NO,NO,NO,NO
2024,320370046,NO,NO,NO,NO,NO
2024,320370050,NO,NO,NO,NO,NO
2024,320370051,NO,NO,NO,NO,NO
2024,320370052,NO,NO,NO,NO,NO
2024,320370053,NO,NO,NO,NO,NO
2024,320370054,NO,NO,NO,NO,NO
2024,320370055,NO,NO,NO,NO,NO
2024,320370057,NO,NO,NO,NO,NO
2024,320370058,NO,NO,NO,NO,NO
2024,320370059,NO,NO,NO,NO,NO
2024,320370060,NO,NO,NO,NO,NO
2024,320370061,NO,NO,NO,NO,NO
2024,320370062,NO,NO,NO,NO,NO
2024,320370070,NO,NO,NO,NO,NO
2024,320370071,NO,NO,NO,NO,NO
2024,320370072,NO,NO,NO,NO,NO
2024,320370073,NO,NO,NO,NO,NO
2024,320370074,NO,NO,NO,NO,NO
2024,320370076,NO,NO,NO,NO,NO
2024,320370078,NO,NO,NO,NO,NO
2024,320370080,NO,NO,NO,NO,NO
2024,320370083,NO,NO,NO,NO,NO
2024,320370085,NO,NO,NO,NO,NO
2024,320370086,NO,NO,NO,NO,NO
2024,320370087,NO,NO,NO,NO,NO
2024,320370093,NO,NO,NO,NO,NO
2024,320370097,NO,NO,NO,NO,NO
2024,320370099,NO,NO,NO,NO,NO
2024,320370101,NO,NO,NO,NO,NO
2024,320370102,NO,NO,NO,NO,NO
2024,320370103,NO,NO,NO,NO,NO
2024,320370112,NO,NO,NO,NO,NO
2024,320370113,NO,NO,NO,NO,NO
2024,320370114,NO,NO,NO,NO,NO
2024,320370118,NO,NO,NO,NO,NO
2024,320370119,NO,NO,NO,NO,NO
2024,320370120,NO,NO,NO,NO,NO
2024,320370121,NO,NO,NO,NO,NO
2024,320370122,NO,NO,NO,NO,NO
2024,320370123,NO,NO,NO,NO,NO
2024,320370124,NO,NO,NO,NO,NO
2024,320370125,NO,NO,NO,NO,NO
2024,320370126,NO,NO,NO,NO,NO
2024,320370127,NO,NO,NO,NO,NO
2024,320370128,NO,NO,NO,NO,NO
2024,320370129,NO,NO,NO,NO,NO
2024,320370130,NO,NO,NO,NO,NO
2024,320370131,NO,NO,NO,NO,NO
2024,320370132,NO,NO,NO,NO,NO
2024,320370133,NO,NO,NO,NO,NO
2024,320370134,NO,NO,NO,NO,NO
2024,320370135,NO,NO,NO,NO,NO
2024,320370136,NO,NO,NO,NO,NO
2024,320370137,NO,NO,NO,NO,NO
2024,320370138,NO,NO,NO,NO,NO
2024,320370139,NO,NO,NO,NO,NO
2024,320370140,NO,NO,NO,NO,NO
2024,320370141,NO,NO,NO,NO,NO
2024,320370142,NO,NO,NO,NO,NO
2024,320370143,NO,NO,NO,NO,NO
2024,320370144,NO,NO,NO,NO,NO
2024,320370145,NO,NO,NO,NO,NO
2024,320370146,NO,NO,NO,NO,NO
2024,320370147,NO,NO,NO,NO,NO
2024,320370148,NO,NO,NO,NO,NO
2024,320370149,NO,NO,NO,NO,NO
2024,320370150,NO,NO,NO,NO,NO
2024,320370151,NO,NO,NO,NO,NO
2024,320370152,NO,NO,NO,NO,NO
2024,320370153,NO,NO,NO,NO,NO
2024,320370154,NO,NO,NO,NO,NO
2024,320370155,NO,NO,NO,NO,NO
2024,320370156,NO,NO,NO,NO,NO
2024,320370157,NO,NO,NO,NO,NO
2024,320370158,NO,NO,NO,NO,NO
2024,320370159,NO,NO,NO,NO,NO
2024,320370160,NO,NO,NO,NO,NO
2024,320370161,NO,NO,NO,NO,NO
2024,320370162,NO,NO,NO,NO,NO
2024,320370163,NO,NO,NO,NO,NO
2024,320370164,NO,NO,NO,NO,NO
2024,320370165,NO,NO,NO,NO,NO
2024,320370166,NO,NO,NO,NO,NO
2024,320370167,NO,NO,NO,NO,NO
2024,320370168,NO,NO,NO,NO,NO
2024,320370169,NO,NO,NO,NO,NO
2024,320370170,NO,NO,NO,NO,NO
2024,320370171,NO,NO,NO,NO,NO
2024,320370172,NO,NO,NO,NO,NO
2024,320370173,NO,NO,NO,NO,NO
2024,320370174,NO,NO,NO,NO,NO
2024,320370175,NO,NO,NO,NO,NO
2024,320370176,NO,NO,NO,NO,NO
2024,320370177,NO,NO,NO,NO,NO
2024,320370178,NO,NO,NO,NO,NO
2024,320370179,NO,NO,NO,NO,NO
2024,320370180,NO,NO,NO,NO,NO
2024,320370181,NO,NO,NO,NO,NO
2024,320370182,NO,NO,NO,NO,NO
2024,320370183,NO,NO,NO,NO,NO
2024,320370184,NO,NO,NO,NO,NO
2024,320370185,NO,NO,NO,NO,NO
2024,320370186,NO,NO,NO,NO,NO
2024,320370187,NO,NO,NO,NO,NO
2024,320370188,NO,NO,NO,NO,NO
2024,320370189,NO,NO,NO,NO,NO
2024,320370190,NO,NO,NO,NO,NO
2024,320370191,NO,NO,NO,NO,NO
2024,320370192,NO,NO,NO,NO,NO
2024,320370193,NO,NO,NO,NO,NO
2024,320370194,NO,NO,NO,NO,NO
2024,320370195,NO,NO,NO,NO,NO
2024,320370196,NO,NO,NO,NO,NO
2024,320370197,NO,NO,NO,NO,NO
2024,320370198,NO,NO,NO,NO,NO
2024,320370199,NO,NO,NO,NO,NO
2024,320370200,NO,NO,NO,NO,NO
2024,320370201,NO,NO,NO,NO,NO
2024,320370202,NO,NO,NO,NO,NO
2024,320370203,NO,NO,NO,NO,NO
2024,320370204,NO,NO,NO,NO,NO
2024,320370205,NO,NO,NO,NO,NO
2024,320370206,NO,NO,NO,NO,NO
2024,320370207,NO,NO,NO,NO,NO
2024,320370208,NO,NO,NO,NO,NO
2024,320370209,NO,NO,NO,NO,NO
2024,320370210,NO,NO,NO,NO,NO
2024,320370211,NO,NO,NO,NO,NO
2024,320370212,NO,NO,NO,NO,NO
2024,320370213,NO,NO,NO,NO,NO
2024,320370214,NO,NO,NO,NO,NO
2024,320370215,NO,NO,NO,NO,NO
2024,320370216,NO,NO,NO,NO,NO
2024,320370217,NO,NO,NO,NO,NO
2024,320370218,NO,NO,NO,NO,NO
2024,320370219,NO,NO,NO,NO,NO
2024,320370220,NO,NO,NO,NO,NO
2024,320370221,NO,NO,NO,NO,NO
2024,320370222,NO,NO,NO,NO,NO
2024,320370223,NO,NO,NO,NO,NO
2024,320370224,NO,NO,NO,NO,NO
2024,320370225,NO,NO,NO,NO,NO
2024,320370226,NO,NO,NO,NO,NO
2024,320370227,NO,NO,NO,NO,NO
2024,320370228,NO,NO,NO,NO,NO
2024,320370229,NO,NO,NO,NO,NO
2024,320370230,NO,NO,NO,NO,NO
2024,320370231,NO,NO,NO,NO,NO
2024,320370232,NO,NO,NO,NO,NO
2024,320370233,NO,NO,NO,NO,NO
2024,320370234,NO,NO,NO,NO,NO
2024,320370235,NO,NO,NO,NO,NO
2024,320370236,NO,NO,NO,NO,NO
2024,320370237,NO,NO,NO,NO,NO
2024,320370238,NO,NO,NO,NO,NO
2024,320370239,NO,NO,NO,NO,NO
2024,320370240,NO,NO,NO,NO,NO
2024,320370241,NO,NO,NO,NO,NO
2024,320370242,NO,NO,NO,NO,NO
2024,320370243,NO,NO,NO,NO,NO
2024,320370244,NO,NO,NO,NO,NO
2024,320370245,NO,NO,NO,NO,NO
2024,320370246,NO,NO,NO,NO,NO
2024,320370247,NO,NO,NO,NO,NO
2024,320370248,NO,NO,NO,NO,NO
2024,320370249,NO,NO,NO,NO,NO
2024,320370250,NO,NO,NO,NO,NO
2024,320370251,NO,NO,NO,NO,NO
2024,320370252,NO,NO,NO,NO,NO
2024,320370253,NO,NO,NO,NO,NO
2024,320370254,NO,NO,NO,NO,NO
2024,320370255,NO,NO,NO,NO,NO
2024,320370256,NO,NO,NO,NO,NO
2024,320370257,NO,NO,NO,NO,NO
2024,320370258,NO,NO,NO,NO,NO
2024,320370259,NO,NO,NO,NO,NO
2024,320370260,NO,NO,NO,NO,NO
2024,320370261,NO,NO,NO,NO,NO
2024,320370262,NO,NO,NO,NO,NO
2024,320370263,NO,NO,NO,NO,NO
2024,320370264,NO,NO,NO,NO,NO
2024,320370265,NO,NO,NO,NO,NO
2024,320370266,NO,NO,NO,NO,NO
2024,320370267,NO,NO,NO,NO,NO
2024,320370268,NO,NO,NO,NO,NO
2024,320390001,NO,NO,NO,NO,NO
2024,320390002,NO,NO,NO,NO,NO
2024,320390003,NO,NO,NO,NO,NO
2024,320390004,NO,NO,NO,NO,NO
2024,320390005,NO,NO,NO,NO,NO
2024,320390006,NO,NO,NO,NO,NO
2024,320390007,NO,NO,NO,NO,NO
2024,320390008,NO,NO,NO,NO,NO
2024,320390009,NO,NO,NO,NO,NO
2024,320390010,NO,NO,NO,NO,NO
2024,320390011,NO,NO,NO,NO,NO
2024,320390012,NO,NO,NO,NO,NO
2024,320390013,NO,NO,NO,NO,NO
2024,320390015,NO,NO,NO,NO,NO
2024,320390017,NO,NO,NO,NO,NO
2024,320390019,NO,NO,NO,NO,NO
2024,320390020,NO,NO,NO,NO,NO
2024,320390022,NO,NO,NO,NO,NO
2024,320390024,NO,NO,NO,NO,NO
2024,320390025,NO,NO,NO,NO,NO
2024,320390026,NO,NO,NO,NO,NO
2024,320390027,NO,NO,NO,NO,NO
2024,320390029,NO,NO,NO,NO,NO
2024,320390030,NO,NO,NO,NO,NO
2024,320390031,NO,NO,NO,NO,NO
2024,320390032,NO,NO,NO,NO,NO
2024,320390033,NO,NO,NO,NO,NO
2024,320390034,NO,NO,NO,NO,NO
2024,320390037,NO,NO,NO,NO,NO
2024,320390038,NO,NO,NO,NO,NO
2024,320390039,NO,NO,NO,NO,NO
2024,320390041,NO,NO,NO,NO,NO
2024,320390050,NO,NO,NO,NO,NO
2024,320390051,NO,NO,NO,NO,NO
2024,320390052,NO,NO,NO,NO,NO
2024,320390058,NO,NO,NO,NO,NO
2024,320390059,NO,NO,NO,NO,NO
2024,320390060,NO,NO,NO,NO,NO
2024,320390061,NO,NO,NO,NO,NO
2024,320390062,NO,NO,NO,NO,NO
2024,320390063,NO,NO,NO,NO,NO
2024,320390064,NO,NO,NO,NO,NO
2024,320390065,NO,NO,NO,NO,NO
2024,320390068,NO,NO,NO,NO,NO
2024,320390070,NO,NO,NO,NO,NO
2024,320390071,NO,NO,NO,NO,NO
2024,320390073,NO,NO,NO,NO,NO
2024,320390075,NO,NO,NO,NO,NO
2024,320390076,NO,NO,NO,NO,NO
2024,320390077,NO,NO,NO,NO,NO
2024,320390078,NO,NO,NO,NO,NO
2024,320390079,NO,NO,NO,NO,NO
2024,320390080,NO,NO,NO,NO,NO
2024,320390081,NO,NO,NO,NO,NO
2024,320390082,NO,NO,NO,NO,NO
2024,320390084,NO,NO,NO,NO,NO
2024,320390085,NO,NO,NO,NO,NO
2024,320390087,NO,NO,NO,NO,NO
2024,320390088,NO,NO,NO,NO,NO
2024,320390089,NO,NO,NO,NO,NO
2024,320390090,NO,NO,NO,NO,NO
2024,320390092,NO,NO,NO,NO,NO
2024,320390093,NO,NO,NO,NO,NO
2024,320390094,NO,NO,NO,NO,NO
2024,320390095,NO,NO,NO,NO,NO
2024,320390096,NO,NO,NO,NO,NO
2024,320390097,NO,NO,NO,NO,NO
2024,320390098,NO,NO,NO,NO,NO
2024,320390099,NO,NO,NO,NO,NO
2024,320390100,NO,NO,NO,NO,NO
2024,320390101,NO,NO,NO,NO,NO
2024,320390102,NO,NO,NO,NO,NO
2024,320390103,NO,NO,NO,NO,NO
2024,320390104,NO,NO,NO,NO,NO
2024,320390105,NO,NO,NO,NO,NO
2024,320390106,NO,NO,NO,NO,NO
2024,320390107,NO,NO,NO,NO,NO
2024,320390108,NO,NO,NO,NO,NO
2024,320390109,NO,NO,NO,NO,NO
2024,320390110,NO,NO,NO,NO,NO
2024,320390111,NO,NO,NO,NO,NO
2024,320390112,NO,NO,NO,NO,NO
2024,320390113,NO,NO,NO,NO,NO
2024,320390114,NO,NO,NO,NO,NO
2024,320390115,NO,NO,NO,NO,NO
2024,320390116,NO,NO,NO,NO,NO
2024,320390117,NO,NO,NO,NO,NO
2024,320390118,NO,NO,NO,NO,NO
2024,320390119,NO,NO,NO,NO,NO
2024,320390120,NO,NO,NO,NO,NO
2024,320390121,NO,NO,NO,NO,NO
2024,320390122,NO,NO,NO,NO,NO
2024,320390123,NO,NO,NO,NO,NO
2024,320390124,NO,NO,NO,NO,NO
2024,320390125,NO,NO,NO,NO,NO
2024,320390126,NO,NO,NO,NO,NO
2024,320390127,NO,NO,NO,NO,NO
2024,320390128,NO,NO,NO,NO,NO
2024,320390129,NO,NO,NO,NO,NO
2024,320390130,NO,NO,NO,NO,NO
2024,320390131,NO,NO,NO,NO,NO
2024,320390132,NO,NO,NO,NO,NO
2024,320390133,NO,NO,NO,NO,NO
2024,320390134,NO,NO,NO,NO,NO
2024,320390135,NO,NO,NO,NO,NO
2024,320390136,NO,NO,NO,NO,NO
2024,320390137,NO,NO,NO,NO,NO
2024,320390138,NO,NO,NO,NO,NO
2024,320390139,NO,NO,NO,NO,NO
2024,320390140,NO,NO,NO,NO,NO
2024,320400001,NO,NO,NO,NO,NO
2024,320400005,NO,NO,NO,NO,NO
2024,320400006,NO,NO,NO,NO,NO
2024,320400009,NO,NO,NO,NO,NO
2024,320400010,NO,NO,NO,NO,NO
2024,320400011,NO,NO,NO,NO,NO
2024,320400012,NO,NO,NO,NO,NO
2024,320400014,NO,NO,NO,NO,NO
2024,320400015,NO,NO,NO,NO,NO
2024,320400016,NO,NO,NO,NO,NO
2024,320400017,NO,NO,NO,NO,NO
2024,320400018,NO,NO,NO,NO,NO
2024,320400019,NO,NO,NO,NO,NO
2024,320400020,NO,NO,NO,NO,NO
2024,320400021,NO,NO,NO,NO,NO
2024,320400022,NO,NO,NO,NO,NO
2024,320400023,NO,NO,NO,NO,NO
2024,320400024,NO,NO,NO,NO,NO
2024,320400025,NO,NO,NO,NO,NO
2024,320400026,NO,NO,NO,NO,NO
2024,320400027,NO,NO,NO,NO,NO
2024,320400028,NO,NO,NO,NO,NO
2024,320400030,NO,NO,NO,NO,NO
2024,320400031,NO,NO,NO,NO,NO
2024,320400032,NO,NO,NO,NO,NO
2024,320400033,NO,NO,NO,NO,NO
2024,320400034,NO,NO,NO,NO,NO
2024,320400035,NO,NO,NO,NO,NO
2024,320400036,NO,NO,NO,NO,NO
2024,320400037,NO,NO,NO,NO,NO
2024,320400038,NO,NO,NO,NO,NO
2024,320400039,NO,NO,NO,NO,NO
2024,320400040,NO,NO,NO,NO,NO
2024,320400041,NO,NO,NO,NO,NO
2024,320400042,NO,NO,NO,NO,NO
2024,320400043,NO,NO,NO,NO,NO
2024,320400044,NO,NO,NO,NO,NO
2024,320400045,NO,NO,NO,NO,NO
2024,320400046,NO,NO,NO,NO,NO
2024,320400047,NO,NO,NO,NO,NO
2024,320400049,NO,NO,NO,NO,NO
2024,320400050,NO,NO,NO,NO,NO
2024,320400051,NO,NO,NO,NO,NO
2024,320400052,NO,NO,NO,NO,NO
2024,320400053,NO,NO,NO,NO,NO
2024,320400054,NO,NO,NO,NO,NO
2024,320400055,NO,NO,NO,NO,NO
2024,320400057,NO,NO,NO,NO,NO
2024,320400058,NO,NO,NO,NO,NO
2024,320400059,NO,NO,NO,NO,NO
2024,320400060,NO,NO,NO,NO,NO
2024,320400061,NO,NO,NO,NO,NO
2024,320400062,NO,NO,NO,NO,NO
2024,320400064,NO,NO,NO,NO,NO
2024,320400065,NO,NO,NO,NO,NO
2024,320400066,NO,NO,NO,NO,NO
2024,320400067,NO,NO,NO,NO,NO
2024,320400068,NO,NO,NO,NO,NO
2024,320400070,NO,NO,NO,NO,NO
2024,320400072,NO,NO,NO,NO,NO
2024,320400073,NO,NO,NO,NO,NO
2024,320400076,NO,NO,NO,NO,NO
2024,320400077,NO,NO,NO,NO,NO
2024,320400078,NO,NO,NO,NO,NO
2024,320400079,NO,NO,NO,NO,NO
2024,320400082,NO,NO,NO,NO,NO
2024,320400083,NO,NO,NO,NO,NO
2024,320400084,NO,NO,NO,NO,NO
2024,320400085,NO,NO,NO,NO,NO
2024,320400086,NO,NO,NO,NO,NO
2024,320400087,NO,NO,NO,NO,NO
2024,320400088,NO,NO,NO,NO,NO
2024,320400089,NO,NO,NO,NO,NO
2024,320400090,NO,NO,NO,NO,NO
2024,320400091,NO,NO,NO,NO,NO
2024,320400092,NO,NO,NO,NO,NO
2024,320400093,NO,NO,NO,NO,NO
2024,320400094,NO,NO,NO,NO,NO
2024,320400096,NO,NO,NO,NO,NO
2024,320400097,NO,NO,NO,NO,NO
2024,320400098,NO,NO,NO,NO,NO
2024,320400099,NO,NO,NO,NO,NO
2024,320400100,NO,NO,NO,NO,NO
2024,320400101,NO,NO,NO,NO,NO
2024,320400102,NO,NO,NO,NO,NO
2024,320400103,NO,NO,NO,NO,NO
2024,320400104,NO,NO,NO,NO,NO
2024,320400105,NO,NO,NO,NO,NO
2024,320400106,NO,NO,NO,NO,NO
2024,320400107,NO,NO,NO,NO,NO
2024,320400108,NO,NO,NO,NO,NO
2024,320400109,NO,NO,NO,NO,NO
2024,320400110,NO,NO,NO,NO,NO
2024,320400111,NO,NO,NO,NO,NO
2024,320400112,NO,NO,NO,NO,NO
2024,320400113,NO,NO,NO,NO,NO
2024,320400114,NO,NO,NO,NO,NO
2024,320400115,NO,NO,NO,NO,NO
2024,320400116,NO,NO,NO,NO,NO
2024,320400117,NO,NO,NO,NO,NO
2024,320400118,NO,NO,NO,NO,NO
2024,320410001,NO,NO,NO,NO,NO
2024,320410002,NO,NO,NO,NO,NO
2024,320410003,NO,NO,NO,NO,NO
2024,320410004,NO,NO,NO,NO,NO
2024,320410005,NO,NO,NO,NO,NO
2024,320410006,NO,NO,NO,NO,NO
2024,320410007,NO,NO,NO,NO,NO
2024,320410008,NO,NO,NO,NO,NO
2024,320410010,NO,NO,NO,NO,NO
2024,320410014,NO,NO,NO,NO,NO
2024,320410018,NO,NO,NO,NO,NO
2024,320410019,NO,NO,NO,NO,NO
2024,320410023,NO,NO,NO,NO,NO
2024,320410024,NO,NO,NO,NO,NO
2024,320410025,NO,NO,NO,NO,NO
2024,320410026,NO,NO,NO,NO,NO
2024,320410033,NO,NO,NO,NO,NO
2024,320410034,NO,NO,NO,NO,NO
2024,320410037,NO,NO,NO,NO,NO
2024,320410038,NO,NO,NO,NO,NO
2024,320410041,NO,NO,NO,NO,NO
2024,320410043,NO,NO,NO,NO,NO
2024,320410045,NO,NO,NO,NO,NO
2024,320410046,NO,NO,NO,NO,NO
2024,320410047,NO,NO,NO,NO,NO
2024,320410049,NO,NO,NO,NO,NO
2024,320410050,NO,NO,NO,NO,NO
2024,320410054,NO,NO,NO,NO,NO
2024,320410057,NO,NO,NO,NO,NO
2024,320410058,NO,NO,NO,NO,NO
2024,320410059,NO,NO,NO,NO,NO
2024,320410060,NO,NO,NO,NO,NO
2024,320410061,NO,NO,NO,NO,NO
2024,320410062,NO,NO,NO,NO,NO
2024,320410064,NO,NO,NO,NO,NO
2024,320410065,NO,NO,NO,NO,NO
2024,320410066,NO,NO,NO,NO,NO
2024,320410067,NO,NO,NO,NO,NO
2024,320410068,NO,NO,NO,NO,NO
2024,320410070,NO,NO,NO,NO,NO
2024,320410071,NO,NO,NO,NO,NO
2024,320410072,NO,NO,NO,NO,NO
2024,320410073,NO,NO,NO,NO,NO
2024,320410077,NO,NO,NO,NO,NO
2024,320410078,NO,NO,NO,NO,NO
2024,320410079,NO,NO,NO,NO,NO
2024,320410080,NO,NO,NO,NO,NO
2024,320410081,NO,NO,NO,NO,NO
2024,320410082,NO,NO,NO,NO,NO
2024,320410084,NO,NO,NO,NO,NO
2024,320410085,NO,NO,NO,NO,NO
2024,320410086,NO,NO,NO,NO,NO
2024,320410087,NO,NO,NO,NO,NO
2024,320410088,NO,NO,NO,NO,NO
2024,320410089,NO,NO,NO,NO,NO
2024,320410090,NO,NO,NO,NO,NO
2024,320410091,NO,NO,NO,NO,NO
2024,320410092,NO,NO,NO,NO,NO
2024,320410093,NO,NO,NO,NO,NO
2024,320410094,NO,NO,NO,NO,NO
2024,320410095,NO,NO,NO,NO,NO
2024,320420001,NO,NO,NO,NO,NO
2024,320420002,NO,NO,NO,NO,NO
2024,320420003,NO,NO,NO,NO,NO
2024,320420004,NO,NO,NO,NO,NO
2024,320420005,NO,NO,NO,NO,NO
2024,320420007,NO,NO,NO,NO,NO
2024,320420008,NO,NO,NO,NO,NO
2024,320420010,NO,NO,NO,NO,NO
2024,320420011,NO,NO,NO,NO,NO
2024,320420013,NO,NO,NO,NO,NO
2024,320420014,NO,NO,NO,NO,NO
2024,320420018,NO,NO,NO,NO,NO
2024,320420019,NO,NO,NO,NO,NO
2024,320420021,NO,NO,NO,NO,NO
2024,320420022,NO,NO,NO,NO,NO
2024,320420024,NO,NO,NO,NO,NO
2024,320420025,NO,NO,NO,NO,NO
2024,320420026,NO,NO,NO,NO,NO
2024,320420027,NO,NO,NO,NO,NO
2024,320420028,NO,NO,NO,NO,NO
2024,320420030,NO,NO,NO,NO,NO
2024,320420032,NO,NO,NO,NO,NO
2024,320420033,NO,NO,NO,NO,NO
2024,320420034,NO,NO,NO,NO,NO
2024,320420035,NO,NO,NO,NO,NO
2024,320420036,NO,NO,NO,NO,NO
2024,320420037,NO,NO,NO,NO,NO
2024,320420038,NO,NO,NO,NO,NO
2024,320420039,NO,NO,NO,NO,NO
2024,320420040,NO,NO,NO,NO,NO
2024,320420041,NO,NO,NO,NO,NO
2024,320420042,NO,NO,NO,NO,NO
2024,320420044,NO,NO,NO,NO,NO
2024,320420046,NO,NO,NO,NO,NO
2024,320420047,NO,NO,NO,NO,NO
2024,320420048,NO,NO,NO,NO,NO
2024,320420049,NO,NO,NO,NO,NO
2024,320420050,NO,NO,NO,NO,NO
2024,320420051,NO,NO,NO,NO,NO
2024,320420052,NO,NO,NO,NO,NO
2024,320420053,NO,NO,NO,NO,NO
2024,320420054,NO,NO,NO,NO,NO
2024,320420056,NO,NO,NO,NO,NO
2024,320420058,NO,NO,NO,NO,NO
2024,320420059,NO,NO,NO,NO,NO
2024,320420060,NO,NO,NO,NO,NO
2024,320420061,NO,NO,NO,NO,NO
2024,320420062,NO,NO,NO,NO,NO
2024,320420063,NO,NO,NO,NO,NO
2024,320420064,NO,NO,NO,NO,NO
2024,320420065,NO,NO,NO,NO,NO
2024,320420066,NO,NO,NO,NO,NO
2024,320420067,NO,NO,NO,NO,NO
2024,320420068,NO,NO,NO,NO,NO
2024,320420069,NO,NO,NO,NO,NO
2024,320420071,NO,NO,NO,NO,NO
2024,320420073,NO,NO,NO,NO,NO
2024,320420074,NO,NO,NO,NO,NO
2024,320420075,NO,NO,NO,NO,NO
2024,320420076,NO,NO,NO,NO,NO
2024,320420079,NO,NO,NO,NO,NO
2024,320420080,NO,NO,NO,NO,NO
2024,320420081,NO,NO,NO,NO,NO
2024,320420082,NO,NO,NO,NO,NO
2024,320420084,NO,NO,NO,NO,NO
2024,320420085,NO,NO,NO,NO,NO
2024,320420086,NO,NO,NO,NO,NO
2024,320420088,NO,NO,NO,NO,NO
2024,320420089,NO,NO,NO,NO,NO
2024,320420090,NO,NO,NO,NO,NO
2024,320420091,NO,NO,NO,NO,NO
2024,320420092,NO,NO,NO,NO,NO
2024,320420094,NO,NO,NO,NO,NO
2024,320420095,NO,NO,NO,NO,NO
2024,320420096,NO,NO,NO,NO,NO
2024,320420097,NO,NO,NO,NO,NO
2024,320420098,NO,NO,NO,NO,NO
2024,320420099,NO,NO,NO,NO,NO
2024,320420100,NO,NO,NO,NO,NO
2024,320420102,NO,NO,NO,NO,NO
2024,320420103,NO,NO,NO,NO,NO
2024,320420104,NO,NO,NO,NO,NO
2024,320420105,NO,NO,NO,NO,NO
2024,320420106,NO,NO,NO,NO,NO
2024,320420107,NO,NO,NO,NO,NO
2024,320420108,NO,NO,NO,NO,NO
2024,320420109,NO,NO,NO,NO,NO
2024,320420110,NO,NO,NO,NO,NO
2024,320420111,NO,NO,NO,NO,NO
2024,320420112,NO,NO,NO,NO,NO
2024,320420113,NO,NO,NO,NO,NO
2024,320420114,NO,NO,NO,NO,NO
2024,320420115,NO,NO,NO,NO,NO
2024,320420116,NO,NO,NO,NO,NO
2024,320420117,NO,NO,NO,NO,NO
2024,320420119,NO,NO,NO,NO,NO
2024,320420120,NO,NO,NO,NO,NO
2024,320420121,NO,NO,NO,NO,NO
2024,320420122,NO,NO,NO,NO,NO
2024,320420123,NO,NO,NO,NO,NO
2024,320420124,NO,NO,NO,NO,NO
2024,320420125,NO,NO,NO,NO,NO
2024,320420126,NO,NO,NO,NO,NO
2024,320420128,NO,NO,NO,NO,NO
2024,320420129,NO,NO,NO,NO,NO
2024,320420130,NO,NO,NO,NO,NO
2024,320420131,NO,NO,NO,NO,NO
2024,320420133,NO,NO,NO,NO,NO
2024,320420134,NO,NO,NO,NO,NO
2024,320420135,NO,NO,NO,NO,NO
2024,320420137,NO,NO,NO,NO,NO
2024,320420138,NO,NO,NO,NO,NO
2024,320420139,NO,NO,NO,NO,NO
2024,320420140,NO,NO,NO,NO,NO
2024,320420142,NO,NO,NO,NO,NO
2024,320420143,NO,NO,NO,NO,NO
2024,320420144,NO,NO,NO,NO,NO
2024,320420145,NO,NO,NO,NO,NO
2024,320420146,NO,NO,NO,NO,NO
2024,320420147,NO,NO,NO,NO,NO
2024,320420148,NO,NO,NO,NO,NO
2024,320420150,NO,NO,NO,NO,NO
2024,320420152,NO,NO,NO,NO,NO
2024,320420153,NO,NO,NO,NO,NO
2024,320420154,NO,NO,NO,NO,NO
2024,320420155,NO,NO,NO,NO,NO
2024,320420156,NO,NO,NO,NO,NO
2024,320420157,NO,NO,NO,NO,NO
2024,320420158,NO,NO,NO,NO,NO
2024,320420160,NO,NO,NO,NO,NO
2024,320420162,NO,NO,NO,NO,NO
2024,320420164,NO,NO,NO,NO,NO
2024,320420165,NO,NO,NO,NO,NO
2024,320420166,NO,NO,NO,NO,NO
2024,320420170,NO,NO,NO,NO,NO
2024,320420172,NO,NO,NO,NO,NO
2024,320420174,NO,NO,NO,NO,NO
2024,320420175,NO,NO,NO,NO,NO
2024,320420176,NO,NO,NO,NO,NO
2024,320420177,NO,NO,NO,NO,NO
2024,320420178,NO,NO,NO,NO,NO
2024,320420180,NO,NO,NO,NO,NO
2024,320420185,NO,NO,NO,NO,NO
2024,320420186,NO,NO,NO,NO,NO
2024,320420188,NO,NO,NO,NO,NO
2024,320420189,NO,NO,NO,NO,NO
2024,320420190,NO,NO,NO,NO,NO
2024,320420193,NO,NO,NO,NO,NO
2024,320420194,NO,NO,NO,NO,NO
2024,320420195,NO,NO,NO,NO,NO
2024,320420196,NO,NO,NO,NO,NO
2024,320420199,NO,NO,NO,NO,NO
2024,320420201,NO,NO,NO,NO,NO
2024,320420202,NO,NO,NO,NO,NO
2024,320420203,NO,NO,NO,NO,NO
2024,320420207,NO,NO,NO,NO,NO
2024,320420211,NO,NO,NO,NO,NO
2024,320420212,NO,NO,NO,NO,NO
2024,320420215,NO,NO,NO,NO,NO
2024,320420218,NO,NO,NO,NO,NO
2024,320420219,NO,NO,NO,NO,NO
2024,320420224,NO,NO,NO,NO,NO
2024,320420227,NO,NO,NO,NO,NO
2024,320420228,NO,NO,NO,NO,NO
2024,320420243,NO,NO,NO,NO,NO
2024,320420244,NO,NO,NO,NO,NO
2024,320420245,NO,NO,NO,NO,NO
2024,320420246,NO,NO,NO,NO,NO
2024,320420249,NO,NO,NO,NO,NO
2024,320420241,NO,NO,NO,NO,NO
2024,320420242,NO,NO,NO,NO,NO
2024,320420243,NO,NO,NO,NO,NO
2024,320420244,NO,NO,NO,NO,NO
2024,320420246,NO,NO,NO,NO,NO
2024,320420250,NO,NO,NO,NO,NO
2024,320420251,NO,NO,NO,NO,NO
2024,320420253,NO,NO,NO,NO,NO
2024,320420254,NO,NO,NO,NO,NO
2024,320420255,NO,NO,NO,NO,NO
2024,320420256,NO,NO,NO,NO,NO
2024,320420259,NO,NO,NO,NO,NO
2024,320420261,NO,NO,NO,NO,NO
2024,320420262,NO,NO,NO,NO,NO
2024,320420263,NO,NO,NO,NO,NO
2024,320420264,NO,NO,NO,NO,NO
2024,320420265,NO,NO,NO,NO,NO
2024,320420267,NO,NO,NO,NO,NO
2024,320420269,NO,NO,NO,NO,NO
2024,320420270,NO,NO,NO,NO,NO
2024,320420271,NO,NO,NO,NO,NO
2024,320420272,NO,NO,NO,NO,NO
2024,320420274,NO,NO,NO,NO,NO
2024,320420275,NO,NO,NO,NO,NO
2024,320420276,NO,NO,NO,NO,NO
2024,320420277,NO,NO,NO,NO,NO
2024,320420278,NO,NO,NO,NO,NO
2024,320420279,NO,NO,NO,NO,NO
2024,320420280,NO,NO,NO,NO,NO
2024,320420281,NO,NO,NO,NO,NO
2024,320420282,NO,NO,NO,NO,NO
2024,320420283,NO,NO,NO,NO,NO
2024,320420284,NO,NO,NO,NO,NO
2024,320420285,NO,NO,NO,NO,NO
2024,320420286,NO,NO,NO,NO,NO
2024,320420287,NO,NO,NO,NO,NO
2024,320420288,NO,NO,NO,NO,NO
2024,320420289,NO,NO,NO,NO,NO
2024,320420290,NO,NO,NO,NO,NO
2024,320420291,NO,NO,NO,NO,NO
2024,320420292,NO,NO,NO,NO,NO
2024,320420293,NO,NO,NO,NO,NO
2024,320420294,NO,NO,NO,NO,NO
2024,320420297,NO,NO,NO,NO,NO
2024,320420299,NO,NO,NO,NO,NO
2024,320420300,NO,NO,NO,NO,NO
2024,320420301,NO,NO,NO,NO,NO
2024,320420305,NO,NO,NO,NO,NO
2024,320420306,NO,NO,NO,NO,NO
2024,320420307,NO,NO,NO,NO,NO
2024,320420309,NO,NO,NO,NO,NO
2024,320420310,NO,NO,NO,NO,NO
2024,320420311,NO,NO,NO,NO,NO
2024,320420312,NO,NO,NO,NO,NO
2024,320420313,NO,NO,NO,NO,NO
2024,320420314,NO,NO,NO,NO,NO
2024,320420315,NO,NO,NO,NO,NO
2024,320420316,NO,NO,NO,NO,NO
2024,320420317,NO,NO,NO,NO,NO
2024,320420318,NO,NO,NO,NO,NO
2024,320420319,NO,NO,NO,NO,NO
2024,320420320,NO,NO,NO,NO,NO
2024,320420321,NO,NO,NO,NO,NO
2024,320420322,NO,NO,NO,NO,NO
2024,320420323,NO,NO,NO,NO,NO
2024,320420324,NO,NO,NO,NO,NO
2024,320420325,NO,NO,NO,NO,NO
2024,320420326,NO,NO,NO,NO,NO
2024,320420327,NO,NO,NO,NO,NO
2024,320420329,NO,NO,NO,NO,NO
2024,320420330,NO,NO,NO,NO,NO
2024,320420331,NO,NO,NO,NO,NO
2024,320420332,NO,NO,NO,NO,NO
2024,320420333,NO,NO,NO,NO,NO
2024,320420334,NO,NO,NO,NO,NO
2024,320420335,NO,NO,NO,NO,NO
2024,320420336,NO,NO,NO,NO,NO
2024,320420338,NO,NO,NO,NO,NO
2024,320420339,NO,NO,NO,NO,NO
2024,320420340,NO,NO,NO,NO,NO
2024,320420341,NO,NO,NO,NO,NO
2024,320420342,NO,NO,NO,NO,NO
2024,320420343,NO,NO,NO,NO,NO
2024,320420345,NO,NO,NO,NO,NO
2024,320420346,NO,NO,NO,NO,NO
2024,320420347,NO,NO,NO,NO,NO
2024,320420348,NO,NO,NO,NO,NO
2024,320420349,NO,NO,NO,NO,NO
2024,320420350,NO,NO,NO,NO,NO
2024,320420351,NO,NO,NO,NO,NO
2024,320420352,NO,NO,NO,NO,NO
2024,320420353,NO,NO,NO,NO,NO
2024,320420354,NO,NO,NO,NO,NO
2024,320420355,NO,NO,NO,NO,NO
2024,320420356,NO,NO,NO,NO,NO
2024,320420357,NO,NO,NO,NO,NO
2024,320420359,NO,NO,NO,NO,NO
2024,320420360,NO,NO,NO,NO,NO
2024,320420361,NO,NO,NO,NO,NO
2024,320420362,NO,NO,NO,NO,NO
2024,320420363,NO,NO,NO,NO,NO
2024,320420364,NO,NO,NO,NO,NO
2024,320420365,NO,NO,NO,NO,NO
2024,320420366,NO,NO,NO,NO,NO
2024,320420367,NO,NO,NO,NO,NO
2024,320420368,NO,NO,NO,NO,NO
2024,320420369,NO,NO,NO,NO,NO
2024,320420370,NO,NO,NO,NO,NO
2024,320420371,NO,NO,NO,NO,NO
2024,320420372,NO,NO,NO,NO,NO
2024,320420373,NO,NO,NO,NO,NO
2024,320420374,NO,NO,NO,NO,NO
2024,320420375,NO,NO,NO,NO,NO
2024,320420376,NO,NO,NO,NO,NO
2024,320420377,NO,NO,NO,NO,NO
2024,320420378,NO,NO,NO,NO,NO
2024,320420379,NO,NO,NO,NO,NO
2024,320420380,NO,NO,NO,NO,NO
2024,320420381,NO,NO,NO,NO,NO
2024,320420382,NO,NO,NO,NO,NO
2024,320420383,NO,NO,NO,NO,NO
2024,320420384,NO,NO,NO,NO,NO
2024,320420385,NO,NO,NO,NO,NO
2024,320420386,NO,NO,NO,NO,NO
2024,320420387,NO,NO,NO,NO,NO
2024,320420388,NO,NO,NO,NO,NO
2024,320420389,NO,NO,NO,NO,NO
2024,320420390,NO,NO,NO,NO,NO
2024,320420391,NO,NO,NO,NO,NO
2024,320420392,NO,NO,NO,NO,NO
2024,320430001,NO,NO,NO,NO,NO
2024,320430003,NO,NO,NO,NO,NO
2024,320430004,NO,NO,NO,NO,NO
2024,320430005,NO,NO,NO,NO,NO
2024,320430006,NO,NO,NO,NO,NO
2024,320430008,NO,NO,NO,NO,NO
2024,320430009,NO,NO,NO,NO,NO
2024,320430011,NO,NO,NO,NO,NO
2024,320430013,NO,NO,NO,NO,NO
2024,320430014,NO,NO,NO,NO,NO
2024,320430015,NO,NO,NO,NO,NO
2024,320430016,NO,NO,NO,NO,NO
2024,320430017,NO,NO,NO,NO,NO
2024,320430018,NO,NO,NO,NO,NO
2024,320430019,NO,NO,NO,NO,NO
2024,320430020,NO,NO,NO,NO,NO
2024,320430021,NO,NO,NO,NO,NO
2024,320460001,NO,NO,NO,NO,NO
2024,320460002,NO,NO,NO,NO,NO
2024,320460003,NO,NO,NO,NO,NO
2024,320460004,NO,NO,NO,NO,NO
2024,320460005,NO,NO,NO,NO,NO
2024,320460006,NO,NO,NO,NO,NO
2024,320460007,NO,NO,NO,NO,NO
2024,320460008,NO,NO,NO,NO,NO
2024,320460009,NO,NO,NO,NO,NO
2024,320460010,NO,NO,NO,NO,NO
2024,320460011,NO,NO,NO,NO,NO
2024,320460013,NO,NO,NO,NO,NO
2024,320460014,NO,NO,NO,NO,NO
2024,320460015,NO,NO,NO,NO,NO
2024,320460017,NO,NO,NO,NO,NO
2024,320460018,NO,NO,NO,NO,NO
2024,320460020,NO,NO,NO,NO,NO
2024,320460021,NO,NO,NO,NO,NO
2024,320460022,NO,NO,NO,NO,NO
2024,320460023,NO,NO,NO,NO,NO
2024,320460024,NO,NO,NO,NO,NO
2024,320460025,NO,NO,NO,NO,NO
2024,320460026,NO,NO,NO,NO,NO
2024,320460027,NO,NO,NO,NO,NO
2024,320460028,NO,NO,NO,NO,NO
2024,320460029,NO,NO,NO,NO,NO
2024,320460030,NO,NO,NO,NO,NO
2024,320460035,NO,NO,NO,NO,NO
2024,320460036,NO,NO,NO,NO,NO
2024,320460037,NO,NO,NO,NO,NO
2024,320460038,NO,NO,NO,NO,NO
2024,320460039,NO,NO,NO,NO,NO
2024,320460040,NO,NO,NO,NO,NO
2024,320460042,NO,NO,NO,NO,NO
2024,320460043,NO,NO,NO,NO,NO
2024,320460045,NO,NO,NO,NO,NO
2024,320460046,NO,NO,NO,NO,NO
2024,320460047,NO,NO,NO,NO,NO
2024,320460049,NO,NO,NO,NO,NO
2024,320460051,NO,NO,NO,NO,NO
2024,320460052,NO,NO,NO,NO,NO
2024,320460053,NO,NO,NO,NO,NO
2024,320460055,NO,NO,NO,NO,NO
2024,320460056,NO,NO,NO,NO,NO
2024,320460057,NO,NO,NO,NO,NO
2024,320460059,NO,NO,NO,NO,NO
2024,320460062,NO,NO,NO,NO,NO
2024,320460067,NO,NO,NO,NO,NO
2024,320460068,NO,NO,NO,NO,NO
2024,320460072,NO,NO,NO,NO,NO
2024,320460073,NO,NO,NO,NO,NO
2024,320460078,NO,NO,NO,NO,NO
2024,320460079,NO,NO,NO,NO,NO
2024,320460080,NO,NO,NO,NO,NO
2024,320460082,NO,NO,NO,NO,NO
2024,320460083,NO,NO,NO,NO,NO
2024,320460084,NO,NO,NO,NO,NO
2024,320460085,NO,NO,NO,NO,NO
2024,320460086,NO,NO,NO,NO,NO
2024,320460087,NO,NO,NO,NO,NO
2024,320460088,NO,NO,NO,NO,NO
2024,320460089,NO,NO,NO,NO,NO
2024,320460090,NO,NO,NO,NO,NO
2024,320460091,NO,NO,NO,NO,NO
2024,320460092,NO,NO,NO,NO,NO
2024,320460093,NO,NO,NO,NO,NO
2024,320460094,NO,NO,NO,NO,NO
2024,320460095,NO,NO,NO,NO,NO
2024,320460096,NO,NO,NO,NO,NO
2024,320460097,NO,NO,NO,NO,NO
2024,320460098,NO,NO,NO,NO,NO
2024,320460099,NO,NO,NO,NO,NO
2024,320460100,NO,NO,NO,NO,NO
2024,320460101,NO,NO,NO,NO,NO
2024,320460102,NO,NO,NO,NO,NO
2024,320460103,NO,NO,NO,NO,NO
2024,320460104,NO,NO,NO,NO,NO
2024,320460105,NO,NO,NO,NO,NO
2024,320460106,NO,NO,NO,NO,NO
2024,320460107,NO,NO,NO,NO,NO
2024,320460108,NO,NO,NO,NO,NO
2024,320460109,NO,NO,NO,NO,NO
2024,320460110,NO,NO,NO,NO,NO
2024,320460111,NO,NO,NO,NO,NO
2024,320460112,NO,NO,NO,NO,NO
2024,320490001,NO,NO,NO,NO,NO
2024,320490002,NO,NO,NO,NO,NO
2024,320490003,NO,NO,NO,NO,NO
2024,320490004,NO,NO,NO,NO,NO
2024,320490007,NO,NO,NO,NO,NO
2024,320490010,NO,NO,NO,NO,NO
2024,320490011,NO,NO,NO,NO,NO
2024,320490012,NO,NO,NO,NO,NO
2024,320490013,NO,NO,NO,NO,NO
2024,320490015,NO,NO,NO,NO,NO
2024,320490016,NO,NO,NO,NO,NO
2024,320490017,NO,NO,NO,NO,NO
2024,320490018,NO,NO,NO,NO,NO
2024,320490020,NO,NO,NO,NO,NO
2024,320490021,NO,NO,NO,NO,NO
2024,320490022,NO,NO,NO,NO,NO
2024,320490023,NO,NO,NO,NO,NO
2024,320490025,NO,NO,NO,NO,NO
2024,320490026,NO,NO,NO,NO,NO
2024,320490027,NO,NO,NO,NO,NO
2024,320490028,NO,NO,NO,NO,NO
2024,320490029,NO,NO,NO,NO,NO
2024,320490030,NO,NO,NO,NO,NO
2024,320490031,NO,NO,NO,NO,NO
2024,320490033,NO,NO,NO,NO,NO
2024,320490035,NO,NO,NO,NO,NO
2024,320490036,NO,NO,NO,NO,NO
2024,320490037,NO,NO,NO,NO,NO
2024,320490038,NO,NO,NO,NO,NO
2024,320490039,NO,NO,NO,NO,NO
2024,320490040,NO,NO,NO,NO,NO
2024,320490041,NO,NO,NO,NO,NO
2024,320490042,NO,NO,NO,NO,NO
2024,320490043,NO,NO,NO,NO,NO
2024,320490044,NO,NO,NO,NO,NO
2024,320490045,NO,NO,NO,NO,NO
2024,320490046,NO,NO,NO,NO,NO
2024,320490047,NO,NO,NO,NO,NO
2024,320490048,NO,NO,NO,NO,NO
2024,320490049,NO,NO,NO,NO,NO
2024,320490050,NO,NO,NO,NO,NO
2024,320490051,NO,NO,NO,NO,NO
2024,320490052,NO,NO,NO,NO,NO
2024,320490053,NO,NO,NO,NO,NO
2024,320490054,NO,NO,NO,NO,NO
2024,320490055,NO,NO,NO,NO,NO
2024,320490056,NO,NO,NO,NO,NO
2024,320490059,NO,NO,NO,NO,NO
2024,320490060,NO,NO,NO,NO,NO
2024,320490061,NO,NO,NO,NO,NO
2024,320490062,NO,NO,NO,NO,NO
2024,320490063,NO,NO,NO,NO,NO
2024,320490064,NO,NO,NO,NO,NO
2024,320490065,NO,NO,NO,NO,NO
2024,320490066,NO,NO,NO,NO,NO
2024,320490067,NO,NO,NO,NO,NO
2024,320490068,NO,NO,NO,NO,NO
2024,320490069,NO,NO,NO,NO,NO
2024,320490070,NO,NO,NO,NO,NO
2024,320490071,NO,NO,NO,NO,NO
2024,320490072,NO,NO,NO,NO,NO
2024,320490073,NO,NO,NO,NO,NO
2024,320490074,NO,NO,NO,NO,NO
2024,320490075,NO,NO,NO,NO,NO
2024,320490076,NO,NO,NO,NO,NO
2024,320490077,NO,NO,NO,NO,NO
2024,320490078,NO,NO,NO,NO,NO
2024,320490080,NO,NO,NO,NO,NO
2024,320490081,NO,NO,NO,NO,NO
2024,320490082,NO,NO,NO,NO,NO
2024,320490083,NO,NO,NO,NO,NO
2024,320490084,NO,NO,NO,NO,NO
2024,320490085,NO,NO,NO,NO,NO
2024,320490086,NO,NO,NO,NO,NO
2024,320490087,NO,NO,NO,NO,NO
2024,320490088,NO,NO,NO,NO,NO
2024,320490089,NO,NO,NO,NO,NO
2024,320490090,NO,NO,NO,NO,NO
2024,320490091,NO,NO,NO,NO,NO
2024,320490092,NO,NO,NO,NO,NO
2024,320490093,NO,NO,NO,NO,NO
2024,320490094,NO,NO,NO,NO,NO
2024,320490095,NO,NO,NO,NO,NO
2024,320490096,NO,NO,NO,NO,NO
2024,320490097,NO,NO,NO,NO,NO
2024,320490098,NO,NO,NO,NO,NO
2024,320490099,NO,NO,NO,NO,NO
2024,320490101,NO,NO,NO,NO,NO
2024,320490104,NO,NO,NO,NO,NO
2024,320490106,NO,NO,NO,NO,NO
2024,320490107,NO,NO,NO,NO,NO
2024,320490108,NO,NO,NO,NO,NO
2024,320490109,NO,NO,NO,NO,NO
2024,320490110,NO,NO,NO,NO,NO
2024,320490111,NO,NO,NO,NO,NO
2024,320490112,NO,NO,NO,NO,NO
2024,320490113,NO,NO,NO,NO,NO
2024,320490114,NO,NO,NO,NO,NO
2024,320490115,NO,NO,NO,NO,NO
2024,320490118,NO,NO,NO,NO,NO
2024,320490119,NO,NO,NO,NO,NO
2024,320490120,NO,NO,NO,NO,NO
2024,320490121,NO,NO,NO,NO,NO
2024,320490123,NO,NO,NO,NO,NO
2024,320490124,NO,NO,NO,NO,NO
2024,320490125,NO,NO,NO,NO,NO
2024,320490126,NO,NO,NO,NO,NO
2024,320490127,NO,NO,NO,NO,NO
2024,320490129,NO,NO,NO,NO,NO
2024,320490130,NO,NO,NO,NO,NO
2024,320490131,NO,NO,NO,NO,NO
2024,320490132,NO,NO,NO,NO,NO
2024,320490133,NO,NO,NO,NO,NO
2024,320490134,NO,NO,NO,NO,NO
2024,320490135,NO,NO,NO,NO,NO
2024,320490136,NO,NO,NO,NO,NO
2024,320490138,NO,NO,NO,NO,NO
2024,320490139,NO,NO,NO,NO,NO
2024,320490140,NO,NO,NO,NO,NO
2024,320490141,NO,NO,NO,NO,NO
2024,320490142,NO,NO,NO,NO,NO
2024,320490144,NO,NO,NO,NO,NO
2024,320490145,NO,NO,NO,NO,NO
2024,320490147,NO,NO,NO,NO,NO
2024,320490148,NO,NO,NO,NO,NO
2024,320490149,NO,NO,NO,NO,NO
2024,320490150,NO,NO,NO,NO,NO
2024,320490151,NO,NO,NO,NO,NO
2024,320490152,NO,NO,NO,NO,NO
2024,320490153,NO,NO,NO,NO,NO
2024,320490154,NO,NO,NO,NO,NO
2024,320490156,NO,NO,NO,NO,NO
2024,320490157,NO,NO,NO,NO,NO
2024,320490158,NO,NO,NO,NO,NO
2024,320490159,NO,NO,NO,NO,NO
2024,320490160,NO,NO,NO,NO,NO
2024,320490163,NO,NO,NO,NO,NO
2024,320490164,NO,NO,NO,NO,NO
2024,320490165,NO,NO,NO,NO,NO
2024,320490166,NO,NO,NO,NO,NO
2024,320490167,NO,NO,NO,NO,NO
2024,320490168,NO,NO,NO,NO,NO
2024,320490175,NO,NO,NO,NO,NO
2024,320490176,NO,NO,NO,NO,NO
2024,320490177,NO,NO,NO,NO,NO
2024,320490178,NO,NO,NO,NO,NO
2024,320490179,NO,NO,NO,NO,NO
2024,320490180,NO,NO,NO,NO,NO
2024,320490182,NO,NO,NO,NO,NO
2024,320490183,NO,NO,NO,NO,NO
2024,320490184,NO,NO,NO,NO,NO
2024,320490186,NO,NO,NO,NO,NO
2024,320490187,NO,NO,NO,NO,NO
2024,320490188,NO,NO,NO,NO,NO
2024,320490189,NO,NO,NO,NO,NO
2024,320490190,NO,NO,NO,NO,NO
2024,320490192,NO,NO,NO,NO,NO
2024,320490193,NO,NO,NO,NO,NO
2024,320490194,NO,NO,NO,NO,NO
2024,320490195,NO,NO,NO,NO,NO
2024,320490196,NO,NO,NO,NO,NO
2024,320490198,NO,NO,NO,NO,NO
2024,320490199,NO,NO,NO,NO,NO
2024,320490200,NO,NO,NO,NO,NO
2024,320490201,NO,NO,NO,NO,NO
2024,320490202,NO,NO,NO,NO,NO
2024,320490204,NO,NO,NO,NO,NO
2024,320490206,NO,NO,NO,NO,NO
2024,320490207,NO,NO,NO,NO,NO
2024,320490208,NO,NO,NO,NO,NO
2024,320490209,NO,NO,NO,NO,NO
2024,320490210,NO,NO,NO,NO,NO
2024,320490212,NO,NO,NO,NO,NO
2024,320490214,NO,NO,NO,NO,NO
2024,320490215,NO,NO,NO,NO,NO
2024,320490217,NO,NO,NO,NO,NO
2024,320490219,NO,NO,NO,NO,NO
2024,320490221,NO,NO,NO,NO,NO
2024,320490222,NO,NO,NO,NO,NO
2024,320490223,NO,NO,NO,NO,NO
2024,320490224,NO,NO,NO,NO,NO
2024,320490225,NO,NO,NO,NO,NO
2024,320490227,NO,NO,NO,NO,NO
2024,320490231,NO,NO,NO,NO,NO
2024,320490232,NO,NO,NO,NO,NO
2024,320490233,NO,NO,NO,NO,NO
2024,320490234,NO,NO,NO,NO,NO
2024,320490235,NO,NO,NO,NO,NO
2024,320490236,NO,NO,NO,NO,NO
2024,320490237,NO,NO,NO,NO,NO
2024,320490239,NO,NO,NO,NO,NO
2024,320490240,NO,NO,NO,NO,NO
2024,320490243,NO,NO,NO,NO,NO
2024,320490244,NO,NO,NO,NO,NO
2024,320490245,NO,NO,NO,NO,NO
2024,320490246,NO,NO,NO,NO,NO
2024,320490247,NO,NO,NO,NO,NO
2024,320490252,NO,NO,NO,NO,NO
2024,320490253,NO,NO,NO,NO,NO
2024,320490256,NO,NO,NO,NO,NO
2024,320490258,NO,NO,NO,NO,NO
2024,320490261,NO,NO,NO,NO,NO
2024,320490262,NO,NO,NO,NO,NO
2024,320490263,NO,NO,NO,NO,NO
2024,320490266,NO,NO,NO,NO,NO
2024,320490267,NO,NO,NO,NO,NO
2024,320490268,NO,NO,NO,NO,NO
2024,320490269,NO,NO,NO,NO,NO
2024,320490273,NO,NO,NO,NO,NO
2024,320490275,NO,NO,NO,NO,NO
2024,320490276,NO,NO,NO,NO,NO
2024,320490277,NO,NO,NO,NO,NO
2024,320490278,NO,NO,NO,NO,NO
2024,320490279,NO,NO,NO,NO,NO
2024,320490280,NO,NO,NO,NO,NO
2024,320490281,NO,NO,NO,NO,NO
2024,320490282,NO,NO,NO,NO,NO
2024,320490284,NO,NO,NO,NO,NO
2024,320490285,NO,NO,NO,NO,NO
2024,320490286,NO,NO,NO,NO,NO
2024,320490287,NO,NO,NO,NO,NO
2024,320490288,NO,NO,NO,NO,NO
2024,320490290,NO,NO,NO,NO,NO
2024,320490292,NO,NO,NO,NO,NO
2024,320490294,NO,NO,NO,NO,NO
2024,320490295,NO,NO,NO,NO,NO
2024,320490296,NO,NO,NO,NO,NO
2024,320490300,NO,NO,NO,NO,NO
2024,320490302,NO,NO,NO,NO,NO
2024,320490305,NO,NO,NO,NO,NO
2024,320490308,NO,NO,NO,NO,NO
2024,320490311,NO,NO,NO,NO,NO
2024,320490312,NO,NO,NO,NO,NO
2024,320490313,NO,NO,NO,NO,NO
2024,320490315,NO,NO,NO,NO,NO
2024,320490319,NO,NO,NO,NO,NO
2024,320490321,NO,NO,NO,NO,NO
2024,320490324,NO,NO,NO,NO,NO
2024,320490325,NO,NO,NO,NO,NO
2024,320490326,NO,NO,NO,NO,NO
2024,320490327,NO,NO,NO,NO,NO
2024,320490330,NO,NO,NO,NO,NO
2024,320490331,NO,NO,NO,NO,NO
2024,320490332,NO,NO,NO,NO,NO
2024,320490334,NO,NO,NO,NO,NO
2024,320490335,NO,NO,NO,NO,NO
2024,320490336,NO,NO,NO,NO,NO
2024,320490338,NO,NO,NO,NO,NO
2024,320490339,NO,NO,NO,NO,NO
2024,320490340,NO,NO,NO,NO,NO
2024,320490341,NO,NO,NO,NO,NO
2024,320490342,NO,NO,NO,NO,NO
2024,320490343,NO,NO,NO,NO,NO
2024,320490344,NO,NO,NO,NO,NO
2024,320490350,NO,NO,NO,NO,NO
2024,320490354,NO,NO,NO,NO,NO
2024,320490355,NO,NO,NO,NO,NO
2024,320490356,NO,NO,NO,NO,NO
2024,320490358,NO,NO,NO,NO,NO
2024,320490359,NO,NO,NO,NO,NO
2024,320490360,NO,NO,NO,NO,NO
2024,320490361,NO,NO,NO,NO,NO
2024,320490362,NO,NO,NO,NO,NO
2024,320490364,NO,NO,NO,NO,NO
2024,320490365,NO,NO,NO,NO,NO
2024,320490366,NO,NO,NO,NO,NO
2024,320490367,NO,NO,NO,NO,NO
2024,320490368,NO,NO,NO,NO,NO
2024,320490369,NO,NO,NO,NO,NO
2024,320490371,NO,NO,NO,NO,NO
2024,320490372,NO,NO,NO,NO,NO
2024,320490373,NO,NO,NO,NO,NO
2024,320490374,NO,NO,NO,NO,NO
2024,320490375,NO,NO,NO,NO,NO
2024,320490376,NO,NO,NO,NO,NO
2024,320490377,NO,NO,NO,NO,NO
2024,320490379,NO,NO,NO,NO,NO
2024,320490381,NO,NO,NO,NO,NO
2024,320490382,NO,NO,NO,NO,NO
2024,320490384,NO,NO,NO,NO,NO
2024,320490387,NO,NO,NO,NO,NO
2024,320490389,NO,NO,NO,NO,NO
2024,320490391,NO,NO,NO,NO,NO
2024,320490392,NO,NO,NO,NO,NO
2024,320490395,NO,NO,NO,NO,NO
2024,320490397,NO,NO,NO,NO,NO
2024,320490398,NO,NO,NO,NO,NO
2024,320490399,NO,NO,NO,NO,NO
2024,320490400,NO,NO,NO,NO,NO
2024,320490401,NO,NO,NO,NO,NO
2024,320490402,NO,NO,NO,NO,NO
2024,320490403,NO,NO,NO,NO,NO
2024,320490404,NO,NO,NO,NO,NO
2024,320490405,NO,NO,NO,NO,NO
2024,320490406,NO,NO,NO,NO,NO
2024,320490407,NO,NO,NO,NO,NO
2024,320490412,NO,NO,NO,NO,NO
2024,320490413,NO,NO,NO,NO,NO
2024,320490414,NO,NO,NO,NO,NO
2024,320490416,NO,NO,NO,NO,NO
2024,320490417,NO,NO,NO,NO,NO
2024,320490420,NO,NO,NO,NO,NO
2024,320490421,NO,NO,NO,NO,NO
2024,320490422,NO,NO,NO,NO,NO
2024,320490423,NO,NO,NO,NO,NO
2024,320490424,NO,NO,NO,NO,NO
2024,320490426,NO,NO,NO,NO,NO
2024,320490427,NO,NO,NO,NO,NO
2024,320490428,NO,NO,NO,NO,NO
2024,320490429,NO,NO,NO,NO,NO
2024,320490430,NO,NO,NO,NO,NO
2024,320490434,NO,NO,NO,NO,NO
2024,320490435,NO,NO,NO,NO,NO
2024,320490436,NO,NO,NO,NO,NO
2024,320490437,NO,NO,NO,NO,NO
2024,320490441,NO,NO,NO,NO,NO
2024,320490442,NO,NO,NO,NO,NO
2024,320490444,NO,NO,NO,NO,NO
2024,320490445,NO,NO,NO,NO,NO
2024,320490446,NO,NO,NO,NO,NO
2024,320490447,NO,NO,NO,NO,NO
2024,320490448,NO,NO,NO,NO,NO
2024,320490449,NO,NO,NO,NO,NO
2024,320490453,NO,NO,NO,NO,NO
2024,320490454,NO,NO,NO,NO,NO
2024,320490456,NO,NO,NO,NO,NO
2024,320490457,NO,NO,NO,NO,NO
2024,320490459,NO,NO,NO,NO,NO
2024,320490460,NO,NO,NO,NO,NO
2024,320490461,NO,NO,NO,NO,NO
2024,320490462,NO,NO,NO,NO,NO
2024,320490463,NO,NO,NO,NO,NO
2024,320490464,NO,NO,NO,NO,NO
2024,320490465,NO,NO,NO,NO,NO
2024,320490466,NO,NO,NO,NO,NO
2024,320490467,NO,NO,NO,NO,NO
2024,320490470,NO,NO,NO,NO,NO
2024,320490472,NO,NO,NO,NO,NO
2024,320490473,NO,NO,NO,NO,NO
2024,320490474,NO,NO,NO,NO,NO
2024,320490476,NO,NO,NO,NO,NO
2024,320490477,NO,NO,NO,NO,NO
2024,320490479,NO,NO,NO,NO,NO
2024,320490480,NO,NO,NO,NO,NO
2024,320490481,NO,NO,NO,NO,NO
2024,320490482,NO,NO,NO,NO,NO
2024,320490484,NO,NO,NO,NO,NO
2024,320490485,NO,NO,NO,NO,NO
2024,320490487,NO,NO,NO,NO,NO
2024,320490488,NO,NO,NO,NO,NO
2024,320490489,NO,NO,NO,NO,NO
2024,320490490,NO,NO,NO,NO,NO
2024,320490491,NO,NO,NO,NO,NO
2024,320490493,NO,NO,NO,NO,NO
2024,320490494,NO,NO,NO,NO,NO
2024,320490495,NO,NO,NO,NO,NO
2024,320490496,NO,NO,NO,NO,NO
2024,320490497,NO,NO,NO,NO,NO
2024,320490498,NO,NO,NO,NO,NO
2024,320490499,NO,NO,NO,NO,NO
2024,320490500,NO,NO,NO,NO,NO
2024,320490501,NO,NO,NO,NO,NO
2024,320490502,NO,NO,NO,NO,NO
2024,320490504,NO,NO,NO,NO,NO
2024,320490505,NO,NO,NO,NO,NO
2024,320490506,NO,NO,NO,NO,NO
2024,320490507,NO,NO,NO,NO,NO
2024,320490508,NO,NO,NO,NO,NO
2024,320490509,NO,NO,NO,NO,NO
2024,320490510,NO,NO,NO,NO,NO
2024,320490511,NO,NO,NO,NO,NO
2024,320490512,NO,NO,NO,NO,NO
2024,320490513,NO,NO,NO,NO,NO
2024,320490514,NO,NO,NO,NO,NO
2024,320490515,NO,NO,NO,NO,NO
2024,320490516,NO,NO,NO,NO,NO
2024,320490517,NO,NO,NO,NO,NO
2024,320490518,NO,NO,NO,NO,NO
2024,320490519,NO,NO,NO,NO,NO
2024,320490520,NO,NO,NO,NO,NO
2024,320490521,NO,NO,NO,NO,NO
2024,320490522,NO,NO,NO,NO,NO
2024,320490523,NO,NO,NO,NO,NO
2024,320490524,NO,NO,NO,NO,NO
2024,320490525,NO,NO,NO,NO,NO
2024,320490526,NO,NO,NO,NO,NO
2024,320490527,NO,NO,NO,NO,NO
2024,320490528,NO,NO,NO,NO,NO
2024,320490529,NO,NO,NO,NO,NO
2024,320490530,NO,NO,NO,NO,NO
2024,320490531,NO,NO,NO,NO,NO
2024,320490532,NO,NO,NO,NO,NO
2024,320490533,NO,NO,NO,NO,NO
2024,320490534,NO,NO,NO,NO,NO
2024,320490535,NO,NO,NO,NO,NO
2024,320490537,NO,NO,NO,NO,NO
2024,320490538,NO,NO,NO,NO,NO
2024,320490539,NO,NO,NO,NO,NO
2024,320490540,NO,NO,NO,NO,NO
2024,320490541,NO,NO,NO,NO,NO
2024,320490542,NO,NO,NO,NO,NO
2024,320490543,NO,NO,NO,NO,NO
2024,320490544,NO,NO,NO,NO,NO
2024,320490545,NO,NO,NO,NO,NO
2024,320490546,NO,NO,NO,NO,NO
2024,320490547,NO,NO,NO,NO,NO
2024,320490548,NO,NO,NO,NO,NO
2024,320490549,NO,NO,NO,NO,NO
2024,320490550,NO,NO,NO,NO,NO
2024,320490551,NO,NO,NO,NO,NO
2024,320490552,NO,NO,NO,NO,NO
2024,320490553,NO,NO,NO,NO,NO
2024,320490555,NO,NO,NO,NO,NO
2024,320490556,NO,NO,NO,NO,NO
2024,320490557,NO,NO,NO,NO,NO
2024,320490558,NO,NO,NO,NO,NO
2024,320490559,NO,NO,NO,NO,NO
2024,320490560,NO,NO,NO,NO,NO
2024,320490561,NO,NO,NO,NO,NO
2024,320490562,NO,NO,NO,NO,NO
2024,320490563,NO,NO,NO,NO,NO
2024,320490564,NO,NO,NO,NO,NO
2024,320490565,NO,NO,NO,NO,NO
2024,320490566,NO,NO,NO,NO,NO
2024,320490567,NO,NO,NO,NO,NO
2024,320490568,NO,NO,NO,NO,NO
2024,320490570,NO,NO,NO,NO,NO
2024,320490571,NO,NO,NO,NO,NO
2024,320490573,NO,NO,NO,NO,NO
2024,320490574,NO,NO,NO,NO,NO
2024,320490575,NO,NO,NO,NO,NO
2024,320490576,NO,NO,NO,NO,NO
2024,320490577,NO,NO,NO,NO,NO
2024,320490578,NO,NO,NO,NO,NO
2024,320490579,NO,NO,NO,NO,NO
2024,320490580,NO,NO,NO,NO,NO
2024,320490581,NO,NO,NO,NO,NO
2024,320490582,NO,NO,NO,NO,NO
2024,320490583,NO,NO,NO,NO,NO
2024,320490584,NO,NO,NO,NO,NO
2024,320490585,NO,NO,NO,NO,NO
2024,320490586,NO,NO,NO,NO,NO
2024,320490587,NO,NO,NO,NO,NO
2024,320490590,NO,NO,NO,NO,NO
2024,320490591,NO,NO,NO,NO,NO
2024,320490592,NO,NO,NO,NO,NO
2024,320490593,NO,NO,NO,NO,NO
2024,320490594,NO,NO,NO,NO,NO
2024,320490595,NO,NO,NO,NO,NO
2024,320490596,NO,NO,NO,NO,NO
2024,320490597,NO,NO,NO,NO,NO
2024,320490598,NO,NO,NO,NO,NO
2024,320490599,NO,NO,NO,NO,NO
2024,320490600,NO,NO,NO,NO,NO
2024,320490601,NO,NO,NO,NO,NO
2024,320490602,NO,NO,NO,NO,NO
2024,320490603,NO,NO,NO,NO,NO
2024,320490604,NO,NO,NO,NO,NO
2024,320490605,NO,NO,NO,NO,NO
2024,320490606,NO,NO,NO,NO,NO
2024,320490607,NO,NO,NO,NO,NO
2024,320490608,NO,NO,NO,NO,NO
2024,320490609,NO,NO,NO,NO,NO
2024,320490610,NO,NO,NO,NO,NO
2024,320490611,NO,NO,NO,NO,NO
2024,320490612,NO,NO,NO,NO,NO
2024,320490613,NO,NO,NO,NO,NO
2024,320490614,NO,NO,NO,NO,NO
2024,320490615,NO,NO,NO,NO,NO
2024,320490616,NO,NO,NO,NO,NO
2024,320490617,NO,NO,NO,NO,NO
2024,320490618,NO,NO,NO,NO,NO
2024,320490619,NO,NO,NO,NO,NO
2024,320490620,NO,NO,NO,NO,NO
2024,320490621,NO,NO,NO,NO,NO
2024,320490622,NO,NO,NO,NO,NO
2024,320490623,NO,NO,NO,NO,NO
2024,320490624,NO,NO,NO,NO,NO
2024,320490625,NO,NO,NO,NO,NO
2024,320490626,NO,NO,NO,NO,NO
2024,320490627,NO,NO,NO,NO,NO
2024,320490628,NO,NO,NO,NO,NO
2024,320490629,NO,NO,NO,NO,NO
2024,320490630,NO,NO,NO,NO,NO
2024,320490631,NO,NO,NO,NO,NO
2024,320490632,NO,NO,NO,NO,NO
2024,320490633,NO,NO,NO,NO,NO
2024,320490634,NO,NO,NO,NO,NO
2024,320490635,NO,NO,NO,NO,NO
2024,320490636,NO,NO,NO,NO,NO
2024,320490637,NO,NO,NO,NO,NO
2024,320490638,NO,NO,NO,NO,NO
2024,320490639,NO,NO,NO,NO,NO
2024,320490640,NO,NO,NO,NO,NO
2024,320490641,NO,NO,NO,NO,NO
2024,320490642,NO,NO,NO,NO,NO
2024,320490643,NO,NO,NO,NO,NO
2024,320490644,NO,NO,NO,NO,NO
2024,320490645,NO,NO,NO,NO,NO
2024,320500001,NO,NO,NO,NO,NO
2024,320500003,NO,NO,NO,NO,NO
2024,320500005,NO,NO,NO,NO,NO
2024,320500006,NO,NO,NO,NO,NO
2024,320500008,NO,NO,NO,NO,NO
2024,320500009,NO,NO,NO,NO,NO
2024,320500010,NO,NO,NO,NO,NO
2024,320500011,NO,NO,NO,NO,NO
2024,320500013,NO,NO,NO,NO,NO
2024,320500014,NO,NO,NO,NO,NO
2024,320500015,NO,NO,NO,NO,NO
2024,320500017,NO,NO,NO,NO,NO
2024,320500018,NO,NO,NO,NO,NO
2024,320500019,NO,NO,NO,NO,NO
2024,320500020,NO,NO,NO,NO,NO
2024,320500021,NO,NO,NO,NO,NO
2024,320500022,NO,NO,NO,NO,NO
2024,320500023,NO,NO,NO,NO,NO
2024,320500024,NO,NO,NO,NO,NO
2024,320500025,NO,NO,NO,NO,NO
2024,320510001,NO,NO,NO,NO,NO
2024,320510002,NO,NO,NO,NO,NO
2024,320510003,NO,NO,NO,NO,NO
2024,320510004,NO,NO,NO,NO,NO
2024,320510005,NO,NO,NO,NO,NO
2024,320510007,NO,NO,NO,NO,NO
2024,320510008,NO,NO,NO,NO,NO
2024,320510009,NO,NO,NO,NO,NO
2024,320510012,NO,NO,NO,NO,NO
2024,320510013,NO,NO,NO,NO,NO
2024,320510015,NO,NO,NO,NO,NO
2024,320510016,NO,NO,NO,NO,NO
2024,320510017,NO,NO,NO,NO,NO
2024,320510018,NO,NO,NO,NO,NO
2024,320510019,NO,NO,NO,NO,NO
2024,320510020,NO,NO,NO,NO,NO
2024,320510022,NO,NO,NO,NO,NO
2024,320510023,NO,NO,NO,NO,NO
2024,320510024,NO,NO,NO,NO,NO
2024,320510025,NO,NO,NO,NO,NO
2024,320510026,NO,NO,NO,NO,NO
2024,320510027,NO,NO,NO,NO,NO
2024,320510028,NO,NO,NO,NO,NO
2024,320510029,NO,NO,NO,NO,NO
2024,320510030,NO,NO,NO,NO,NO
2024,320510031,NO,NO,NO,NO,NO
2024,320510032,NO,NO,NO,NO,NO
2024,320510035,NO,NO,NO,NO,NO
2024,320510036,NO,NO,NO,NO,NO
2024,320510037,NO,NO,NO,NO,NO
2024,320510038,NO,NO,NO,NO,NO
2024,320510039,NO,NO,NO,NO,NO
2024,320510040,NO,NO,NO,NO,NO
2024,320510041,NO,NO,NO,NO,NO
2024,320510042,NO,NO,NO,NO,NO
2024,320510043,NO,NO,NO,NO,NO
2024,320510044,NO,NO,NO,NO,NO
2024,320510045,NO,NO,NO,NO,NO
2024,320510046,NO,NO,NO,NO,NO
2024,320510047,NO,NO,NO,NO,NO
2024,320510049,NO,NO,NO,NO,NO
2024,320510051,NO,NO,NO,NO,NO
2024,320510052,NO,NO,NO,NO,NO
2024,320510053,NO,NO,NO,NO,NO
2024,320510054,NO,NO,NO,NO,NO
2024,320510055,NO,NO,NO,NO,NO
2024,320510056,NO,NO,NO,NO,NO
2024,320510057,NO,NO,NO,NO,NO
2024,320510058,NO,NO,NO,NO,NO
2024,320510060,NO,NO,NO,NO,NO
2024,320510061,NO,NO,NO,NO,NO
2024,320510062,NO,NO,NO,NO,NO
2024,320510063,NO,NO,NO,NO,NO
2024,320510064,NO,NO,NO,NO,NO
2024,320510065,NO,NO,NO,NO,NO
2024,320510066,NO,NO,NO,NO,NO
2024,320510075,NO,NO,NO,NO,NO
2024,320510077,NO,NO,NO,NO,NO
2024,320510078,NO,NO,NO,NO,NO
2024,320510080,NO,NO,NO,NO,NO
2024,320510081,NO,NO,NO,NO,NO
2024,320510082,NO,NO,NO,NO,NO
2024,320510083,NO,NO,NO,NO,NO
2024,320510084,NO,NO,NO,NO,NO
2024,320510085,NO,NO,NO,NO,NO
2024,320510086,NO,NO,NO,NO,NO
2024,320510087,NO,NO,NO,NO,NO
2024,320510088,NO,NO,NO,NO,NO
2024,320510090,NO,NO,NO,NO,NO
2024,320510091,NO,NO,NO,NO,NO
2024,320510092,NO,NO,NO,NO,NO
2024,320510093,NO,NO,NO,NO,NO
2024,320510094,NO,NO,NO,NO,NO
2024,320510095,NO,NO,NO,NO,NO
2024,320510096,NO,NO,NO,NO,NO
2024,320510097,NO,NO,NO,NO,NO
2024,320510099,NO,NO,NO,NO,NO
2024,320510100,NO,NO,NO,NO,NO
2024,320510101,NO,NO,NO,NO,NO
2024,320510102,NO,NO,NO,NO,NO
2024,320510105,NO,NO,NO,NO,NO
2024,320510106,NO,NO,NO,NO,NO
2024,320510107,NO,NO,NO,NO,NO
2024,320510112,NO,NO,NO,NO,NO
2024,320510113,NO,NO,NO,NO,NO
2024,320510114,NO,NO,NO,NO,NO
2024,320510115,NO,NO,NO,NO,NO
2024,320510116,NO,NO,NO,NO,NO
2024,320510117,NO,NO,NO,NO,NO
2024,320510118,NO,NO,NO,NO,NO
2024,320510119,NO,NO,NO,NO,NO
2024,320510120,NO,NO,NO,NO,NO
2024,320510173,NO,NO,NO,NO,NO
2024,320510176,NO,NO,NO,NO,NO
2024,320510177,NO,NO,NO,NO,NO
2024,320510178,NO,NO,NO,NO,NO
2024,320510180,NO,NO,NO,NO,NO
2024,320510181,NO,NO,NO,NO,NO
2024,320510182,NO,NO,NO,NO,NO
2024,320510183,NO,NO,NO,NO,NO
2024,320510184,NO,NO,NO,NO,NO
2024,320510185,NO,NO,NO,NO,NO
2024,320510187,NO,NO,NO,NO,NO
2024,320510188,NO,NO,NO,NO,NO
2024,320510189,NO,NO,NO,NO,NO
2024,320510190,NO,NO,NO,NO,NO
2024,320510191,NO,NO,NO,NO,NO
2024,320510192,NO,NO,NO,NO,NO
2024,320510193,NO,NO,NO,NO,NO
2024,320510194,NO,NO,NO,NO,NO
2024,320510195,NO,NO,NO,NO,NO
2024,320510199,NO,NO,NO,NO,NO
2024,320510200,NO,NO,NO,NO,NO
2024,320510203,NO,NO,NO,NO,NO
2024,320510204,NO,NO,NO,NO,NO
2024,320510208,NO,NO,NO,NO,NO
2024,320510209,NO,NO,NO,NO,NO
2024,320510210,NO,NO,NO,NO,NO
2024,320510211,NO,NO,NO,NO,NO
2024,320510212,NO,NO,NO,NO,NO
2024,320510215,NO,NO,NO,NO,NO
2024,320510216,NO,NO,NO,NO,NO
2024,320510217,NO,NO,NO,NO,NO
2024,320510218,NO,NO,NO,NO,NO
2024,320510219,NO,NO,NO,NO,NO
2024,320510220,NO,NO,NO,NO,NO
2024,320510221,NO,NO,NO,NO,NO
2024,320510223,NO,NO,NO,NO,NO
2024,320510227,NO,NO,NO,NO,NO
2024,320510228,NO,NO,NO,NO,NO
2024,320510229,NO,NO,NO,NO,NO
2024,320510230,NO,NO,NO,NO,NO
2024,320510232,NO,NO,NO,NO,NO
2024,320510234,NO,NO,NO,NO,NO
2024,320510236,NO,NO,NO,NO,NO
2024,320510237,NO,NO,NO,NO,NO
2024,320510238,NO,NO,NO,NO,NO
2024,320510241,NO,NO,NO,NO,NO
2024,320510242,NO,NO,NO,NO,NO
2024,320510243,NO,NO,NO,NO,NO
2024,320510244,NO,NO,NO,NO,NO
2024,320510245,NO,NO,NO,NO,NO
2024,320510246,NO,NO,NO,NO,NO
2024,320510247,NO,NO,NO,NO,NO
2024,320510249,NO,NO,NO,NO,NO
2024,320510250,NO,NO,NO,NO,NO
2024,320510251,NO,NO,NO,NO,NO
2024,320510253,NO,NO,NO,NO,NO
2024,320510254,NO,NO,NO,NO,NO
2024,320510256,NO,NO,NO,NO,NO
2024,320510259,NO,NO,NO,NO,NO
2024,320510260,NO,NO,NO,NO,NO
2024,320510261,NO,NO,NO,NO,NO
2024,320510264,NO,NO,NO,NO,NO
2024,320510265,NO,NO,NO,NO,NO
2024,320510266,NO,NO,NO,NO,NO
2024,320510267,NO,NO,NO,NO,NO
2024,320510269,NO,NO,NO,NO,NO
2024,320510270,NO,NO,NO,NO,NO
2024,320510271,NO,NO,NO,NO,NO
2024,320510272,NO,NO,NO,NO,NO
2024,320510274,NO,NO,NO,NO,NO
2024,320510275,NO,NO,NO,NO,NO
2024,320510277,NO,NO,NO,NO,NO
2024,320510279,NO,NO,NO,NO,NO
2024,320510280,NO,NO,NO,NO,NO
2024,320510281,NO,NO,NO,NO,NO
2024,320510282,NO,NO,NO,NO,NO
2024,320510283,NO,NO,NO,NO,NO
2024,320510284,NO,NO,NO,NO,NO
2024,320510285,NO,NO,NO,NO,NO
2024,320510287,NO,NO,NO,NO,NO
2024,320510288,NO,NO,NO,NO,NO
2024,320510289,NO,NO,NO,NO,NO
2024,320510290,NO,NO,NO,NO,NO
2024,320510292,NO,NO,NO,NO,NO
2024,320510293,NO,NO,NO,NO,NO
2024,320510294,NO,NO,NO,NO,NO
2024,320510296,NO,NO,NO,NO,NO
2024,320510298,NO,NO,NO,NO,NO
2024,320510299,NO,NO,NO,NO,NO
2024,320510300,NO,NO,NO,NO,NO
2024,320510301,NO,NO,NO,NO,NO
2024,320510302,NO,NO,NO,NO,NO
2024,320510303,NO,NO,NO,NO,NO
2024,320510305,NO,NO,NO,NO,NO
2024,320510307,NO,NO,NO,NO,NO
2024,320510308,NO,NO,NO,NO,NO
2024,320510309,NO,NO,NO,NO,NO
2024,320510310,NO,NO,NO,NO,NO
2024,320510311,NO,NO,NO,NO,NO
2024,320510312,NO,NO,NO,NO,NO
2024,320510313,NO,NO,NO,NO,NO
2024,320510314,NO,NO,NO,NO,NO
2024,320510315,NO,NO,NO,NO,NO
2024,320510316,NO,NO,NO,NO,NO
2024,320510317,NO,NO,NO,NO,NO
2024,320510318,NO,NO,NO,NO,NO
2024,320510319,NO,NO,NO,NO,NO
2024,320510320,NO,NO,NO,NO,NO
2024,320510321,NO,NO,NO,NO,NO
2024,320510322,NO,NO,NO,NO,NO
2024,320510323,NO,NO,NO,NO,NO
2024,320510324,NO,NO,NO,NO,NO
2024,320510326,NO,NO,NO,NO,NO
2024,320510329,NO,NO,NO,NO,NO
2024,320510330,NO,NO,NO,NO,NO
2024,320510331,NO,NO,NO,NO,NO
2024,320510332,NO,NO,NO,NO,NO
2024,320510333,NO,NO,NO,NO,NO
2024,320510335,NO,NO,NO,NO,NO
2024,320510337,NO,NO,NO,NO,NO
2024,320510341,NO,NO,NO,NO,NO
2024,320510342,NO,NO,NO,NO,NO
2024,320510343,NO,NO,NO,NO,NO
2024,320510344,NO,NO,NO,NO,NO
2024,320510345,NO,NO,NO,NO,NO
2024,320510346,NO,NO,NO,NO,NO
2024,320510347,NO,NO,NO,NO,NO
2024,320510349,NO,NO,NO,NO,NO
2024,320510353,NO,NO,NO,NO,NO
2024,320510355,NO,NO,NO,NO,NO
2024,320510356,NO,NO,NO,NO,NO
2024,320510363,NO,NO,NO,NO,NO
2024,320510365,NO,NO,NO,NO,NO
2024,320510366,NO,NO,NO,NO,NO
2024,320510368,NO,NO,NO,NO,NO
2024,320510369,NO,NO,NO,NO,NO
2024,320510370,NO,NO,NO,NO,NO
2024,320510373,NO,NO,NO,NO,NO
2024,320510376,NO,NO,NO,NO,NO
2024,320510377,NO,NO,NO,NO,NO
2024,320510378,NO,NO,NO,NO,NO
2024,320510379,NO,NO,NO,NO,NO
2024,320510380,NO,NO,NO,NO,NO
2024,320510381,NO,NO,NO,NO,NO
2024,320510382,NO,NO,NO,NO,NO
2024,320510383,NO,NO,NO,NO,NO
2024,320510384,NO,NO,NO,NO,NO
2024,320510386,NO,NO,NO,NO,NO
2024,320510387,NO,NO,NO,NO,NO
2024,320510388,NO,NO,NO,NO,NO
2024,320510389,NO,NO,NO,NO,NO
2024,320510390,NO,NO,NO,NO,NO
2024,320510392,NO,NO,NO,NO,NO
2024,320510393,NO,NO,NO,NO,NO
2024,320510394,NO,NO,NO,NO,NO
2024,320510396,NO,NO,NO,NO,NO
2024,320510397,NO,NO,NO,NO,NO
2024,320510401,NO,NO,NO,NO,NO
2024,320510403,NO,NO,NO,NO,NO
2024,320510404,NO,NO,NO,NO,NO
2024,320510405,NO,NO,NO,NO,NO
2024,320510407,NO,NO,NO,NO,NO
2024,320510409,NO,NO,NO,NO,NO
2024,320510410,NO,NO,NO,NO,NO
2024,320510411,NO,NO,NO,NO,NO
2024,320510413,NO,NO,NO,NO,NO
2024,320510414,NO,NO,NO,NO,NO
2024,320510415,NO,NO,NO,NO,NO
2024,320510416,NO,NO,NO,NO,NO
2024,320510418,NO,NO,NO,NO,NO
2024,320510419,NO,NO,NO,NO,NO
2024,320510420,NO,NO,NO,NO,NO
2024,320510422,NO,NO,NO,NO,NO
2024,320510424,NO,NO,NO,NO,NO
2024,320510425,NO,NO,NO,NO,NO
2024,320510426,NO,NO,NO,NO,NO
2024,320510427,NO,NO,NO,NO,NO
2024,320510428,NO,NO,NO,NO,NO
2024,320510429,NO,NO,NO,NO,NO
2024,320510430,NO,NO,NO,NO,NO
2024,320510431,NO,NO,NO,NO,NO
2024,320510433,NO,NO,NO,NO,NO
2024,320510434,NO,NO,NO,NO,NO
2024,320510435,NO,NO,NO,NO,NO
2024,320510436,NO,NO,NO,NO,NO
2024,320510437,NO,NO,NO,NO,NO
2024,320510439,NO,NO,NO,NO,NO
2024,320510440,NO,NO,NO,NO,NO
2024,320510441,NO,NO,NO,NO,NO
2024,320510443,NO,NO,NO,NO,NO
2024,320510444,NO,NO,NO,NO,NO
2024,320510445,NO,NO,NO,NO,NO
2024,320510447,NO,NO,NO,NO,NO
2024,320510448,NO,NO,NO,NO,NO
2024,320510449,NO,NO,NO,NO,NO
2024,320510450,NO,NO,NO,NO,NO
2024,320510451,NO,NO,NO,NO,NO
2024,320510452,NO,NO,NO,NO,NO
2024,320510453,NO,NO,NO,NO,NO
2024,320510454,NO,NO,NO,NO,NO
2024,320510455,NO,NO,NO,NO,NO
2024,320510457,NO,NO,NO,NO,NO
2024,320510459,NO,NO,NO,NO,NO
2024,320510460,NO,NO,NO,NO,NO
2024,320510461,NO,NO,NO,NO,NO
2024,320510462,NO,NO,NO,NO,NO
2024,320510463,NO,NO,NO,NO,NO
2024,320510464,NO,NO,NO,NO,NO
2024,320510465,NO,NO,NO,NO,NO
2024,320510466,NO,NO,NO,NO,NO
2024,320510468,NO,NO,NO,NO,NO
2024,320510469,NO,NO,NO,NO,NO
2024,320510470,NO,NO,NO,NO,NO
2024,320510471,NO,NO,NO,NO,NO
2024,320510472,NO,NO,NO,NO,NO
2024,320510473,NO,NO,NO,NO,NO
2024,320510474,NO,NO,NO,NO,NO
2024,320510475,NO,NO,NO,NO,NO
2024,320510476,NO,NO,NO,NO,NO
2024,320510477,NO,NO,NO,NO,NO
2024,320510478,NO,NO,NO,NO,NO
2024,320510479,NO,NO,NO,NO,NO
2024,320510480,NO,NO,NO,NO,NO
2024,320510481,NO,NO,NO,NO,NO
2024,320510482,NO,NO,NO,NO,NO
2024,320510483,NO,NO,NO,NO,NO
2024,320510484,NO,NO,NO,NO,NO
2024,320510485,NO,NO,NO,NO,NO
2024,320510486,NO,NO,NO,NO,NO
2024,320510487,NO,NO,NO,NO,NO
2024,320510488,NO,NO,NO,NO,NO
2024,320510489,NO,NO,NO,NO,NO
2024,320510490,NO,NO,NO,NO,NO
2024,320510491,NO,NO,NO,NO,NO
2024,320510492,NO,NO,NO,NO,NO
2024,320510493,NO,NO,NO,NO,NO
2024,320510494,NO,NO,NO,NO,NO
2024,320510495,NO,NO,NO,NO,NO
2024,320510496,NO,NO,NO,NO,NO
2024,320510497,NO,NO,NO,NO,NO
2024,320510499,NO,NO,NO,NO,NO
2024,320510500,NO,NO,NO,NO,NO
2024,320510501,NO,NO,NO,NO,NO
2024,320510502,NO,NO,NO,NO,NO
2024,320510503,NO,NO,NO,NO,NO
2024,320510504,NO,NO,NO,NO,NO
2024,320510505,NO,NO,NO,NO,NO
2024,320510506,NO,NO,NO,NO,NO
2024,320510507,NO,NO,NO,NO,NO
2024,320510508,NO,NO,NO,NO,NO
2024,320510509,NO,NO,NO,NO,NO
2024,320510510,NO,NO,NO,NO,NO
2024,320510511,NO,NO,NO,NO,NO
2024,320510512,NO,NO,NO,NO,NO
2024,320510513,NO,NO,NO,NO,NO
2024,320510515,NO,NO,NO,NO,NO
2024,320510516,NO,NO,NO,NO,NO
2024,320510517,NO,NO,NO,NO,NO
2024,320510518,NO,NO,NO,NO,NO
2024,320510519,NO,NO,NO,NO,NO
2024,320510520,NO,NO,NO,NO,NO
2024,320510521,NO,NO,NO,NO,NO
2024,320510522,NO,NO,NO,NO,NO
2024,320510523,NO,NO,NO,NO,NO
2024,320510524,NO,NO,NO,NO,NO
2024,320510525,NO,NO,NO,NO,NO
2024,320510526,NO,NO,NO,NO,NO
2024,320510527,NO,NO,NO,NO,NO
2024,320510528,NO,NO,NO,NO,NO
2024,320510529,NO,NO,NO,NO,NO
2024,320510530,NO,NO,NO,NO,NO
2024,320510531,NO,NO,NO,NO,NO
2024,320510532,NO,NO,NO,NO,NO
2024,320510533,NO,NO,NO,NO,NO
2024,320510535,NO,NO,NO,NO,NO
2024,320510537,NO,NO,NO,NO,NO
2024,320510538,NO,NO,NO,NO,NO
2024,320510539,NO,NO,NO,NO,NO
2024,320510540,NO,NO,NO,NO,NO
2024,320510542,NO,NO,NO,NO,NO
2024,320510543,NO,NO,NO,NO,NO
2024,320510544,NO,NO,NO,NO,NO
2024,320510545,NO,NO,NO,NO,NO
2024,320510546,NO,NO,NO,NO,NO
2024,320510547,NO,NO,NO,NO,NO
2024,320510548,NO,NO,NO,NO,NO
2024,320510550,NO,NO,NO,NO,NO
2024,320510551,NO,NO,NO,NO,NO
2024,320510552,NO,NO,NO,NO,NO
2024,320510553,NO,NO,NO,NO,NO
2024,320510554,NO,NO,NO,NO,NO
2024,320510555,NO,NO,NO,NO,NO
2024,320510556,NO,NO,NO,NO,NO
2024,320510557,NO,NO,NO,NO,NO
2024,320510559,NO,NO,NO,NO,NO
2024,320510560,NO,NO,NO,NO,NO
2024,320510561,NO,NO,NO,NO,NO
2024,320510562,NO,NO,NO,NO,NO
2024,320510563,NO,NO,NO,NO,NO
2024,320510565,NO,NO,NO,NO,NO
2024,320510566,NO,NO,NO,NO,NO
2024,320510569,NO,NO,NO,NO,NO
2024,320510570,NO,NO,NO,NO,NO
2024,320510571,NO,NO,NO,NO,NO
2024,320510572,NO,NO,NO,NO,NO
2024,320510573,NO,NO,NO,NO,NO
2024,320510574,NO,NO,NO,NO,NO
2024,320510577,NO,NO,NO,NO,NO
2024,320510579,NO,NO,NO,NO,NO
2024,320510580,NO,NO,NO,NO,NO
2024,320510588,NO,NO,NO,NO,NO
2024,320510589,NO,NO,NO,NO,NO
2024,320510590,NO,NO,NO,NO,NO
2024,320510591,NO,NO,NO,NO,NO
2024,320510592,NO,NO,NO,NO,NO
2024,320510593,NO,NO,NO,NO,NO
2024,320510594,NO,NO,NO,NO,NO
2024,320510595,NO,NO,NO,NO,NO
2024,320510596,NO,NO,NO,NO,NO
2024,320510597,NO,NO,NO,NO,NO
2024,320510598,NO,NO,NO,NO,NO
2024,320510599,NO,NO,NO,NO,NO
2024,320510600,NO,NO,NO,NO,NO
2024,320510601,NO,NO,NO,NO,NO
2024,320510602,NO,NO,NO,NO,NO
2024,320510603,NO,NO,NO,NO,NO
2024,320510604,NO,NO,NO,NO,NO
2024,320510605,NO,NO,NO,NO,NO
2024,320510606,NO,NO,NO,NO,NO
2024,320510607,NO,NO,NO,NO,NO
2024,320510608,NO,NO,NO,NO,NO
2024,320510609,NO,NO,NO,NO,NO
2024,320510610,NO,NO,NO,NO,NO
2024,320510611,NO,NO,NO,NO,NO
2024,320510612,NO,NO,NO,NO,NO
2024,320510613,NO,NO,NO,NO,NO
2024,320510614,NO,NO,NO,NO,NO
2024,320510615,NO,NO,NO,NO,NO
2024,320510616,NO,NO,NO,NO,NO
2024,320510617,NO,NO,NO,NO,NO
2024,320510618,NO,NO,NO,NO,NO
2024,320510619,NO,NO,NO,NO,NO
2024,320510620,NO,NO,NO,NO,NO
2024,320510621,NO,NO,NO,NO,NO
2024,320510622,NO,NO,NO,NO,NO
2024,320510623,NO,NO,NO,NO,NO
2024,320510624,NO,NO,NO,NO,NO
2024,320510625,NO,NO,NO,NO,NO
2024,320510626,NO,NO,NO,NO,NO
2024,320510627,NO,NO,NO,NO,NO
2024,320510628,NO,NO,NO,NO,NO
2024,320510629,NO,NO,NO,NO,NO
2024,320510630,NO,NO,NO,NO,NO
2024,320510631,NO,NO,NO,NO,NO
2024,320510632,NO,NO,NO,NO,NO
2024,320510633,NO,NO,NO,NO,NO
2024,320510634,NO,NO,NO,NO,NO
2024,320510635,NO,NO,NO,NO,NO
2024,320510636,NO,NO,NO,NO,NO
2024,320510637,NO,NO,NO,NO,NO
2024,320510638,NO,NO,NO,NO,NO
2024,320510639,NO,NO,NO,NO,NO
2024,320510640,NO,NO,NO,NO,NO
2024,320510641,NO,NO,NO,NO,NO
2024,320510642,NO,NO,NO,NO,NO
2024,320510643,NO,NO,NO,NO,NO
2024,320510644,NO,NO,NO,NO,NO
2024,320510645,NO,NO,NO,NO,NO
2024,320510646,NO,NO,NO,NO,NO
2024,320510647,NO,NO,NO,NO,NO
2024,320510648,NO,NO,NO,NO,NO
2024,320510649,NO,NO,NO,NO,NO
2024,320510650,NO,NO,NO,NO,NO
2024,320510651,NO,NO,NO,NO,NO
2024,320510652,NO,NO,NO,NO,NO
2024,320510653,NO,NO,NO,NO,NO
2024,320510654,NO,NO,NO,NO,NO
2024,320510655,NO,NO,NO,NO,NO
2024,320510656,NO,NO,NO,NO,NO
2024,320510657,NO,NO,NO,NO,NO
2024,320510658,NO,NO,NO,NO,NO
2024,320510659,NO,NO,NO,NO,NO
2024,320510660,NO,NO,NO,NO,NO
2024,320510661,NO,NO,NO,NO,NO
2024,320510662,NO,NO,NO,NO,NO
2024,320510663,NO,NO,NO,NO,NO
2024,320510664,NO,NO,NO,NO,NO
2024,320510665,NO,NO,NO,NO,NO
2024,320530001,NO,NO,NO,NO,NO
2024,320530004,NO,NO,NO,NO,NO
2024,320530006,NO,NO,NO,NO,NO
2024,320530008,NO,NO,NO,NO,NO
2024,320530009,NO,NO,NO,NO,NO
2024,320530010,NO,NO,NO,NO,NO
2024,320530011,NO,NO,NO,NO,NO
2024,320530015,NO,NO,NO,NO,NO
2024,320530016,NO,NO,NO,NO,NO
2024,320530018,NO,NO,NO,NO,NO
2024,320530020,NO,NO,NO,NO,NO
2024,320530022,NO,NO,NO,NO,NO
2024,320530023,NO,NO,NO,NO,NO
2024,320530024,NO,NO,NO,NO,NO
2024,320530025,NO,NO,NO,NO,NO
2024,320530026,NO,NO,NO,NO,NO
2024,320530027,NO,NO,NO,NO,NO
2024,320530028,NO,NO,NO,NO,NO
2024,320530030,NO,NO,NO,NO,NO
2024,320530031,NO,NO,NO,NO,NO
2024,320530032,NO,NO,NO,NO,NO
2024,320530034,NO,NO,NO,NO,NO
2024,320530035,NO,NO,NO,NO,NO
2024,320530036,NO,NO,NO,NO,NO
2024,320530038,NO,NO,NO,NO,NO
2024,320530039,NO,NO,NO,NO,NO
2024,320530043,NO,NO,NO,NO,NO
2024,320530047,NO,NO,NO,NO,NO
2024,320530048,NO,NO,NO,NO,NO
2024,320530049,NO,NO,NO,NO,NO
2024,320530053,NO,NO,NO,NO,NO
2024,320530057,NO,NO,NO,NO,NO
2024,320530058,NO,NO,NO,NO,NO
2024,320530059,NO,NO,NO,NO,NO
2024,320530060,NO,NO,NO,NO,NO
2024,320530061,NO,NO,NO,NO,NO
2024,320530062,NO,NO,NO,NO,NO
2024,320530067,NO,NO,NO,NO,NO
2024,320530070,NO,NO,NO,NO,NO
2024,320530071,NO,NO,NO,NO,NO
2024,320530072,NO,NO,NO,NO,NO
2024,320530074,NO,NO,NO,NO,NO
2024,320530076,NO,NO,NO,NO,NO
2024,320530077,NO,NO,NO,NO,NO
2024,320530081,NO,NO,NO,NO,NO
2024,320530083,NO,NO,NO,NO,NO
2024,320530085,NO,NO,NO,NO,NO
2024,320530086,NO,NO,NO,NO,NO
2024,320530087,NO,NO,NO,NO,NO
2024,320530088,NO,NO,NO,NO,NO
2024,320530089,NO,NO,NO,NO,NO
2024,320530090,NO,NO,NO,NO,NO
2024,320530091,NO,NO,NO,NO,NO
2024,320530092,NO,NO,NO,NO,NO
2024,320530094,NO,NO,NO,NO,NO
2024,320530097,NO,NO,NO,NO,NO
2024,320530099,NO,NO,NO,NO,NO
2024,320530107,NO,NO,NO,NO,NO
2024,320530108,NO,NO,NO,NO,NO
2024,320530109,NO,NO,NO,NO,NO
2024,320530110,NO,NO,NO,NO,NO
2024,320530111,NO,NO,NO,NO,NO
2024,320530112,NO,NO,NO,NO,NO
2024,320530113,NO,NO,NO,NO,NO
2024,320530114,NO,NO,NO,NO,NO
2024,320530115,NO,NO,NO,NO,NO
2024,320530116,NO,NO,NO,NO,NO
2024,320530117,NO,NO,NO,NO,NO
2024,320530118,NO,NO,NO,NO,NO
2024,320530119,NO,NO,NO,NO,NO
2024,320530120,NO,NO,NO,NO,NO
2024,320530121,NO,NO,NO,NO,NO
2024,320530122,NO,NO,NO,NO,NO
2024,320530123,NO,NO,NO,NO,NO
2024,320550001,NO,NO,NO,NO,NO
2024,320550002,NO,NO,NO,NO,NO
2024,320550003,NO,NO,NO,NO,NO
2024,320550004,NO,NO,NO,NO,NO
2024,320550005,NO,NO,NO,NO,NO
2024,320550006,NO,NO,NO,NO,NO
2024,320550007,NO,NO,NO,NO,NO
2024,320550008,NO,NO,NO,NO,NO
2024,320550009,NO,NO,NO,NO,NO
2024,320550010,NO,NO,NO,NO,NO
2024,320550011,NO,NO,NO,NO,NO
2024,320550013,NO,NO,NO,NO,NO
2024,320550014,NO,NO,NO,NO,NO
2024,320550016,NO,NO,NO,NO,NO
2024,320550017,NO,NO,NO,NO,NO
2024,320550019,NO,NO,NO,NO,NO
2024,320550020,NO,NO,NO,NO,NO
2024,320550021,NO,NO,NO,NO,NO
2024,320550022,NO,NO,NO,NO,NO
2024,320550023,NO,NO,NO,NO,NO
2024,320550025,NO,NO,NO,NO,NO
2024,320550027,NO,NO,NO,NO,NO
2024,320550028,NO,NO,NO,NO,NO
2024,320550029,NO,NO,NO,NO,NO
2024,320550032,NO,NO,NO,NO,NO
2024,320550033,NO,NO,NO,NO,NO
2024,320550034,NO,NO,NO,NO,NO
2024,320550035,NO,NO,NO,NO,NO
2024,320550036,NO,NO,NO,NO,NO
2024,320550037,NO,NO,NO,NO,NO
2024,320550038,NO,NO,NO,NO,NO
2024,320550039,NO,NO,NO,NO,NO
2024,320550040,NO,NO,NO,NO,NO
2024,320550041,NO,NO,NO,NO,NO
2024,320550042,NO,NO,NO,NO,NO
2024,320550043,NO,NO,NO,NO,NO
2024,320550045,NO,NO,NO,NO,NO
2024,320550049,NO,NO,NO,NO,NO
2024,320550050,NO,NO,NO,NO,NO
2024,320550051,NO,NO,NO,NO,NO
2024,320550052,NO,NO,NO,NO,NO
2024,320550053,NO,NO,NO,NO,NO
2024,320550056,NO,NO,NO,NO,NO
2024,320550057,NO,NO,NO,NO,NO
2024,320550059,NO,NO,NO,NO,NO
2024,320550060,NO,NO,NO,NO,NO
2024,320550061,NO,NO,NO,NO,NO
2024,320550062,NO,NO,NO,NO,NO
2024,320550063,NO,NO,NO,NO,NO
2024,320550064,NO,NO,NO,NO,NO
2024,320550067,NO,NO,NO,NO,NO
2024,320550068,NO,NO,NO,NO,NO
2024,320550069,NO,NO,NO,NO,NO
2024,320550070,NO,NO,NO,NO,NO
2024,320550071,NO,NO,NO,NO,NO
2024,320550073,NO,NO,NO,NO,NO
2024,320550074,NO,NO,NO,NO,NO
2024,320550075,NO,NO,NO,NO,NO
2024,320550076,NO,NO,NO,NO,NO
2024,320550078,NO,NO,NO,NO,NO
2024,320550080,NO,NO,NO,NO,NO
2024,320550081,NO,NO,NO,NO,NO
2024,320550083,NO,NO,NO,NO,NO
2024,320550085,NO,NO,NO,NO,NO
2024,320550086,NO,NO,NO,NO,NO
2024,320550087,NO,NO,NO,NO,NO
2024,320550088,NO,NO,NO,NO,NO
2024,320550089,NO,NO,NO,NO,NO
2024,320550090,NO,NO,NO,NO,NO
2024,320550091,NO,NO,NO,NO,NO
2024,320550093,NO,NO,NO,NO,NO
2024,320550095,NO,NO,NO,NO,NO
2024,320550096,NO,NO,NO,NO,NO
2024,320550097,NO,NO,NO,NO,NO
2024,320550098,NO,NO,NO,NO,NO
2024,320550099,NO,NO,NO,NO,NO
2024,320550100,NO,NO,NO,NO,NO
2024,320550101,NO,NO,NO,NO,NO
2024,320550102,NO,NO,NO,NO,NO
2024,320550103,NO,NO,NO,NO,NO
2024,320550106,NO,NO,NO,NO,NO
2024,320550107,NO,NO,NO,NO,NO
2024,320550108,NO,NO,NO,NO,NO
2024,320550109,NO,NO,NO,NO,NO
2024,320550111,NO,NO,NO,NO,NO
2024,320550113,NO,NO,NO,NO,NO
2024,320550116,NO,NO,NO,NO,NO
2024,320550125,NO,NO,NO,NO,NO
2024,320550126,NO,NO,NO,NO,NO
2024,320550128,NO,NO,NO,NO,NO
2024,320550129,NO,NO,NO,NO,NO
2024,320550130,NO,NO,NO,NO,NO
2024,320550131,NO,NO,NO,NO,NO
2024,320550132,NO,NO,NO,NO,NO
2024,320550134,NO,NO,NO,NO,NO
2024,320550135,NO,NO,NO,NO,NO
2024,320550136,NO,NO,NO,NO,NO
2024,320550137,NO,NO,NO,NO,NO
2024,320550138,NO,NO,NO,NO,NO
2024,320550139,NO,NO,NO,NO,NO
2024,320550142,NO,NO,NO,NO,NO
2024,320550143,NO,NO,NO,NO,NO
2024,320550144,NO,NO,NO,NO,NO
2024,320550145,NO,NO,NO,NO,NO
2024,320550146,NO,NO,NO,NO,NO
2024,320550147,NO,NO,NO,NO,NO
2024,320550148,NO,NO,NO,NO,NO
2024,320550150,NO,NO,NO,NO,NO
2024,320550151,NO,NO,NO,NO,NO
2024,320550152,NO,NO,NO,NO,NO
2024,320550155,NO,NO,NO,NO,NO
2024,320550157,NO,NO,NO,NO,NO
2024,320550158,NO,NO,NO,NO,NO
2024,320550162,NO,NO,NO,NO,NO
2024,320550165,NO,NO,NO,NO,NO
2024,320550166,NO,NO,NO,NO,NO
2024,320550169,NO,NO,NO,NO,NO
2024,320550170,NO,NO,NO,NO,NO
2024,320550172,NO,NO,NO,NO,NO
2024,320550173,NO,NO,NO,NO,NO
2024,320550174,NO,NO,NO,NO,NO
2024,320550175,NO,NO,NO,NO,NO
2024,320550177,NO,NO,NO,NO,NO
2024,320550181,NO,NO,NO,NO,NO
2024,320550184,NO,NO,NO,NO,NO
2024,320550189,NO,NO,NO,NO,NO
2024,320550193,NO,NO,NO,NO,NO
2024,320550195,NO,NO,NO,NO,NO
2024,320550197,NO,NO,NO,NO,NO
2024,320550198,NO,NO,NO,NO,NO
2024,320550199,NO,NO,NO,NO,NO
2024,320550200,NO,NO,NO,NO,NO
2024,320550201,NO,NO,NO,NO,NO
2024,320550202,NO,NO,NO,NO,NO
2024,320550203,NO,NO,NO,NO,NO
2024,320550204,NO,NO,NO,NO,NO
2024,320550205,NO,NO,NO,NO,NO
2024,320550206,NO,NO,NO,NO,NO
2024,320550207,NO,NO,NO,NO,NO
2024,320550208,NO,NO,NO,NO,NO
2024,320550209,NO,NO,NO,NO,NO
2024,320550210,NO,NO,NO,NO,NO
2024,320550211,NO,NO,NO,NO,NO
2024,320550212,NO,NO,NO,NO,NO
2024,320550213,NO,NO,NO,NO,NO
2024,320550214,NO,NO,NO,NO,NO
2024,320550215,NO,NO,NO,NO,NO
2024,320550216,NO,NO,NO,NO,NO
2024,320550217,NO,NO,NO,NO,NO
2024,320550218,NO,NO,NO,NO,NO
2024,320550219,NO,NO,NO,NO,NO
2024,320550220,NO,NO,NO,NO,NO
2024,320550222,NO,NO,NO,NO,NO
2024,320550223,NO,NO,NO,NO,NO
2024,320550224,NO,NO,NO,NO,NO
2024,320550225,NO,NO,NO,NO,NO
2024,320550226,NO,NO,NO,NO,NO
2024,320550227,NO,NO,NO,NO,NO
2024,320550228,NO,NO,NO,NO,NO
2024,320550229,NO,NO,NO,NO,NO
2024,320550230,NO,NO,NO,NO,NO
2024,320550231,NO,NO,NO,NO,NO
2024,320550232,NO,NO,NO,NO,NO
2024,320550233,NO,NO,NO,NO,NO
2024,320550234,NO,NO,NO,NO,NO
2024,320550235,NO,NO,NO,NO,NO
2024,320550236,NO,NO,NO,NO,NO
2024,320550237,NO,NO,NO,NO,NO
2024,320550238,NO,NO,NO,NO,NO
2024,320550239,NO,NO,NO,NO,NO
2024,320550240,NO,NO,NO,NO,NO
2024,320550241,NO,NO,NO,NO,NO
2024,320550242,NO,NO,NO,NO,NO
2024,320550243,NO,NO,NO,NO,NO
2024,320550244,NO,NO,NO,NO,NO
2024,320550245,NO,NO,NO,NO,NO
2024,320550246,NO,NO,NO,NO,NO
2024,320550247,NO,NO,NO,NO,NO
2024,320550248,NO,NO,NO,NO,NO
2024,320550249,NO,NO,NO,NO,NO
2024,320550250,NO,NO,NO,NO,NO
2024,320550251,NO,NO,NO,NO,NO
2024,320550252,NO,NO,NO,NO,NO
2024,320550253,NO,NO,NO,NO,NO
2024,320550254,NO,NO,NO,NO,NO
2024,320550255,NO,NO,NO,NO,NO
2024,320550256,NO,NO,NO,NO,NO
2024,320550257,NO,NO,NO,NO,NO
2024,320550258,NO,NO,NO,NO,NO
2024,320560001,NO,NO,NO,NO,NO
2024,320560024,NO,NO,NO,NO,NO
2024,320560025,NO,NO,NO,NO,NO
2024,320560026,NO,NO,NO,NO,NO
2024,320560027,NO,NO,NO,NO,NO
2024,320560028,NO,NO,NO,NO,NO
2024,320560030,NO,NO,NO,NO,NO
2024,320560031,NO,NO,NO,NO,NO
2024,320560033,NO,NO,NO,NO,NO
2024,320560034,NO,NO,NO,NO,NO
2024,320560036,NO,NO,NO,NO,NO
2024,320560037,NO,NO,NO,NO,NO
2024,320560038,NO,NO,NO,NO,NO
2024,320560039,NO,NO,NO,NO,NO
2024,320560040,NO,NO,NO,NO,NO
2024,320560041,NO,NO,NO,NO,NO
2024,320560042,NO,NO,NO,NO,NO
2024,320560043,NO,NO,NO,NO,NO
2024,320560045,NO,NO,NO,NO,NO
2024,320560046,NO,NO,NO,NO,NO
2024,320560047,NO,NO,NO,NO,NO
2024,320560049,NO,NO,NO,NO,NO
2024,320560054,NO,NO,NO,NO,NO
2024,320560055,NO,NO,NO,NO,NO
2024,320560056,NO,NO,NO,NO,NO
2024,320560058,NO,NO,NO,NO,NO
2024,320560065,NO,NO,NO,NO,NO
2024,320560067,NO,NO,NO,NO,NO
2024,320560070,NO,NO,NO,NO,NO
2024,320560074,NO,NO,NO,NO,NO
2024,320560075,NO,NO,NO,NO,NO
2024,320560076,NO,NO,NO,NO,NO
2024,320560079,NO,NO,NO,NO,NO
2024,320560080,NO,NO,NO,NO,NO
2024,320560082,NO,NO,NO,NO,NO
2024,320560083,NO,NO,NO,NO,NO
2024,320560085,NO,NO,NO,NO,NO
2024,320560088,NO,NO,NO,NO,NO
2024,320560091,NO,NO,NO,NO,NO
2024,320560092,NO,NO,NO,NO,NO
2024,320560093,NO,NO,NO,NO,NO
2024,320560096,NO,NO,NO,NO,NO
2024,320560097,NO,NO,NO,NO,NO
2024,320560098,NO,NO,NO,NO,NO
2024,320560099,NO,NO,NO,NO,NO
2024,320560101,NO,NO,NO,NO,NO
2024,320560103,NO,NO,NO,NO,NO
2024,320560104,NO,NO,NO,NO,NO
2024,320560105,NO,NO,NO,NO,NO
2024,320560107,NO,NO,NO,NO,NO
2024,320560108,NO,NO,NO,NO,NO
2024,320560109,NO,NO,NO,NO,NO
2024,320560111,NO,NO,NO,NO,NO
2024,320560112,NO,NO,NO,NO,NO
2024,320560114,NO,NO,NO,NO,NO
2024,320560116,NO,NO,NO,NO,NO
2024,320560117,NO,NO,NO,NO,NO
2024,320560118,NO,NO,NO,NO,NO
2024,320560119,NO,NO,NO,NO,NO
2024,320560120,NO,NO,NO,NO,NO
2024,320560121,NO,NO,NO,NO,NO
2024,320560122,NO,NO,NO,NO,NO
2024,320560123,NO,NO,NO,NO,NO
2024,320560124,NO,NO,NO,NO,NO
2024,320560125,NO,NO,NO,NO,NO
2024,320560126,NO,NO,NO,NO,NO
2024,320560127,NO,NO,NO,NO,NO
2024,320560128,NO,NO,NO,NO,NO
2024,320560129,NO,NO,NO,NO,NO
2024,320560130,NO,NO,NO,NO,NO
2024,320560131,NO,NO,NO,NO,NO
2024,320560136,NO,NO,NO,NO,NO
2024,320560138,NO,NO,NO,NO,NO
2024,320560140,NO,NO,NO,NO,NO
2024,320560141,NO,NO,NO,NO,NO
2024,320560143,NO,NO,NO,NO,NO
2024,320560144,NO,NO,NO,NO,NO
2024,320560145,NO,NO,NO,NO,NO
2024,320560146,NO,NO,NO,NO,NO
2024,320560147,NO,NO,NO,NO,NO
2024,320560148,NO,NO,NO,NO,NO
2024,320560149,NO,NO,NO,NO,NO
2024,320560150,NO,NO,NO,NO,NO
2024,320560151,NO,NO,NO,NO,NO
2024,320560152,NO,NO,NO,NO,NO
2024,320560153,NO,NO,NO,NO,NO
2024,320560154,NO,NO,NO,NO,NO
2024,320560155,NO,NO,NO,NO,NO
2024,320560156,NO,NO,NO,NO,NO
2024,320560157,NO,NO,NO,NO,NO
2024,320560158,NO,NO,NO,NO,NO
2024,320560159,NO,NO,NO,NO,NO
2024,320560160,NO,NO,NO,NO,NO
2024,320560161,NO,NO,NO,NO,NO
2024,320560162,NO,NO,NO,NO,NO
2024,320560163,NO,NO,NO,NO,NO
2024,320560164,NO,NO,NO,NO,NO
2024,320560165,NO,NO,NO,NO,NO
2024,320560166,NO,NO,NO,NO,NO
2024,320560167,NO,NO,NO,NO,NO
2024,320560168,NO,NO,NO,NO,NO
2024,320560169,NO,NO,NO,NO,NO
2024,320560170,NO,NO,NO,NO,NO
2024,320560171,NO,NO,NO,NO,NO
2024,320560172,NO,NO,NO,NO,NO
2024,320560173,NO,NO,NO,NO,NO
2024,320560174,NO,NO,NO,NO,NO
2024,320560175,NO,NO,NO,NO,NO
2024,320560176,NO,NO,NO,NO,NO
2024,320560177,NO,NO,NO,NO,NO
2024,320560178,NO,NO,NO,NO,NO
2024,320560179,NO,NO,NO,NO,NO
2024,320560180,NO,NO,NO,NO,NO
2024,320560181,NO,NO,NO,NO,NO
2024,320560182,NO,NO,NO,NO,NO
2024,320560183,NO,NO,NO,NO,NO
2024,320560184,NO,NO,NO,NO,NO
2024,320560185,NO,NO,NO,NO,NO
2024,320560186,NO,NO,NO,NO,NO
2024,320560187,NO,NO,NO,NO,NO
2024,320560188,NO,NO,NO,NO,NO
2024,320560189,NO,NO,NO,NO,NO
2024,320560190,NO,NO,NO,NO,NO
2024,320560191,NO,NO,NO,NO,NO
