C601,C003,R027-0301,R027-0302,R027-0303,R027-0304,R027-0305,R027-0306
2024,140190001,NA,NA,NA,NA,NA,NA
2024,140190002,NA,NA,NA,NA,NA,NA
2024,140190003,NA,NA,NA,NA,NA,NA
2024,140190004,NA,NA,NA,NA,NA,NA
2024,140190007,NA,NA,NA,NA,NA,NA
2024,140190010,NA,NA,NA,NA,NA,NA
2024,140190011,NA,NA,NA,NA,NA,NA
2024,140190013,NA,NA,NA,NA,NA,NA
2024,140190015,NA,NA,NA,NA,NA,NA
2024,140190017,NA,NA,NA,NA,NA,NA
2024,140190018,NA,NA,NA,NA,NA,NA
2024,140190020,NA,NA,NA,NA,NA,NA
2024,140190021,NA,NA,NA,NA,NA,NA
2024,140190022,NA,NA,NA,NA,NA,NA
2024,140190023,NA,NA,NA,NA,NA,NA
2024,140190024,NA,NA,NA,NA,NA,NA
2024,140190026,NA,NA,NA,NA,NA,NA
2024,140190027,NA,NA,NA,NA,NA,NA
2024,140190028,NA,NA,NA,NA,NA,NA
2024,140190030,NA,NA,NA,NA,NA,NA
2024,140190031,NA,NA,NA,NA,NA,NA
2024,140190032,NA,NA,NA,NA,NA,NA
2024,140190033,NA,NA,NA,NA,NA,NA
2024,140190034,NA,NA,NA,NA,NA,NA
2024,140190035,NA,NA,NA,NA,NA,NA
2024,140190036,NA,NA,NA,NA,NA,NA
2024,140190037,NA,NA,NA,NA,NA,NA
2024,140190039,NA,NA,NA,NA,NA,NA
2024,140190040,NA,NA,NA,NA,NA,NA
2024,140190041,NA,NA,NA,NA,NA,NA
2024,140190043,NA,NA,NA,NA,NA,NA
2024,140190044,NA,NA,NA,NA,NA,NA
2024,140190047,NA,NA,NA,NA,NA,NA
2024,140190048,NA,NA,NA,NA,NA,NA
2024,140190049,NA,NA,NA,NA,NA,NA
2024,140190050,NA,NA,NA,NA,NA,NA
2024,140190052,NA,NA,NA,NA,NA,NA
2024,140190054,NA,NA,NA,NA,NA,NA
2024,140190055,NA,NA,NA,NA,NA,NA
2024,140190056,NA,NA,NA,NA,NA,NA
2024,140190057,NA,NA,NA,NA,NA,NA
2024,140190058,NA,NA,NA,NA,NA,NA
2024,140190059,NA,NA,NA,NA,NA,NA
2024,140190060,NA,NA,NA,NA,NA,NA
2024,140190061,NA,NA,NA,NA,NA,NA
2024,140190063,NA,NA,NA,NA,NA,NA
2024,140190064,NA,NA,NA,NA,NA,NA
2024,140190066,NA,NA,NA,NA,NA,NA
2024,140190067,NA,NA,NA,NA,NA,NA
2024,140190070,NA,NA,NA,NA,NA,NA
2024,140190072,NA,NA,NA,NA,NA,NA
2024,140190073,NA,NA,NA,NA,NA,NA
2024,140190075,NA,NA,NA,NA,NA,NA
2024,140190076,NA,NA,NA,NA,NA,NA
2024,140190077,NA,NA,NA,NA,NA,NA
2024,140190078,NA,NA,NA,NA,NA,NA
2024,140190079,NA,NA,NA,NA,NA,NA
2024,140190080,NA,NA,NA,NA,NA,NA
2024,140190081,NA,NA,NA,NA,NA,NA
2024,140190083,NA,NA,NA,NA,NA,NA
2024,140190085,NA,NA,NA,NA,NA,NA
2024,140190089,NA,NA,NA,NA,NA,NA
2024,140190090,NA,NA,NA,NA,NA,NA
2024,140190092,NA,NA,NA,NA,NA,NA
2024,140190093,NA,NA,NA,NA,NA,NA
2024,140190094,NA,NA,NA,NA,NA,NA
2024,140190096,NA,NA,NA,NA,NA,NA
2024,140190097,NA,NA,NA,NA,NA,NA
2024,140190098,NA,NA,NA,NA,NA,NA
2024,140190100,NA,NA,NA,NA,NA,NA
2024,140190101,NA,NA,NA,NA,NA,NA
2024,140190102,NA,NA,NA,NA,NA,NA
2024,140190103,NA,NA,NA,NA,NA,NA
2024,140190105,NA,NA,NA,NA,NA,NA
2024,140190107,NA,NA,NA,NA,NA,NA
2024,140190108,NA,NA,NA,NA,NA,NA
2024,140190109,NA,NA,NA,NA,NA,NA
2024,140190110,NA,NA,NA,NA,NA,NA
2024,140190111,NA,NA,NA,NA,NA,NA
2024,140190114,NA,NA,NA,NA,NA,NA
2024,140190115,NA,NA,NA,NA,NA,NA
2024,140190118,NA,NA,NA,NA,NA,NA
2024,140190119,NA,NA,NA,NA,NA,NA
2024,140190120,NA,NA,NA,NA,NA,NA
2024,140190122,NA,NA,NA,NA,NA,NA
2024,140190123,NA,NA,NA,NA,NA,NA
2024,140190124,NA,NA,NA,NA,NA,NA
2024,140190125,NA,NA,NA,NA,NA,NA
2024,140190127,NA,NA,NA,NA,NA,NA
2024,140190130,NA,NA,NA,NA,NA,NA
2024,140190131,NA,NA,NA,NA,NA,NA
2024,140190133,NA,NA,NA,NA,NA,NA
2024,140190135,NA,NA,NA,NA,NA,NA
2024,140190136,NA,NA,NA,NA,NA,NA
2024,140190137,NA,NA,NA,NA,NA,NA
2024,140190138,NA,NA,NA,NA,NA,NA
2024,140190150,NA,NA,NA,NA,NA,NA
2024,140190151,NA,NA,NA,NA,NA,NA
2024,140190152,NA,NA,NA,NA,NA,NA
2024,140190153,NA,NA,NA,NA,NA,NA
2024,140190154,NA,NA,NA,NA,NA,NA
2024,140190158,NA,NA,NA,NA,NA,NA
2024,140190160,NA,NA,NA,NA,NA,NA
2024,140190162,NA,NA,NA,NA,NA,NA
2024,140190164,NA,NA,NA,NA,NA,NA
2024,140190165,NA,NA,NA,NA,NA,NA
2024,140190167,NA,NA,NA,NA,NA,NA
2024,140190172,NA,NA,NA,NA,NA,NA
2024,140190174,NA,NA,NA,NA,NA,NA
2024,140190177,NA,NA,NA,NA,NA,NA
2024,140190183,NA,NA,NA,NA,NA,NA
2024,140190187,NA,NA,NA,NA,NA,NA
2024,140190188,NA,NA,NA,NA,NA,NA
2024,140190190,NA,NA,NA,NA,NA,NA
2024,140190193,NA,NA,NA,NA,NA,NA
2024,140190196,NA,NA,NA,NA,NA,NA
2024,140190197,NA,NA,NA,NA,NA,NA
2024,140190198,NA,NA,NA,NA,NA,NA
2024,140190199,NA,NA,NA,NA,NA,NA
2024,140190200,NA,NA,NA,NA,NA,NA
2024,140190201,NA,NA,NA,NA,NA,NA
2024,140190203,NA,NA,NA,NA,NA,NA
2024,140190205,NA,NA,NA,NA,NA,NA
2024,140190206,NA,NA,NA,NA,NA,NA
2024,140190208,NA,NA,NA,NA,NA,NA
2024,140190209,NA,NA,NA,NA,NA,NA
2024,140190210,NA,NA,NA,NA,NA,NA
2024,140190211,NA,NA,NA,NA,NA,NA
2024,140190212,NA,NA,NA,NA,NA,NA
2024,140190213,NA,NA,NA,NA,NA,NA
2024,140190214,NA,NA,NA,NA,NA,NA
2024,140190215,NA,NA,NA,NA,NA,NA
2024,140190216,NA,NA,NA,NA,NA,NA
2024,140190217,NA,NA,NA,NA,NA,NA
2024,140190218,NA,NA,NA,NA,NA,NA
2024,140190221,NA,NA,NA,NA,NA,NA
2024,140190224,NA,NA,NA,NA,NA,NA
2024,140190226,NA,NA,NA,NA,NA,NA
2024,140190227,NA,NA,NA,NA,NA,NA
2024,140190229,NA,NA,NA,NA,NA,NA
2024,140190230,NA,NA,NA,NA,NA,NA
2024,140190234,NA,NA,NA,NA,NA,NA
2024,140190238,NA,NA,NA,NA,NA,NA
2024,140190239,NA,NA,NA,NA,NA,NA
2024,140190240,NA,NA,NA,NA,NA,NA
2024,140190241,NA,NA,NA,NA,NA,NA
2024,140190242,NA,NA,NA,NA,NA,NA
2024,140190243,NA,NA,NA,NA,NA,NA
2024,140190244,NA,NA,NA,NA,NA,NA
2024,140190245,NA,NA,NA,NA,NA,NA
2024,140190246,NA,NA,NA,NA,NA,NA
2024,140190249,NA,NA,NA,NA,NA,NA
2024,140190253,NA,NA,NA,NA,NA,NA
2024,140190256,NA,NA,NA,NA,NA,NA
2024,140190257,NA,NA,NA,NA,NA,NA
2024,140190258,NA,NA,NA,NA,NA,NA
2024,140190259,NA,NA,NA,NA,NA,NA
2024,140190260,NA,NA,NA,NA,NA,NA
2024,140190261,NA,NA,NA,NA,NA,NA
2024,140190262,NA,NA,NA,NA,NA,NA
2024,140190263,NA,NA,NA,NA,NA,NA
2024,140190266,NA,NA,NA,NA,NA,NA
2024,140190267,NA,NA,NA,NA,NA,NA
2024,140190268,NA,NA,NA,NA,NA,NA
2024,140190272,NA,NA,NA,NA,NA,NA
2024,140190274,NA,NA,NA,NA,NA,NA
2024,140190275,NA,NA,NA,NA,NA,NA
2024,140190276,NA,NA,NA,NA,NA,NA
2024,140190277,NA,NA,NA,NA,NA,NA
2024,140190278,NA,NA,NA,NA,NA,NA
2024,140190279,NA,NA,NA,NA,NA,NA
2024,140190280,NA,NA,NA,NA,NA,NA
2024,140190281,NA,NA,NA,NA,NA,NA
2024,140190282,NA,NA,NA,NA,NA,NA
2024,140190283,NA,NA,NA,NA,NA,NA
2024,140190285,NA,NA,NA,NA,NA,NA
2024,140190286,NA,NA,NA,NA,NA,NA
2024,140190287,NA,NA,NA,NA,NA,NA
2024,140190288,NA,NA,NA,NA,NA,NA
2024,140190291,NA,NA,NA,NA,NA,NA
2024,140190292,NA,NA,NA,NA,NA,NA
2024,140190293,NA,NA,NA,NA,NA,NA
2024,140190294,NA,NA,NA,NA,NA,NA
2024,140190295,NA,NA,NA,NA,NA,NA
2024,140190296,NA,NA,NA,NA,NA,NA
2024,140190297,NA,NA,NA,NA,NA,NA
2024,140190300,NA,NA,NA,NA,NA,NA
2024,140190307,NA,NA,NA,NA,NA,NA
2024,140190308,NA,NA,NA,NA,NA,NA
2024,140190309,NA,NA,NA,NA,NA,NA
2024,140190315,NA,NA,NA,NA,NA,NA
2024,140190322,NA,NA,NA,NA,NA,NA
2024,140190323,NA,NA,NA,NA,NA,NA
2024,140190327,NA,NA,NA,NA,NA,NA
2024,140190330,NA,NA,NA,NA,NA,NA
2024,140190332,NA,NA,NA,NA,NA,NA
2024,140190333,NA,NA,NA,NA,NA,NA
2024,140190334,NA,NA,NA,NA,NA,NA
2024,140190335,NA,NA,NA,NA,NA,NA
2024,140190336,NA,NA,NA,NA,NA,NA
2024,140190337,NA,NA,NA,NA,NA,NA
2024,140190338,NA,NA,NA,NA,NA,NA
2024,140190339,NA,NA,NA,NA,NA,NA
2024,140190340,NA,NA,NA,NA,NA,NA
2024,140190341,NA,NA,NA,NA,NA,NA
2024,140190342,NA,NA,NA,NA,NA,NA
2024,140190343,NA,NA,NA,NA,NA,NA
2024,140190344,NA,NA,NA,NA,NA,NA
2024,140190345,NA,NA,NA,NA,NA,NA
2024,140190346,NA,NA,NA,NA,NA,NA
2024,140190347,NA,NA,NA,NA,NA,NA
2024,140190348,NA,NA,NA,NA,NA,NA
2024,140190349,NA,NA,NA,NA,NA,NA
2024,140190350,NA,NA,NA,NA,NA,NA
2024,140190351,NA,NA,NA,NA,NA,NA
2024,140190352,NA,NA,NA,NA,NA,NA
2024,140190353,NA,NA,NA,NA,NA,NA
2024,140190354,NA,NA,NA,NA,NA,NA
2024,140190355,NA,NA,NA,NA,NA,NA
2024,140190356,NA,NA,NA,NA,NA,NA
2024,140190357,NA,NA,NA,NA,NA,NA
2024,140190358,NA,NA,NA,NA,NA,NA
2024,140190359,NA,NA,NA,NA,NA,NA
2024,140190360,NA,NA,NA,NA,NA,NA
2024,140190361,NA,NA,NA,NA,NA,NA
2024,140190362,NA,NA,NA,NA,NA,NA
2024,140190363,NA,NA,NA,NA,NA,NA
2024,140190364,NA,NA,NA,NA,NA,NA
2024,140190365,NA,NA,NA,NA,NA,NA
2024,140190367,NA,NA,NA,NA,NA,NA
2024,140190368,NA,NA,NA,NA,NA,NA
2024,140190369,NA,NA,NA,NA,NA,NA
2024,140190370,NA,NA,NA,NA,NA,NA
2024,140190371,NA,NA,NA,NA,NA,NA
2024,140190372,NA,NA,NA,NA,NA,NA
2024,140190373,NA,NA,NA,NA,NA,NA
2024,140190374,NA,NA,NA,NA,NA,NA
2024,140190375,NA,NA,NA,NA,NA,NA
2024,140190376,NA,NA,NA,NA,NA,NA
2024,140190377,NA,NA,NA,NA,NA,NA
2024,140190378,NA,NA,NA,NA,NA,NA
2024,140190379,NA,NA,NA,NA,NA,NA
2024,140190380,NA,NA,NA,NA,NA,NA
2024,140190381,NA,NA,NA,NA,NA,NA
2024,140190382,NA,NA,NA,NA,NA,NA
2024,140190383,NA,NA,NA,NA,NA,NA
2024,140190384,NA,NA,NA,NA,NA,NA
2024,140190385,NA,NA,NA,NA,NA,NA
2024,140190386,NA,NA,NA,NA,NA,NA
2024,140190387,NA,NA,NA,NA,NA,NA
2024,140190388,NA,NA,NA,NA,NA,NA
2024,140190389,NA,NA,NA,NA,NA,NA
2024,140190390,NA,NA,NA,NA,NA,NA
2024,140190391,NA,NA,NA,NA,NA,NA
2024,140190392,NA,NA,NA,NA,NA,NA
2024,140190393,NA,NA,NA,NA,NA,NA
2024,140190394,NA,NA,NA,NA,NA,NA
2024,140190395,NA,NA,NA,NA,NA,NA
2024,140190396,NA,NA,NA,NA,NA,NA
2024,140190397,NA,NA,NA,NA,NA,NA
2024,140190398,NA,NA,NA,NA,NA,NA
2024,140190399,NA,NA,NA,NA,NA,NA
2024,140190400,NA,NA,NA,NA,NA,NA
2024,140190401,NA,NA,NA,NA,NA,NA
2024,140190402,NA,NA,NA,NA,NA,NA
2024,140190403,NA,NA,NA,NA,NA,NA
2024,140190404,NA,NA,NA,NA,NA,NA
2024,140190405,NA,NA,NA,NA,NA,NA
2024,140190406,NA,NA,NA,NA,NA,NA
2024,140190407,NA,NA,NA,NA,NA,NA
2024,140190408,NA,NA,NA,NA,NA,NA
2024,140190409,NA,NA,NA,NA,NA,NA
2024,140190410,NA,NA,NA,NA,NA,NA
2024,140190411,NA,NA,NA,NA,NA,NA
2024,140190412,NA,NA,NA,NA,NA,NA
2024,140190413,NA,NA,NA,NA,NA,NA
2024,140190414,NA,NA,NA,NA,NA,NA
2024,140190415,NA,NA,NA,NA,NA,NA
2024,140190416,NA,NA,NA,NA,NA,NA
2024,140190417,NA,NA,NA,NA,NA,NA
2024,140190418,NA,NA,NA,NA,NA,NA
2024,140190419,NA,NA,NA,NA,NA,NA
2024,140190420,NA,NA,NA,NA,NA,NA
2024,140190421,NA,NA,NA,NA,NA,NA
2024,140190422,NA,NA,NA,NA,NA,NA
2024,140190423,NA,NA,NA,NA,NA,NA
2024,140190424,NA,NA,NA,NA,NA,NA
2024,140190425,NA,NA,NA,NA,NA,NA
2024,140190426,NA,NA,NA,NA,NA,NA
2024,140190427,NA,NA,NA,NA,NA,NA
2024,140190428,NA,NA,NA,NA,NA,NA
2024,140190429,NA,NA,NA,NA,NA,NA
2024,140190430,NA,NA,NA,NA,NA,NA
2024,140190431,NA,NA,NA,NA,NA,NA
2024,140190432,NA,NA,NA,NA,NA,NA
2024,140190433,NA,NA,NA,NA,NA,NA
2024,140190434,NA,NA,NA,NA,NA,NA
2024,140190435,NA,NA,NA,NA,NA,NA
2024,140190436,NA,NA,NA,NA,NA,NA
2024,140190437,NA,NA,NA,NA,NA,NA
2024,140190438,NA,NA,NA,NA,NA,NA
2024,140190439,NA,NA,NA,NA,NA,NA
2024,140190440,NA,NA,NA,NA,NA,NA
2024,140190441,NA,NA,NA,NA,NA,NA
2024,140190442,NA,NA,NA,NA,NA,NA
2024,140190443,NA,NA,NA,NA,NA,NA
2024,140190444,NA,NA,NA,NA,NA,NA
2024,140250001,NA,NA,NA,NA,NA,NA
2024,140250003,NA,NA,NA,NA,NA,NA
2024,140250005,NA,NA,NA,NA,NA,NA
2024,140250006,NA,NA,NA,NA,NA,NA
2024,140250007,NA,NA,NA,NA,NA,NA
2024,140250008,NA,NA,NA,NA,NA,NA
2024,140250012,NA,NA,NA,NA,NA,NA
2024,140250013,NA,NA,NA,NA,NA,NA
2024,140250014,NA,NA,NA,NA,NA,NA
2024,140250016,NA,NA,NA,NA,NA,NA
2024,140250018,NA,NA,NA,NA,NA,NA
2024,140250019,NA,NA,NA,NA,NA,NA
2024,140250020,NA,NA,NA,NA,NA,NA
2024,140250021,NA,NA,NA,NA,NA,NA
2024,140250023,NA,NA,NA,NA,NA,NA
2024,140250026,NA,NA,NA,NA,NA,NA
2024,140250028,NA,NA,NA,NA,NA,NA
2024,140250029,NA,NA,NA,NA,NA,NA
2024,140250031,NA,NA,NA,NA,NA,NA
2024,140250032,NA,NA,NA,NA,NA,NA
2024,140250035,NA,NA,NA,NA,NA,NA
2024,140250037,NA,NA,NA,NA,NA,NA
2024,140250039,NA,NA,NA,NA,NA,NA
2024,140250041,NA,NA,NA,NA,NA,NA
2024,140250042,NA,NA,NA,NA,NA,NA
2024,140250043,NA,NA,NA,NA,NA,NA
2024,140250045,NA,NA,NA,NA,NA,NA
2024,140250047,NA,NA,NA,NA,NA,NA
2024,140250049,NA,NA,NA,NA,NA,NA
2024,140250050,NA,NA,NA,NA,NA,NA
2024,140250051,NA,NA,NA,NA,NA,NA
2024,140250053,NA,NA,NA,NA,NA,NA
2024,140250054,NA,NA,NA,NA,NA,NA
2024,140250058,NA,NA,NA,NA,NA,NA
2024,140250059,NA,NA,NA,NA,NA,NA
2024,140250060,NA,NA,NA,NA,NA,NA
2024,140250061,NA,NA,NA,NA,NA,NA
2024,140250062,NA,NA,NA,NA,NA,NA
2024,140250063,NA,NA,NA,NA,NA,NA
2024,140250064,NA,NA,NA,NA,NA,NA
2024,140250065,NA,NA,NA,NA,NA,NA
2024,140250066,NA,NA,NA,NA,NA,NA
2024,140250067,NA,NA,NA,NA,NA,NA
2024,140250068,NA,NA,NA,NA,NA,NA
2024,140250070,NA,NA,NA,NA,NA,NA
2024,140250071,NA,NA,NA,NA,NA,NA
2024,140250073,NA,NA,NA,NA,NA,NA
2024,140250074,NA,NA,NA,NA,NA,NA
2024,140250075,NA,NA,NA,NA,NA,NA
2024,140250076,NA,NA,NA,NA,NA,NA
2024,140250077,NA,NA,NA,NA,NA,NA
2024,140250078,NA,NA,NA,NA,NA,NA
2024,140250079,NA,NA,NA,NA,NA,NA
2024,140250080,NA,NA,NA,NA,NA,NA
2024,140250081,NA,NA,NA,NA,NA,NA
2024,140250085,NA,NA,NA,NA,NA,NA
2024,140250087,NA,NA,NA,NA,NA,NA
2024,140250089,NA,NA,NA,NA,NA,NA
2024,140250090,NA,NA,NA,NA,NA,NA
2024,140250094,NA,NA,NA,NA,NA,NA
2024,140250096,NA,NA,NA,NA,NA,NA
2024,140250098,NA,NA,NA,NA,NA,NA
2024,140250099,NA,NA,NA,NA,NA,NA
2024,140250100,NA,NA,NA,NA,NA,NA
2024,140250102,NA,NA,NA,NA,NA,NA
2024,140250103,NA,NA,NA,NA,NA,NA
2024,140250106,NA,NA,NA,NA,NA,NA
2024,140250107,NA,NA,NA,NA,NA,NA
2024,140250112,NA,NA,NA,NA,NA,NA
2024,140250116,NA,NA,NA,NA,NA,NA
2024,140250118,NA,NA,NA,NA,NA,NA
2024,140250119,NA,NA,NA,NA,NA,NA
2024,140250120,NA,NA,NA,NA,NA,NA
2024,140250122,NA,NA,NA,NA,NA,NA
2024,140250123,NA,NA,NA,NA,NA,NA
2024,140250128,NA,NA,NA,NA,NA,NA
2024,140250129,NA,NA,NA,NA,NA,NA
2024,140250130,NA,NA,NA,NA,NA,NA
2024,140250133,NA,NA,NA,NA,NA,NA
2024,140250134,NA,NA,NA,NA,NA,NA
2024,140250135,NA,NA,NA,NA,NA,NA
2024,140250136,NA,NA,NA,NA,NA,NA
2024,140250139,NA,NA,NA,NA,NA,NA
2024,140250140,NA,NA,NA,NA,NA,NA
2024,140250141,NA,NA,NA,NA,NA,NA
2024,140250142,NA,NA,NA,NA,NA,NA
2024,140250143,NA,NA,NA,NA,NA,NA
2024,140250144,NA,NA,NA,NA,NA,NA
2024,140250145,NA,NA,NA,NA,NA,NA
2024,140250146,NA,NA,NA,NA,NA,NA
2024,140250147,NA,NA,NA,NA,NA,NA
2024,140250148,NA,NA,NA,NA,NA,NA
2024,140250149,NA,NA,NA,NA,NA,NA
2024,140250150,NA,NA,NA,NA,NA,NA
2024,140250151,NA,NA,NA,NA,NA,NA
2024,140250152,NA,NA,NA,NA,NA,NA
2024,140250153,NA,NA,NA,NA,NA,NA
2024,140250154,NA,NA,NA,NA,NA,NA
2024,140250155,NA,NA,NA,NA,NA,NA
2024,140250156,NA,NA,NA,NA,NA,NA
2024,140250157,NA,NA,NA,NA,NA,NA
2024,140250158,NA,NA,NA,NA,NA,NA
2024,140250160,NA,NA,NA,NA,NA,NA
2024,140250161,NA,NA,NA,NA,NA,NA
2024,140250162,NA,NA,NA,NA,NA,NA
2024,140250163,NA,NA,NA,NA,NA,NA
2024,140250164,NA,NA,NA,NA,NA,NA
2024,140250165,NA,NA,NA,NA,NA,NA
2024,140250166,NA,NA,NA,NA,NA,NA
2024,140250167,NA,NA,NA,NA,NA,NA
2024,140250168,NA,NA,NA,NA,NA,NA
2024,140250169,NA,NA,NA,NA,NA,NA
2024,140250170,NA,NA,NA,NA,NA,NA
2024,140250171,NA,NA,NA,NA,NA,NA
2024,140250172,NA,NA,NA,NA,NA,NA
2024,140250173,NA,NA,NA,NA,NA,NA
2024,140250174,NA,NA,NA,NA,NA,NA
2024,140250175,NA,NA,NA,NA,NA,NA
2024,140250176,NA,NA,NA,NA,NA,NA
2024,140250177,NA,NA,NA,NA,NA,NA
2024,140250178,NA,NA,NA,NA,NA,NA
2024,140250179,NA,NA,NA,NA,NA,NA
2024,140250180,NA,NA,NA,NA,NA,NA
2024,140250181,NA,NA,NA,NA,NA,NA
2024,140250182,NA,NA,NA,NA,NA,NA
2024,140250183,NA,NA,NA,NA,NA,NA
2024,140250184,NA,NA,NA,NA,NA,NA
2024,140250185,NA,NA,NA,NA,NA,NA
2024,140250186,NA,NA,NA,NA,NA,NA
2024,140250187,NA,NA,NA,NA,NA,NA
2024,140250188,NA,NA,NA,NA,NA,NA
2024,140250189,NA,NA,NA,NA,NA,NA
2024,140250190,NA,NA,NA,NA,NA,NA
2024,140250191,NA,NA,NA,NA,NA,NA
2024,140250192,NA,NA,NA,NA,NA,NA
2024,140250193,NA,NA,NA,NA,NA,NA
2024,140250194,NA,NA,NA,NA,NA,NA
2024,140250195,NA,NA,NA,NA,NA,NA
2024,140250196,NA,NA,NA,NA,NA,NA
2024,140250197,NA,NA,NA,NA,NA,NA
2024,140250198,NA,NA,NA,NA,NA,NA
2024,140250199,NA,NA,NA,NA,NA,NA
2024,140250200,NA,NA,NA,NA,NA,NA
2024,140250201,NA,NA,NA,NA,NA,NA
2024,140250202,NA,NA,NA,NA,NA,NA
2024,140250203,NA,NA,NA,NA,NA,NA
2024,140250204,NA,NA,NA,NA,NA,NA
2024,140250205,NA,NA,NA,NA,NA,NA
2024,140250206,NA,NA,NA,NA,NA,NA
2024,140250207,NA,NA,NA,NA,NA,NA
2024,140250208,NA,NA,NA,NA,NA,NA
2024,140250209,NA,NA,NA,NA,NA,NA
2024,140250210,NA,NA,NA,NA,NA,NA
2024,140250211,NA,NA,NA,NA,NA,NA
2024,140410001,NA,NA,NA,NA,NA,NA
2024,140410002,NA,NA,NA,NA,NA,NA
2024,140410003,NA,NA,NA,NA,NA,NA
2024,140410004,NA,NA,NA,NA,NA,NA
2024,140410005,NA,NA,NA,NA,NA,NA
2024,140410006,NA,NA,NA,NA,NA,NA
2024,140410007,NA,NA,NA,NA,NA,NA
2024,140410009,NA,NA,NA,NA,NA,NA
2024,140410010,NA,NA,NA,NA,NA,NA
2024,140410012,NA,NA,NA,NA,NA,NA
2024,140410013,NA,NA,NA,NA,NA,NA
2024,140410014,NA,NA,NA,NA,NA,NA
2024,140410015,NA,NA,NA,NA,NA,NA
2024,140410016,NA,NA,NA,NA,NA,NA
2024,140410017,NA,NA,NA,NA,NA,NA
2024,140410018,NA,NA,NA,NA,NA,NA
2024,140410019,NA,NA,NA,NA,NA,NA
2024,140410020,NA,NA,NA,NA,NA,NA
2024,140410021,NA,NA,NA,NA,NA,NA
2024,140410022,NA,NA,NA,NA,NA,NA
2024,140410023,NA,NA,NA,NA,NA,NA
2024,140410024,NA,NA,NA,NA,NA,NA
2024,140410025,NA,NA,NA,NA,NA,NA
2024,140410026,NA,NA,NA,NA,NA,NA
2024,140410027,NA,NA,NA,NA,NA,NA
2024,140410029,NA,NA,NA,NA,NA,NA
2024,140410030,NA,NA,NA,NA,NA,NA
2024,140410035,NA,NA,NA,NA,NA,NA
2024,140410042,NA,NA,NA,NA,NA,NA
2024,140410043,NA,NA,NA,NA,NA,NA
2024,140410044,NA,NA,NA,NA,NA,NA
2024,140410045,NA,NA,NA,NA,NA,NA
2024,140410046,NA,NA,NA,NA,NA,NA
2024,140410047,NA,NA,NA,NA,NA,NA
2024,140410048,NA,NA,NA,NA,NA,NA
2024,140410049,NA,NA,NA,NA,NA,NA
2024,140410050,NA,NA,NA,NA,NA,NA
2024,140410051,NA,NA,NA,NA,NA,NA
2024,140410052,NA,NA,NA,NA,NA,NA
2024,140410053,NA,NA,NA,NA,NA,NA
2024,140410054,NA,NA,NA,NA,NA,NA
2024,140410055,NA,NA,NA,NA,NA,NA
2024,140410056,NA,NA,NA,NA,NA,NA
2024,140410057,NA,NA,NA,NA,NA,NA
2024,140410058,NA,NA,NA,NA,NA,NA
2024,140410059,NA,NA,NA,NA,NA,NA
2024,140410060,NA,NA,NA,NA,NA,NA
2024,140410061,NA,NA,NA,NA,NA,NA
2024,140410062,NA,NA,NA,NA,NA,NA
2024,140410063,NA,NA,NA,NA,NA,NA
2024,140410064,NA,NA,NA,NA,NA,NA
2024,140410065,NA,NA,NA,NA,NA,NA
2024,140410066,NA,NA,NA,NA,NA,NA
2024,140410067,NA,NA,NA,NA,NA,NA
2024,140410068,NA,NA,NA,NA,NA,NA
2024,140410069,NA,NA,NA,NA,NA,NA
2024,140410070,NA,NA,NA,NA,NA,NA
2024,140410071,NA,NA,NA,NA,NA,NA
2024,140410072,NA,NA,NA,NA,NA,NA
2024,140410073,NA,NA,NA,NA,NA,NA
2024,140410074,NA,NA,NA,NA,NA,NA
2024,140410075,NA,NA,NA,NA,NA,NA
2024,140410076,NA,NA,NA,NA,NA,NA
2024,140410077,NA,NA,NA,NA,NA,NA
2024,140410078,NA,NA,NA,NA,NA,NA
2024,140410079,NA,NA,NA,NA,NA,NA
2024,140410080,NA,NA,NA,NA,NA,NA
2024,140410081,NA,NA,NA,NA,NA,NA
2024,140410082,NA,NA,NA,NA,NA,NA
2024,140410083,NA,NA,NA,NA,NA,NA
2024,140410084,NA,NA,NA,NA,NA,NA
2024,140410085,NA,NA,NA,NA,NA,NA
2024,140410086,NA,NA,NA,NA,NA,NA
2024,140410087,NA,NA,NA,NA,NA,NA
2024,140410088,NA,NA,NA,NA,NA,NA
2024,140410089,NA,NA,NA,NA,NA,NA
2024,140410090,NA,NA,NA,NA,NA,NA
2024,140410091,NA,NA,NA,NA,NA,NA
2024,140410092,NA,NA,NA,NA,NA,NA
2024,140410093,NA,NA,NA,NA,NA,NA
2024,140410094,NA,NA,NA,NA,NA,NA
2024,140410095,NA,NA,NA,NA,NA,NA
2024,140410096,NA,NA,NA,NA,NA,NA
2024,140410097,NA,NA,NA,NA,NA,NA
2024,140410098,NA,NA,NA,NA,NA,NA
2024,140410099,NA,NA,NA,NA,NA,NA
2024,140410100,NA,NA,NA,NA,NA,NA
2024,140410101,NA,NA,NA,NA,NA,NA
2024,140410102,NA,NA,NA,NA,NA,NA
2024,140410103,NA,NA,NA,NA,NA,NA
2024,140410104,NA,NA,NA,NA,NA,NA
2024,140410105,NA,NA,NA,NA,NA,NA
2024,140410106,NA,NA,NA,NA,NA,NA
2024,140410107,NA,NA,NA,NA,NA,NA
2024,140410108,NA,NA,NA,NA,NA,NA
2024,140410109,NA,NA,NA,NA,NA,NA
2024,140410110,NA,NA,NA,NA,NA,NA
2024,140410111,NA,NA,NA,NA,NA,NA
2024,140410112,NA,NA,NA,NA,NA,NA
2024,140410115,NA,NA,NA,NA,NA,NA
2024,140410116,NA,NA,NA,NA,NA,NA
2024,140410117,NA,NA,NA,NA,NA,NA
2024,140420001,NA,NA,NA,NA,NA,NA
2024,140420002,NA,NA,NA,NA,NA,NA
2024,140420003,NA,NA,NA,NA,NA,NA
2024,140420005,NA,NA,NA,NA,NA,NA
2024,140420006,NA,NA,NA,NA,NA,NA
2024,140420007,NA,NA,NA,NA,NA,NA
2024,140420008,NA,NA,NA,NA,NA,NA
2024,140420009,NA,NA,NA,NA,NA,NA
2024,140420010,NA,NA,NA,NA,NA,NA
2024,140420011,NA,NA,NA,NA,NA,NA
2024,140420012,NA,NA,NA,NA,NA,NA
2024,140420013,NA,NA,NA,NA,NA,NA
2024,140420014,NA,NA,NA,NA,NA,NA
2024,140420015,NA,NA,NA,NA,NA,NA
2024,140420016,NA,NA,NA,NA,NA,NA
2024,140420017,NA,NA,NA,NA,NA,NA
2024,140420018,NA,NA,NA,NA,NA,NA
2024,140420019,NA,NA,NA,NA,NA,NA
2024,140420020,NA,NA,NA,NA,NA,NA
2024,140420021,NA,NA,NA,NA,NA,NA
2024,140420022,NA,NA,NA,NA,NA,NA
2024,140420023,NA,NA,NA,NA,NA,NA
2024,140420024,NA,NA,NA,NA,NA,NA
2024,140420025,NA,NA,NA,NA,NA,NA
2024,140420026,NA,NA,NA,NA,NA,NA
2024,140420027,NA,NA,NA,NA,NA,NA
2024,140420028,NA,NA,NA,NA,NA,NA
2024,140420029,NA,NA,NA,NA,NA,NA
2024,140420030,NA,NA,NA,NA,NA,NA
2024,140420031,NA,NA,NA,NA,NA,NA
2024,140420032,NA,NA,NA,NA,NA,NA
2024,140420033,NA,NA,NA,NA,NA,NA
2024,140420034,NA,NA,NA,NA,NA,NA
2024,140420035,NA,NA,NA,NA,NA,NA
2024,140420036,NA,NA,NA,NA,NA,NA
2024,140420037,NA,NA,NA,NA,NA,NA
2024,140420038,NA,NA,NA,NA,NA,NA
2024,140420039,NA,NA,NA,NA,NA,NA
2024,140420041,NA,NA,NA,NA,NA,NA
2024,140420042,NA,NA,NA,NA,NA,NA
2024,140420043,NA,NA,NA,NA,NA,NA
2024,140420044,NA,NA,NA,NA,NA,NA
2024,140420045,NA,NA,NA,NA,NA,NA
2024,140420046,NA,NA,NA,NA,NA,NA
2024,140420047,NA,NA,NA,NA,NA,NA
2024,140420048,NA,NA,NA,NA,NA,NA
2024,140420049,NA,NA,NA,NA,NA,NA
2024,140420052,NA,NA,NA,NA,NA,NA
2024,140420053,NA,NA,NA,NA,NA,NA
2024,140420054,NA,NA,NA,NA,NA,NA
2024,140420057,NA,NA,NA,NA,NA,NA
2024,140420061,NA,NA,NA,NA,NA,NA
2024,140420063,NA,NA,NA,NA,NA,NA
2024,140420067,NA,NA,NA,NA,NA,NA
2024,140420070,NA,NA,NA,NA,NA,NA
2024,140420076,NA,NA,NA,NA,NA,NA
2024,140420079,NA,NA,NA,NA,NA,NA
2024,140420082,NA,NA,NA,NA,NA,NA
2024,140420085,NA,NA,NA,NA,NA,NA
2024,140420096,NA,NA,NA,NA,NA,NA
2024,140420105,NA,NA,NA,NA,NA,NA
2024,140420110,NA,NA,NA,NA,NA,NA
2024,140420117,NA,NA,NA,NA,NA,NA
2024,140420119,NA,NA,NA,NA,NA,NA
2024,140420121,NA,NA,NA,NA,NA,NA
2024,140420130,NA,NA,NA,NA,NA,NA
2024,140420131,NA,NA,NA,NA,NA,NA
2024,140420132,NA,NA,NA,NA,NA,NA
2024,140420133,NA,NA,NA,NA,NA,NA
2024,140420134,NA,NA,NA,NA,NA,NA
2024,140420140,NA,NA,NA,NA,NA,NA
2024,140420145,NA,NA,NA,NA,NA,NA
2024,140420148,NA,NA,NA,NA,NA,NA
2024,140420150,NA,NA,NA,NA,NA,NA
2024,140420152,NA,NA,NA,NA,NA,NA
2024,140420153,NA,NA,NA,NA,NA,NA
2024,140420155,NA,NA,NA,NA,NA,NA
2024,140420156,NA,NA,NA,NA,NA,NA
2024,140420158,NA,NA,NA,NA,NA,NA
2024,140420159,NA,NA,NA,NA,NA,NA
2024,140420160,NA,NA,NA,NA,NA,NA
2024,140420161,NA,NA,NA,NA,NA,NA
2024,140420162,NA,NA,NA,NA,NA,NA
2024,140420163,NA,NA,NA,NA,NA,NA
2024,140420164,NA,NA,NA,NA,NA,NA
2024,140420165,NA,NA,NA,NA,NA,NA
2024,140420166,NA,NA,NA,NA,NA,NA
2024,140420167,NA,NA,NA,NA,NA,NA
2024,140420168,NA,NA,NA,NA,NA,NA
2024,140420169,NA,NA,NA,NA,NA,NA
2024,140420170,NA,NA,NA,NA,NA,NA
2024,140420171,NA,NA,NA,NA,NA,NA
2024,140420172,NA,NA,NA,NA,NA,NA
2024,140420173,NA,NA,NA,NA,NA,NA
2024,140420174,NA,NA,NA,NA,NA,NA
2024,140420175,NA,NA,NA,NA,NA,NA
2024,140420176,NA,NA,NA,NA,NA,NA
2024,140420177,NA,NA,NA,NA,NA,NA
2024,140420178,NA,NA,NA,NA,NA,NA
2024,140420180,NA,NA,NA,NA,NA,NA
2024,140420183,NA,NA,NA,NA,NA,NA
2024,140420187,NA,NA,NA,NA,NA,NA
2024,140420188,NA,NA,NA,NA,NA,NA
2024,140420189,NA,NA,NA,NA,NA,NA
2024,140420190,NA,NA,NA,NA,NA,NA
2024,140420191,NA,NA,NA,NA,NA,NA
2024,140420192,NA,NA,NA,NA,NA,NA
2024,140420193,NA,NA,NA,NA,NA,NA
2024,140420194,NA,NA,NA,NA,NA,NA
2024,140420195,NA,NA,NA,NA,NA,NA
2024,140420196,NA,NA,NA,NA,NA,NA
2024,140420197,NA,NA,NA,NA,NA,NA
2024,140420198,NA,NA,NA,NA,NA,NA
2024,140420199,NA,NA,NA,NA,NA,NA
2024,140420200,NA,NA,NA,NA,NA,NA
2024,140610001,NA,NA,NA,NA,NA,NA
2024,140610003,NA,NA,NA,NA,NA,NA
2024,140610004,NA,NA,NA,NA,NA,NA
2024,140610005,NA,NA,NA,NA,NA,NA
2024,140610006,NA,NA,NA,NA,NA,NA
2024,140610008,NA,NA,NA,NA,NA,NA
2024,140610009,NA,NA,NA,NA,NA,NA
2024,140610010,NA,NA,NA,NA,NA,NA
2024,140610011,NA,NA,NA,NA,NA,NA
2024,140610013,NA,NA,NA,NA,NA,NA
2024,140610015,NA,NA,NA,NA,NA,NA
2024,140610016,NA,NA,NA,NA,NA,NA
2024,140610017,NA,NA,NA,NA,NA,NA
2024,140610019,NA,NA,NA,NA,NA,NA
2024,140610022,NA,NA,NA,NA,NA,NA
2024,140610024,NA,NA,NA,NA,NA,NA
2024,140610025,NA,NA,NA,NA,NA,NA
2024,140610027,NA,NA,NA,NA,NA,NA
2024,140610028,NA,NA,NA,NA,NA,NA
2024,140610031,NA,NA,NA,NA,NA,NA
2024,140610033,NA,NA,NA,NA,NA,NA
2024,140610035,NA,NA,NA,NA,NA,NA
2024,140610036,NA,NA,NA,NA,NA,NA
2024,140610037,NA,NA,NA,NA,NA,NA
2024,140610039,NA,NA,NA,NA,NA,NA
2024,140610040,NA,NA,NA,NA,NA,NA
2024,140610042,NA,NA,NA,NA,NA,NA
2024,140610044,NA,NA,NA,NA,NA,NA
2024,140610045,NA,NA,NA,NA,NA,NA
2024,140610048,NA,NA,NA,NA,NA,NA
2024,140610051,NA,NA,NA,NA,NA,NA
2024,140610052,NA,NA,NA,NA,NA,NA
2024,140610053,NA,NA,NA,NA,NA,NA
2024,140610055,NA,NA,NA,NA,NA,NA
2024,140610056,NA,NA,NA,NA,NA,NA
2024,140610058,NA,NA,NA,NA,NA,NA
2024,140610065,NA,NA,NA,NA,NA,NA
2024,140610066,NA,NA,NA,NA,NA,NA
2024,140610067,NA,NA,NA,NA,NA,NA
2024,140610070,NA,NA,NA,NA,NA,NA
2024,140610072,NA,NA,NA,NA,NA,NA
2024,140610076,NA,NA,NA,NA,NA,NA
2024,140610077,NA,NA,NA,NA,NA,NA
2024,140610080,NA,NA,NA,NA,NA,NA
2024,140610082,NA,NA,NA,NA,NA,NA
2024,140610084,NA,NA,NA,NA,NA,NA
2024,140610087,NA,NA,NA,NA,NA,NA
2024,140610088,NA,NA,NA,NA,NA,NA
2024,140610089,NA,NA,NA,NA,NA,NA
2024,140610090,NA,NA,NA,NA,NA,NA
2024,140610091,NA,NA,NA,NA,NA,NA
2024,140610095,NA,NA,NA,NA,NA,NA
2024,140610096,NA,NA,NA,NA,NA,NA
2024,140610098,NA,NA,NA,NA,NA,NA
2024,140610100,NA,NA,NA,NA,NA,NA
2024,140610102,NA,NA,NA,NA,NA,NA
2024,140610104,NA,NA,NA,NA,NA,NA
2024,140610105,NA,NA,NA,NA,NA,NA
2024,140610109,NA,NA,NA,NA,NA,NA
2024,140610110,NA,NA,NA,NA,NA,NA
2024,140610113,NA,NA,NA,NA,NA,NA
2024,140610115,NA,NA,NA,NA,NA,NA
2024,140610117,NA,NA,NA,NA,NA,NA
2024,140610120,NA,NA,NA,NA,NA,NA
2024,140610122,NA,NA,NA,NA,NA,NA
2024,140610124,NA,NA,NA,NA,NA,NA
2024,140610129,NA,NA,NA,NA,NA,NA
2024,140610130,NA,NA,NA,NA,NA,NA
2024,140610131,NA,NA,NA,NA,NA,NA
2024,140610132,NA,NA,NA,NA,NA,NA
2024,140610133,NA,NA,NA,NA,NA,NA
2024,140610136,NA,NA,NA,NA,NA,NA
2024,140610139,NA,NA,NA,NA,NA,NA
2024,140610140,NA,NA,NA,NA,NA,NA
2024,140610142,NA,NA,NA,NA,NA,NA
2024,140610143,NA,NA,NA,NA,NA,NA
2024,140610146,NA,NA,NA,NA,NA,NA
2024,140610148,NA,NA,NA,NA,NA,NA
2024,140610149,NA,NA,NA,NA,NA,NA
2024,140610150,NA,NA,NA,NA,NA,NA
2024,140610151,NA,NA,NA,NA,NA,NA
2024,140610152,NA,NA,NA,NA,NA,NA
2024,140610155,NA,NA,NA,NA,NA,NA
2024,140610156,NA,NA,NA,NA,NA,NA
2024,140610157,NA,NA,NA,NA,NA,NA
2024,140610158,NA,NA,NA,NA,NA,NA
2024,140610159,NA,NA,NA,NA,NA,NA
2024,140610163,NA,NA,NA,NA,NA,NA
2024,140610164,NA,NA,NA,NA,NA,NA
2024,140610165,NA,NA,NA,NA,NA,NA
2024,140610166,NA,NA,NA,NA,NA,NA
2024,140610167,NA,NA,NA,NA,NA,NA
2024,140610168,NA,NA,NA,NA,NA,NA
2024,140610169,NA,NA,NA,NA,NA,NA
2024,140610173,NA,NA,NA,NA,NA,NA
2024,140610176,NA,NA,NA,NA,NA,NA
2024,140610177,NA,NA,NA,NA,NA,NA
2024,140610178,NA,NA,NA,NA,NA,NA
2024,140610182,NA,NA,NA,NA,NA,NA
2024,140610186,NA,NA,NA,NA,NA,NA
2024,140610187,NA,NA,NA,NA,NA,NA
2024,140610188,NA,NA,NA,NA,NA,NA
2024,140610189,NA,NA,NA,NA,NA,NA
2024,140610190,NA,NA,NA,NA,NA,NA
2024,140610191,NA,NA,NA,NA,NA,NA
2024,140610192,NA,NA,NA,NA,NA,NA
2024,140610193,NA,NA,NA,NA,NA,NA
2024,140610194,NA,NA,NA,NA,NA,NA
2024,140610195,NA,NA,NA,NA,NA,NA
2024,140610197,NA,NA,NA,NA,NA,NA
2024,140610198,NA,NA,NA,NA,NA,NA
2024,140610199,NA,NA,NA,NA,NA,NA
2024,140610200,NA,NA,NA,NA,NA,NA
2024,140610201,NA,NA,NA,NA,NA,NA
2024,140610202,NA,NA,NA,NA,NA,NA
2024,140610203,NA,NA,NA,NA,NA,NA
2024,140610204,NA,NA,NA,NA,NA,NA
2024,140610205,NA,NA,NA,NA,NA,NA
2024,140610207,NA,NA,NA,NA,NA,NA
2024,140610208,NA,NA,NA,NA,NA,NA
2024,140610210,NA,NA,NA,NA,NA,NA
2024,140610213,NA,NA,NA,NA,NA,NA
2024,140610215,NA,NA,NA,NA,NA,NA
2024,140610221,NA,NA,NA,NA,NA,NA
2024,140610224,NA,NA,NA,NA,NA,NA
2024,140610227,NA,NA,NA,NA,NA,NA
2024,140610228,NA,NA,NA,NA,NA,NA
2024,140610229,NA,NA,NA,NA,NA,NA
2024,140610230,NA,NA,NA,NA,NA,NA
2024,140610231,NA,NA,NA,NA,NA,NA
2024,140610234,NA,NA,NA,NA,NA,NA
2024,140610235,NA,NA,NA,NA,NA,NA
2024,140610236,NA,NA,NA,NA,NA,NA
2024,140610238,NA,NA,NA,NA,NA,NA
2024,140610240,NA,NA,NA,NA,NA,NA
2024,140610241,NA,NA,NA,NA,NA,NA
2024,140610242,NA,NA,NA,NA,NA,NA
2024,140610243,NA,NA,NA,NA,NA,NA
2024,140610245,NA,NA,NA,NA,NA,NA
2024,140610248,NA,NA,NA,NA,NA,NA
2024,140610251,NA,NA,NA,NA,NA,NA
2024,140610256,NA,NA,NA,NA,NA,NA
2024,140610259,NA,NA,NA,NA,NA,NA
2024,140610261,NA,NA,NA,NA,NA,NA
2024,140610268,NA,NA,NA,NA,NA,NA
2024,140610283,NA,NA,NA,NA,NA,NA
2024,140610293,NA,NA,NA,NA,NA,NA
2024,140610294,NA,NA,NA,NA,NA,NA
2024,140610296,NA,NA,NA,NA,NA,NA
2024,140610297,NA,NA,NA,NA,NA,NA
2024,140610298,NA,NA,NA,NA,NA,NA
2024,140610302,NA,NA,NA,NA,NA,NA
2024,140610309,NA,NA,NA,NA,NA,NA
2024,140610314,NA,NA,NA,NA,NA,NA
2024,140610316,NA,NA,NA,NA,NA,NA
2024,140610319,NA,NA,NA,NA,NA,NA
2024,140610324,NA,NA,NA,NA,NA,NA
2024,140610325,NA,NA,NA,NA,NA,NA
2024,140610326,NA,NA,NA,NA,NA,NA
2024,140610328,NA,NA,NA,NA,NA,NA
2024,140610330,NA,NA,NA,NA,NA,NA
2024,140610331,NA,NA,NA,NA,NA,NA
2024,140610332,NA,NA,NA,NA,NA,NA
2024,140610335,NA,NA,NA,NA,NA,NA
2024,140610336,NA,NA,NA,NA,NA,NA
2024,140610337,NA,NA,NA,NA,NA,NA
2024,140610341,NA,NA,NA,NA,NA,NA
2024,140610349,NA,NA,NA,NA,NA,NA
2024,140610350,NA,NA,NA,NA,NA,NA
2024,140610351,NA,NA,NA,NA,NA,NA
2024,140610358,NA,NA,NA,NA,NA,NA
2024,140610361,NA,NA,NA,NA,NA,NA
2024,140610362,NA,NA,NA,NA,NA,NA
2024,140610363,NA,NA,NA,NA,NA,NA
2024,140610364,NA,NA,NA,NA,NA,NA
2024,140610365,NA,NA,NA,NA,NA,NA
2024,140610367,NA,NA,NA,NA,NA,NA
2024,140610370,NA,NA,NA,NA,NA,NA
2024,140610373,NA,NA,NA,NA,NA,NA
2024,140610374,NA,NA,NA,NA,NA,NA
2024,140610376,NA,NA,NA,NA,NA,NA
2024,140610377,NA,NA,NA,NA,NA,NA
2024,140610380,NA,NA,NA,NA,NA,NA
2024,140610384,NA,NA,NA,NA,NA,NA
2024,140610385,NA,NA,NA,NA,NA,NA
2024,140610388,NA,NA,NA,NA,NA,NA
2024,140610393,NA,NA,NA,NA,NA,NA
2024,140610394,NA,NA,NA,NA,NA,NA
2024,140610395,NA,NA,NA,NA,NA,NA
2024,140610400,NA,NA,NA,NA,NA,NA
2024,140610402,NA,NA,NA,NA,NA,NA
2024,140610404,NA,NA,NA,NA,NA,NA
2024,140610406,NA,NA,NA,NA,NA,NA
2024,140610407,NA,NA,NA,NA,NA,NA
2024,140610412,NA,NA,NA,NA,NA,NA
2024,140610413,NA,NA,NA,NA,NA,NA
2024,140610416,NA,NA,NA,NA,NA,NA
2024,140610419,NA,NA,NA,NA,NA,NA
2024,140610420,NA,NA,NA,NA,NA,NA
2024,140610421,NA,NA,NA,NA,NA,NA
2024,140610423,NA,NA,NA,NA,NA,NA
2024,140610425,NA,NA,NA,NA,NA,NA
2024,140610426,NA,NA,NA,NA,NA,NA
2024,140610427,NA,NA,NA,NA,NA,NA
2024,140610428,NA,NA,NA,NA,NA,NA
2024,140610429,NA,NA,NA,NA,NA,NA
2024,140610430,NA,NA,NA,NA,NA,NA
2024,140610431,NA,NA,NA,NA,NA,NA
2024,140610432,NA,NA,NA,NA,NA,NA
2024,140610433,NA,NA,NA,NA,NA,NA
2024,140610434,NA,NA,NA,NA,NA,NA
2024,140610435,NA,NA,NA,NA,NA,NA
2024,140610436,NA,NA,NA,NA,NA,NA
2024,140610437,NA,NA,NA,NA,NA,NA
2024,140610439,NA,NA,NA,NA,NA,NA
2024,140610440,NA,NA,NA,NA,NA,NA
2024,140610441,NA,NA,NA,NA,NA,NA
2024,140610442,NA,NA,NA,NA,NA,NA
2024,140610443,NA,NA,NA,NA,NA,NA
2024,140610444,NA,NA,NA,NA,NA,NA
2024,140610446,NA,NA,NA,NA,NA,NA
2024,140610447,NA,NA,NA,NA,NA,NA
2024,140610448,NA,NA,NA,NA,NA,NA
2024,140610450,NA,NA,NA,NA,NA,NA
2024,140610451,NA,NA,NA,NA,NA,NA
2024,140610452,NA,NA,NA,NA,NA,NA
2024,140610453,NA,NA,NA,NA,NA,NA
2024,140610454,NA,NA,NA,NA,NA,NA
2024,140610455,NA,NA,NA,NA,NA,NA
2024,140610456,NA,NA,NA,NA,NA,NA
2024,140610457,NA,NA,NA,NA,NA,NA
2024,140610458,NA,NA,NA,NA,NA,NA
2024,140610459,NA,NA,NA,NA,NA,NA
2024,140610460,NA,NA,NA,NA,NA,NA
2024,140610462,NA,NA,NA,NA,NA,NA
2024,140610463,NA,NA,NA,NA,NA,NA
2024,140610464,NA,NA,NA,NA,NA,NA
2024,140610465,NA,NA,NA,NA,NA,NA
2024,140610466,NA,NA,NA,NA,NA,NA
2024,140610467,NA,NA,NA,NA,NA,NA
2024,140610468,NA,NA,NA,NA,NA,NA
2024,140610469,NA,NA,NA,NA,NA,NA
2024,140610470,NA,NA,NA,NA,NA,NA
2024,140610471,NA,NA,NA,NA,NA,NA
2024,140610472,NA,NA,NA,NA,NA,NA
2024,140610473,NA,NA,NA,NA,NA,NA
2024,140610474,NA,NA,NA,NA,NA,NA
2024,140610475,NA,NA,NA,NA,NA,NA
2024,140610476,NA,NA,NA,NA,NA,NA
2024,140610477,NA,NA,NA,NA,NA,NA
2024,140610478,NA,NA,NA,NA,NA,NA
2024,140610479,NA,NA,NA,NA,NA,NA
2024,140610480,NA,NA,NA,NA,NA,NA
2024,140610482,NA,NA,NA,NA,NA,NA
2024,140610483,NA,NA,NA,NA,NA,NA
2024,140610484,NA,NA,NA,NA,NA,NA
2024,140610485,NA,NA,NA,NA,NA,NA
2024,140610486,NA,NA,NA,NA,NA,NA
2024,140610487,NA,NA,NA,NA,NA,NA
2024,140610488,NA,NA,NA,NA,NA,NA
2024,140610489,NA,NA,NA,NA,NA,NA
2024,140610490,NA,NA,NA,NA,NA,NA
2024,140610491,NA,NA,NA,NA,NA,NA
2024,140610492,NA,NA,NA,NA,NA,NA
2024,140610493,NA,NA,NA,NA,NA,NA
2024,140610494,NA,NA,NA,NA,NA,NA
2024,140610495,NA,NA,NA,NA,NA,NA
2024,140610497,NA,NA,NA,NA,NA,NA
2024,140610498,NA,NA,NA,NA,NA,NA
2024,140610499,NA,NA,NA,NA,NA,NA
2024,140610500,NA,NA,NA,NA,NA,NA
2024,140610501,NA,NA,NA,NA,NA,NA
2024,140610503,NA,NA,NA,NA,NA,NA
2024,140610506,NA,NA,NA,NA,NA,NA
2024,140610507,NA,NA,NA,NA,NA,NA
2024,140610508,NA,NA,NA,NA,NA,NA
2024,140610510,NA,NA,NA,NA,NA,NA
2024,140610513,NA,NA,NA,NA,NA,NA
2024,140610514,NA,NA,NA,NA,NA,NA
2024,140610515,NA,NA,NA,NA,NA,NA
2024,140610516,NA,NA,NA,NA,NA,NA
2024,140610517,NA,NA,NA,NA,NA,NA
2024,140610519,NA,NA,NA,NA,NA,NA
2024,140610520,NA,NA,NA,NA,NA,NA
2024,140610521,NA,NA,NA,NA,NA,NA
2024,140610522,NA,NA,NA,NA,NA,NA
2024,140610523,NA,NA,NA,NA,NA,NA
2024,140610524,NA,NA,NA,NA,NA,NA
2024,140610525,NA,NA,NA,NA,NA,NA
2024,140610526,NA,NA,NA,NA,NA,NA
2024,140610528,NA,NA,NA,NA,NA,NA
2024,140610529,NA,NA,NA,NA,NA,NA
2024,140610530,NA,NA,NA,NA,NA,NA
2024,140610531,NA,NA,NA,NA,NA,NA
2024,140610532,NA,NA,NA,NA,NA,NA
2024,140610533,NA,NA,NA,NA,NA,NA
2024,140610535,NA,NA,NA,NA,NA,NA
2024,140610538,NA,NA,NA,NA,NA,NA
2024,140610539,NA,NA,NA,NA,NA,NA
2024,140610540,NA,NA,NA,NA,NA,NA
2024,140610541,NA,NA,NA,NA,NA,NA
2024,140610542,NA,NA,NA,NA,NA,NA
2024,140610544,NA,NA,NA,NA,NA,NA
2024,140610545,NA,NA,NA,NA,NA,NA
2024,140610547,NA,NA,NA,NA,NA,NA
2024,140610548,NA,NA,NA,NA,NA,NA
2024,140610549,NA,NA,NA,NA,NA,NA
2024,140610550,NA,NA,NA,NA,NA,NA
2024,140610551,NA,NA,NA,NA,NA,NA
2024,140610552,NA,NA,NA,NA,NA,NA
2024,140610553,NA,NA,NA,NA,NA,NA
2024,140610555,NA,NA,NA,NA,NA,NA
2024,140610556,NA,NA,NA,NA,NA,NA
2024,140610557,NA,NA,NA,NA,NA,NA
2024,140610560,NA,NA,NA,NA,NA,NA
2024,140610563,NA,NA,NA,NA,NA,NA
2024,140610564,NA,NA,NA,NA,NA,NA
2024,140610565,NA,NA,NA,NA,NA,NA
2024,140610566,NA,NA,NA,NA,NA,NA
2024,140610570,NA,NA,NA,NA,NA,NA
2024,140610571,NA,NA,NA,NA,NA,NA
2024,140610572,NA,NA,NA,NA,NA,NA
2024,140610573,NA,NA,NA,NA,NA,NA
2024,140610575,NA,NA,NA,NA,NA,NA
2024,140610577,NA,NA,NA,NA,NA,NA
2024,140610578,NA,NA,NA,NA,NA,NA
2024,140610579,NA,NA,NA,NA,NA,NA
2024,140610589,NA,NA,NA,NA,NA,NA
2024,140610590,NA,NA,NA,NA,NA,NA
2024,140610591,NA,NA,NA,NA,NA,NA
2024,140610592,NA,NA,NA,NA,NA,NA
2024,140610593,NA,NA,NA,NA,NA,NA
2024,140610595,NA,NA,NA,NA,NA,NA
2024,140610596,NA,NA,NA,NA,NA,NA
2024,140610598,NA,NA,NA,NA,NA,NA
2024,140610600,NA,NA,NA,NA,NA,NA
2024,140610601,NA,NA,NA,NA,NA,NA
2024,140610602,NA,NA,NA,NA,NA,NA
2024,140610603,NA,NA,NA,NA,NA,NA
2024,140610604,NA,NA,NA,NA,NA,NA
2024,140610605,NA,NA,NA,NA,NA,NA
2024,140610606,NA,NA,NA,NA,NA,NA
2024,140610607,NA,NA,NA,NA,NA,NA
2024,140610608,NA,NA,NA,NA,NA,NA
2024,140610609,NA,NA,NA,NA,NA,NA
2024,140610610,NA,NA,NA,NA,NA,NA
2024,140610611,NA,NA,NA,NA,NA,NA
2024,140610612,NA,NA,NA,NA,NA,NA
2024,140610613,NA,NA,NA,NA,NA,NA
2024,140610614,NA,NA,NA,NA,NA,NA
2024,140610615,NA,NA,NA,NA,NA,NA
2024,140610616,NA,NA,NA,NA,NA,NA
2024,140610617,NA,NA,NA,NA,NA,NA
2024,140610618,NA,NA,NA,NA,NA,NA
2024,140610619,NA,NA,NA,NA,NA,NA
2024,140610620,NA,NA,NA,NA,NA,NA
2024,140610621,NA,NA,NA,NA,NA,NA
2024,140610622,NA,NA,NA,NA,NA,NA
2024,140610626,NA,NA,NA,NA,NA,NA
2024,140610627,NA,NA,NA,NA,NA,NA
2024,140610628,NA,NA,NA,NA,NA,NA
2024,140610629,NA,NA,NA,NA,NA,NA
2024,140610630,NA,NA,NA,NA,NA,NA
2024,140610631,NA,NA,NA,NA,NA,NA
2024,140610632,NA,NA,NA,NA,NA,NA
2024,140610633,NA,NA,NA,NA,NA,NA
2024,140610634,NA,NA,NA,NA,NA,NA
2024,140610635,NA,NA,NA,NA,NA,NA
2024,140610636,NA,NA,NA,NA,NA,NA
2024,140610637,NA,NA,NA,NA,NA,NA
2024,140610638,NA,NA,NA,NA,NA,NA
2024,140610639,NA,NA,NA,NA,NA,NA
2024,140610640,NA,NA,NA,NA,NA,NA
2024,140610641,NA,NA,NA,NA,NA,NA
2024,140610642,NA,NA,NA,NA,NA,NA
2024,140610643,NA,NA,NA,NA,NA,NA
2024,140610645,NA,NA,NA,NA,NA,NA
2024,140610646,NA,NA,NA,NA,NA,NA
2024,140610647,NA,NA,NA,NA,NA,NA
2024,140610648,NA,NA,NA,NA,NA,NA
2024,140610649,NA,NA,NA,NA,NA,NA
2024,140610651,NA,NA,NA,NA,NA,NA
2024,140610652,NA,NA,NA,NA,NA,NA
2024,140610661,NA,NA,NA,NA,NA,NA
2024,140610662,NA,NA,NA,NA,NA,NA
2024,140610663,NA,NA,NA,NA,NA,NA
2024,140610664,NA,NA,NA,NA,NA,NA
2024,140610666,NA,NA,NA,NA,NA,NA
2024,140610668,NA,NA,NA,NA,NA,NA
2024,140610670,NA,NA,NA,NA,NA,NA
2024,140610672,NA,NA,NA,NA,NA,NA
2024,140610675,NA,NA,NA,NA,NA,NA
2024,140610679,NA,NA,NA,NA,NA,NA
2024,140610683,NA,NA,NA,NA,NA,NA
2024,140610684,NA,NA,NA,NA,NA,NA
2024,140610686,NA,NA,NA,NA,NA,NA
2024,140610692,NA,NA,NA,NA,NA,NA
2024,140610693,NA,NA,NA,NA,NA,NA
2024,140610694,NA,NA,NA,NA,NA,NA
2024,140610696,NA,NA,NA,NA,NA,NA
2024,140610697,NA,NA,NA,NA,NA,NA
2024,140610698,NA,NA,NA,NA,NA,NA
2024,140610699,NA,NA,NA,NA,NA,NA
2024,140610701,NA,NA,NA,NA,NA,NA
2024,140610703,NA,NA,NA,NA,NA,NA
2024,140610704,NA,NA,NA,NA,NA,NA
2024,140610705,NA,NA,NA,NA,NA,NA
2024,140610707,NA,NA,NA,NA,NA,NA
2024,140610708,NA,NA,NA,NA,NA,NA
2024,140610709,NA,NA,NA,NA,NA,NA
2024,140610710,NA,NA,NA,NA,NA,NA
2024,140610711,NA,NA,NA,NA,NA,NA
2024,140610712,NA,NA,NA,NA,NA,NA
2024,140610713,NA,NA,NA,NA,NA,NA
2024,140610716,NA,NA,NA,NA,NA,NA
2024,140610717,NA,NA,NA,NA,NA,NA
2024,140610719,NA,NA,NA,NA,NA,NA
2024,140610722,NA,NA,NA,NA,NA,NA
2024,140610724,NA,NA,NA,NA,NA,NA
2024,140610725,NA,NA,NA,NA,NA,NA
2024,140610726,NA,NA,NA,NA,NA,NA
2024,140610731,NA,NA,NA,NA,NA,NA
2024,140610732,NA,NA,NA,NA,NA,NA
2024,140610733,NA,NA,NA,NA,NA,NA
2024,140610734,NA,NA,NA,NA,NA,NA
2024,140610737,NA,NA,NA,NA,NA,NA
2024,140610738,NA,NA,NA,NA,NA,NA
2024,140610739,NA,NA,NA,NA,NA,NA
2024,140610740,NA,NA,NA,NA,NA,NA
2024,140610741,NA,NA,NA,NA,NA,NA
2024,140610742,NA,NA,NA,NA,NA,NA
2024,140610743,NA,NA,NA,NA,NA,NA
2024,140610744,NA,NA,NA,NA,NA,NA
2024,140610745,NA,NA,NA,NA,NA,NA
2024,140610746,NA,NA,NA,NA,NA,NA
2024,140610749,NA,NA,NA,NA,NA,NA
2024,140610750,NA,NA,NA,NA,NA,NA
2024,140610754,NA,NA,NA,NA,NA,NA
2024,140610755,NA,NA,NA,NA,NA,NA
2024,140610756,NA,NA,NA,NA,NA,NA
2024,140610757,NA,NA,NA,NA,NA,NA
2024,140610758,NA,NA,NA,NA,NA,NA
2024,140610759,NA,NA,NA,NA,NA,NA
2024,140610760,NA,NA,NA,NA,NA,NA
2024,140610761,NA,NA,NA,NA,NA,NA
2024,140610763,NA,NA,NA,NA,NA,NA
2024,140610764,NA,NA,NA,NA,NA,NA
2024,140610765,NA,NA,NA,NA,NA,NA
2024,140610766,NA,NA,NA,NA,NA,NA
2024,140610767,NA,NA,NA,NA,NA,NA
2024,140610768,NA,NA,NA,NA,NA,NA
2024,140610773,NA,NA,NA,NA,NA,NA
2024,140610775,NA,NA,NA,NA,NA,NA
2024,140610777,NA,NA,NA,NA,NA,NA
2024,140610778,NA,NA,NA,NA,NA,NA
2024,140610780,NA,NA,NA,NA,NA,NA
2024,140610782,NA,NA,NA,NA,NA,NA
2024,140610784,NA,NA,NA,NA,NA,NA
2024,140610785,NA,NA,NA,NA,NA,NA
2024,140610786,NA,NA,NA,NA,NA,NA
2024,140610787,NA,NA,NA,NA,NA,NA
2024,140610791,NA,NA,NA,NA,NA,NA
2024,140610792,NA,NA,NA,NA,NA,NA
2024,140610793,NA,NA,NA,NA,NA,NA
2024,140610797,NA,NA,NA,NA,NA,NA
2024,140610799,NA,NA,NA,NA,NA,NA
2024,140610802,NA,NA,NA,NA,NA,NA
2024,140610807,NA,NA,NA,NA,NA,NA
2024,140610810,NA,NA,NA,NA,NA,NA
2024,140610811,NA,NA,NA,NA,NA,NA
2024,140610812,NA,NA,NA,NA,NA,NA
2024,140610813,NA,NA,NA,NA,NA,NA
2024,140610814,NA,NA,NA,NA,NA,NA
2024,140610815,NA,NA,NA,NA,NA,NA
2024,140610818,NA,NA,NA,NA,NA,NA
2024,140610819,NA,NA,NA,NA,NA,NA
2024,140610821,NA,NA,NA,NA,NA,NA
2024,140610822,NA,NA,NA,NA,NA,NA
2024,140610823,NA,NA,NA,NA,NA,NA
2024,140610824,NA,NA,NA,NA,NA,NA
2024,140610828,NA,NA,NA,NA,NA,NA
2024,140610829,NA,NA,NA,NA,NA,NA
2024,140610831,NA,NA,NA,NA,NA,NA
2024,140610835,NA,NA,NA,NA,NA,NA
2024,140610838,NA,NA,NA,NA,NA,NA
2024,140610839,NA,NA,NA,NA,NA,NA
2024,140610841,NA,NA,NA,NA,NA,NA
2024,140610844,NA,NA,NA,NA,NA,NA
2024,140610848,NA,NA,NA,NA,NA,NA
2024,140610849,NA,NA,NA,NA,NA,NA
2024,140610850,NA,NA,NA,NA,NA,NA
2024,140610851,NA,NA,NA,NA,NA,NA
2024,140610852,NA,NA,NA,NA,NA,NA
2024,140610853,NA,NA,NA,NA,NA,NA
2024,140610854,NA,NA,NA,NA,NA,NA
2024,140610855,NA,NA,NA,NA,NA,NA
2024,140610856,NA,NA,NA,NA,NA,NA
2024,140610857,NA,NA,NA,NA,NA,NA
2024,140610858,NA,NA,NA,NA,NA,NA
2024,140610859,NA,NA,NA,NA,NA,NA
2024,140610861,NA,NA,NA,NA,NA,NA
2024,140610862,NA,NA,NA,NA,NA,NA
2024,140610863,NA,NA,NA,NA,NA,NA
2024,140610864,NA,NA,NA,NA,NA,NA
2024,140610865,NA,NA,NA,NA,NA,NA
2024,140610866,NA,NA,NA,NA,NA,NA
2024,140610867,NA,NA,NA,NA,NA,NA
2024,140610868,NA,NA,NA,NA,NA,NA
2024,140610869,NA,NA,NA,NA,NA,NA
2024,140610870,NA,NA,NA,NA,NA,NA
2024,140610871,NA,NA,NA,NA,NA,NA
2024,140610872,NA,NA,NA,NA,NA,NA
2024,140610873,NA,NA,NA,NA,NA,NA
2024,140610874,NA,NA,NA,NA,NA,NA
2024,140610875,NA,NA,NA,NA,NA,NA
2024,140610876,NA,NA,NA,NA,NA,NA
2024,140610877,NA,NA,NA,NA,NA,NA
2024,140610878,NA,NA,NA,NA,NA,NA
2024,140610879,NA,NA,NA,NA,NA,NA
2024,140610880,NA,NA,NA,NA,NA,NA
2024,140610881,NA,NA,NA,NA,NA,NA
2024,140610882,NA,NA,NA,NA,NA,NA
2024,140610883,NA,NA,NA,NA,NA,NA
2024,140610884,NA,NA,NA,NA,NA,NA
2024,140610885,NA,NA,NA,NA,NA,NA
2024,140610886,NA,NA,NA,NA,NA,NA
2024,140610887,NA,NA,NA,NA,NA,NA
2024,140610888,NA,NA,NA,NA,NA,NA
2024,140610889,NA,NA,NA,NA,NA,NA
2024,140610890,NA,NA,NA,NA,NA,NA
2024,140610891,NA,NA,NA,NA,NA,NA
2024,140610892,NA,NA,NA,NA,NA,NA
2024,140610893,NA,NA,NA,NA,NA,NA
2024,140610894,NA,NA,NA,NA,NA,NA
2024,140610895,NA,NA,NA,NA,NA,NA
2024,140610896,NA,NA,NA,NA,NA,NA
2024,140610897,NA,NA,NA,NA,NA,NA
2024,140610898,NA,NA,NA,NA,NA,NA
2024,140610899,NA,NA,NA,NA,NA,NA
2024,140610900,NA,NA,NA,NA,NA,NA
2024,140610901,NA,NA,NA,NA,NA,NA
2024,140610902,NA,NA,NA,NA,NA,NA
2024,140610903,NA,NA,NA,NA,NA,NA
2024,140610904,NA,NA,NA,NA,NA,NA
2024,140610905,NA,NA,NA,NA,NA,NA
2024,140610906,NA,NA,NA,NA,NA,NA
2024,140610908,NA,NA,NA,NA,NA,NA
2024,140610909,NA,NA,NA,NA,NA,NA
2024,140610910,NA,NA,NA,NA,NA,NA
2024,140610912,NA,NA,NA,NA,NA,NA
2024,140610913,NA,NA,NA,NA,NA,NA
2024,140610914,NA,NA,NA,NA,NA,NA
2024,140610915,NA,NA,NA,NA,NA,NA
2024,140610916,NA,NA,NA,NA,NA,NA
2024,140610917,NA,NA,NA,NA,NA,NA
2024,140610918,NA,NA,NA,NA,NA,NA
2024,140610919,NA,NA,NA,NA,NA,NA
2024,140610920,NA,NA,NA,NA,NA,NA
2024,140610921,NA,NA,NA,NA,NA,NA
2024,140610922,NA,NA,NA,NA,NA,NA
2024,140610923,NA,NA,NA,NA,NA,NA
2024,140610924,NA,NA,NA,NA,NA,NA
2024,140610925,NA,NA,NA,NA,NA,NA
2024,140610926,NA,NA,NA,NA,NA,NA
2024,140610927,NA,NA,NA,NA,NA,NA
2024,140610928,NA,NA,NA,NA,NA,NA
2024,140610929,NA,NA,NA,NA,NA,NA
2024,140610930,NA,NA,NA,NA,NA,NA
2024,140610931,NA,NA,NA,NA,NA,NA
2024,140610932,NA,NA,NA,NA,NA,NA
2024,140610933,NA,NA,NA,NA,NA,NA
2024,140610934,NA,NA,NA,NA,NA,NA
2024,140610935,NA,NA,NA,NA,NA,NA
2024,140610936,NA,NA,NA,NA,NA,NA
2024,140610937,NA,NA,NA,NA,NA,NA
2024,140610938,NA,NA,NA,NA,NA,NA
2024,140610939,NA,NA,NA,NA,NA,NA
2024,140610940,NA,NA,NA,NA,NA,NA
2024,140610941,NA,NA,NA,NA,NA,NA
2024,140610942,NA,NA,NA,NA,NA,NA
2024,140610943,NA,NA,NA,NA,NA,NA
2024,140610944,NA,NA,NA,NA,NA,NA
2024,140610945,NA,NA,NA,NA,NA,NA
2024,140610946,NA,NA,NA,NA,NA,NA
2024,140610947,NA,NA,NA,NA,NA,NA
2024,140610948,NA,NA,NA,NA,NA,NA
2024,140610949,NA,NA,NA,NA,NA,NA
2024,140610950,NA,NA,NA,NA,NA,NA
2024,140610952,NA,NA,NA,NA,NA,NA
2024,140610953,NA,NA,NA,NA,NA,NA
2024,140610954,NA,NA,NA,NA,NA,NA
2024,140610955,NA,NA,NA,NA,NA,NA
2024,140610956,NA,NA,NA,NA,NA,NA
2024,140610957,NA,NA,NA,NA,NA,NA
2024,140610958,NA,NA,NA,NA,NA,NA
2024,140610959,NA,NA,NA,NA,NA,NA
2024,140610960,NA,NA,NA,NA,NA,NA
2024,140610961,NA,NA,NA,NA,NA,NA
2024,140610962,NA,NA,NA,NA,NA,NA
2024,140610963,NA,NA,NA,NA,NA,NA
2024,140610964,NA,NA,NA,NA,NA,NA
2024,140610965,NA,NA,NA,NA,NA,NA
2024,140610966,NA,NA,NA,NA,NA,NA
2024,140610967,NA,NA,NA,NA,NA,NA
2024,140610968,NA,NA,NA,NA,NA,NA
2024,140610969,NA,NA,NA,NA,NA,NA
2024,140610971,NA,NA,NA,NA,NA,NA
2024,140610972,NA,NA,NA,NA,NA,NA
2024,140610973,NA,NA,NA,NA,NA,NA
2024,140610974,NA,NA,NA,NA,NA,NA
2024,140610975,NA,NA,NA,NA,NA,NA
2024,140610976,NA,NA,NA,NA,NA,NA
2024,140610977,NA,NA,NA,NA,NA,NA
2024,140610978,NA,NA,NA,NA,NA,NA
2024,140610979,NA,NA,NA,NA,NA,NA
2024,140610980,NA,NA,NA,NA,NA,NA
2024,140610981,NA,NA,NA,NA,NA,NA
2024,140610982,NA,NA,NA,NA,NA,NA
2024,140610983,NA,NA,NA,NA,NA,NA
2024,140610984,NA,NA,NA,NA,NA,NA
2024,140610985,NA,NA,NA,NA,NA,NA
2024,140610986,NA,NA,NA,NA,NA,NA
2024,140610987,NA,NA,NA,NA,NA,NA
2024,140610988,NA,NA,NA,NA,NA,NA
2024,140610989,NA,NA,NA,NA,NA,NA
2024,140610990,NA,NA,NA,NA,NA,NA
2024,140610992,NA,NA,NA,NA,NA,NA
2024,140610993,NA,NA,NA,NA,NA,NA
2024,140610994,NA,NA,NA,NA,NA,NA
2024,140610995,NA,NA,NA,NA,NA,NA
2024,140610996,NA,NA,NA,NA,NA,NA
2024,140610997,NA,NA,NA,NA,NA,NA
2024,140610998,NA,NA,NA,NA,NA,NA
2024,140610999,NA,NA,NA,NA,NA,NA
2024,140611000,NA,NA,NA,NA,NA,NA
2024,140611001,NA,NA,NA,NA,NA,NA
2024,140611002,NA,NA,NA,NA,NA,NA
2024,140611003,NA,NA,NA,NA,NA,NA
2024,140611004,NA,NA,NA,NA,NA,NA
2024,140611005,NA,NA,NA,NA,NA,NA
2024,140611006,NA,NA,NA,NA,NA,NA
2024,140611007,NA,NA,NA,NA,NA,NA
2024,140611008,NA,NA,NA,NA,NA,NA
2024,140611009,NA,NA,NA,NA,NA,NA
2024,140611010,NA,NA,NA,NA,NA,NA
2024,140611011,NA,NA,NA,NA,NA,NA
2024,140611012,NA,NA,NA,NA,NA,NA
2024,140611013,NA,NA,NA,NA,NA,NA
2024,140611014,NA,NA,NA,NA,NA,NA
2024,140611015,NA,NA,NA,NA,NA,NA
2024,140611016,NA,NA,NA,NA,NA,NA
2024,140611017,NA,NA,NA,NA,NA,NA
2024,140611018,NA,NA,NA,NA,NA,NA
2024,140611019,NA,NA,NA,NA,NA,NA
2024,140611020,NA,NA,NA,NA,NA,NA
2024,140611021,NA,NA,NA,NA,NA,NA
2024,140611022,NA,NA,NA,NA,NA,NA
2024,140611023,NA,NA,NA,NA,NA,NA
2024,140611024,NA,NA,NA,NA,NA,NA
2024,140611025,NA,NA,NA,NA,NA,NA
2024,140611026,NA,NA,NA,NA,NA,NA
2024,140611027,NA,NA,NA,NA,NA,NA
2024,140611029,NA,NA,NA,NA,NA,NA
2024,140611030,NA,NA,NA,NA,NA,NA
2024,140611031,NA,NA,NA,NA,NA,NA
2024,140611032,NA,NA,NA,NA,NA,NA
2024,140611033,NA,NA,NA,NA,NA,NA
2024,140611034,NA,NA,NA,NA,NA,NA
2024,140611035,NA,NA,NA,NA,NA,NA
2024,140611036,NA,NA,NA,NA,NA,NA
2024,140611038,NA,NA,NA,NA,NA,NA
2024,140611039,NA,NA,NA,NA,NA,NA
2024,140611040,NA,NA,NA,NA,NA,NA
2024,140611041,NA,NA,NA,NA,NA,NA
2024,140611042,NA,NA,NA,NA,NA,NA
2024,140611043,NA,NA,NA,NA,NA,NA
2024,140611044,NA,NA,NA,NA,NA,NA
2024,140611045,NA,NA,NA,NA,NA,NA
2024,140611046,NA,NA,NA,NA,NA,NA
2024,140611047,NA,NA,NA,NA,NA,NA
2024,140611048,NA,NA,NA,NA,NA,NA
2024,140611049,NA,NA,NA,NA,NA,NA
2024,140611050,NA,NA,NA,NA,NA,NA
2024,140611051,NA,NA,NA,NA,NA,NA
2024,140611052,NA,NA,NA,NA,NA,NA
2024,140611053,NA,NA,NA,NA,NA,NA
2024,140611054,NA,NA,NA,NA,NA,NA
2024,140611055,NA,NA,NA,NA,NA,NA
2024,140611056,NA,NA,NA,NA,NA,NA
2024,140611057,NA,NA,NA,NA,NA,NA
2024,140611058,NA,NA,NA,NA,NA,NA
2024,140611059,NA,NA,NA,NA,NA,NA
2024,140611060,NA,NA,NA,NA,NA,NA
2024,140611061,NA,NA,NA,NA,NA,NA
2024,140611062,NA,NA,NA,NA,NA,NA
2024,140611063,NA,NA,NA,NA,NA,NA
2024,140611064,NA,NA,NA,NA,NA,NA
2024,140611065,NA,NA,NA,NA,NA,NA
2024,140611066,NA,NA,NA,NA,NA,NA
2024,140611068,NA,NA,NA,NA,NA,NA
2024,140611069,NA,NA,NA,NA,NA,NA
2024,140611070,NA,NA,NA,NA,NA,NA
2024,140611071,NA,NA,NA,NA,NA,NA
2024,140611072,NA,NA,NA,NA,NA,NA
2024,140611074,NA,NA,NA,NA,NA,NA
2024,140611075,NA,NA,NA,NA,NA,NA
2024,140611076,NA,NA,NA,NA,NA,NA
2024,140611077,NA,NA,NA,NA,NA,NA
2024,140611078,NA,NA,NA,NA,NA,NA
2024,140611079,NA,NA,NA,NA,NA,NA
2024,140611080,NA,NA,NA,NA,NA,NA
2024,140611081,NA,NA,NA,NA,NA,NA
2024,140611082,NA,NA,NA,NA,NA,NA
2024,140611083,NA,NA,NA,NA,NA,NA
2024,140611084,NA,NA,NA,NA,NA,NA
2024,140611085,NA,NA,NA,NA,NA,NA
2024,140611086,NA,NA,NA,NA,NA,NA
2024,140611087,NA,NA,NA,NA,NA,NA
2024,140611088,NA,NA,NA,NA,NA,NA
2024,140611089,NA,NA,NA,NA,NA,NA
2024,140611090,NA,NA,NA,NA,NA,NA
2024,140611091,NA,NA,NA,NA,NA,NA
2024,140611092,NA,NA,NA,NA,NA,NA
2024,140611093,NA,NA,NA,NA,NA,NA
2024,140611094,NA,NA,NA,NA,NA,NA
2024,140611095,NA,NA,NA,NA,NA,NA
2024,140611096,NA,NA,NA,NA,NA,NA
2024,140611097,NA,NA,NA,NA,NA,NA
2024,140611098,NA,NA,NA,NA,NA,NA
2024,140611099,NA,NA,NA,NA,NA,NA
2024,140611100,NA,NA,NA,NA,NA,NA
2024,140611101,NA,NA,NA,NA,NA,NA
2024,140611102,NA,NA,NA,NA,NA,NA
2024,140611103,NA,NA,NA,NA,NA,NA
2024,140611104,NA,NA,NA,NA,NA,NA
2024,140611105,NA,NA,NA,NA,NA,NA
2024,140611106,NA,NA,NA,NA,NA,NA
2024,140611107,NA,NA,NA,NA,NA,NA
2024,140611108,NA,NA,NA,NA,NA,NA
2024,140611109,NA,NA,NA,NA,NA,NA
2024,140611110,NA,NA,NA,NA,NA,NA
2024,140611111,NA,NA,NA,NA,NA,NA
2024,140611113,NA,NA,NA,NA,NA,NA
2024,140611114,NA,NA,NA,NA,NA,NA
2024,140611115,NA,NA,NA,NA,NA,NA
2024,140611116,NA,NA,NA,NA,NA,NA
2024,140611117,NA,NA,NA,NA,NA,NA
2024,140611118,NA,NA,NA,NA,NA,NA
2024,140611119,NA,NA,NA,NA,NA,NA
2024,140611120,NA,NA,NA,NA,NA,NA
2024,140611121,NA,NA,NA,NA,NA,NA
2024,140611122,NA,NA,NA,NA,NA,NA
2024,140611123,NA,NA,NA,NA,NA,NA
2024,140611124,NA,NA,NA,NA,NA,NA
2024,140611125,NA,NA,NA,NA,NA,NA
2024,140611126,NA,NA,NA,NA,NA,NA
2024,140611127,NA,NA,NA,NA,NA,NA
2024,140611128,NA,NA,NA,NA,NA,NA
2024,140611129,NA,NA,NA,NA,NA,NA
2024,140611130,NA,NA,NA,NA,NA,NA
2024,140611131,NA,NA,NA,NA,NA,NA
2024,140611132,NA,NA,NA,NA,NA,NA
2024,140611133,NA,NA,NA,NA,NA,NA
2024,140611134,NA,NA,NA,NA,NA,NA
2024,140611135,NA,NA,NA,NA,NA,NA
2024,140611136,NA,NA,NA,NA,NA,NA
2024,140611137,NA,NA,NA,NA,NA,NA
2024,140611138,NA,NA,NA,NA,NA,NA
2024,140611139,NA,NA,NA,NA,NA,NA
2024,140611140,NA,NA,NA,NA,NA,NA
2024,140611141,NA,NA,NA,NA,NA,NA
2024,140611142,NA,NA,NA,NA,NA,NA
2024,140611143,NA,NA,NA,NA,NA,NA
2024,140611144,NA,NA,NA,NA,NA,NA
2024,140611145,NA,NA,NA,NA,NA,NA
2024,140611146,NA,NA,NA,NA,NA,NA
2024,140611147,NA,NA,NA,NA,NA,NA
2024,140611148,NA,NA,NA,NA,NA,NA
2024,140611149,NA,NA,NA,NA,NA,NA
2024,140611150,NA,NA,NA,NA,NA,NA
2024,140611151,NA,NA,NA,NA,NA,NA
2024,140611152,NA,NA,NA,NA,NA,NA
2024,140611153,NA,NA,NA,NA,NA,NA
2024,140611154,NA,NA,NA,NA,NA,NA
2024,140611155,NA,NA,NA,NA,NA,NA
2024,140611156,NA,NA,NA,NA,NA,NA
2024,140611157,NA,NA,NA,NA,NA,NA
2024,140611158,NA,NA,NA,NA,NA,NA
2024,140611159,NA,NA,NA,NA,NA,NA
2024,140611160,NA,NA,NA,NA,NA,NA
2024,140611161,NA,NA,NA,NA,NA,NA
2024,140611162,NA,NA,NA,NA,NA,NA
2024,140611163,NA,NA,NA,NA,NA,NA
2024,140611164,NA,NA,NA,NA,NA,NA
2024,140611165,NA,NA,NA,NA,NA,NA
2024,140611166,NA,NA,NA,NA,NA,NA
2024,140611167,NA,NA,NA,NA,NA,NA
2024,140611168,NA,NA,NA,NA,NA,NA
2024,140611169,NA,NA,NA,NA,NA,NA
2024,140611170,NA,NA,NA,NA,NA,NA
2024,140611171,NA,NA,NA,NA,NA,NA
2024,140611172,NA,NA,NA,NA,NA,NA
2024,140611173,NA,NA,NA,NA,NA,NA
2024,140611174,NA,NA,NA,NA,NA,NA
2024,140611175,NA,NA,NA,NA,NA,NA
2024,140611176,NA,NA,NA,NA,NA,NA
2024,140611177,NA,NA,NA,NA,NA,NA
2024,140611178,NA,NA,NA,NA,NA,NA
2024,140611179,NA,NA,NA,NA,NA,NA
2024,140611180,NA,NA,NA,NA,NA,NA
2024,140611181,NA,NA,NA,NA,NA,NA
2024,140611182,NA,NA,NA,NA,NA,NA
2024,140611183,NA,NA,NA,NA,NA,NA
2024,140611184,NA,NA,NA,NA,NA,NA
2024,140611185,NA,NA,NA,NA,NA,NA
2024,140611186,NA,NA,NA,NA,NA,NA
2024,140611187,NA,NA,NA,NA,NA,NA
2024,140611188,NA,NA,NA,NA,NA,NA
2024,140611189,NA,NA,NA,NA,NA,NA
2024,140611190,NA,NA,NA,NA,NA,NA
2024,140611191,NA,NA,NA,NA,NA,NA
2024,140611192,NA,NA,NA,NA,NA,NA
2024,140611193,NA,NA,NA,NA,NA,NA
2024,140611194,NA,NA,NA,NA,NA,NA
2024,140611195,NA,NA,NA,NA,NA,NA
2024,140611196,NA,NA,NA,NA,NA,NA
2024,140611197,NA,NA,NA,NA,NA,NA
2024,140611198,NA,NA,NA,NA,NA,NA
2024,140611199,NA,NA,NA,NA,NA,NA
2024,140611200,NA,NA,NA,NA,NA,NA
2024,140611201,NA,NA,NA,NA,NA,NA
2024,140611202,NA,NA,NA,NA,NA,NA
2024,140611203,NA,NA,NA,NA,NA,NA
2024,140611204,NA,NA,NA,NA,NA,NA
2024,140611205,NA,NA,NA,NA,NA,NA
2024,140611206,NA,NA,NA,NA,NA,NA
2024,140611207,NA,NA,NA,NA,NA,NA
2024,140611208,NA,NA,NA,NA,NA,NA
2024,140611209,NA,NA,NA,NA,NA,NA
2024,140611210,NA,NA,NA,NA,NA,NA
2024,140611211,NA,NA,NA,NA,NA,NA
2024,140611212,NA,NA,NA,NA,NA,NA
2024,140611213,NA,NA,NA,NA,NA,NA
2024,140611214,NA,NA,NA,NA,NA,NA
2024,140611215,NA,NA,NA,NA,NA,NA
2024,140611216,NA,NA,NA,NA,NA,NA
2024,140611217,NA,NA,NA,NA,NA,NA
2024,140611218,NA,NA,NA,NA,NA,NA
2024,140611219,NA,NA,NA,NA,NA,NA
2024,140611220,NA,NA,NA,NA,NA,NA
2024,140611221,NA,NA,NA,NA,NA,NA
2024,140611222,NA,NA,NA,NA,NA,NA
2024,140611223,NA,NA,NA,NA,NA,NA
2024,140611224,NA,NA,NA,NA,NA,NA
2024,140611225,NA,NA,NA,NA,NA,NA
2024,140611226,NA,NA,NA,NA,NA,NA
2024,140611227,NA,NA,NA,NA,NA,NA
2024,140611228,NA,NA,NA,NA,NA,NA
2024,140611229,NA,NA,NA,NA,NA,NA
2024,140611230,NA,NA,NA,NA,NA,NA
2024,140611231,NA,NA,NA,NA,NA,NA
2024,140611232,NA,NA,NA,NA,NA,NA
2024,140611233,NA,NA,NA,NA,NA,NA
2024,140611234,NA,NA,NA,NA,NA,NA
2024,140611235,NA,NA,NA,NA,NA,NA
2024,140611236,NA,NA,NA,NA,NA,NA
2024,140611237,NA,NA,NA,NA,NA,NA
2024,140611238,NA,NA,NA,NA,NA,NA
2024,140611239,NA,NA,NA,NA,NA,NA
2024,140611240,NA,NA,NA,NA,NA,NA
2024,140611241,NA,NA,NA,NA,NA,NA
2024,140611242,NA,NA,NA,NA,NA,NA
2024,140611243,NA,NA,NA,NA,NA,NA
2024,140611244,NA,NA,NA,NA,NA,NA
2024,140611245,NA,NA,NA,NA,NA,NA
2024,140611246,NA,NA,NA,NA,NA,NA
2024,140611247,NA,NA,NA,NA,NA,NA
2024,140611248,NA,NA,NA,NA,NA,NA
2024,140611249,NA,NA,NA,NA,NA,NA
2024,140611250,NA,NA,NA,NA,NA,NA
2024,140611251,NA,NA,NA,NA,NA,NA
2024,140611252,NA,NA,NA,NA,NA,NA
2024,140611253,NA,NA,NA,NA,NA,NA
2024,140611254,NA,NA,NA,NA,NA,NA
2024,140611255,NA,NA,NA,NA,NA,NA
2024,140611256,NA,NA,NA,NA,NA,NA
2024,140611257,NA,NA,NA,NA,NA,NA
2024,140611258,NA,NA,NA,NA,NA,NA
2024,140611259,NA,NA,NA,NA,NA,NA
2024,140611260,NA,NA,NA,NA,NA,NA
2024,140611261,NA,NA,NA,NA,NA,NA
2024,140611262,NA,NA,NA,NA,NA,NA
2024,140611263,NA,NA,NA,NA,NA,NA
2024,140611264,NA,NA,NA,NA,NA,NA
2024,140611265,NA,NA,NA,NA,NA,NA
2024,140611266,NA,NA,NA,NA,NA,NA
2024,140611267,NA,NA,NA,NA,NA,NA
2024,140611268,NA,NA,NA,NA,NA,NA
2024,140810001,NA,NA,NA,NA,NA,NA
2024,140810002,NA,NA,NA,NA,NA,NA
2024,140810003,NA,NA,NA,NA,NA,NA
2024,140810004,NA,NA,NA,NA,NA,NA
2024,140810006,NA,NA,NA,NA,NA,NA
2024,140810007,NA,NA,NA,NA,NA,NA
2024,140810008,NA,NA,NA,NA,NA,NA
2024,140810009,NA,NA,NA,NA,NA,NA
2024,140810010,NA,NA,NA,NA,NA,NA
2024,140810011,NA,NA,NA,NA,NA,NA
2024,140810012,NA,NA,NA,NA,NA,NA
2024,140810014,NA,NA,NA,NA,NA,NA
2024,140810016,NA,NA,NA,NA,NA,NA
2024,140810017,NA,NA,NA,NA,NA,NA
2024,140810022,NA,NA,NA,NA,NA,NA
2024,140810023,NA,NA,NA,NA,NA,NA
2024,140810025,NA,NA,NA,NA,NA,NA
2024,140810026,NA,NA,NA,NA,NA,NA
2024,140810027,NA,NA,NA,NA,NA,NA
2024,140810028,NA,NA,NA,NA,NA,NA
2024,140810030,NA,NA,NA,NA,NA,NA
2024,140810031,NA,NA,NA,NA,NA,NA
2024,140810034,NA,NA,NA,NA,NA,NA
2024,140810036,NA,NA,NA,NA,NA,NA
2024,140810038,NA,NA,NA,NA,NA,NA
2024,140810039,NA,NA,NA,NA,NA,NA
2024,140810043,NA,NA,NA,NA,NA,NA
2024,140810044,NA,NA,NA,NA,NA,NA
2024,140810045,NA,NA,NA,NA,NA,NA
2024,140810046,NA,NA,NA,NA,NA,NA
2024,140810047,NA,NA,NA,NA,NA,NA
2024,140810048,NA,NA,NA,NA,NA,NA
2024,140810049,NA,NA,NA,NA,NA,NA
2024,140810050,NA,NA,NA,NA,NA,NA
2024,140810051,NA,NA,NA,NA,NA,NA
2024,140810052,NA,NA,NA,NA,NA,NA
2024,140810053,NA,NA,NA,NA,NA,NA
2024,140810054,NA,NA,NA,NA,NA,NA
2024,140810055,NA,NA,NA,NA,NA,NA
2024,140810056,NA,NA,NA,NA,NA,NA
2024,140810057,NA,NA,NA,NA,NA,NA
2024,140810058,NA,NA,NA,NA,NA,NA
2024,140810059,NA,NA,NA,NA,NA,NA
2024,140810060,NA,NA,NA,NA,NA,NA
2024,140810061,NA,NA,NA,NA,NA,NA
2024,140810114,NA,NA,NA,NA,NA,NA
2024,141150001,NA,NA,NA,NA,NA,NA
2024,141150003,NA,NA,NA,NA,NA,NA
2024,141150005,NA,NA,NA,NA,NA,NA
2024,141150008,NA,NA,NA,NA,NA,NA
2024,141150009,NA,NA,NA,NA,NA,NA
2024,141150010,NA,NA,NA,NA,NA,NA
2024,141150011,NA,NA,NA,NA,NA,NA
2024,141150013,NA,NA,NA,NA,NA,NA
2024,141150015,NA,NA,NA,NA,NA,NA
2024,141150016,NA,NA,NA,NA,NA,NA
2024,141150017,NA,NA,NA,NA,NA,NA
2024,141150018,NA,NA,NA,NA,NA,NA
2024,141150021,NA,NA,NA,NA,NA,NA
2024,141150023,NA,NA,NA,NA,NA,NA
2024,141150024,NA,NA,NA,NA,NA,NA
2024,141150025,NA,NA,NA,NA,NA,NA
2024,141150026,NA,NA,NA,NA,NA,NA
2024,141150028,NA,NA,NA,NA,NA,NA
2024,141150029,NA,NA,NA,NA,NA,NA
2024,141150031,NA,NA,NA,NA,NA,NA
2024,141150032,NA,NA,NA,NA,NA,NA
2024,141150033,NA,NA,NA,NA,NA,NA
2024,141150035,NA,NA,NA,NA,NA,NA
2024,141150036,NA,NA,NA,NA,NA,NA
2024,141150037,NA,NA,NA,NA,NA,NA
2024,141150038,NA,NA,NA,NA,NA,NA
2024,141150039,NA,NA,NA,NA,NA,NA
2024,141150040,NA,NA,NA,NA,NA,NA
2024,141150041,NA,NA,NA,NA,NA,NA
2024,141150042,NA,NA,NA,NA,NA,NA
2024,141150043,NA,NA,NA,NA,NA,NA
2024,141150045,NA,NA,NA,NA,NA,NA
2024,141150046,NA,NA,NA,NA,NA,NA
2024,141150048,NA,NA,NA,NA,NA,NA
2024,141150049,NA,NA,NA,NA,NA,NA
2024,141150050,NA,NA,NA,NA,NA,NA
2024,141150051,NA,NA,NA,NA,NA,NA
2024,141150052,NA,NA,NA,NA,NA,NA
2024,141150054,NA,NA,NA,NA,NA,NA
2024,141150055,NA,NA,NA,NA,NA,NA
2024,141150058,NA,NA,NA,NA,NA,NA
2024,141150059,NA,NA,NA,NA,NA,NA
2024,141150060,NA,NA,NA,NA,NA,NA
2024,141150061,NA,NA,NA,NA,NA,NA
2024,141150062,NA,NA,NA,NA,NA,NA
2024,141150063,NA,NA,NA,NA,NA,NA
2024,141150064,NA,NA,NA,NA,NA,NA
2024,141150065,NA,NA,NA,NA,NA,NA
2024,141150066,NA,NA,NA,NA,NA,NA
2024,141150067,NA,NA,NA,NA,NA,NA
2024,141150068,NA,NA,NA,NA,NA,NA
2024,141150069,NA,NA,NA,NA,NA,NA
2024,141150070,NA,NA,NA,NA,NA,NA
2024,141150073,NA,NA,NA,NA,NA,NA
2024,141150074,NA,NA,NA,NA,NA,NA
2024,141150075,NA,NA,NA,NA,NA,NA
2024,141150077,NA,NA,NA,NA,NA,NA
2024,141150078,NA,NA,NA,NA,NA,NA
2024,141150079,NA,NA,NA,NA,NA,NA
2024,141150080,NA,NA,NA,NA,NA,NA
2024,141150083,NA,NA,NA,NA,NA,NA
2024,141150084,NA,NA,NA,NA,NA,NA
2024,141150086,NA,NA,NA,NA,NA,NA
2024,141150087,NA,NA,NA,NA,NA,NA
2024,141150088,NA,NA,NA,NA,NA,NA
2024,141150089,NA,NA,NA,NA,NA,NA
2024,141150090,NA,NA,NA,NA,NA,NA
2024,141150091,NA,NA,NA,NA,NA,NA
2024,141150092,NA,NA,NA,NA,NA,NA
2024,141150093,NA,NA,NA,NA,NA,NA
2024,141150094,NA,NA,NA,NA,NA,NA
2024,141150096,NA,NA,NA,NA,NA,NA
2024,141150097,NA,NA,NA,NA,NA,NA
2024,141150098,NA,NA,NA,NA,NA,NA
2024,141150099,NA,NA,NA,NA,NA,NA
2024,141150100,NA,NA,NA,NA,NA,NA
2024,141150101,NA,NA,NA,NA,NA,NA
2024,141150102,NA,NA,NA,NA,NA,NA
2024,141150104,NA,NA,NA,NA,NA,NA
2024,141150105,NA,NA,NA,NA,NA,NA
2024,141150106,NA,NA,NA,NA,NA,NA
2024,141150108,NA,NA,NA,NA,NA,NA
2024,141150109,NA,NA,NA,NA,NA,NA
2024,141150111,NA,NA,NA,NA,NA,NA
2024,141150112,NA,NA,NA,NA,NA,NA
2024,141150113,NA,NA,NA,NA,NA,NA
2024,141150116,NA,NA,NA,NA,NA,NA
2024,141150117,NA,NA,NA,NA,NA,NA
2024,141150118,NA,NA,NA,NA,NA,NA
2024,141150119,NA,NA,NA,NA,NA,NA
2024,141150127,NA,NA,NA,NA,NA,NA
2024,141150129,NA,NA,NA,NA,NA,NA
2024,141150130,NA,NA,NA,NA,NA,NA
2024,141150131,NA,NA,NA,NA,NA,NA
2024,141150133,NA,NA,NA,NA,NA,NA
2024,141150134,NA,NA,NA,NA,NA,NA
2024,141150136,NA,NA,NA,NA,NA,NA
2024,141150137,NA,NA,NA,NA,NA,NA
2024,141150140,NA,NA,NA,NA,NA,NA
2024,141150141,NA,NA,NA,NA,NA,NA
2024,141150142,NA,NA,NA,NA,NA,NA
2024,141150143,NA,NA,NA,NA,NA,NA
2024,141150144,NA,NA,NA,NA,NA,NA
2024,141150145,NA,NA,NA,NA,NA,NA
2024,141150146,NA,NA,NA,NA,NA,NA
2024,141150148,NA,NA,NA,NA,NA,NA
2024,141150149,NA,NA,NA,NA,NA,NA
2024,141150150,NA,NA,NA,NA,NA,NA
2024,141150151,NA,NA,NA,NA,NA,NA
2024,141150152,NA,NA,NA,NA,NA,NA
2024,141150153,NA,NA,NA,NA,NA,NA
2024,141150156,NA,NA,NA,NA,NA,NA
2024,141150157,NA,NA,NA,NA,NA,NA
2024,141150158,NA,NA,NA,NA,NA,NA
2024,141150159,NA,NA,NA,NA,NA,NA
2024,141150163,NA,NA,NA,NA,NA,NA
2024,141150164,NA,NA,NA,NA,NA,NA
2024,141150165,NA,NA,NA,NA,NA,NA
2024,141150166,NA,NA,NA,NA,NA,NA
2024,141150168,NA,NA,NA,NA,NA,NA
2024,141150169,NA,NA,NA,NA,NA,NA
2024,141150170,NA,NA,NA,NA,NA,NA
2024,141150171,NA,NA,NA,NA,NA,NA
2024,141150174,NA,NA,NA,NA,NA,NA
2024,141150176,NA,NA,NA,NA,NA,NA
2024,141150177,NA,NA,NA,NA,NA,NA
2024,141150178,NA,NA,NA,NA,NA,NA
2024,141150184,NA,NA,NA,NA,NA,NA
2024,141150200,NA,NA,NA,NA,NA,NA
2024,141150201,NA,NA,NA,NA,NA,NA
2024,141150207,NA,NA,NA,NA,NA,NA
2024,141150208,NA,NA,NA,NA,NA,NA
2024,141150209,NA,NA,NA,NA,NA,NA
2024,141150211,NA,NA,NA,NA,NA,NA
2024,141150212,NA,NA,NA,NA,NA,NA
2024,141150213,NA,NA,NA,NA,NA,NA
2024,141150214,NA,NA,NA,NA,NA,NA
2024,141150215,NA,NA,NA,NA,NA,NA
2024,141150216,NA,NA,NA,NA,NA,NA
2024,141150218,NA,NA,NA,NA,NA,NA
2024,141150219,NA,NA,NA,NA,NA,NA
2024,141150220,NA,NA,NA,NA,NA,NA
2024,141150221,NA,NA,NA,NA,NA,NA
2024,141150222,NA,NA,NA,NA,NA,NA
2024,141150223,NA,NA,NA,NA,NA,NA
2024,141150225,NA,NA,NA,NA,NA,NA
2024,141150226,NA,NA,NA,NA,NA,NA
2024,141150227,NA,NA,NA,NA,NA,NA
2024,141150228,NA,NA,NA,NA,NA,NA
2024,141150229,NA,NA,NA,NA,NA,NA
2024,141150230,NA,NA,NA,NA,NA,NA
2024,141150231,NA,NA,NA,NA,NA,NA
2024,141150232,NA,NA,NA,NA,NA,NA
2024,141150233,NA,NA,NA,NA,NA,NA
2024,141150234,NA,NA,NA,NA,NA,NA
2024,141150235,NA,NA,NA,NA,NA,NA
2024,141150236,NA,NA,NA,NA,NA,NA
2024,141150237,NA,NA,NA,NA,NA,NA
2024,141150238,NA,NA,NA,NA,NA,NA
2024,141150239,NA,NA,NA,NA,NA,NA
2024,141150240,NA,NA,NA,NA,NA,NA
2024,141150241,NA,NA,NA,NA,NA,NA
2024,141150242,NA,NA,NA,NA,NA,NA
2024,141150243,NA,NA,NA,NA,NA,NA
2024,141150244,NA,NA,NA,NA,NA,NA
2024,141150245,NA,NA,NA,NA,NA,NA
2024,141150246,NA,NA,NA,NA,NA,NA
2024,141150248,NA,NA,NA,NA,NA,NA
2024,141150249,NA,NA,NA,NA,NA,NA
2024,141150250,NA,NA,NA,NA,NA,NA
2024,141150251,NA,NA,NA,NA,NA,NA
2024,141150252,NA,NA,NA,NA,NA,NA
2024,141150254,NA,NA,NA,NA,NA,NA
2024,141150255,NA,NA,NA,NA,NA,NA
2024,141150256,NA,NA,NA,NA,NA,NA
2024,141150257,NA,NA,NA,NA,NA,NA
2024,141150258,NA,NA,NA,NA,NA,NA
2024,141150259,NA,NA,NA,NA,NA,NA
2024,141150260,NA,NA,NA,NA,NA,NA
2024,141150261,NA,NA,NA,NA,NA,NA
2024,141150262,NA,NA,NA,NA,NA,NA
2024,141150263,NA,NA,NA,NA,NA,NA
2024,141150264,NA,NA,NA,NA,NA,NA
2024,141150267,NA,NA,NA,NA,NA,NA
2024,141150270,NA,NA,NA,NA,NA,NA
2024,141150271,NA,NA,NA,NA,NA,NA
2024,141150273,NA,NA,NA,NA,NA,NA
2024,141150274,NA,NA,NA,NA,NA,NA
2024,141150275,NA,NA,NA,NA,NA,NA
2024,141150276,NA,NA,NA,NA,NA,NA
2024,320050001,NA,NA,NA,NA,NA,NA
2024,320050003,NA,NA,NA,NA,NA,NA
2024,320050005,NA,NA,NA,NA,NA,NA
2024,320050007,NA,NA,NA,NA,NA,NA
2024,320050009,NA,NA,NA,NA,NA,NA
2024,320050010,NA,NA,NA,NA,NA,NA
2024,320050012,NA,NA,NA,NA,NA,NA
2024,320050014,NA,NA,NA,NA,NA,NA
2024,320050015,NA,NA,NA,NA,NA,NA
2024,320050016,NA,NA,NA,NA,NA,NA
2024,320050019,NA,NA,NA,NA,NA,NA
2024,320050020,NA,NA,NA,NA,NA,NA
2024,320050022,NA,NA,NA,NA,NA,NA
2024,320050024,NA,NA,NA,NA,NA,NA
2024,320050025,NA,NA,NA,NA,NA,NA
2024,320050026,NA,NA,NA,NA,NA,NA
2024,320050027,NA,NA,NA,NA,NA,NA
2024,320050028,NA,NA,NA,NA,NA,NA
2024,320050030,NA,NA,NA,NA,NA,NA
2024,320050031,NA,NA,NA,NA,NA,NA
2024,320050034,NA,NA,NA,NA,NA,NA
2024,320050042,NA,NA,NA,NA,NA,NA
2024,320050047,NA,NA,NA,NA,NA,NA
2024,320050048,NA,NA,NA,NA,NA,NA
2024,320050049,NA,NA,NA,NA,NA,NA
2024,320050051,NA,NA,NA,NA,NA,NA
2024,320050052,NA,NA,NA,NA,NA,NA
2024,320050061,NA,NA,NA,NA,NA,NA
2024,320050062,NA,NA,NA,NA,NA,NA
2024,320050066,NA,NA,NA,NA,NA,NA
2024,320050067,NA,NA,NA,NA,NA,NA
2024,320050069,NA,NA,NA,NA,NA,NA
2024,320050071,NA,NA,NA,NA,NA,NA
2024,320050072,NA,NA,NA,NA,NA,NA
2024,320050073,NA,NA,NA,NA,NA,NA
2024,320050074,NA,NA,NA,NA,NA,NA
2024,320050075,NA,NA,NA,NA,NA,NA
2024,320050076,NA,NA,NA,NA,NA,NA
2024,320050077,NA,NA,NA,NA,NA,NA
2024,320050079,NA,NA,NA,NA,NA,NA
2024,320050080,NA,NA,NA,NA,NA,NA
2024,320050081,NA,NA,NA,NA,NA,NA
2024,320050083,NA,NA,NA,NA,NA,NA
2024,320050084,NA,NA,NA,NA,NA,NA
2024,320050085,NA,NA,NA,NA,NA,NA
2024,320050086,NA,NA,NA,NA,NA,NA
2024,320050088,NA,NA,NA,NA,NA,NA
2024,320050092,NA,NA,NA,NA,NA,NA
2024,320050095,NA,NA,NA,NA,NA,NA
2024,320050099,NA,NA,NA,NA,NA,NA
2024,320050100,NA,NA,NA,NA,NA,NA
2024,320050101,NA,NA,NA,NA,NA,NA
2024,320050102,NA,NA,NA,NA,NA,NA
2024,320050103,NA,NA,NA,NA,NA,NA
2024,320050104,NA,NA,NA,NA,NA,NA
2024,320050107,NA,NA,NA,NA,NA,NA
2024,320050108,NA,NA,NA,NA,NA,NA
2024,320050109,NA,NA,NA,NA,NA,NA
2024,320050110,NA,NA,NA,NA,NA,NA
2024,320050112,NA,NA,NA,NA,NA,NA
2024,320050114,NA,NA,NA,NA,NA,NA
2024,320050117,NA,NA,NA,NA,NA,NA
2024,320050118,NA,NA,NA,NA,NA,NA
2024,320050122,NA,NA,NA,NA,NA,NA
2024,320050124,NA,NA,NA,NA,NA,NA
2024,320050127,NA,NA,NA,NA,NA,NA
2024,320050128,NA,NA,NA,NA,NA,NA
2024,320050129,NA,NA,NA,NA,NA,NA
2024,320050131,NA,NA,NA,NA,NA,NA
2024,320050133,NA,NA,NA,NA,NA,NA
2024,320050134,NA,NA,NA,NA,NA,NA
2024,320050135,NA,NA,NA,NA,NA,NA
2024,320050136,NA,NA,NA,NA,NA,NA
2024,320050137,NA,NA,NA,NA,NA,NA
2024,320050138,NA,NA,NA,NA,NA,NA
2024,320050139,NA,NA,NA,NA,NA,NA
2024,320050140,NA,NA,NA,NA,NA,NA
2024,320050141,NA,NA,NA,NA,NA,NA
2024,320050144,NA,NA,NA,NA,NA,NA
2024,320050147,NA,NA,NA,NA,NA,NA
2024,320050148,NA,NA,NA,NA,NA,NA
2024,320050149,NA,NA,NA,NA,NA,NA
2024,320050150,NA,NA,NA,NA,NA,NA
2024,320050151,NA,NA,NA,NA,NA,NA
2024,320050152,NA,NA,NA,NA,NA,NA
2024,320050153,NA,NA,NA,NA,NA,NA
2024,320050154,NA,NA,NA,NA,NA,NA
2024,320050155,NA,NA,NA,NA,NA,NA
2024,320050157,NA,NA,NA,NA,NA,NA
2024,320050158,NA,NA,NA,NA,NA,NA
2024,320050159,NA,NA,NA,NA,NA,NA
2024,320050160,NA,NA,NA,NA,NA,NA
2024,320050161,NA,NA,NA,NA,NA,NA
2024,320050162,NA,NA,NA,NA,NA,NA
2024,320050163,NA,NA,NA,NA,NA,NA
2024,320050164,NA,NA,NA,NA,NA,NA
2024,320050165,NA,NA,NA,NA,NA,NA
2024,320050166,NA,NA,NA,NA,NA,NA
2024,320050167,NA,NA,NA,NA,NA,NA
2024,320050168,NA,NA,NA,NA,NA,NA
2024,320050169,NA,NA,NA,NA,NA,NA
2024,320050170,NA,NA,NA,NA,NA,NA
2024,320050171,NA,NA,NA,NA,NA,NA
2024,320050172,NA,NA,NA,NA,NA,NA
2024,320050173,NA,NA,NA,NA,NA,NA
2024,320050174,NA,NA,NA,NA,NA,NA
2024,320050175,NA,NA,NA,NA,NA,NA
2024,320050176,NA,NA,NA,NA,NA,NA
2024,320050177,NA,NA,NA,NA,NA,NA
2024,320050178,NA,NA,NA,NA,NA,NA
2024,320050179,NA,NA,NA,NA,NA,NA
2024,320050180,NA,NA,NA,NA,NA,NA
2024,320050181,NA,NA,NA,NA,NA,NA
2024,320050182,NA,NA,NA,NA,NA,NA
2024,320050184,NA,NA,NA,NA,NA,NA
2024,320050188,NA,NA,NA,NA,NA,NA
2024,320050189,NA,NA,NA,NA,NA,NA
2024,320050190,NA,NA,NA,NA,NA,NA
2024,320050191,NA,NA,NA,NA,NA,NA
2024,320050192,NA,NA,NA,NA,NA,NA
2024,320050193,NA,NA,NA,NA,NA,NA
2024,320050194,NA,NA,NA,NA,NA,NA
2024,320050195,NA,NA,NA,NA,NA,NA
2024,320050196,NA,NA,NA,NA,NA,NA
2024,320050197,NA,NA,NA,NA,NA,NA
2024,320050198,NA,NA,NA,NA,NA,NA
2024,320050199,NA,NA,NA,NA,NA,NA
2024,320050200,NA,NA,NA,NA,NA,NA
2024,320050201,NA,NA,NA,NA,NA,NA
2024,320050202,NA,NA,NA,NA,NA,NA
2024,320050203,NA,NA,NA,NA,NA,NA
2024,320050205,NA,NA,NA,NA,NA,NA
2024,320050206,NA,NA,NA,NA,NA,NA
2024,320050207,NA,NA,NA,NA,NA,NA
2024,320050208,NA,NA,NA,NA,NA,NA
2024,320050209,NA,NA,NA,NA,NA,NA
2024,320050210,NA,NA,NA,NA,NA,NA
2024,320050211,NA,NA,NA,NA,NA,NA
2024,320050212,NA,NA,NA,NA,NA,NA
2024,320050213,NA,NA,NA,NA,NA,NA
2024,320050214,NA,NA,NA,NA,NA,NA
2024,320050215,NA,NA,NA,NA,NA,NA
2024,320050216,NA,NA,NA,NA,NA,NA
2024,320050217,NA,NA,NA,NA,NA,NA
2024,320050218,NA,NA,NA,NA,NA,NA
2024,320050219,NA,NA,NA,NA,NA,NA
2024,320050220,NA,NA,NA,NA,NA,NA
2024,320050221,NA,NA,NA,NA,NA,NA
2024,320050222,NA,NA,NA,NA,NA,NA
2024,320050223,NA,NA,NA,NA,NA,NA
2024,320050224,NA,NA,NA,NA,NA,NA
2024,320050225,NA,NA,NA,NA,NA,NA
2024,320050226,NA,NA,NA,NA,NA,NA
2024,320050227,NA,NA,NA,NA,NA,NA
2024,320050228,NA,NA,NA,NA,NA,NA
2024,320050229,NA,NA,NA,NA,NA,NA
2024,320050230,NA,NA,NA,NA,NA,NA
2024,320050231,NA,NA,NA,NA,NA,NA
2024,320050232,NA,NA,NA,NA,NA,NA
2024,320050233,NA,NA,NA,NA,NA,NA
2024,320050234,NA,NA,NA,NA,NA,NA
2024,320050235,NA,NA,NA,NA,NA,NA
2024,320050236,NA,NA,NA,NA,NA,NA
2024,320050237,NA,NA,NA,NA,NA,NA
2024,320050238,NA,NA,NA,NA,NA,NA
2024,320050239,NA,NA,NA,NA,NA,NA
2024,320050240,NA,NA,NA,NA,NA,NA
2024,320050241,NA,NA,NA,NA,NA,NA
2024,320050242,NA,NA,NA,NA,NA,NA
2024,320050243,NA,NA,NA,NA,NA,NA
2024,320050244,NA,NA,NA,NA,NA,NA
2024,320050245,NA,NA,NA,NA,NA,NA
2024,320050246,NA,NA,NA,NA,NA,NA
2024,320050247,NA,NA,NA,NA,NA,NA
2024,320050248,NA,NA,NA,NA,NA,NA
2024,320050249,NA,NA,NA,NA,NA,NA
2024,320060001,NA,NA,NA,NA,NA,NA
2024,320060002,NA,NA,NA,NA,NA,NA
2024,320060003,NA,NA,NA,NA,NA,NA
2024,320060004,NA,NA,NA,NA,NA,NA
2024,320060006,NA,NA,NA,NA,NA,NA
2024,320060007,NA,NA,NA,NA,NA,NA
2024,320060008,NA,NA,NA,NA,NA,NA
2024,320060009,NA,NA,NA,NA,NA,NA
2024,320060011,NA,NA,NA,NA,NA,NA
2024,320060012,NA,NA,NA,NA,NA,NA
2024,320060018,NA,NA,NA,NA,NA,NA
2024,320060020,NA,NA,NA,NA,NA,NA
2024,320060021,NA,NA,NA,NA,NA,NA
2024,320060023,NA,NA,NA,NA,NA,NA
2024,320060024,NA,NA,NA,NA,NA,NA
2024,320060025,NA,NA,NA,NA,NA,NA
2024,320060026,NA,NA,NA,NA,NA,NA
2024,320060027,NA,NA,NA,NA,NA,NA
2024,320060028,NA,NA,NA,NA,NA,NA
2024,320060029,NA,NA,NA,NA,NA,NA
2024,320070001,NA,NA,NA,NA,NA,NA
2024,320070002,NA,NA,NA,NA,NA,NA
2024,320070003,NA,NA,NA,NA,NA,NA
2024,320070004,NA,NA,NA,NA,NA,NA
2024,320070005,NA,NA,NA,NA,NA,NA
2024,320070006,NA,NA,NA,NA,NA,NA
2024,320070007,NA,NA,NA,NA,NA,NA
2024,320070008,NA,NA,NA,NA,NA,NA
2024,320070010,NA,NA,NA,NA,NA,NA
2024,320070011,NA,NA,NA,NA,NA,NA
2024,320070012,NA,NA,NA,NA,NA,NA
2024,320070013,NA,NA,NA,NA,NA,NA
2024,320070014,NA,NA,NA,NA,NA,NA
2024,320070015,NA,NA,NA,NA,NA,NA
2024,320070016,NA,NA,NA,NA,NA,NA
2024,320070017,NA,NA,NA,NA,NA,NA
2024,320070018,NA,NA,NA,NA,NA,NA
2024,320070019,NA,NA,NA,NA,NA,NA
2024,320070020,NA,NA,NA,NA,NA,NA
2024,320070021,NA,NA,NA,NA,NA,NA
2024,320070022,NA,NA,NA,NA,NA,NA
2024,320070023,NA,NA,NA,NA,NA,NA
2024,320070024,NA,NA,NA,NA,NA,NA
2024,320070025,NA,NA,NA,NA,NA,NA
2024,320070026,NA,NA,NA,NA,NA,NA
2024,320070027,NA,NA,NA,NA,NA,NA
2024,320070028,NA,NA,NA,NA,NA,NA
2024,320070029,NA,NA,NA,NA,NA,NA
2024,320070030,NA,NA,NA,NA,NA,NA
2024,320070031,NA,NA,NA,NA,NA,NA
2024,320070032,NA,NA,NA,NA,NA,NA
2024,320070033,NA,NA,NA,NA,NA,NA
2024,320070036,NA,NA,NA,NA,NA,NA
2024,320070037,NA,NA,NA,NA,NA,NA
2024,320070038,NA,NA,NA,NA,NA,NA
2024,320070039,NA,NA,NA,NA,NA,NA
2024,320070040,NA,NA,NA,NA,NA,NA
2024,320070041,NA,NA,NA,NA,NA,NA
2024,320070042,NA,NA,NA,NA,NA,NA
2024,320070043,NA,NA,NA,NA,NA,NA
2024,320070045,NA,NA,NA,NA,NA,NA
2024,320070048,NA,NA,NA,NA,NA,NA
2024,320070049,NA,NA,NA,NA,NA,NA
2024,320070050,NA,NA,NA,NA,NA,NA
2024,320070051,NA,NA,NA,NA,NA,NA
2024,320070052,NA,NA,NA,NA,NA,NA
2024,320070054,NA,NA,NA,NA,NA,NA
2024,320070055,NA,NA,NA,NA,NA,NA
2024,320070057,NA,NA,NA,NA,NA,NA
2024,320070058,NA,NA,NA,NA,NA,NA
2024,320070064,NA,NA,NA,NA,NA,NA
2024,320070066,NA,NA,NA,NA,NA,NA
2024,320070067,NA,NA,NA,NA,NA,NA
2024,320070068,NA,NA,NA,NA,NA,NA
2024,320070070,NA,NA,NA,NA,NA,NA
2024,320070071,NA,NA,NA,NA,NA,NA
2024,320070073,NA,NA,NA,NA,NA,NA
2024,320070075,NA,NA,NA,NA,NA,NA
2024,320070076,NA,NA,NA,NA,NA,NA
2024,320070079,NA,NA,NA,NA,NA,NA
2024,320070082,NA,NA,NA,NA,NA,NA
2024,320070083,NA,NA,NA,NA,NA,NA
2024,320070084,NA,NA,NA,NA,NA,NA
2024,320070085,NA,NA,NA,NA,NA,NA
2024,320070086,NA,NA,NA,NA,NA,NA
2024,320070087,NA,NA,NA,NA,NA,NA
2024,320070089,NA,NA,NA,NA,NA,NA
2024,320070090,NA,NA,NA,NA,NA,NA
2024,320070091,NA,NA,NA,NA,NA,NA
2024,320070092,NA,NA,NA,NA,NA,NA
2024,320070093,NA,NA,NA,NA,NA,NA
2024,320070094,NA,NA,NA,NA,NA,NA
2024,320070096,NA,NA,NA,NA,NA,NA
2024,320070099,NA,NA,NA,NA,NA,NA
2024,320070101,NA,NA,NA,NA,NA,NA
2024,320070102,NA,NA,NA,NA,NA,NA
2024,320070104,NA,NA,NA,NA,NA,NA
2024,320070107,NA,NA,NA,NA,NA,NA
2024,320070108,NA,NA,NA,NA,NA,NA
2024,320070111,NA,NA,NA,NA,NA,NA
2024,320070112,NA,NA,NA,NA,NA,NA
2024,320070116,NA,NA,NA,NA,NA,NA
2024,320070117,NA,NA,NA,NA,NA,NA
2024,320070118,NA,NA,NA,NA,NA,NA
2024,320070119,NA,NA,NA,NA,NA,NA
2024,320070120,NA,NA,NA,NA,NA,NA
2024,320070122,NA,NA,NA,NA,NA,NA
2024,320070124,NA,NA,NA,NA,NA,NA
2024,320070126,NA,NA,NA,NA,NA,NA
2024,320070127,NA,NA,NA,NA,NA,NA
2024,320070129,NA,NA,NA,NA,NA,NA
2024,320070130,NA,NA,NA,NA,NA,NA
2024,320070131,NA,NA,NA,NA,NA,NA
2024,320070132,NA,NA,NA,NA,NA,NA
2024,320070134,NA,NA,NA,NA,NA,NA
2024,320070135,NA,NA,NA,NA,NA,NA
2024,320070138,NA,NA,NA,NA,NA,NA
2024,320070139,NA,NA,NA,NA,NA,NA
2024,320070140,NA,NA,NA,NA,NA,NA
2024,320070143,NA,NA,NA,NA,NA,NA
2024,320070144,NA,NA,NA,NA,NA,NA
2024,320070145,NA,NA,NA,NA,NA,NA
2024,320070146,NA,NA,NA,NA,NA,NA
2024,320070147,NA,NA,NA,NA,NA,NA
2024,320070148,NA,NA,NA,NA,NA,NA
2024,320070149,NA,NA,NA,NA,NA,NA
2024,320070150,NA,NA,NA,NA,NA,NA
2024,320070151,NA,NA,NA,NA,NA,NA
2024,320070152,NA,NA,NA,NA,NA,NA
2024,320070153,NA,NA,NA,NA,NA,NA
2024,320070154,NA,NA,NA,NA,NA,NA
2024,320070155,NA,NA,NA,NA,NA,NA
2024,320070156,NA,NA,NA,NA,NA,NA
2024,320070157,NA,NA,NA,NA,NA,NA
2024,320080001,NA,NA,NA,NA,NA,NA
2024,320080002,NA,NA,NA,NA,NA,NA
2024,320080003,NA,NA,NA,NA,NA,NA
2024,320080005,NA,NA,NA,NA,NA,NA
2024,320080006,NA,NA,NA,NA,NA,NA
2024,320080008,NA,NA,NA,NA,NA,NA
2024,320080009,NA,NA,NA,NA,NA,NA
2024,320080011,NA,NA,NA,NA,NA,NA
2024,320080012,NA,NA,NA,NA,NA,NA
2024,320080013,NA,NA,NA,NA,NA,NA
2024,320080015,NA,NA,NA,NA,NA,NA
2024,320080016,NA,NA,NA,NA,NA,NA
2024,320080018,NA,NA,NA,NA,NA,NA
2024,320080019,NA,NA,NA,NA,NA,NA
2024,320080020,NA,NA,NA,NA,NA,NA
2024,320080021,NA,NA,NA,NA,NA,NA
2024,320080024,NA,NA,NA,NA,NA,NA
2024,320080025,NA,NA,NA,NA,NA,NA
2024,320080027,NA,NA,NA,NA,NA,NA
2024,320080029,NA,NA,NA,NA,NA,NA
2024,320080035,NA,NA,NA,NA,NA,NA
2024,320080036,NA,NA,NA,NA,NA,NA
2024,320080037,NA,NA,NA,NA,NA,NA
2024,320080038,NA,NA,NA,NA,NA,NA
2024,320080039,NA,NA,NA,NA,NA,NA
2024,320080040,NA,NA,NA,NA,NA,NA
2024,320080041,NA,NA,NA,NA,NA,NA
2024,320080043,NA,NA,NA,NA,NA,NA
2024,320080044,NA,NA,NA,NA,NA,NA
2024,320080045,NA,NA,NA,NA,NA,NA
2024,320080046,NA,NA,NA,NA,NA,NA
2024,320080047,NA,NA,NA,NA,NA,NA
2024,320080048,NA,NA,NA,NA,NA,NA
2024,320080049,NA,NA,NA,NA,NA,NA
2024,320080051,NA,NA,NA,NA,NA,NA
2024,320080052,NA,NA,NA,NA,NA,NA
2024,320080053,NA,NA,NA,NA,NA,NA
2024,320080054,NA,NA,NA,NA,NA,NA
2024,320080055,NA,NA,NA,NA,NA,NA
2024,320080056,NA,NA,NA,NA,NA,NA
2024,320080057,NA,NA,NA,NA,NA,NA
2024,320080058,NA,NA,NA,NA,NA,NA
2024,320080059,NA,NA,NA,NA,NA,NA
2024,320080060,NA,NA,NA,NA,NA,NA
2024,320080061,NA,NA,NA,NA,NA,NA
2024,320080062,NA,NA,NA,NA,NA,NA
2024,320080063,NA,NA,NA,NA,NA,NA
2024,320080064,NA,NA,NA,NA,NA,NA
2024,320080065,NA,NA,NA,NA,NA,NA
2024,320080066,NA,NA,NA,NA,NA,NA
2024,320080067,NA,NA,NA,NA,NA,NA
2024,320080068,NA,NA,NA,NA,NA,NA
2024,320080069,NA,NA,NA,NA,NA,NA
2024,320080070,NA,NA,NA,NA,NA,NA
2024,320080071,NA,NA,NA,NA,NA,NA
2024,320080072,NA,NA,NA,NA,NA,NA
2024,320080074,NA,NA,NA,NA,NA,NA
2024,320080075,NA,NA,NA,NA,NA,NA
2024,320080076,NA,NA,NA,NA,NA,NA
2024,320080077,NA,NA,NA,NA,NA,NA
2024,320080078,NA,NA,NA,NA,NA,NA
2024,320080079,NA,NA,NA,NA,NA,NA
2024,320080080,NA,NA,NA,NA,NA,NA
2024,320080081,NA,NA,NA,NA,NA,NA
2024,320080082,NA,NA,NA,NA,NA,NA
2024,320080083,NA,NA,NA,NA,NA,NA
2024,320090001,NA,NA,NA,NA,NA,NA
2024,320090002,NA,NA,NA,NA,NA,NA
2024,320090003,NA,NA,NA,NA,NA,NA
2024,320090004,NA,NA,NA,NA,NA,NA
2024,320090005,NA,NA,NA,NA,NA,NA
2024,320090007,NA,NA,NA,NA,NA,NA
2024,320090008,NA,NA,NA,NA,NA,NA
2024,320090010,NA,NA,NA,NA,NA,NA
2024,320090011,NA,NA,NA,NA,NA,NA
2024,320090012,NA,NA,NA,NA,NA,NA
2024,320090015,NA,NA,NA,NA,NA,NA
2024,320090017,NA,NA,NA,NA,NA,NA
2024,320090019,NA,NA,NA,NA,NA,NA
2024,320090020,NA,NA,NA,NA,NA,NA
2024,320090021,NA,NA,NA,NA,NA,NA
2024,320090022,NA,NA,NA,NA,NA,NA
2024,320090023,NA,NA,NA,NA,NA,NA
2024,320090024,NA,NA,NA,NA,NA,NA
2024,320090025,NA,NA,NA,NA,NA,NA
2024,320090026,NA,NA,NA,NA,NA,NA
2024,320090027,NA,NA,NA,NA,NA,NA
2024,320090029,NA,NA,NA,NA,NA,NA
2024,320090030,NA,NA,NA,NA,NA,NA
2024,320090031,NA,NA,NA,NA,NA,NA
2024,320090032,NA,NA,NA,NA,NA,NA
2024,320090036,NA,NA,NA,NA,NA,NA
2024,320090037,NA,NA,NA,NA,NA,NA
2024,320090038,NA,NA,NA,NA,NA,NA
2024,320090039,NA,NA,NA,NA,NA,NA
2024,320090041,NA,NA,NA,NA,NA,NA
2024,320090042,NA,NA,NA,NA,NA,NA
2024,320090043,NA,NA,NA,NA,NA,NA
2024,320090044,NA,NA,NA,NA,NA,NA
2024,320090045,NA,NA,NA,NA,NA,NA
2024,320090047,NA,NA,NA,NA,NA,NA
2024,320090048,NA,NA,NA,NA,NA,NA
2024,320090049,NA,NA,NA,NA,NA,NA
2024,320090050,NA,NA,NA,NA,NA,NA
2024,320090052,NA,NA,NA,NA,NA,NA
2024,320090053,NA,NA,NA,NA,NA,NA
2024,320090054,NA,NA,NA,NA,NA,NA
2024,320090060,NA,NA,NA,NA,NA,NA
2024,320090061,NA,NA,NA,NA,NA,NA
2024,320090062,NA,NA,NA,NA,NA,NA
2024,320090063,NA,NA,NA,NA,NA,NA
2024,320090064,NA,NA,NA,NA,NA,NA
2024,320090065,NA,NA,NA,NA,NA,NA
2024,320090066,NA,NA,NA,NA,NA,NA
2024,320090067,NA,NA,NA,NA,NA,NA
2024,320090068,NA,NA,NA,NA,NA,NA
2024,320090069,NA,NA,NA,NA,NA,NA
2024,320090070,NA,NA,NA,NA,NA,NA
2024,320090073,NA,NA,NA,NA,NA,NA
2024,320090075,NA,NA,NA,NA,NA,NA
2024,320090076,NA,NA,NA,NA,NA,NA
2024,320090077,NA,NA,NA,NA,NA,NA
2024,320090078,NA,NA,NA,NA,NA,NA
2024,320090080,NA,NA,NA,NA,NA,NA
2024,320090082,NA,NA,NA,NA,NA,NA
2024,320090083,NA,NA,NA,NA,NA,NA
2024,320090084,NA,NA,NA,NA,NA,NA
2024,320090085,NA,NA,NA,NA,NA,NA
2024,320090086,NA,NA,NA,NA,NA,NA
2024,320090089,NA,NA,NA,NA,NA,NA
2024,320090090,NA,NA,NA,NA,NA,NA
2024,320090091,NA,NA,NA,NA,NA,NA
2024,320090092,NA,NA,NA,NA,NA,NA
2024,320090093,NA,NA,NA,NA,NA,NA
2024,320090094,NA,NA,NA,NA,NA,NA
2024,320090095,NA,NA,NA,NA,NA,NA
2024,320090096,NA,NA,NA,NA,NA,NA
2024,320090097,NA,NA,NA,NA,NA,NA
2024,320090098,NA,NA,NA,NA,NA,NA
2024,320090099,NA,NA,NA,NA,NA,NA
2024,320090100,NA,NA,NA,NA,NA,NA
2024,320090101,NA,NA,NA,NA,NA,NA
2024,320090102,NA,NA,NA,NA,NA,NA
2024,320090103,NA,NA,NA,NA,NA,NA
2024,320090104,NA,NA,NA,NA,NA,NA
2024,320090105,NA,NA,NA,NA,NA,NA
2024,320090109,NA,NA,NA,NA,NA,NA
2024,320090110,NA,NA,NA,NA,NA,NA
2024,320090111,NA,NA,NA,NA,NA,NA
2024,320090112,NA,NA,NA,NA,NA,NA
2024,320090113,NA,NA,NA,NA,NA,NA
2024,320090114,NA,NA,NA,NA,NA,NA
2024,320090115,NA,NA,NA,NA,NA,NA
2024,320090116,NA,NA,NA,NA,NA,NA
2024,320090117,NA,NA,NA,NA,NA,NA
2024,320090118,NA,NA,NA,NA,NA,NA
2024,320090119,NA,NA,NA,NA,NA,NA
2024,320090120,NA,NA,NA,NA,NA,NA
2024,320090121,NA,NA,NA,NA,NA,NA
2024,320090122,NA,NA,NA,NA,NA,NA
2024,320090123,NA,NA,NA,NA,NA,NA
2024,320090124,NA,NA,NA,NA,NA,NA
2024,320090125,NA,NA,NA,NA,NA,NA
2024,320090126,NA,NA,NA,NA,NA,NA
2024,320090127,NA,NA,NA,NA,NA,NA
2024,320090128,NA,NA,NA,NA,NA,NA
2024,320100001,NA,NA,NA,NA,NA,NA
2024,320100055,NA,NA,NA,NA,NA,NA
2024,320100056,NA,NA,NA,NA,NA,NA
2024,320100058,NA,NA,NA,NA,NA,NA
2024,320100059,NA,NA,NA,NA,NA,NA
2024,320100060,NA,NA,NA,NA,NA,NA
2024,320100061,NA,NA,NA,NA,NA,NA
2024,320100062,NA,NA,NA,NA,NA,NA
2024,320100063,NA,NA,NA,NA,NA,NA
2024,320100066,NA,NA,NA,NA,NA,NA
2024,320100067,NA,NA,NA,NA,NA,NA
2024,320100068,NA,NA,NA,NA,NA,NA
2024,320100069,NA,NA,NA,NA,NA,NA
2024,320100070,NA,NA,NA,NA,NA,NA
2024,320100073,NA,NA,NA,NA,NA,NA
2024,320100074,NA,NA,NA,NA,NA,NA
2024,320100075,NA,NA,NA,NA,NA,NA
2024,320100078,NA,NA,NA,NA,NA,NA
2024,320100079,NA,NA,NA,NA,NA,NA
2024,320100080,NA,NA,NA,NA,NA,NA
2024,320100081,NA,NA,NA,NA,NA,NA
2024,320100082,NA,NA,NA,NA,NA,NA
2024,320100083,NA,NA,NA,NA,NA,NA
2024,320100084,NA,NA,NA,NA,NA,NA
2024,320100085,NA,NA,NA,NA,NA,NA
2024,320100086,NA,NA,NA,NA,NA,NA
2024,320100088,NA,NA,NA,NA,NA,NA
2024,320100091,NA,NA,NA,NA,NA,NA
2024,320100092,NA,NA,NA,NA,NA,NA
2024,320100093,NA,NA,NA,NA,NA,NA
2024,320100095,NA,NA,NA,NA,NA,NA
2024,320100096,NA,NA,NA,NA,NA,NA
2024,320100097,NA,NA,NA,NA,NA,NA
2024,320100098,NA,NA,NA,NA,NA,NA
2024,320100099,NA,NA,NA,NA,NA,NA
2024,320100100,NA,NA,NA,NA,NA,NA
2024,320100101,NA,NA,NA,NA,NA,NA
2024,320100103,NA,NA,NA,NA,NA,NA
2024,320100104,NA,NA,NA,NA,NA,NA
2024,320100105,NA,NA,NA,NA,NA,NA
2024,320100106,NA,NA,NA,NA,NA,NA
2024,320100107,NA,NA,NA,NA,NA,NA
2024,320100108,NA,NA,NA,NA,NA,NA
2024,320100109,NA,NA,NA,NA,NA,NA
2024,320100111,NA,NA,NA,NA,NA,NA
2024,320100112,NA,NA,NA,NA,NA,NA
2024,320100113,NA,NA,NA,NA,NA,NA
2024,320100114,NA,NA,NA,NA,NA,NA
2024,320100115,NA,NA,NA,NA,NA,NA
2024,320100116,NA,NA,NA,NA,NA,NA
2024,320100117,NA,NA,NA,NA,NA,NA
2024,320100118,NA,NA,NA,NA,NA,NA
2024,320100120,NA,NA,NA,NA,NA,NA
2024,320100123,NA,NA,NA,NA,NA,NA
2024,320100124,NA,NA,NA,NA,NA,NA
2024,320100126,NA,NA,NA,NA,NA,NA
2024,320100129,NA,NA,NA,NA,NA,NA
2024,320100130,NA,NA,NA,NA,NA,NA
2024,320100131,NA,NA,NA,NA,NA,NA
2024,320100132,NA,NA,NA,NA,NA,NA
2024,320100133,NA,NA,NA,NA,NA,NA
2024,320100134,NA,NA,NA,NA,NA,NA
2024,320100135,NA,NA,NA,NA,NA,NA
2024,320100137,NA,NA,NA,NA,NA,NA
2024,320100138,NA,NA,NA,NA,NA,NA
2024,320100139,NA,NA,NA,NA,NA,NA
2024,320100140,NA,NA,NA,NA,NA,NA
2024,320100142,NA,NA,NA,NA,NA,NA
2024,320100143,NA,NA,NA,NA,NA,NA
2024,320100144,NA,NA,NA,NA,NA,NA
2024,320100145,NA,NA,NA,NA,NA,NA
2024,320100148,NA,NA,NA,NA,NA,NA
2024,320100149,NA,NA,NA,NA,NA,NA
2024,320100150,NA,NA,NA,NA,NA,NA
2024,320100151,NA,NA,NA,NA,NA,NA
2024,320100155,NA,NA,NA,NA,NA,NA
2024,320100156,NA,NA,NA,NA,NA,NA
2024,320100157,NA,NA,NA,NA,NA,NA
2024,320100159,NA,NA,NA,NA,NA,NA
2024,320100160,NA,NA,NA,NA,NA,NA
2024,320100161,NA,NA,NA,NA,NA,NA
2024,320100162,NA,NA,NA,NA,NA,NA
2024,320100163,NA,NA,NA,NA,NA,NA
2024,320100164,NA,NA,NA,NA,NA,NA
2024,320100165,NA,NA,NA,NA,NA,NA
2024,320100166,NA,NA,NA,NA,NA,NA
2024,320100168,NA,NA,NA,NA,NA,NA
2024,320100169,NA,NA,NA,NA,NA,NA
2024,320100170,NA,NA,NA,NA,NA,NA
2024,320100172,NA,NA,NA,NA,NA,NA
2024,320100173,NA,NA,NA,NA,NA,NA
2024,320100174,NA,NA,NA,NA,NA,NA
2024,320100175,NA,NA,NA,NA,NA,NA
2024,320100176,NA,NA,NA,NA,NA,NA
2024,320100177,NA,NA,NA,NA,NA,NA
2024,320100178,NA,NA,NA,NA,NA,NA
2024,320100180,NA,NA,NA,NA,NA,NA
2024,320100181,NA,NA,NA,NA,NA,NA
2024,320100182,NA,NA,NA,NA,NA,NA
2024,320100183,NA,NA,NA,NA,NA,NA
2024,320100185,NA,NA,NA,NA,NA,NA
2024,320100186,NA,NA,NA,NA,NA,NA
2024,320100188,NA,NA,NA,NA,NA,NA
2024,320100189,NA,NA,NA,NA,NA,NA
2024,320100190,NA,NA,NA,NA,NA,NA
2024,320100191,NA,NA,NA,NA,NA,NA
2024,320100193,NA,NA,NA,NA,NA,NA
2024,320100195,NA,NA,NA,NA,NA,NA
2024,320100196,NA,NA,NA,NA,NA,NA
2024,320100197,NA,NA,NA,NA,NA,NA
2024,320100198,NA,NA,NA,NA,NA,NA
2024,320100199,NA,NA,NA,NA,NA,NA
2024,320100200,NA,NA,NA,NA,NA,NA
2024,320100201,NA,NA,NA,NA,NA,NA
2024,320100202,NA,NA,NA,NA,NA,NA
2024,320100203,NA,NA,NA,NA,NA,NA
2024,320100204,NA,NA,NA,NA,NA,NA
2024,320100205,NA,NA,NA,NA,NA,NA
2024,320100206,NA,NA,NA,NA,NA,NA
2024,320100208,NA,NA,NA,NA,NA,NA
2024,320100210,NA,NA,NA,NA,NA,NA
2024,320100211,NA,NA,NA,NA,NA,NA
2024,320100212,NA,NA,NA,NA,NA,NA
2024,320100213,NA,NA,NA,NA,NA,NA
2024,320100214,NA,NA,NA,NA,NA,NA
2024,320100215,NA,NA,NA,NA,NA,NA
2024,320100216,NA,NA,NA,NA,NA,NA
2024,320100217,NA,NA,NA,NA,NA,NA
2024,320100218,NA,NA,NA,NA,NA,NA
2024,320100219,NA,NA,NA,NA,NA,NA
2024,320100220,NA,NA,NA,NA,NA,NA
2024,320100222,NA,NA,NA,NA,NA,NA
2024,320100223,NA,NA,NA,NA,NA,NA
2024,320100224,NA,NA,NA,NA,NA,NA
2024,320100225,NA,NA,NA,NA,NA,NA
2024,320100226,NA,NA,NA,NA,NA,NA
2024,320100228,NA,NA,NA,NA,NA,NA
2024,320100230,NA,NA,NA,NA,NA,NA
2024,320100231,NA,NA,NA,NA,NA,NA
2024,320100232,NA,NA,NA,NA,NA,NA
2024,320100233,NA,NA,NA,NA,NA,NA
2024,320100235,NA,NA,NA,NA,NA,NA
2024,320100236,NA,NA,NA,NA,NA,NA
2024,320100237,NA,NA,NA,NA,NA,NA
2024,320100238,NA,NA,NA,NA,NA,NA
2024,320100239,NA,NA,NA,NA,NA,NA
2024,320100240,NA,NA,NA,NA,NA,NA
2024,320100241,NA,NA,NA,NA,NA,NA
2024,320100242,NA,NA,NA,NA,NA,NA
2024,320100245,NA,NA,NA,NA,NA,NA
2024,320100246,NA,NA,NA,NA,NA,NA
2024,320100247,NA,NA,NA,NA,NA,NA
2024,320100248,NA,NA,NA,NA,NA,NA
2024,320100249,NA,NA,NA,NA,NA,NA
2024,320100250,NA,NA,NA,NA,NA,NA
2024,320100252,NA,NA,NA,NA,NA,NA
2024,320100256,NA,NA,NA,NA,NA,NA
2024,320100257,NA,NA,NA,NA,NA,NA
2024,320100258,NA,NA,NA,NA,NA,NA
2024,320100259,NA,NA,NA,NA,NA,NA
2024,320100262,NA,NA,NA,NA,NA,NA
2024,320100263,NA,NA,NA,NA,NA,NA
2024,320100265,NA,NA,NA,NA,NA,NA
2024,320100267,NA,NA,NA,NA,NA,NA
2024,320100270,NA,NA,NA,NA,NA,NA
2024,320100273,NA,NA,NA,NA,NA,NA
2024,320100274,NA,NA,NA,NA,NA,NA
2024,320100280,NA,NA,NA,NA,NA,NA
2024,320100281,NA,NA,NA,NA,NA,NA
2024,320100282,NA,NA,NA,NA,NA,NA
2024,320100283,NA,NA,NA,NA,NA,NA
2024,320100284,NA,NA,NA,NA,NA,NA
2024,320100287,NA,NA,NA,NA,NA,NA
2024,320100288,NA,NA,NA,NA,NA,NA
2024,320100290,NA,NA,NA,NA,NA,NA
2024,320100291,NA,NA,NA,NA,NA,NA
2024,320100294,NA,NA,NA,NA,NA,NA
2024,320100295,NA,NA,NA,NA,NA,NA
2024,320100297,NA,NA,NA,NA,NA,NA
2024,320100298,NA,NA,NA,NA,NA,NA
2024,320100299,NA,NA,NA,NA,NA,NA
2024,320100302,NA,NA,NA,NA,NA,NA
2024,320100304,NA,NA,NA,NA,NA,NA
2024,320100306,NA,NA,NA,NA,NA,NA
2024,320100309,NA,NA,NA,NA,NA,NA
2024,320100311,NA,NA,NA,NA,NA,NA
2024,320100313,NA,NA,NA,NA,NA,NA
2024,320100314,NA,NA,NA,NA,NA,NA
2024,320100315,NA,NA,NA,NA,NA,NA
2024,320100318,NA,NA,NA,NA,NA,NA
2024,320100320,NA,NA,NA,NA,NA,NA
2024,320100324,NA,NA,NA,NA,NA,NA
2024,320100329,NA,NA,NA,NA,NA,NA
2024,320100330,NA,NA,NA,NA,NA,NA
2024,320100331,NA,NA,NA,NA,NA,NA
2024,320100332,NA,NA,NA,NA,NA,NA
2024,320100334,NA,NA,NA,NA,NA,NA
2024,320100335,NA,NA,NA,NA,NA,NA
2024,320100336,NA,NA,NA,NA,NA,NA
2024,320100337,NA,NA,NA,NA,NA,NA
2024,320100342,NA,NA,NA,NA,NA,NA
2024,320100343,NA,NA,NA,NA,NA,NA
2024,320100344,NA,NA,NA,NA,NA,NA
2024,320100346,NA,NA,NA,NA,NA,NA
2024,320100348,NA,NA,NA,NA,NA,NA
2024,320100349,NA,NA,NA,NA,NA,NA
2024,320100350,NA,NA,NA,NA,NA,NA
2024,320100352,NA,NA,NA,NA,NA,NA
2024,320100353,NA,NA,NA,NA,NA,NA
2024,320100354,NA,NA,NA,NA,NA,NA
2024,320100359,NA,NA,NA,NA,NA,NA
2024,320100360,NA,NA,NA,NA,NA,NA
2024,320100363,NA,NA,NA,NA,NA,NA
2024,320100364,NA,NA,NA,NA,NA,NA
2024,320100366,NA,NA,NA,NA,NA,NA
2024,320100368,NA,NA,NA,NA,NA,NA
2024,320100369,NA,NA,NA,NA,NA,NA
2024,320100370,NA,NA,NA,NA,NA,NA
2024,320100371,NA,NA,NA,NA,NA,NA
2024,320100372,NA,NA,NA,NA,NA,NA
2024,320100375,NA,NA,NA,NA,NA,NA
2024,320100376,NA,NA,NA,NA,NA,NA
2024,320100377,NA,NA,NA,NA,NA,NA
2024,320100378,NA,NA,NA,NA,NA,NA
2024,320100379,NA,NA,NA,NA,NA,NA
2024,320100381,NA,NA,NA,NA,NA,NA
2024,320100383,NA,NA,NA,NA,NA,NA
2024,320100384,NA,NA,NA,NA,NA,NA
2024,320100385,NA,NA,NA,NA,NA,NA
2024,320100386,NA,NA,NA,NA,NA,NA
2024,320100387,NA,NA,NA,NA,NA,NA
2024,320100388,NA,NA,NA,NA,NA,NA
2024,320100389,NA,NA,NA,NA,NA,NA
2024,320100391,NA,NA,NA,NA,NA,NA
2024,320100392,NA,NA,NA,NA,NA,NA
2024,320100395,NA,NA,NA,NA,NA,NA
2024,320100396,NA,NA,NA,NA,NA,NA
2024,320100398,NA,NA,NA,NA,NA,NA
2024,320100402,NA,NA,NA,NA,NA,NA
2024,320100404,NA,NA,NA,NA,NA,NA
2024,320100407,NA,NA,NA,NA,NA,NA
2024,320100408,NA,NA,NA,NA,NA,NA
2024,320100409,NA,NA,NA,NA,NA,NA
2024,320100410,NA,NA,NA,NA,NA,NA
2024,320100411,NA,NA,NA,NA,NA,NA
2024,320100412,NA,NA,NA,NA,NA,NA
2024,320100413,NA,NA,NA,NA,NA,NA
2024,320100414,NA,NA,NA,NA,NA,NA
2024,320100415,NA,NA,NA,NA,NA,NA
2024,320100418,NA,NA,NA,NA,NA,NA
2024,320100419,NA,NA,NA,NA,NA,NA
2024,320100420,NA,NA,NA,NA,NA,NA
2024,320100421,NA,NA,NA,NA,NA,NA
2024,320100425,NA,NA,NA,NA,NA,NA
2024,320100428,NA,NA,NA,NA,NA,NA
2024,320100430,NA,NA,NA,NA,NA,NA
2024,320100432,NA,NA,NA,NA,NA,NA
2024,320100433,NA,NA,NA,NA,NA,NA
2024,320100434,NA,NA,NA,NA,NA,NA
2024,320100435,NA,NA,NA,NA,NA,NA
2024,320100436,NA,NA,NA,NA,NA,NA
2024,320100437,NA,NA,NA,NA,NA,NA
2024,320100438,NA,NA,NA,NA,NA,NA
2024,320100439,NA,NA,NA,NA,NA,NA
2024,320100440,NA,NA,NA,NA,NA,NA
2024,320100441,NA,NA,NA,NA,NA,NA
2024,320100442,NA,NA,NA,NA,NA,NA
2024,320100443,NA,NA,NA,NA,NA,NA
2024,320100444,NA,NA,NA,NA,NA,NA
2024,320100446,NA,NA,NA,NA,NA,NA
2024,320100447,NA,NA,NA,NA,NA,NA
2024,320100448,NA,NA,NA,NA,NA,NA
2024,320100449,NA,NA,NA,NA,NA,NA
2024,320100450,NA,NA,NA,NA,NA,NA
2024,320100451,NA,NA,NA,NA,NA,NA
2024,320100452,NA,NA,NA,NA,NA,NA
2024,320100456,NA,NA,NA,NA,NA,NA
2024,320100458,NA,NA,NA,NA,NA,NA
2024,320100460,NA,NA,NA,NA,NA,NA
2024,320100461,NA,NA,NA,NA,NA,NA
2024,320100462,NA,NA,NA,NA,NA,NA
2024,320100467,NA,NA,NA,NA,NA,NA
2024,320100468,NA,NA,NA,NA,NA,NA
2024,320100471,NA,NA,NA,NA,NA,NA
2024,320100474,NA,NA,NA,NA,NA,NA
2024,320100475,NA,NA,NA,NA,NA,NA
2024,320100481,NA,NA,NA,NA,NA,NA
2024,320100484,NA,NA,NA,NA,NA,NA
2024,320100485,NA,NA,NA,NA,NA,NA
2024,320100487,NA,NA,NA,NA,NA,NA
2024,320100488,NA,NA,NA,NA,NA,NA
2024,320100489,NA,NA,NA,NA,NA,NA
2024,320100490,NA,NA,NA,NA,NA,NA
2024,320100491,NA,NA,NA,NA,NA,NA
2024,320100493,NA,NA,NA,NA,NA,NA
2024,320100494,NA,NA,NA,NA,NA,NA
2024,320100495,NA,NA,NA,NA,NA,NA
2024,320100497,NA,NA,NA,NA,NA,NA
2024,320100498,NA,NA,NA,NA,NA,NA
2024,320100499,NA,NA,NA,NA,NA,NA
2024,320100500,NA,NA,NA,NA,NA,NA
2024,320100501,NA,NA,NA,NA,NA,NA
2024,320100502,NA,NA,NA,NA,NA,NA
2024,320100504,NA,NA,NA,NA,NA,NA
2024,320100505,NA,NA,NA,NA,NA,NA
2024,320100506,NA,NA,NA,NA,NA,NA
2024,320100508,NA,NA,NA,NA,NA,NA
2024,320100511,NA,NA,NA,NA,NA,NA
2024,320100515,NA,NA,NA,NA,NA,NA
2024,320100517,NA,NA,NA,NA,NA,NA
2024,320100518,NA,NA,NA,NA,NA,NA
2024,320100519,NA,NA,NA,NA,NA,NA
2024,320100520,NA,NA,NA,NA,NA,NA
2024,320100522,NA,NA,NA,NA,NA,NA
2024,320100527,NA,NA,NA,NA,NA,NA
2024,320100529,NA,NA,NA,NA,NA,NA
2024,320100530,NA,NA,NA,NA,NA,NA
2024,320100531,NA,NA,NA,NA,NA,NA
2024,320100532,NA,NA,NA,NA,NA,NA
2024,320100535,NA,NA,NA,NA,NA,NA
2024,320100539,NA,NA,NA,NA,NA,NA
2024,320100540,NA,NA,NA,NA,NA,NA
2024,320100541,NA,NA,NA,NA,NA,NA
2024,320100542,NA,NA,NA,NA,NA,NA
2024,320100543,NA,NA,NA,NA,NA,NA
2024,320100548,NA,NA,NA,NA,NA,NA
2024,320100550,NA,NA,NA,NA,NA,NA
2024,320100553,NA,NA,NA,NA,NA,NA
2024,320100554,NA,NA,NA,NA,NA,NA
2024,320100556,NA,NA,NA,NA,NA,NA
2024,320100557,NA,NA,NA,NA,NA,NA
2024,320100559,NA,NA,NA,NA,NA,NA
2024,320100562,NA,NA,NA,NA,NA,NA
2024,320100563,NA,NA,NA,NA,NA,NA
2024,320100564,NA,NA,NA,NA,NA,NA
2024,320100565,NA,NA,NA,NA,NA,NA
2024,320100566,NA,NA,NA,NA,NA,NA
2024,320100567,NA,NA,NA,NA,NA,NA
2024,320100569,NA,NA,NA,NA,NA,NA
2024,320100570,NA,NA,NA,NA,NA,NA
2024,320100571,NA,NA,NA,NA,NA,NA
2024,320100572,NA,NA,NA,NA,NA,NA
2024,320100573,NA,NA,NA,NA,NA,NA
2024,320100574,NA,NA,NA,NA,NA,NA
2024,320100575,NA,NA,NA,NA,NA,NA
2024,320100576,NA,NA,NA,NA,NA,NA
2024,320100578,NA,NA,NA,NA,NA,NA
2024,320100579,NA,NA,NA,NA,NA,NA
2024,320100580,NA,NA,NA,NA,NA,NA
2024,320100581,NA,NA,NA,NA,NA,NA
2024,320100584,NA,NA,NA,NA,NA,NA
2024,320100585,NA,NA,NA,NA,NA,NA
2024,320100586,NA,NA,NA,NA,NA,NA
2024,320100587,NA,NA,NA,NA,NA,NA
2024,320100588,NA,NA,NA,NA,NA,NA
2024,320100589,NA,NA,NA,NA,NA,NA
2024,320100591,NA,NA,NA,NA,NA,NA
2024,320100593,NA,NA,NA,NA,NA,NA
2024,320100594,NA,NA,NA,NA,NA,NA
2024,320100596,NA,NA,NA,NA,NA,NA
2024,320100599,NA,NA,NA,NA,NA,NA
2024,320100600,NA,NA,NA,NA,NA,NA
2024,320100602,NA,NA,NA,NA,NA,NA
2024,320100603,NA,NA,NA,NA,NA,NA
2024,320100604,NA,NA,NA,NA,NA,NA
2024,320100605,NA,NA,NA,NA,NA,NA
2024,320100607,NA,NA,NA,NA,NA,NA
2024,320100608,NA,NA,NA,NA,NA,NA
2024,320100609,NA,NA,NA,NA,NA,NA
2024,320100610,NA,NA,NA,NA,NA,NA
2024,320100611,NA,NA,NA,NA,NA,NA
2024,320100613,NA,NA,NA,NA,NA,NA
2024,320100614,NA,NA,NA,NA,NA,NA
2024,320100615,NA,NA,NA,NA,NA,NA
2024,320100616,NA,NA,NA,NA,NA,NA
2024,320100622,NA,NA,NA,NA,NA,NA
2024,320100623,NA,NA,NA,NA,NA,NA
2024,320100626,NA,NA,NA,NA,NA,NA
2024,320100629,NA,NA,NA,NA,NA,NA
2024,320100630,NA,NA,NA,NA,NA,NA
2024,320100631,NA,NA,NA,NA,NA,NA
2024,320100633,NA,NA,NA,NA,NA,NA
2024,320100636,NA,NA,NA,NA,NA,NA
2024,320100638,NA,NA,NA,NA,NA,NA
2024,320100639,NA,NA,NA,NA,NA,NA
2024,320100640,NA,NA,NA,NA,NA,NA
2024,320100641,NA,NA,NA,NA,NA,NA
2024,320100642,NA,NA,NA,NA,NA,NA
2024,320100643,NA,NA,NA,NA,NA,NA
2024,320100648,NA,NA,NA,NA,NA,NA
2024,320100650,NA,NA,NA,NA,NA,NA
2024,320100651,NA,NA,NA,NA,NA,NA
2024,320100652,NA,NA,NA,NA,NA,NA
2024,320100653,NA,NA,NA,NA,NA,NA
2024,320100654,NA,NA,NA,NA,NA,NA
2024,320100655,NA,NA,NA,NA,NA,NA
2024,320100657,NA,NA,NA,NA,NA,NA
2024,320100662,NA,NA,NA,NA,NA,NA
2024,320100663,NA,NA,NA,NA,NA,NA
2024,320100666,NA,NA,NA,NA,NA,NA
2024,320100667,NA,NA,NA,NA,NA,NA
2024,320100668,NA,NA,NA,NA,NA,NA
2024,320100669,NA,NA,NA,NA,NA,NA
2024,320100671,NA,NA,NA,NA,NA,NA
2024,320100672,NA,NA,NA,NA,NA,NA
2024,320100673,NA,NA,NA,NA,NA,NA
2024,320100675,NA,NA,NA,NA,NA,NA
2024,320100676,NA,NA,NA,NA,NA,NA
2024,320100677,NA,NA,NA,NA,NA,NA
2024,320100678,NA,NA,NA,NA,NA,NA
2024,320100679,NA,NA,NA,NA,NA,NA
2024,320100682,NA,NA,NA,NA,NA,NA
2024,320100683,NA,NA,NA,NA,NA,NA
2024,320100684,NA,NA,NA,NA,NA,NA
2024,320100685,NA,NA,NA,NA,NA,NA
2024,320100686,NA,NA,NA,NA,NA,NA
2024,320100687,NA,NA,NA,NA,NA,NA
2024,320100689,NA,NA,NA,NA,NA,NA
2024,320100690,NA,NA,NA,NA,NA,NA
2024,320100691,NA,NA,NA,NA,NA,NA
2024,320100692,NA,NA,NA,NA,NA,NA
2024,320100695,NA,NA,NA,NA,NA,NA
2024,320100698,NA,NA,NA,NA,NA,NA
2024,320100699,NA,NA,NA,NA,NA,NA
2024,320100700,NA,NA,NA,NA,NA,NA
2024,320100701,NA,NA,NA,NA,NA,NA
2024,320100702,NA,NA,NA,NA,NA,NA
2024,320100703,NA,NA,NA,NA,NA,NA
2024,320100704,NA,NA,NA,NA,NA,NA
2024,320100705,NA,NA,NA,NA,NA,NA
2024,320100707,NA,NA,NA,NA,NA,NA
2024,320100708,NA,NA,NA,NA,NA,NA
2024,320100709,NA,NA,NA,NA,NA,NA
2024,320100712,NA,NA,NA,NA,NA,NA
2024,320100714,NA,NA,NA,NA,NA,NA
2024,320100735,NA,NA,NA,NA,NA,NA
2024,320100767,NA,NA,NA,NA,NA,NA
2024,320100768,NA,NA,NA,NA,NA,NA
2024,320100770,NA,NA,NA,NA,NA,NA
2024,320100772,NA,NA,NA,NA,NA,NA
2024,320100773,NA,NA,NA,NA,NA,NA
2024,320100774,NA,NA,NA,NA,NA,NA
2024,320100775,NA,NA,NA,NA,NA,NA
2024,320100776,NA,NA,NA,NA,NA,NA
2024,320100777,NA,NA,NA,NA,NA,NA
2024,320100778,NA,NA,NA,NA,NA,NA
2024,320100779,NA,NA,NA,NA,NA,NA
2024,320100780,NA,NA,NA,NA,NA,NA
2024,320100781,NA,NA,NA,NA,NA,NA
2024,320100782,NA,NA,NA,NA,NA,NA
2024,320100784,NA,NA,NA,NA,NA,NA
2024,320100787,NA,NA,NA,NA,NA,NA
2024,320100790,NA,NA,NA,NA,NA,NA
2024,320100791,NA,NA,NA,NA,NA,NA
2024,320100792,NA,NA,NA,NA,NA,NA
2024,320100793,NA,NA,NA,NA,NA,NA
2024,320100794,NA,NA,NA,NA,NA,NA
2024,320100795,NA,NA,NA,NA,NA,NA
2024,320100799,NA,NA,NA,NA,NA,NA
2024,320100800,NA,NA,NA,NA,NA,NA
2024,320100801,NA,NA,NA,NA,NA,NA
2024,320100805,NA,NA,NA,NA,NA,NA
2024,320100807,NA,NA,NA,NA,NA,NA
2024,320100809,NA,NA,NA,NA,NA,NA
2024,320100810,NA,NA,NA,NA,NA,NA
2024,320100811,NA,NA,NA,NA,NA,NA
2024,320100812,NA,NA,NA,NA,NA,NA
2024,320100813,NA,NA,NA,NA,NA,NA
2024,320100814,NA,NA,NA,NA,NA,NA
2024,320100815,NA,NA,NA,NA,NA,NA
2024,320100816,NA,NA,NA,NA,NA,NA
2024,320100817,NA,NA,NA,NA,NA,NA
2024,320100819,NA,NA,NA,NA,NA,NA
2024,320100820,NA,NA,NA,NA,NA,NA
2024,320100821,NA,NA,NA,NA,NA,NA
2024,320100822,NA,NA,NA,NA,NA,NA
2024,320100823,NA,NA,NA,NA,NA,NA
2024,320100824,NA,NA,NA,NA,NA,NA
2024,320100827,NA,NA,NA,NA,NA,NA
2024,320100828,NA,NA,NA,NA,NA,NA
2024,320100829,NA,NA,NA,NA,NA,NA
2024,320100830,NA,NA,NA,NA,NA,NA
2024,320100832,NA,NA,NA,NA,NA,NA
2024,320100833,NA,NA,NA,NA,NA,NA
2024,320100836,NA,NA,NA,NA,NA,NA
2024,320100837,NA,NA,NA,NA,NA,NA
2024,320100839,NA,NA,NA,NA,NA,NA
2024,320100841,NA,NA,NA,NA,NA,NA
2024,320100842,NA,NA,NA,NA,NA,NA
2024,320100843,NA,NA,NA,NA,NA,NA
2024,320100846,NA,NA,NA,NA,NA,NA
2024,320100848,NA,NA,NA,NA,NA,NA
2024,320100849,NA,NA,NA,NA,NA,NA
2024,320100850,NA,NA,NA,NA,NA,NA
2024,320100851,NA,NA,NA,NA,NA,NA
2024,320100852,NA,NA,NA,NA,NA,NA
2024,320100853,NA,NA,NA,NA,NA,NA
2024,320100854,NA,NA,NA,NA,NA,NA
2024,320100855,NA,NA,NA,NA,NA,NA
2024,320100857,NA,NA,NA,NA,NA,NA
2024,320100863,NA,NA,NA,NA,NA,NA
2024,320100864,NA,NA,NA,NA,NA,NA
2024,320100868,NA,NA,NA,NA,NA,NA
2024,320100869,NA,NA,NA,NA,NA,NA
2024,320100870,NA,NA,NA,NA,NA,NA
2024,320100871,NA,NA,NA,NA,NA,NA
2024,320100872,NA,NA,NA,NA,NA,NA
2024,320100873,NA,NA,NA,NA,NA,NA
2024,320100874,NA,NA,NA,NA,NA,NA
2024,320100877,NA,NA,NA,NA,NA,NA
2024,320100889,NA,NA,NA,NA,NA,NA
2024,320100912,NA,NA,NA,NA,NA,NA
2024,320100913,NA,NA,NA,NA,NA,NA
2024,320100915,NA,NA,NA,NA,NA,NA
2024,320100916,NA,NA,NA,NA,NA,NA
2024,320100917,NA,NA,NA,NA,NA,NA
2024,320100919,NA,NA,NA,NA,NA,NA
2024,320100921,NA,NA,NA,NA,NA,NA
2024,320100922,NA,NA,NA,NA,NA,NA
2024,320100923,NA,NA,NA,NA,NA,NA
2024,320100924,NA,NA,NA,NA,NA,NA
2024,320100925,NA,NA,NA,NA,NA,NA
2024,320100926,NA,NA,NA,NA,NA,NA
2024,320100927,NA,NA,NA,NA,NA,NA
2024,320100929,NA,NA,NA,NA,NA,NA
2024,320100930,NA,NA,NA,NA,NA,NA
2024,320100931,NA,NA,NA,NA,NA,NA
2024,320100932,NA,NA,NA,NA,NA,NA
2024,320100934,NA,NA,NA,NA,NA,NA
2024,320100935,NA,NA,NA,NA,NA,NA
2024,320100936,NA,NA,NA,NA,NA,NA
2024,320100937,NA,NA,NA,NA,NA,NA
2024,320100938,NA,NA,NA,NA,NA,NA
2024,320100939,NA,NA,NA,NA,NA,NA
2024,320100940,NA,NA,NA,NA,NA,NA
2024,320100942,NA,NA,NA,NA,NA,NA
2024,320100943,NA,NA,NA,NA,NA,NA
2024,320100944,NA,NA,NA,NA,NA,NA
2024,320100945,NA,NA,NA,NA,NA,NA
2024,320100947,NA,NA,NA,NA,NA,NA
2024,320100948,NA,NA,NA,NA,NA,NA
2024,320100949,NA,NA,NA,NA,NA,NA
2024,320100950,NA,NA,NA,NA,NA,NA
2024,320100951,NA,NA,NA,NA,NA,NA
2024,320100952,NA,NA,NA,NA,NA,NA
2024,320100953,NA,NA,NA,NA,NA,NA
2024,320100954,NA,NA,NA,NA,NA,NA
2024,320100955,NA,NA,NA,NA,NA,NA
2024,320100956,NA,NA,NA,NA,NA,NA
2024,320100957,NA,NA,NA,NA,NA,NA
2024,320100959,NA,NA,NA,NA,NA,NA
2024,320100961,NA,NA,NA,NA,NA,NA
2024,320100962,NA,NA,NA,NA,NA,NA
2024,320100963,NA,NA,NA,NA,NA,NA
2024,320100964,NA,NA,NA,NA,NA,NA
2024,320100965,NA,NA,NA,NA,NA,NA
2024,320100966,NA,NA,NA,NA,NA,NA
2024,320100967,NA,NA,NA,NA,NA,NA
2024,320100968,NA,NA,NA,NA,NA,NA
2024,320100969,NA,NA,NA,NA,NA,NA
2024,320100970,NA,NA,NA,NA,NA,NA
2024,320100971,NA,NA,NA,NA,NA,NA
2024,320100972,NA,NA,NA,NA,NA,NA
2024,320100973,NA,NA,NA,NA,NA,NA
2024,320100974,NA,NA,NA,NA,NA,NA
2024,320100975,NA,NA,NA,NA,NA,NA
2024,320100976,NA,NA,NA,NA,NA,NA
2024,320100977,NA,NA,NA,NA,NA,NA
2024,320100979,NA,NA,NA,NA,NA,NA
2024,320100980,NA,NA,NA,NA,NA,NA
2024,320100981,NA,NA,NA,NA,NA,NA
2024,320100982,NA,NA,NA,NA,NA,NA
2024,320100983,NA,NA,NA,NA,NA,NA
2024,320100984,NA,NA,NA,NA,NA,NA
2024,320100985,NA,NA,NA,NA,NA,NA
2024,320100986,NA,NA,NA,NA,NA,NA
2024,320100987,NA,NA,NA,NA,NA,NA
2024,320100988,NA,NA,NA,NA,NA,NA
2024,320100989,NA,NA,NA,NA,NA,NA
2024,320100990,NA,NA,NA,NA,NA,NA
2024,320100991,NA,NA,NA,NA,NA,NA
2024,320100992,NA,NA,NA,NA,NA,NA
2024,320100993,NA,NA,NA,NA,NA,NA
2024,320100994,NA,NA,NA,NA,NA,NA
2024,320100995,NA,NA,NA,NA,NA,NA
2024,320100996,NA,NA,NA,NA,NA,NA
2024,320100997,NA,NA,NA,NA,NA,NA
2024,320100999,NA,NA,NA,NA,NA,NA
2024,320101000,NA,NA,NA,NA,NA,NA
2024,320101001,NA,NA,NA,NA,NA,NA
2024,320101002,NA,NA,NA,NA,NA,NA
2024,320101003,NA,NA,NA,NA,NA,NA
2024,320101004,NA,NA,NA,NA,NA,NA
2024,320101005,NA,NA,NA,NA,NA,NA
2024,320101006,NA,NA,NA,NA,NA,NA
2024,320101007,NA,NA,NA,NA,NA,NA
2024,320101008,NA,NA,NA,NA,NA,NA
2024,320101009,NA,NA,NA,NA,NA,NA
2024,320101010,NA,NA,NA,NA,NA,NA
2024,320101011,NA,NA,NA,NA,NA,NA
2024,320101012,NA,NA,NA,NA,NA,NA
2024,320101013,NA,NA,NA,NA,NA,NA
2024,320101014,NA,NA,NA,NA,NA,NA
2024,320101015,NA,NA,NA,NA,NA,NA
2024,320101016,NA,NA,NA,NA,NA,NA
2024,320101017,NA,NA,NA,NA,NA,NA
2024,320101018,NA,NA,NA,NA,NA,NA
2024,320101019,NA,NA,NA,NA,NA,NA
2024,320101020,NA,NA,NA,NA,NA,NA
2024,320101023,NA,NA,NA,NA,NA,NA
2024,320101024,NA,NA,NA,NA,NA,NA
2024,320101026,NA,NA,NA,NA,NA,NA
2024,320101028,NA,NA,NA,NA,NA,NA
2024,320101029,NA,NA,NA,NA,NA,NA
2024,320101030,NA,NA,NA,NA,NA,NA
2024,320101031,NA,NA,NA,NA,NA,NA
2024,320101033,NA,NA,NA,NA,NA,NA
2024,320101034,NA,NA,NA,NA,NA,NA
2024,320101035,NA,NA,NA,NA,NA,NA
2024,320101036,NA,NA,NA,NA,NA,NA
2024,320101037,NA,NA,NA,NA,NA,NA
2024,320101038,NA,NA,NA,NA,NA,NA
2024,320101039,NA,NA,NA,NA,NA,NA
2024,320101040,NA,NA,NA,NA,NA,NA
2024,320101042,NA,NA,NA,NA,NA,NA
2024,320101043,NA,NA,NA,NA,NA,NA
2024,320101044,NA,NA,NA,NA,NA,NA
2024,320101045,NA,NA,NA,NA,NA,NA
2024,320101046,NA,NA,NA,NA,NA,NA
2024,320101047,NA,NA,NA,NA,NA,NA
2024,320101048,NA,NA,NA,NA,NA,NA
2024,320101049,NA,NA,NA,NA,NA,NA
2024,320101050,NA,NA,NA,NA,NA,NA
2024,320101051,NA,NA,NA,NA,NA,NA
2024,320101053,NA,NA,NA,NA,NA,NA
2024,320101054,NA,NA,NA,NA,NA,NA
2024,320101055,NA,NA,NA,NA,NA,NA
2024,320101056,NA,NA,NA,NA,NA,NA
2024,320101057,NA,NA,NA,NA,NA,NA
2024,320101058,NA,NA,NA,NA,NA,NA
2024,320101059,NA,NA,NA,NA,NA,NA
2024,320101060,NA,NA,NA,NA,NA,NA
2024,320101061,NA,NA,NA,NA,NA,NA
2024,320101062,NA,NA,NA,NA,NA,NA
2024,320101063,NA,NA,NA,NA,NA,NA
2024,320101064,NA,NA,NA,NA,NA,NA
2024,320101065,NA,NA,NA,NA,NA,NA
2024,320101066,NA,NA,NA,NA,NA,NA
2024,320101067,NA,NA,NA,NA,NA,NA
2024,320101068,NA,NA,NA,NA,NA,NA
2024,320101069,NA,NA,NA,NA,NA,NA
2024,320101070,NA,NA,NA,NA,NA,NA
2024,320101071,NA,NA,NA,NA,NA,NA
2024,320101072,NA,NA,NA,NA,NA,NA
2024,320101073,NA,NA,NA,NA,NA,NA
2024,320101074,NA,NA,NA,NA,NA,NA
2024,320101075,NA,NA,NA,NA,NA,NA
2024,320101076,NA,NA,NA,NA,NA,NA
2024,320101077,NA,NA,NA,NA,NA,NA
2024,320101078,NA,NA,NA,NA,NA,NA
2024,320101079,NA,NA,NA,NA,NA,NA
2024,320101080,NA,NA,NA,NA,NA,NA
2024,320101081,NA,NA,NA,NA,NA,NA
2024,320101082,NA,NA,NA,NA,NA,NA
2024,320101084,NA,NA,NA,NA,NA,NA
2024,320101087,NA,NA,NA,NA,NA,NA
2024,320101090,NA,NA,NA,NA,NA,NA
2024,320101091,NA,NA,NA,NA,NA,NA
2024,320101092,NA,NA,NA,NA,NA,NA
2024,320101093,NA,NA,NA,NA,NA,NA
2024,320101094,NA,NA,NA,NA,NA,NA
2024,320101095,NA,NA,NA,NA,NA,NA
2024,320101096,NA,NA,NA,NA,NA,NA
2024,320101098,NA,NA,NA,NA,NA,NA
2024,320101099,NA,NA,NA,NA,NA,NA
2024,320101100,NA,NA,NA,NA,NA,NA
2024,320101101,NA,NA,NA,NA,NA,NA
2024,320101102,NA,NA,NA,NA,NA,NA
2024,320101103,NA,NA,NA,NA,NA,NA
2024,320101104,NA,NA,NA,NA,NA,NA
2024,320101105,NA,NA,NA,NA,NA,NA
2024,320101106,NA,NA,NA,NA,NA,NA
2024,320101107,NA,NA,NA,NA,NA,NA
2024,320101108,NA,NA,NA,NA,NA,NA
2024,320101109,NA,NA,NA,NA,NA,NA
2024,320101110,NA,NA,NA,NA,NA,NA
2024,320101111,NA,NA,NA,NA,NA,NA
2024,320101113,NA,NA,NA,NA,NA,NA
2024,320101114,NA,NA,NA,NA,NA,NA
2024,320101115,NA,NA,NA,NA,NA,NA
2024,320101116,NA,NA,NA,NA,NA,NA
2024,320101118,NA,NA,NA,NA,NA,NA
2024,320101120,NA,NA,NA,NA,NA,NA
2024,320101121,NA,NA,NA,NA,NA,NA
2024,320101122,NA,NA,NA,NA,NA,NA
2024,320101123,NA,NA,NA,NA,NA,NA
2024,320101124,NA,NA,NA,NA,NA,NA
2024,320101125,NA,NA,NA,NA,NA,NA
2024,320101126,NA,NA,NA,NA,NA,NA
2024,320101127,NA,NA,NA,NA,NA,NA
2024,320101128,NA,NA,NA,NA,NA,NA
2024,320101129,NA,NA,NA,NA,NA,NA
2024,320101130,NA,NA,NA,NA,NA,NA
2024,320101131,NA,NA,NA,NA,NA,NA
2024,320101132,NA,NA,NA,NA,NA,NA
2024,320101133,NA,NA,NA,NA,NA,NA
2024,320101135,NA,NA,NA,NA,NA,NA
2024,320101136,NA,NA,NA,NA,NA,NA
2024,320101137,NA,NA,NA,NA,NA,NA
2024,320101138,NA,NA,NA,NA,NA,NA
2024,320101139,NA,NA,NA,NA,NA,NA
2024,320101142,NA,NA,NA,NA,NA,NA
2024,320101145,NA,NA,NA,NA,NA,NA
2024,320101146,NA,NA,NA,NA,NA,NA
2024,320101147,NA,NA,NA,NA,NA,NA
2024,320101148,NA,NA,NA,NA,NA,NA
2024,320101149,NA,NA,NA,NA,NA,NA
2024,320101150,NA,NA,NA,NA,NA,NA
2024,320101151,NA,NA,NA,NA,NA,NA
2024,320101152,NA,NA,NA,NA,NA,NA
2024,320101155,NA,NA,NA,NA,NA,NA
2024,320101158,NA,NA,NA,NA,NA,NA
2024,320101160,NA,NA,NA,NA,NA,NA
2024,320101161,NA,NA,NA,NA,NA,NA
2024,320101162,NA,NA,NA,NA,NA,NA
2024,320101163,NA,NA,NA,NA,NA,NA
2024,320101164,NA,NA,NA,NA,NA,NA
2024,320101165,NA,NA,NA,NA,NA,NA
2024,320101167,NA,NA,NA,NA,NA,NA
2024,320101168,NA,NA,NA,NA,NA,NA
2024,320101169,NA,NA,NA,NA,NA,NA
2024,320101170,NA,NA,NA,NA,NA,NA
2024,320101171,NA,NA,NA,NA,NA,NA
2024,320101172,NA,NA,NA,NA,NA,NA
2024,320101173,NA,NA,NA,NA,NA,NA
2024,320101174,NA,NA,NA,NA,NA,NA
2024,320101175,NA,NA,NA,NA,NA,NA
2024,320101176,NA,NA,NA,NA,NA,NA
2024,320101177,NA,NA,NA,NA,NA,NA
2024,320101178,NA,NA,NA,NA,NA,NA
2024,320101179,NA,NA,NA,NA,NA,NA
2024,320101180,NA,NA,NA,NA,NA,NA
2024,320101181,NA,NA,NA,NA,NA,NA
2024,320101182,NA,NA,NA,NA,NA,NA
2024,320101183,NA,NA,NA,NA,NA,NA
2024,320101184,NA,NA,NA,NA,NA,NA
2024,320101185,NA,NA,NA,NA,NA,NA
2024,320101186,NA,NA,NA,NA,NA,NA
2024,320101187,NA,NA,NA,NA,NA,NA
2024,320101188,NA,NA,NA,NA,NA,NA
2024,320101189,NA,NA,NA,NA,NA,NA
2024,320101190,NA,NA,NA,NA,NA,NA
2024,320101191,NA,NA,NA,NA,NA,NA
2024,320101192,NA,NA,NA,NA,NA,NA
2024,320101194,NA,NA,NA,NA,NA,NA
2024,320101195,NA,NA,NA,NA,NA,NA
2024,320101196,NA,NA,NA,NA,NA,NA
2024,320101197,NA,NA,NA,NA,NA,NA
2024,320101198,NA,NA,NA,NA,NA,NA
2024,320101199,NA,NA,NA,NA,NA,NA
2024,320101200,NA,NA,NA,NA,NA,NA
2024,320101201,NA,NA,NA,NA,NA,NA
2024,320101202,NA,NA,NA,NA,NA,NA
2024,320101203,NA,NA,NA,NA,NA,NA
2024,320101204,NA,NA,NA,NA,NA,NA
2024,320101205,NA,NA,NA,NA,NA,NA
2024,320101206,NA,NA,NA,NA,NA,NA
2024,320101207,NA,NA,NA,NA,NA,NA
2024,320101208,NA,NA,NA,NA,NA,NA
2024,320101209,NA,NA,NA,NA,NA,NA
2024,320101210,NA,NA,NA,NA,NA,NA
2024,320101211,NA,NA,NA,NA,NA,NA
2024,320101212,NA,NA,NA,NA,NA,NA
2024,320101213,NA,NA,NA,NA,NA,NA
2024,320101214,NA,NA,NA,NA,NA,NA
2024,320101215,NA,NA,NA,NA,NA,NA
2024,320101216,NA,NA,NA,NA,NA,NA
2024,320101217,NA,NA,NA,NA,NA,NA
2024,320101218,NA,NA,NA,NA,NA,NA
2024,320101219,NA,NA,NA,NA,NA,NA
2024,320101220,NA,NA,NA,NA,NA,NA
2024,320101221,NA,NA,NA,NA,NA,NA
2024,320101222,NA,NA,NA,NA,NA,NA
2024,320101223,NA,NA,NA,NA,NA,NA
2024,320101224,NA,NA,NA,NA,NA,NA
2024,320101225,NA,NA,NA,NA,NA,NA
2024,320101226,NA,NA,NA,NA,NA,NA
2024,320101227,NA,NA,NA,NA,NA,NA
2024,320101228,NA,NA,NA,NA,NA,NA
2024,320101229,NA,NA,NA,NA,NA,NA
2024,320101230,NA,NA,NA,NA,NA,NA
2024,320101231,NA,NA,NA,NA,NA,NA
2024,320101232,NA,NA,NA,NA,NA,NA
2024,320101233,NA,NA,NA,NA,NA,NA
2024,320101234,NA,NA,NA,NA,NA,NA
2024,320101235,NA,NA,NA,NA,NA,NA
2024,320101236,NA,NA,NA,NA,NA,NA
2024,320101237,NA,NA,NA,NA,NA,NA
2024,320101238,NA,NA,NA,NA,NA,NA
2024,320101239,NA,NA,NA,NA,NA,NA
2024,320101240,NA,NA,NA,NA,NA,NA
2024,320101241,NA,NA,NA,NA,NA,NA
2024,320101242,NA,NA,NA,NA,NA,NA
2024,320101243,NA,NA,NA,NA,NA,NA
2024,320101244,NA,NA,NA,NA,NA,NA
2024,320101245,NA,NA,NA,NA,NA,NA
2024,320101246,NA,NA,NA,NA,NA,NA
2024,320101247,NA,NA,NA,NA,NA,NA
2024,320101248,NA,NA,NA,NA,NA,NA
2024,320101249,NA,NA,NA,NA,NA,NA
2024,320101250,NA,NA,NA,NA,NA,NA
2024,320101251,NA,NA,NA,NA,NA,NA
2024,320101252,NA,NA,NA,NA,NA,NA
2024,320101253,NA,NA,NA,NA,NA,NA
2024,320101254,NA,NA,NA,NA,NA,NA
2024,320101255,NA,NA,NA,NA,NA,NA
2024,320101256,NA,NA,NA,NA,NA,NA
2024,320101257,NA,NA,NA,NA,NA,NA
2024,320101258,NA,NA,NA,NA,NA,NA
2024,320101259,NA,NA,NA,NA,NA,NA
2024,320101260,NA,NA,NA,NA,NA,NA
2024,320101261,NA,NA,NA,NA,NA,NA
2024,320101262,NA,NA,NA,NA,NA,NA
2024,320101263,NA,NA,NA,NA,NA,NA
2024,320101264,NA,NA,NA,NA,NA,NA
2024,320101265,NA,NA,NA,NA,NA,NA
2024,320101266,NA,NA,NA,NA,NA,NA
2024,320101267,NA,NA,NA,NA,NA,NA
2024,320101268,NA,NA,NA,NA,NA,NA
2024,320101269,NA,NA,NA,NA,NA,NA
2024,320101270,NA,NA,NA,NA,NA,NA
2024,320101271,NA,NA,NA,NA,NA,NA
2024,320101272,NA,NA,NA,NA,NA,NA
2024,320101273,NA,NA,NA,NA,NA,NA
2024,320101274,NA,NA,NA,NA,NA,NA
2024,320101275,NA,NA,NA,NA,NA,NA
2024,320101276,NA,NA,NA,NA,NA,NA
2024,320101277,NA,NA,NA,NA,NA,NA
2024,320101278,NA,NA,NA,NA,NA,NA
2024,320101279,NA,NA,NA,NA,NA,NA
2024,320101280,NA,NA,NA,NA,NA,NA
2024,320101281,NA,NA,NA,NA,NA,NA
2024,320101282,NA,NA,NA,NA,NA,NA
2024,320101283,NA,NA,NA,NA,NA,NA
2024,320101284,NA,NA,NA,NA,NA,NA
2024,320101285,NA,NA,NA,NA,NA,NA
2024,320101286,NA,NA,NA,NA,NA,NA
2024,320101287,NA,NA,NA,NA,NA,NA
2024,320101288,NA,NA,NA,NA,NA,NA
2024,320101289,NA,NA,NA,NA,NA,NA
2024,320101290,NA,NA,NA,NA,NA,NA
2024,320101291,NA,NA,NA,NA,NA,NA
2024,320101292,NA,NA,NA,NA,NA,NA
2024,320101293,NA,NA,NA,NA,NA,NA
2024,320101294,NA,NA,NA,NA,NA,NA
2024,320101295,NA,NA,NA,NA,NA,NA
2024,320101296,NA,NA,NA,NA,NA,NA
2024,320101297,NA,NA,NA,NA,NA,NA
2024,320101298,NA,NA,NA,NA,NA,NA
2024,320101299,NA,NA,NA,NA,NA,NA
2024,320101300,NA,NA,NA,NA,NA,NA
2024,320101301,NA,NA,NA,NA,NA,NA
2024,320101302,NA,NA,NA,NA,NA,NA
2024,320101303,NA,NA,NA,NA,NA,NA
2024,320101304,NA,NA,NA,NA,NA,NA
2024,320101305,NA,NA,NA,NA,NA,NA
2024,320120001,NA,NA,NA,NA,NA,NA
2024,320120004,NA,NA,NA,NA,NA,NA
2024,320120006,NA,NA,NA,NA,NA,NA
2024,320120007,NA,NA,NA,NA,NA,NA
2024,320120008,NA,NA,NA,NA,NA,NA
2024,320120009,NA,NA,NA,NA,NA,NA
2024,320120010,NA,NA,NA,NA,NA,NA
2024,320120011,NA,NA,NA,NA,NA,NA
2024,320120012,NA,NA,NA,NA,NA,NA
2024,320120013,NA,NA,NA,NA,NA,NA
2024,320120014,NA,NA,NA,NA,NA,NA
2024,320120015,NA,NA,NA,NA,NA,NA
2024,320120019,NA,NA,NA,NA,NA,NA
2024,320120020,NA,NA,NA,NA,NA,NA
2024,320120021,NA,NA,NA,NA,NA,NA
2024,320120022,NA,NA,NA,NA,NA,NA
2024,320120023,NA,NA,NA,NA,NA,NA
2024,320120024,NA,NA,NA,NA,NA,NA
2024,320120026,NA,NA,NA,NA,NA,NA
2024,320120027,NA,NA,NA,NA,NA,NA
2024,320120029,NA,NA,NA,NA,NA,NA
2024,320120030,NA,NA,NA,NA,NA,NA
2024,320120032,NA,NA,NA,NA,NA,NA
2024,320120033,NA,NA,NA,NA,NA,NA
2024,320120034,NA,NA,NA,NA,NA,NA
2024,320120035,NA,NA,NA,NA,NA,NA
2024,320120036,NA,NA,NA,NA,NA,NA
2024,320120037,NA,NA,NA,NA,NA,NA
2024,320120038,NA,NA,NA,NA,NA,NA
2024,320120039,NA,NA,NA,NA,NA,NA
2024,320120041,NA,NA,NA,NA,NA,NA
2024,320120042,NA,NA,NA,NA,NA,NA
2024,320120043,NA,NA,NA,NA,NA,NA
2024,320120044,NA,NA,NA,NA,NA,NA
2024,320120047,NA,NA,NA,NA,NA,NA
2024,320120048,NA,NA,NA,NA,NA,NA
2024,320120050,NA,NA,NA,NA,NA,NA
2024,320120051,NA,NA,NA,NA,NA,NA
2024,320120058,NA,NA,NA,NA,NA,NA
2024,320120061,NA,NA,NA,NA,NA,NA
2024,320120062,NA,NA,NA,NA,NA,NA
2024,320120063,NA,NA,NA,NA,NA,NA
2024,320120066,NA,NA,NA,NA,NA,NA
2024,320120069,NA,NA,NA,NA,NA,NA
2024,320120071,NA,NA,NA,NA,NA,NA
2024,320120075,NA,NA,NA,NA,NA,NA
2024,320120076,NA,NA,NA,NA,NA,NA
2024,320120077,NA,NA,NA,NA,NA,NA
2024,320120078,NA,NA,NA,NA,NA,NA
2024,320120080,NA,NA,NA,NA,NA,NA
2024,320120081,NA,NA,NA,NA,NA,NA
2024,320120083,NA,NA,NA,NA,NA,NA
2024,320120084,NA,NA,NA,NA,NA,NA
2024,320120085,NA,NA,NA,NA,NA,NA
2024,320120090,NA,NA,NA,NA,NA,NA
2024,320120091,NA,NA,NA,NA,NA,NA
2024,320120092,NA,NA,NA,NA,NA,NA
2024,320120093,NA,NA,NA,NA,NA,NA
2024,320120094,NA,NA,NA,NA,NA,NA
2024,320120095,NA,NA,NA,NA,NA,NA
2024,320120096,NA,NA,NA,NA,NA,NA
2024,320120097,NA,NA,NA,NA,NA,NA
2024,320120098,NA,NA,NA,NA,NA,NA
2024,320120100,NA,NA,NA,NA,NA,NA
2024,320120102,NA,NA,NA,NA,NA,NA
2024,320120103,NA,NA,NA,NA,NA,NA
2024,320120104,NA,NA,NA,NA,NA,NA
2024,320120105,NA,NA,NA,NA,NA,NA
2024,320120106,NA,NA,NA,NA,NA,NA
2024,320120107,NA,NA,NA,NA,NA,NA
2024,320120108,NA,NA,NA,NA,NA,NA
2024,320120109,NA,NA,NA,NA,NA,NA
2024,320120110,NA,NA,NA,NA,NA,NA
2024,320120111,NA,NA,NA,NA,NA,NA
2024,320120112,NA,NA,NA,NA,NA,NA
2024,320120113,NA,NA,NA,NA,NA,NA
2024,320120114,NA,NA,NA,NA,NA,NA
2024,320120115,NA,NA,NA,NA,NA,NA
2024,320130001,NA,NA,NA,NA,NA,NA
2024,320130002,NA,NA,NA,NA,NA,NA
2024,320130004,NA,NA,NA,NA,NA,NA
2024,320130005,NA,NA,NA,NA,NA,NA
2024,320130006,NA,NA,NA,NA,NA,NA
2024,320130007,NA,NA,NA,NA,NA,NA
2024,320130009,NA,NA,NA,NA,NA,NA
2024,320130012,NA,NA,NA,NA,NA,NA
2024,320130013,NA,NA,NA,NA,NA,NA
2024,320130014,NA,NA,NA,NA,NA,NA
2024,320130016,NA,NA,NA,NA,NA,NA
2024,320130017,NA,NA,NA,NA,NA,NA
2024,320130018,NA,NA,NA,NA,NA,NA
2024,320130019,NA,NA,NA,NA,NA,NA
2024,320130020,NA,NA,NA,NA,NA,NA
2024,320130024,NA,NA,NA,NA,NA,NA
2024,320130025,NA,NA,NA,NA,NA,NA
2024,320130026,NA,NA,NA,NA,NA,NA
2024,320130028,NA,NA,NA,NA,NA,NA
2024,320130029,NA,NA,NA,NA,NA,NA
2024,320130030,NA,NA,NA,NA,NA,NA
2024,320130033,NA,NA,NA,NA,NA,NA
2024,320130036,NA,NA,NA,NA,NA,NA
2024,320130039,NA,NA,NA,NA,NA,NA
2024,320130040,NA,NA,NA,NA,NA,NA
2024,320130041,NA,NA,NA,NA,NA,NA
2024,320130044,NA,NA,NA,NA,NA,NA
2024,320130047,NA,NA,NA,NA,NA,NA
2024,320130048,NA,NA,NA,NA,NA,NA
2024,320130049,NA,NA,NA,NA,NA,NA
2024,320130056,NA,NA,NA,NA,NA,NA
2024,320130060,NA,NA,NA,NA,NA,NA
2024,320130065,NA,NA,NA,NA,NA,NA
2024,320130082,NA,NA,NA,NA,NA,NA
2024,320130083,NA,NA,NA,NA,NA,NA
2024,320130084,NA,NA,NA,NA,NA,NA
2024,320130085,NA,NA,NA,NA,NA,NA
2024,320130086,NA,NA,NA,NA,NA,NA
2024,320130087,NA,NA,NA,NA,NA,NA
2024,320130088,NA,NA,NA,NA,NA,NA
2024,320130089,NA,NA,NA,NA,NA,NA
2024,320130090,NA,NA,NA,NA,NA,NA
2024,320130091,NA,NA,NA,NA,NA,NA
2024,320130092,NA,NA,NA,NA,NA,NA
2024,320130093,NA,NA,NA,NA,NA,NA
2024,320130094,NA,NA,NA,NA,NA,NA
2024,320130095,NA,NA,NA,NA,NA,NA
2024,320130096,NA,NA,NA,NA,NA,NA
2024,320130097,NA,NA,NA,NA,NA,NA
2024,320130098,NA,NA,NA,NA,NA,NA
2024,320130099,NA,NA,NA,NA,NA,NA
2024,320130100,NA,NA,NA,NA,NA,NA
2024,320130101,NA,NA,NA,NA,NA,NA
2024,320130102,NA,NA,NA,NA,NA,NA
2024,320130103,NA,NA,NA,NA,NA,NA
2024,320130104,NA,NA,NA,NA,NA,NA
2024,320130105,NA,NA,NA,NA,NA,NA
2024,320130106,NA,NA,NA,NA,NA,NA
2024,320130107,NA,NA,NA,NA,NA,NA
2024,320130108,NA,NA,NA,NA,NA,NA
2024,320130109,NA,NA,NA,NA,NA,NA
2024,320130110,NA,NA,NA,NA,NA,NA
2024,320130111,NA,NA,NA,NA,NA,NA
2024,320130112,NA,NA,NA,NA,NA,NA
2024,320130113,NA,NA,NA,NA,NA,NA
2024,320130114,NA,NA,NA,NA,NA,NA
2024,320130115,NA,NA,NA,NA,NA,NA
2024,320130116,NA,NA,NA,NA,NA,NA
2024,320130117,NA,NA,NA,NA,NA,NA
2024,320130118,NA,NA,NA,NA,NA,NA
2024,320130119,NA,NA,NA,NA,NA,NA
2024,320130120,NA,NA,NA,NA,NA,NA
2024,320130121,NA,NA,NA,NA,NA,NA
2024,320130122,NA,NA,NA,NA,NA,NA
2024,320130123,NA,NA,NA,NA,NA,NA
2024,320130124,NA,NA,NA,NA,NA,NA
2024,320130125,NA,NA,NA,NA,NA,NA
2024,320130126,NA,NA,NA,NA,NA,NA
2024,320130127,NA,NA,NA,NA,NA,NA
2024,320130128,NA,NA,NA,NA,NA,NA
2024,320130129,NA,NA,NA,NA,NA,NA
2024,320130130,NA,NA,NA,NA,NA,NA
2024,320130131,NA,NA,NA,NA,NA,NA
2024,320130132,NA,NA,NA,NA,NA,NA
2024,320140001,NA,NA,NA,NA,NA,NA
2024,320140003,NA,NA,NA,NA,NA,NA
2024,320140004,NA,NA,NA,NA,NA,NA
2024,320140005,NA,NA,NA,NA,NA,NA
2024,320140006,NA,NA,NA,NA,NA,NA
2024,320140007,NA,NA,NA,NA,NA,NA
2024,320140008,NA,NA,NA,NA,NA,NA
2024,320140009,NA,NA,NA,NA,NA,NA
2024,320140010,NA,NA,NA,NA,NA,NA
2024,320140011,NA,NA,NA,NA,NA,NA
2024,320140012,NA,NA,NA,NA,NA,NA
2024,320140013,NA,NA,NA,NA,NA,NA
2024,320140015,NA,NA,NA,NA,NA,NA
2024,320140016,NA,NA,NA,NA,NA,NA
2024,320140018,NA,NA,NA,NA,NA,NA
2024,320140019,NA,NA,NA,NA,NA,NA
2024,320140020,NA,NA,NA,NA,NA,NA
2024,320140021,NA,NA,NA,NA,NA,NA
2024,320140022,NA,NA,NA,NA,NA,NA
2024,320140023,NA,NA,NA,NA,NA,NA
2024,320140024,NA,NA,NA,NA,NA,NA
2024,320140026,NA,NA,NA,NA,NA,NA
2024,320140027,NA,NA,NA,NA,NA,NA
2024,320140028,NA,NA,NA,NA,NA,NA
2024,320140029,NA,NA,NA,NA,NA,NA
2024,320140030,NA,NA,NA,NA,NA,NA
2024,320140031,NA,NA,NA,NA,NA,NA
2024,320140032,NA,NA,NA,NA,NA,NA
2024,320140033,NA,NA,NA,NA,NA,NA
2024,320140034,NA,NA,NA,NA,NA,NA
2024,320140035,NA,NA,NA,NA,NA,NA
2024,320140036,NA,NA,NA,NA,NA,NA
2024,320140037,NA,NA,NA,NA,NA,NA
2024,320140038,NA,NA,NA,NA,NA,NA
2024,320140039,NA,NA,NA,NA,NA,NA
2024,320140041,NA,NA,NA,NA,NA,NA
2024,320140042,NA,NA,NA,NA,NA,NA
2024,320140043,NA,NA,NA,NA,NA,NA
2024,320140044,NA,NA,NA,NA,NA,NA
2024,320140045,NA,NA,NA,NA,NA,NA
2024,320140046,NA,NA,NA,NA,NA,NA
2024,320140048,NA,NA,NA,NA,NA,NA
2024,320140049,NA,NA,NA,NA,NA,NA
2024,320140050,NA,NA,NA,NA,NA,NA
2024,320140051,NA,NA,NA,NA,NA,NA
2024,320140052,NA,NA,NA,NA,NA,NA
2024,320140053,NA,NA,NA,NA,NA,NA
2024,320140054,NA,NA,NA,NA,NA,NA
2024,320140055,NA,NA,NA,NA,NA,NA
2024,320140056,NA,NA,NA,NA,NA,NA
2024,320140057,NA,NA,NA,NA,NA,NA
2024,320140059,NA,NA,NA,NA,NA,NA
2024,320140060,NA,NA,NA,NA,NA,NA
2024,320140067,NA,NA,NA,NA,NA,NA
2024,320140069,NA,NA,NA,NA,NA,NA
2024,320140070,NA,NA,NA,NA,NA,NA
2024,320140071,NA,NA,NA,NA,NA,NA
2024,320140073,NA,NA,NA,NA,NA,NA
2024,320140074,NA,NA,NA,NA,NA,NA
2024,320140075,NA,NA,NA,NA,NA,NA
2024,320140076,NA,NA,NA,NA,NA,NA
2024,320140077,NA,NA,NA,NA,NA,NA
2024,320140079,NA,NA,NA,NA,NA,NA
2024,320140080,NA,NA,NA,NA,NA,NA
2024,320140081,NA,NA,NA,NA,NA,NA
2024,320140082,NA,NA,NA,NA,NA,NA
2024,320140083,NA,NA,NA,NA,NA,NA
2024,320140084,NA,NA,NA,NA,NA,NA
2024,320140086,NA,NA,NA,NA,NA,NA
2024,320140087,NA,NA,NA,NA,NA,NA
2024,320140088,NA,NA,NA,NA,NA,NA
2024,320140089,NA,NA,NA,NA,NA,NA
2024,320140090,NA,NA,NA,NA,NA,NA
2024,320140093,NA,NA,NA,NA,NA,NA
2024,320140095,NA,NA,NA,NA,NA,NA
2024,320140102,NA,NA,NA,NA,NA,NA
2024,320140104,NA,NA,NA,NA,NA,NA
2024,320140106,NA,NA,NA,NA,NA,NA
2024,320140107,NA,NA,NA,NA,NA,NA
2024,320140108,NA,NA,NA,NA,NA,NA
2024,320140109,NA,NA,NA,NA,NA,NA
2024,320140113,NA,NA,NA,NA,NA,NA
2024,320140117,NA,NA,NA,NA,NA,NA
2024,320140118,NA,NA,NA,NA,NA,NA
2024,320140119,NA,NA,NA,NA,NA,NA
2024,320140120,NA,NA,NA,NA,NA,NA
2024,320140121,NA,NA,NA,NA,NA,NA
2024,320140122,NA,NA,NA,NA,NA,NA
2024,320140125,NA,NA,NA,NA,NA,NA
2024,320140131,NA,NA,NA,NA,NA,NA
2024,320140134,NA,NA,NA,NA,NA,NA
2024,320140135,NA,NA,NA,NA,NA,NA
2024,320140136,NA,NA,NA,NA,NA,NA
2024,320140137,NA,NA,NA,NA,NA,NA
2024,320140138,NA,NA,NA,NA,NA,NA
2024,320140140,NA,NA,NA,NA,NA,NA
2024,320140141,NA,NA,NA,NA,NA,NA
2024,320140143,NA,NA,NA,NA,NA,NA
2024,320140146,NA,NA,NA,NA,NA,NA
2024,320140150,NA,NA,NA,NA,NA,NA
2024,320140151,NA,NA,NA,NA,NA,NA
2024,320140152,NA,NA,NA,NA,NA,NA
2024,320140153,NA,NA,NA,NA,NA,NA
2024,320140155,NA,NA,NA,NA,NA,NA
2024,320140157,NA,NA,NA,NA,NA,NA
2024,320140158,NA,NA,NA,NA,NA,NA
2024,320140159,NA,NA,NA,NA,NA,NA
2024,320140160,NA,NA,NA,NA,NA,NA
2024,320140161,NA,NA,NA,NA,NA,NA
2024,320140162,NA,NA,NA,NA,NA,NA
2024,320140163,NA,NA,NA,NA,NA,NA
2024,320140164,NA,NA,NA,NA,NA,NA
2024,320140165,NA,NA,NA,NA,NA,NA
2024,320140166,NA,NA,NA,NA,NA,NA
2024,320140167,NA,NA,NA,NA,NA,NA
2024,320140168,NA,NA,NA,NA,NA,NA
2024,320140169,NA,NA,NA,NA,NA,NA
2024,320140170,NA,NA,NA,NA,NA,NA
2024,320140171,NA,NA,NA,NA,NA,NA
2024,320140172,NA,NA,NA,NA,NA,NA
2024,320140173,NA,NA,NA,NA,NA,NA
2024,320140174,NA,NA,NA,NA,NA,NA
2024,320140175,NA,NA,NA,NA,NA,NA
2024,320140176,NA,NA,NA,NA,NA,NA
2024,320140177,NA,NA,NA,NA,NA,NA
2024,320140178,NA,NA,NA,NA,NA,NA
2024,320140179,NA,NA,NA,NA,NA,NA
2024,320140180,NA,NA,NA,NA,NA,NA
2024,320140181,NA,NA,NA,NA,NA,NA
2024,320140182,NA,NA,NA,NA,NA,NA
2024,320140183,NA,NA,NA,NA,NA,NA
2024,320140184,NA,NA,NA,NA,NA,NA
2024,320140185,NA,NA,NA,NA,NA,NA
2024,320140186,NA,NA,NA,NA,NA,NA
2024,320140187,NA,NA,NA,NA,NA,NA
2024,320140188,NA,NA,NA,NA,NA,NA
2024,320140189,NA,NA,NA,NA,NA,NA
2024,320140190,NA,NA,NA,NA,NA,NA
2024,320140191,NA,NA,NA,NA,NA,NA
2024,320140192,NA,NA,NA,NA,NA,NA
2024,320140193,NA,NA,NA,NA,NA,NA
2024,320160001,NA,NA,NA,NA,NA,NA
2024,320160005,NA,NA,NA,NA,NA,NA
2024,320160006,NA,NA,NA,NA,NA,NA
2024,320160007,NA,NA,NA,NA,NA,NA
2024,320160008,NA,NA,NA,NA,NA,NA
2024,320160009,NA,NA,NA,NA,NA,NA
2024,320160011,NA,NA,NA,NA,NA,NA
2024,320160013,NA,NA,NA,NA,NA,NA
2024,320160014,NA,NA,NA,NA,NA,NA
2024,320160016,NA,NA,NA,NA,NA,NA
2024,320160017,NA,NA,NA,NA,NA,NA
2024,320160020,NA,NA,NA,NA,NA,NA
2024,320160021,NA,NA,NA,NA,NA,NA
2024,320160022,NA,NA,NA,NA,NA,NA
2024,320160023,NA,NA,NA,NA,NA,NA
2024,320160025,NA,NA,NA,NA,NA,NA
2024,320160027,NA,NA,NA,NA,NA,NA
2024,320160028,NA,NA,NA,NA,NA,NA
2024,320160029,NA,NA,NA,NA,NA,NA
2024,320160030,NA,NA,NA,NA,NA,NA
2024,320160031,NA,NA,NA,NA,NA,NA
2024,320160032,NA,NA,NA,NA,NA,NA
2024,320160033,NA,NA,NA,NA,NA,NA
2024,320160034,NA,NA,NA,NA,NA,NA
2024,320160036,NA,NA,NA,NA,NA,NA
2024,320160037,NA,NA,NA,NA,NA,NA
2024,320160038,NA,NA,NA,NA,NA,NA
2024,320160041,NA,NA,NA,NA,NA,NA
2024,320160045,NA,NA,NA,NA,NA,NA
2024,320160051,NA,NA,NA,NA,NA,NA
2024,320160057,NA,NA,NA,NA,NA,NA
2024,320160058,NA,NA,NA,NA,NA,NA
2024,320160059,NA,NA,NA,NA,NA,NA
2024,320160061,NA,NA,NA,NA,NA,NA
2024,320160062,NA,NA,NA,NA,NA,NA
2024,320160064,NA,NA,NA,NA,NA,NA
2024,320160066,NA,NA,NA,NA,NA,NA
2024,320160067,NA,NA,NA,NA,NA,NA
2024,320160068,NA,NA,NA,NA,NA,NA
2024,320160069,NA,NA,NA,NA,NA,NA
2024,320160071,NA,NA,NA,NA,NA,NA
2024,320160077,NA,NA,NA,NA,NA,NA
2024,320160078,NA,NA,NA,NA,NA,NA
2024,320160079,NA,NA,NA,NA,NA,NA
2024,320160080,NA,NA,NA,NA,NA,NA
2024,320160081,NA,NA,NA,NA,NA,NA
2024,320160082,NA,NA,NA,NA,NA,NA
2024,320160083,NA,NA,NA,NA,NA,NA
2024,320160084,NA,NA,NA,NA,NA,NA
2024,320160085,NA,NA,NA,NA,NA,NA
2024,320160086,NA,NA,NA,NA,NA,NA
2024,320160087,NA,NA,NA,NA,NA,NA
2024,320160088,NA,NA,NA,NA,NA,NA
2024,320160089,NA,NA,NA,NA,NA,NA
2024,320160090,NA,NA,NA,NA,NA,NA
2024,320160091,NA,NA,NA,NA,NA,NA
2024,320160092,NA,NA,NA,NA,NA,NA
2024,320160093,NA,NA,NA,NA,NA,NA
2024,320160094,NA,NA,NA,NA,NA,NA
2024,320160098,NA,NA,NA,NA,NA,NA
2024,320160099,NA,NA,NA,NA,NA,NA
2024,320160100,NA,NA,NA,NA,NA,NA
2024,320160101,NA,NA,NA,NA,NA,NA
2024,320160102,NA,NA,NA,NA,NA,NA
2024,320160103,NA,NA,NA,NA,NA,NA
2024,320160104,NA,NA,NA,NA,NA,NA
2024,320160105,NA,NA,NA,NA,NA,NA
2024,320160106,NA,NA,NA,NA,NA,NA
2024,320160107,NA,NA,NA,NA,NA,NA
2024,320160108,NA,NA,NA,NA,NA,NA
2024,320160109,NA,NA,NA,NA,NA,NA
2024,320160110,NA,NA,NA,NA,NA,NA
2024,320160111,NA,NA,NA,NA,NA,NA
2024,320160112,NA,NA,NA,NA,NA,NA
2024,320160113,NA,NA,NA,NA,NA,NA
2024,320160114,NA,NA,NA,NA,NA,NA
2024,320160115,NA,NA,NA,NA,NA,NA
2024,320160116,NA,NA,NA,NA,NA,NA
2024,320160117,NA,NA,NA,NA,NA,NA
2024,320160118,NA,NA,NA,NA,NA,NA
2024,320160119,NA,NA,NA,NA,NA,NA
2024,320160120,NA,NA,NA,NA,NA,NA
2024,320170001,NA,NA,NA,NA,NA,NA
2024,320170002,NA,NA,NA,NA,NA,NA
2024,320170004,NA,NA,NA,NA,NA,NA
2024,320170007,NA,NA,NA,NA,NA,NA
2024,320170009,NA,NA,NA,NA,NA,NA
2024,320170010,NA,NA,NA,NA,NA,NA
2024,320170013,NA,NA,NA,NA,NA,NA
2024,320170014,NA,NA,NA,NA,NA,NA
2024,320170015,NA,NA,NA,NA,NA,NA
2024,320170016,NA,NA,NA,NA,NA,NA
2024,320170017,NA,NA,NA,NA,NA,NA
2024,320170018,NA,NA,NA,NA,NA,NA
2024,320170019,NA,NA,NA,NA,NA,NA
2024,320170020,NA,NA,NA,NA,NA,NA
2024,320170021,NA,NA,NA,NA,NA,NA
2024,320170022,NA,NA,NA,NA,NA,NA
2024,320170023,NA,NA,NA,NA,NA,NA
2024,320170026,NA,NA,NA,NA,NA,NA
2024,320170028,NA,NA,NA,NA,NA,NA
2024,320170029,NA,NA,NA,NA,NA,NA
2024,320170030,NA,NA,NA,NA,NA,NA
2024,320170032,NA,NA,NA,NA,NA,NA
2024,320170033,NA,NA,NA,NA,NA,NA
2024,320170034,NA,NA,NA,NA,NA,NA
2024,320170035,NA,NA,NA,NA,NA,NA
2024,320170036,NA,NA,NA,NA,NA,NA
2024,320170038,NA,NA,NA,NA,NA,NA
2024,320170039,NA,NA,NA,NA,NA,NA
2024,320170041,NA,NA,NA,NA,NA,NA
2024,320170042,NA,NA,NA,NA,NA,NA
2024,320170043,NA,NA,NA,NA,NA,NA
2024,320170045,NA,NA,NA,NA,NA,NA
2024,320170049,NA,NA,NA,NA,NA,NA
2024,320170051,NA,NA,NA,NA,NA,NA
2024,320170052,NA,NA,NA,NA,NA,NA
2024,320170053,NA,NA,NA,NA,NA,NA
2024,320170056,NA,NA,NA,NA,NA,NA
2024,320170058,NA,NA,NA,NA,NA,NA
2024,320170059,NA,NA,NA,NA,NA,NA
2024,320170060,NA,NA,NA,NA,NA,NA
2024,320170061,NA,NA,NA,NA,NA,NA
2024,320170062,NA,NA,NA,NA,NA,NA
2024,320170066,NA,NA,NA,NA,NA,NA
2024,320170072,NA,NA,NA,NA,NA,NA
2024,320170075,NA,NA,NA,NA,NA,NA
2024,320170076,NA,NA,NA,NA,NA,NA
2024,320170077,NA,NA,NA,NA,NA,NA
2024,320170079,NA,NA,NA,NA,NA,NA
2024,320170080,NA,NA,NA,NA,NA,NA
2024,320170081,NA,NA,NA,NA,NA,NA
2024,320170089,NA,NA,NA,NA,NA,NA
2024,320170092,NA,NA,NA,NA,NA,NA
2024,320170093,NA,NA,NA,NA,NA,NA
2024,320170094,NA,NA,NA,NA,NA,NA
2024,320170095,NA,NA,NA,NA,NA,NA
2024,320170096,NA,NA,NA,NA,NA,NA
2024,320170097,NA,NA,NA,NA,NA,NA
2024,320170100,NA,NA,NA,NA,NA,NA
2024,320170103,NA,NA,NA,NA,NA,NA
2024,320170104,NA,NA,NA,NA,NA,NA
2024,320170119,NA,NA,NA,NA,NA,NA
2024,320170123,NA,NA,NA,NA,NA,NA
2024,320170128,NA,NA,NA,NA,NA,NA
2024,320170129,NA,NA,NA,NA,NA,NA
2024,320170130,NA,NA,NA,NA,NA,NA
2024,320170131,NA,NA,NA,NA,NA,NA
2024,320170132,NA,NA,NA,NA,NA,NA
2024,320170134,NA,NA,NA,NA,NA,NA
2024,320170135,NA,NA,NA,NA,NA,NA
2024,320170139,NA,NA,NA,NA,NA,NA
2024,320170140,NA,NA,NA,NA,NA,NA
2024,320170141,NA,NA,NA,NA,NA,NA
2024,320170142,NA,NA,NA,NA,NA,NA
2024,320170143,NA,NA,NA,NA,NA,NA
2024,320170144,NA,NA,NA,NA,NA,NA
2024,320170145,NA,NA,NA,NA,NA,NA
2024,320170146,NA,NA,NA,NA,NA,NA
2024,320170147,NA,NA,NA,NA,NA,NA
2024,320170148,NA,NA,NA,NA,NA,NA
2024,320170149,NA,NA,NA,NA,NA,NA
2024,320170153,NA,NA,NA,NA,NA,NA
2024,320170154,NA,NA,NA,NA,NA,NA
2024,320170162,NA,NA,NA,NA,NA,NA
2024,320170169,NA,NA,NA,NA,NA,NA
2024,320170170,NA,NA,NA,NA,NA,NA
2024,320170171,NA,NA,NA,NA,NA,NA
2024,320170172,NA,NA,NA,NA,NA,NA
2024,320170173,NA,NA,NA,NA,NA,NA
2024,320170182,NA,NA,NA,NA,NA,NA
2024,320170183,NA,NA,NA,NA,NA,NA
2024,320170185,NA,NA,NA,NA,NA,NA
2024,320170188,NA,NA,NA,NA,NA,NA
2024,320170189,NA,NA,NA,NA,NA,NA
2024,320170190,NA,NA,NA,NA,NA,NA
2024,320170191,NA,NA,NA,NA,NA,NA
2024,320170192,NA,NA,NA,NA,NA,NA
2024,320170194,NA,NA,NA,NA,NA,NA
2024,320170196,NA,NA,NA,NA,NA,NA
2024,320170197,NA,NA,NA,NA,NA,NA
2024,320170198,NA,NA,NA,NA,NA,NA
2024,320170199,NA,NA,NA,NA,NA,NA
2024,320170200,NA,NA,NA,NA,NA,NA
2024,320170201,NA,NA,NA,NA,NA,NA
2024,320170202,NA,NA,NA,NA,NA,NA
2024,320170203,NA,NA,NA,NA,NA,NA
2024,320170204,NA,NA,NA,NA,NA,NA
2024,320170206,NA,NA,NA,NA,NA,NA
2024,320170207,NA,NA,NA,NA,NA,NA
2024,320170208,NA,NA,NA,NA,NA,NA
2024,320170209,NA,NA,NA,NA,NA,NA
2024,320170210,NA,NA,NA,NA,NA,NA
2024,320170212,NA,NA,NA,NA,NA,NA
2024,320170214,NA,NA,NA,NA,NA,NA
2024,320170215,NA,NA,NA,NA,NA,NA
2024,320170216,NA,NA,NA,NA,NA,NA
2024,320170218,NA,NA,NA,NA,NA,NA
2024,320170221,NA,NA,NA,NA,NA,NA
2024,320170222,NA,NA,NA,NA,NA,NA
2024,320170231,NA,NA,NA,NA,NA,NA
2024,320170237,NA,NA,NA,NA,NA,NA
2024,320170238,NA,NA,NA,NA,NA,NA
2024,320170242,NA,NA,NA,NA,NA,NA
2024,320170243,NA,NA,NA,NA,NA,NA
2024,320170244,NA,NA,NA,NA,NA,NA
2024,320170245,NA,NA,NA,NA,NA,NA
2024,320170246,NA,NA,NA,NA,NA,NA
2024,320170247,NA,NA,NA,NA,NA,NA
2024,320170248,NA,NA,NA,NA,NA,NA
2024,320170249,NA,NA,NA,NA,NA,NA
2024,320170250,NA,NA,NA,NA,NA,NA
2024,320170251,NA,NA,NA,NA,NA,NA
2024,320170252,NA,NA,NA,NA,NA,NA
2024,320170253,NA,NA,NA,NA,NA,NA
2024,320170254,NA,NA,NA,NA,NA,NA
2024,320170255,NA,NA,NA,NA,NA,NA
2024,320170256,NA,NA,NA,NA,NA,NA
2024,320170257,NA,NA,NA,NA,NA,NA
2024,320170258,NA,NA,NA,NA,NA,NA
2024,320170259,NA,NA,NA,NA,NA,NA
2024,320170260,NA,NA,NA,NA,NA,NA
2024,320170261,NA,NA,NA,NA,NA,NA
2024,320170263,NA,NA,NA,NA,NA,NA
2024,320170264,NA,NA,NA,NA,NA,NA
2024,320170265,NA,NA,NA,NA,NA,NA
2024,320170266,NA,NA,NA,NA,NA,NA
2024,320170267,NA,NA,NA,NA,NA,NA
2024,320170268,NA,NA,NA,NA,NA,NA
2024,320170269,NA,NA,NA,NA,NA,NA
2024,320170270,NA,NA,NA,NA,NA,NA
2024,320170271,NA,NA,NA,NA,NA,NA
2024,320170272,NA,NA,NA,NA,NA,NA
2024,320170273,NA,NA,NA,NA,NA,NA
2024,320170274,NA,NA,NA,NA,NA,NA
2024,320170275,NA,NA,NA,NA,NA,NA
2024,320170276,NA,NA,NA,NA,NA,NA
2024,320170277,NA,NA,NA,NA,NA,NA
2024,320170278,NA,NA,NA,NA,NA,NA
2024,320170279,NA,NA,NA,NA,NA,NA
2024,320170280,NA,NA,NA,NA,NA,NA
2024,320170281,NA,NA,NA,NA,NA,NA
2024,320170282,NA,NA,NA,NA,NA,NA
2024,320170283,NA,NA,NA,NA,NA,NA
2024,320170284,NA,NA,NA,NA,NA,NA
2024,320170285,NA,NA,NA,NA,NA,NA
2024,320170286,NA,NA,NA,NA,NA,NA
2024,320170287,NA,NA,NA,NA,NA,NA
2024,320170288,NA,NA,NA,NA,NA,NA
2024,320170289,NA,NA,NA,NA,NA,NA
2024,320170290,NA,NA,NA,NA,NA,NA
2024,320170291,NA,NA,NA,NA,NA,NA
2024,320170292,NA,NA,NA,NA,NA,NA
2024,320170293,NA,NA,NA,NA,NA,NA
2024,320170294,NA,NA,NA,NA,NA,NA
2024,320170295,NA,NA,NA,NA,NA,NA
2024,320170296,NA,NA,NA,NA,NA,NA
2024,320170297,NA,NA,NA,NA,NA,NA
2024,320170298,NA,NA,NA,NA,NA,NA
2024,320170299,NA,NA,NA,NA,NA,NA
2024,320170300,NA,NA,NA,NA,NA,NA
2024,320170301,NA,NA,NA,NA,NA,NA
2024,320170302,NA,NA,NA,NA,NA,NA
2024,320170303,NA,NA,NA,NA,NA,NA
2024,320170304,NA,NA,NA,NA,NA,NA
2024,320170305,NA,NA,NA,NA,NA,NA
2024,320170306,NA,NA,NA,NA,NA,NA
2024,320170307,NA,NA,NA,NA,NA,NA
2024,320170308,NA,NA,NA,NA,NA,NA
2024,320170309,NA,NA,NA,NA,NA,NA
2024,320170310,NA,NA,NA,NA,NA,NA
2024,320170311,NA,NA,NA,NA,NA,NA
2024,320170312,NA,NA,NA,NA,NA,NA
2024,320170313,NA,NA,NA,NA,NA,NA
2024,320170314,NA,NA,NA,NA,NA,NA
2024,320170315,NA,NA,NA,NA,NA,NA
2024,320170316,NA,NA,NA,NA,NA,NA
2024,320170317,NA,NA,NA,NA,NA,NA
2024,320170318,NA,NA,NA,NA,NA,NA
2024,320170319,NA,NA,NA,NA,NA,NA
2024,320170320,NA,NA,NA,NA,NA,NA
2024,320170321,NA,NA,NA,NA,NA,NA
2024,320170322,NA,NA,NA,NA,NA,NA
2024,320170323,NA,NA,NA,NA,NA,NA
2024,320170324,NA,NA,NA,NA,NA,NA
2024,320170325,NA,NA,NA,NA,NA,NA
2024,320170326,NA,NA,NA,NA,NA,NA
2024,320170327,NA,NA,NA,NA,NA,NA
2024,320170328,NA,NA,NA,NA,NA,NA
2024,320170329,NA,NA,NA,NA,NA,NA
2024,320170330,NA,NA,NA,NA,NA,NA
2024,320170331,NA,NA,NA,NA,NA,NA
2024,320170332,NA,NA,NA,NA,NA,NA
2024,320170333,NA,NA,NA,NA,NA,NA
2024,320170334,NA,NA,NA,NA,NA,NA
2024,320170335,NA,NA,NA,NA,NA,NA
2024,320170336,NA,NA,NA,NA,NA,NA
2024,320170337,NA,NA,NA,NA,NA,NA
2024,320170338,NA,NA,NA,NA,NA,NA
2024,320170339,NA,NA,NA,NA,NA,NA
2024,320170340,NA,NA,NA,NA,NA,NA
2024,320170341,NA,NA,NA,NA,NA,NA
2024,320170342,NA,NA,NA,NA,NA,NA
2024,320170343,NA,NA,NA,NA,NA,NA
2024,320170344,NA,NA,NA,NA,NA,NA
2024,320170345,NA,NA,NA,NA,NA,NA
2024,320170346,NA,NA,NA,NA,NA,NA
2024,320170347,NA,NA,NA,NA,NA,NA
2024,320170348,NA,NA,NA,NA,NA,NA
2024,320170349,NA,NA,NA,NA,NA,NA
2024,320170350,NA,NA,NA,NA,NA,NA
2024,320170351,NA,NA,NA,NA,NA,NA
2024,320170352,NA,NA,NA,NA,NA,NA
2024,320170353,NA,NA,NA,NA,NA,NA
2024,320170354,NA,NA,NA,NA,NA,NA
2024,320170355,NA,NA,NA,NA,NA,NA
2024,320170356,NA,NA,NA,NA,NA,NA
2024,320170357,NA,NA,NA,NA,NA,NA
2024,320170358,NA,NA,NA,NA,NA,NA
2024,320170359,NA,NA,NA,NA,NA,NA
2024,320170360,NA,NA,NA,NA,NA,NA
2024,320170361,NA,NA,NA,NA,NA,NA
2024,320170362,NA,NA,NA,NA,NA,NA
2024,320170363,NA,NA,NA,NA,NA,NA
2024,320170364,NA,NA,NA,NA,NA,NA
2024,320170365,NA,NA,NA,NA,NA,NA
2024,320170366,NA,NA,NA,NA,NA,NA
2024,320170367,NA,NA,NA,NA,NA,NA
2024,320170369,NA,NA,NA,NA,NA,NA
2024,320170371,NA,NA,NA,NA,NA,NA
2024,320170372,NA,NA,NA,NA,NA,NA
2024,320170373,NA,NA,NA,NA,NA,NA
2024,320170374,NA,NA,NA,NA,NA,NA
2024,320170375,NA,NA,NA,NA,NA,NA
2024,320170376,NA,NA,NA,NA,NA,NA
2024,320200001,NA,NA,NA,NA,NA,NA
2024,320200002,NA,NA,NA,NA,NA,NA
2024,320200003,NA,NA,NA,NA,NA,NA
2024,320200004,NA,NA,NA,NA,NA,NA
2024,320200005,NA,NA,NA,NA,NA,NA
2024,320200007,NA,NA,NA,NA,NA,NA
2024,320200008,NA,NA,NA,NA,NA,NA
2024,320200010,NA,NA,NA,NA,NA,NA
2024,320200011,NA,NA,NA,NA,NA,NA
2024,320200012,NA,NA,NA,NA,NA,NA
2024,320200014,NA,NA,NA,NA,NA,NA
2024,320200015,NA,NA,NA,NA,NA,NA
2024,320200017,NA,NA,NA,NA,NA,NA
2024,320200018,NA,NA,NA,NA,NA,NA
2024,320200019,NA,NA,NA,NA,NA,NA
2024,320200020,NA,NA,NA,NA,NA,NA
2024,320200022,NA,NA,NA,NA,NA,NA
2024,320200023,NA,NA,NA,NA,NA,NA
2024,320200024,NA,NA,NA,NA,NA,NA
2024,320200025,NA,NA,NA,NA,NA,NA
2024,320200026,NA,NA,NA,NA,NA,NA
2024,320200027,NA,NA,NA,NA,NA,NA
2024,320200030,NA,NA,NA,NA,NA,NA
2024,320200033,NA,NA,NA,NA,NA,NA
2024,320200034,NA,NA,NA,NA,NA,NA
2024,320200035,NA,NA,NA,NA,NA,NA
2024,320200037,NA,NA,NA,NA,NA,NA
2024,320200038,NA,NA,NA,NA,NA,NA
2024,320200040,NA,NA,NA,NA,NA,NA
2024,320200041,NA,NA,NA,NA,NA,NA
2024,320200042,NA,NA,NA,NA,NA,NA
2024,320200043,NA,NA,NA,NA,NA,NA
2024,320200045,NA,NA,NA,NA,NA,NA
2024,320200046,NA,NA,NA,NA,NA,NA
2024,320200047,NA,NA,NA,NA,NA,NA
2024,320200048,NA,NA,NA,NA,NA,NA
2024,320200049,NA,NA,NA,NA,NA,NA
2024,320200050,NA,NA,NA,NA,NA,NA
2024,320200051,NA,NA,NA,NA,NA,NA
2024,320200052,NA,NA,NA,NA,NA,NA
2024,320200053,NA,NA,NA,NA,NA,NA
2024,320200054,NA,NA,NA,NA,NA,NA
2024,320200055,NA,NA,NA,NA,NA,NA
2024,320200056,NA,NA,NA,NA,NA,NA
2024,320200059,NA,NA,NA,NA,NA,NA
2024,320200060,NA,NA,NA,NA,NA,NA
2024,320200061,NA,NA,NA,NA,NA,NA
2024,320200062,NA,NA,NA,NA,NA,NA
2024,320200063,NA,NA,NA,NA,NA,NA
2024,320200064,NA,NA,NA,NA,NA,NA
2024,320200065,NA,NA,NA,NA,NA,NA
2024,320200066,NA,NA,NA,NA,NA,NA
2024,320200069,NA,NA,NA,NA,NA,NA
2024,320200070,NA,NA,NA,NA,NA,NA
2024,320200071,NA,NA,NA,NA,NA,NA
2024,320200072,NA,NA,NA,NA,NA,NA
2024,320200073,NA,NA,NA,NA,NA,NA
2024,320200076,NA,NA,NA,NA,NA,NA
2024,320200077,NA,NA,NA,NA,NA,NA
2024,320200078,NA,NA,NA,NA,NA,NA
2024,320200079,NA,NA,NA,NA,NA,NA
2024,320200080,NA,NA,NA,NA,NA,NA
2024,320200082,NA,NA,NA,NA,NA,NA
2024,320200083,NA,NA,NA,NA,NA,NA
2024,320200084,NA,NA,NA,NA,NA,NA
2024,320200085,NA,NA,NA,NA,NA,NA
2024,320200086,NA,NA,NA,NA,NA,NA
2024,320200087,NA,NA,NA,NA,NA,NA
2024,320200088,NA,NA,NA,NA,NA,NA
2024,320200089,NA,NA,NA,NA,NA,NA
2024,320200090,NA,NA,NA,NA,NA,NA
2024,320200091,NA,NA,NA,NA,NA,NA
2024,320200092,NA,NA,NA,NA,NA,NA
2024,320200094,NA,NA,NA,NA,NA,NA
2024,320200096,NA,NA,NA,NA,NA,NA
2024,320200097,NA,NA,NA,NA,NA,NA
2024,320200098,NA,NA,NA,NA,NA,NA
2024,320200099,NA,NA,NA,NA,NA,NA
2024,320200101,NA,NA,NA,NA,NA,NA
2024,320200102,NA,NA,NA,NA,NA,NA
2024,320200103,NA,NA,NA,NA,NA,NA
2024,320200105,NA,NA,NA,NA,NA,NA
2024,320200106,NA,NA,NA,NA,NA,NA
2024,320200107,NA,NA,NA,NA,NA,NA
2024,320200108,NA,NA,NA,NA,NA,NA
2024,320200109,NA,NA,NA,NA,NA,NA
2024,320200111,NA,NA,NA,NA,NA,NA
2024,320200112,NA,NA,NA,NA,NA,NA
2024,320200113,NA,NA,NA,NA,NA,NA
2024,320200114,NA,NA,NA,NA,NA,NA
2024,320200116,NA,NA,NA,NA,NA,NA
2024,320200118,NA,NA,NA,NA,NA,NA
2024,320200119,NA,NA,NA,NA,NA,NA
2024,320200121,NA,NA,NA,NA,NA,NA
2024,320200122,NA,NA,NA,NA,NA,NA
2024,320200123,NA,NA,NA,NA,NA,NA
2024,320200126,NA,NA,NA,NA,NA,NA
2024,320200130,NA,NA,NA,NA,NA,NA
2024,320200133,NA,NA,NA,NA,NA,NA
2024,320200136,NA,NA,NA,NA,NA,NA
2024,320200137,NA,NA,NA,NA,NA,NA
2024,320200138,NA,NA,NA,NA,NA,NA
2024,320200140,NA,NA,NA,NA,NA,NA
2024,320200143,NA,NA,NA,NA,NA,NA
2024,320200145,NA,NA,NA,NA,NA,NA
2024,320200146,NA,NA,NA,NA,NA,NA
2024,320200148,NA,NA,NA,NA,NA,NA
2024,320200149,NA,NA,NA,NA,NA,NA
2024,320200150,NA,NA,NA,NA,NA,NA
2024,320200151,NA,NA,NA,NA,NA,NA
2024,320200152,NA,NA,NA,NA,NA,NA
2024,320200153,NA,NA,NA,NA,NA,NA
2024,320200154,NA,NA,NA,NA,NA,NA
2024,320200155,NA,NA,NA,NA,NA,NA
2024,320200156,NA,NA,NA,NA,NA,NA
2024,320200157,NA,NA,NA,NA,NA,NA
2024,320200158,NA,NA,NA,NA,NA,NA
2024,320200159,NA,NA,NA,NA,NA,NA
2024,320200161,NA,NA,NA,NA,NA,NA
2024,320200162,NA,NA,NA,NA,NA,NA
2024,320200163,NA,NA,NA,NA,NA,NA
2024,320200164,NA,NA,NA,NA,NA,NA
2024,320200165,NA,NA,NA,NA,NA,NA
2024,320200166,NA,NA,NA,NA,NA,NA
2024,320200167,NA,NA,NA,NA,NA,NA
2024,320200168,NA,NA,NA,NA,NA,NA
2024,320200169,NA,NA,NA,NA,NA,NA
2024,320200171,NA,NA,NA,NA,NA,NA
2024,320200172,NA,NA,NA,NA,NA,NA
2024,320200173,NA,NA,NA,NA,NA,NA
2024,320200174,NA,NA,NA,NA,NA,NA
2024,320200175,NA,NA,NA,NA,NA,NA
2024,320200176,NA,NA,NA,NA,NA,NA
2024,320200177,NA,NA,NA,NA,NA,NA
2024,320200179,NA,NA,NA,NA,NA,NA
2024,320200180,NA,NA,NA,NA,NA,NA
2024,320200181,NA,NA,NA,NA,NA,NA
2024,320200182,NA,NA,NA,NA,NA,NA
2024,320200183,NA,NA,NA,NA,NA,NA
2024,320200184,NA,NA,NA,NA,NA,NA
2024,320200185,NA,NA,NA,NA,NA,NA
2024,320200186,NA,NA,NA,NA,NA,NA
2024,320200187,NA,NA,NA,NA,NA,NA
2024,320200188,NA,NA,NA,NA,NA,NA
2024,320200189,NA,NA,NA,NA,NA,NA
2024,320200190,NA,NA,NA,NA,NA,NA
2024,320200191,NA,NA,NA,NA,NA,NA
2024,320200193,NA,NA,NA,NA,NA,NA
2024,320200196,NA,NA,NA,NA,NA,NA
2024,320200197,NA,NA,NA,NA,NA,NA
2024,320200198,NA,NA,NA,NA,NA,NA
2024,320200199,NA,NA,NA,NA,NA,NA
2024,320200201,NA,NA,NA,NA,NA,NA
2024,320200202,NA,NA,NA,NA,NA,NA
2024,320200205,NA,NA,NA,NA,NA,NA
2024,320200208,NA,NA,NA,NA,NA,NA
2024,320200209,NA,NA,NA,NA,NA,NA
2024,320200211,NA,NA,NA,NA,NA,NA
2024,320200214,NA,NA,NA,NA,NA,NA
2024,320200215,NA,NA,NA,NA,NA,NA
2024,320200216,NA,NA,NA,NA,NA,NA
2024,320200218,NA,NA,NA,NA,NA,NA
2024,320200224,NA,NA,NA,NA,NA,NA
2024,320200225,NA,NA,NA,NA,NA,NA
2024,320200226,NA,NA,NA,NA,NA,NA
2024,320200227,NA,NA,NA,NA,NA,NA
2024,320200228,NA,NA,NA,NA,NA,NA
2024,320200229,NA,NA,NA,NA,NA,NA
2024,320200230,NA,NA,NA,NA,NA,NA
2024,320200231,NA,NA,NA,NA,NA,NA
2024,320200232,NA,NA,NA,NA,NA,NA
2024,320200233,NA,NA,NA,NA,NA,NA
2024,320200234,NA,NA,NA,NA,NA,NA
2024,320200235,NA,NA,NA,NA,NA,NA
2024,320200236,NA,NA,NA,NA,NA,NA
2024,320200237,NA,NA,NA,NA,NA,NA
2024,320200238,NA,NA,NA,NA,NA,NA
2024,320200239,NA,NA,NA,NA,NA,NA
2024,320200240,NA,NA,NA,NA,NA,NA
2024,320200241,NA,NA,NA,NA,NA,NA
2024,320200242,NA,NA,NA,NA,NA,NA
2024,320200243,NA,NA,NA,NA,NA,NA
2024,320200244,NA,NA,NA,NA,NA,NA
2024,320200245,NA,NA,NA,NA,NA,NA
2024,320200248,NA,NA,NA,NA,NA,NA
2024,320200249,NA,NA,NA,NA,NA,NA
2024,320200250,NA,NA,NA,NA,NA,NA
2024,320200251,NA,NA,NA,NA,NA,NA
2024,320200252,NA,NA,NA,NA,NA,NA
2024,320200253,NA,NA,NA,NA,NA,NA
2024,320200254,NA,NA,NA,NA,NA,NA
2024,320200255,NA,NA,NA,NA,NA,NA
2024,320200256,NA,NA,NA,NA,NA,NA
2024,320200257,NA,NA,NA,NA,NA,NA
2024,320200258,NA,NA,NA,NA,NA,NA
2024,320200259,NA,NA,NA,NA,NA,NA
2024,320200260,NA,NA,NA,NA,NA,NA
2024,320200261,NA,NA,NA,NA,NA,NA
2024,320200262,NA,NA,NA,NA,NA,NA
2024,320200263,NA,NA,NA,NA,NA,NA
2024,320200264,NA,NA,NA,NA,NA,NA
2024,320200265,NA,NA,NA,NA,NA,NA
2024,320200266,NA,NA,NA,NA,NA,NA
2024,320200267,NA,NA,NA,NA,NA,NA
2024,320200268,NA,NA,NA,NA,NA,NA
2024,320200269,NA,NA,NA,NA,NA,NA
2024,320200270,NA,NA,NA,NA,NA,NA
2024,320200271,NA,NA,NA,NA,NA,NA
2024,320200272,NA,NA,NA,NA,NA,NA
2024,320200273,NA,NA,NA,NA,NA,NA
2024,320200274,NA,NA,NA,NA,NA,NA
2024,320200275,NA,NA,NA,NA,NA,NA
2024,320200276,NA,NA,NA,NA,NA,NA
2024,320200277,NA,NA,NA,NA,NA,NA
2024,320200278,NA,NA,NA,NA,NA,NA
2024,320200279,NA,NA,NA,NA,NA,NA
2024,320200280,NA,NA,NA,NA,NA,NA
2024,320200281,NA,NA,NA,NA,NA,NA
2024,320200282,NA,NA,NA,NA,NA,NA
2024,320200283,NA,NA,NA,NA,NA,NA
2024,320200284,NA,NA,NA,NA,NA,NA
2024,320200285,NA,NA,NA,NA,NA,NA
2024,320200286,NA,NA,NA,NA,NA,NA
2024,320200287,NA,NA,NA,NA,NA,NA
2024,320200288,NA,NA,NA,NA,NA,NA
2024,320200289,NA,NA,NA,NA,NA,NA
2024,320200290,NA,NA,NA,NA,NA,NA
2024,320200291,NA,NA,NA,NA,NA,NA
2024,320200292,NA,NA,NA,NA,NA,NA
2024,320200293,NA,NA,NA,NA,NA,NA
2024,320200294,NA,NA,NA,NA,NA,NA
2024,320200295,NA,NA,NA,NA,NA,NA
2024,320200296,NA,NA,NA,NA,NA,NA
2024,320200297,NA,NA,NA,NA,NA,NA
2024,320200298,NA,NA,NA,NA,NA,NA
2024,320200299,NA,NA,NA,NA,NA,NA
2024,320200300,NA,NA,NA,NA,NA,NA
2024,320200301,NA,NA,NA,NA,NA,NA
2024,320200302,NA,NA,NA,NA,NA,NA
2024,320200303,NA,NA,NA,NA,NA,NA
2024,320200304,NA,NA,NA,NA,NA,NA
2024,320200305,NA,NA,NA,NA,NA,NA
2024,320200306,NA,NA,NA,NA,NA,NA
2024,320200307,NA,NA,NA,NA,NA,NA
2024,320200308,NA,NA,NA,NA,NA,NA
2024,320200309,NA,NA,NA,NA,NA,NA
2024,320200310,NA,NA,NA,NA,NA,NA
2024,320200311,NA,NA,NA,NA,NA,NA
2024,320200312,NA,NA,NA,NA,NA,NA
2024,320200313,NA,NA,NA,NA,NA,NA
2024,320200314,NA,NA,NA,NA,NA,NA
2024,320200315,NA,NA,NA,NA,NA,NA
2024,320200316,NA,NA,NA,NA,NA,NA
2024,320200317,NA,NA,NA,NA,NA,NA
2024,320200318,NA,NA,NA,NA,NA,NA
2024,320200319,NA,NA,NA,NA,NA,NA
2024,320200320,NA,NA,NA,NA,NA,NA
2024,320200321,NA,NA,NA,NA,NA,NA
2024,320200322,NA,NA,NA,NA,NA,NA
2024,320200323,NA,NA,NA,NA,NA,NA
2024,320200324,NA,NA,NA,NA,NA,NA
2024,320200325,NA,NA,NA,NA,NA,NA
2024,320200326,NA,NA,NA,NA,NA,NA
2024,320200327,NA,NA,NA,NA,NA,NA
2024,320200328,NA,NA,NA,NA,NA,NA
2024,320200329,NA,NA,NA,NA,NA,NA
2024,320200330,NA,NA,NA,NA,NA,NA
2024,320200331,NA,NA,NA,NA,NA,NA
2024,320210001,NA,NA,NA,NA,NA,NA
2024,320210004,NA,NA,NA,NA,NA,NA
2024,320210007,NA,NA,NA,NA,NA,NA
2024,320210009,NA,NA,NA,NA,NA,NA
2024,320210011,NA,NA,NA,NA,NA,NA
2024,320210012,NA,NA,NA,NA,NA,NA
2024,320210013,NA,NA,NA,NA,NA,NA
2024,320210014,NA,NA,NA,NA,NA,NA
2024,320210019,NA,NA,NA,NA,NA,NA
2024,320210020,NA,NA,NA,NA,NA,NA
2024,320210023,NA,NA,NA,NA,NA,NA
2024,320210026,NA,NA,NA,NA,NA,NA
2024,320210031,NA,NA,NA,NA,NA,NA
2024,320210036,NA,NA,NA,NA,NA,NA
2024,320210040,NA,NA,NA,NA,NA,NA
2024,320210041,NA,NA,NA,NA,NA,NA
2024,320210044,NA,NA,NA,NA,NA,NA
2024,320210045,NA,NA,NA,NA,NA,NA
2024,320210046,NA,NA,NA,NA,NA,NA
2024,320210050,NA,NA,NA,NA,NA,NA
2024,320210051,NA,NA,NA,NA,NA,NA
2024,320210053,NA,NA,NA,NA,NA,NA
2024,320210054,NA,NA,NA,NA,NA,NA
2024,320210055,NA,NA,NA,NA,NA,NA
2024,320210057,NA,NA,NA,NA,NA,NA
2024,320210058,NA,NA,NA,NA,NA,NA
2024,320210060,NA,NA,NA,NA,NA,NA
2024,320210061,NA,NA,NA,NA,NA,NA
2024,320210062,NA,NA,NA,NA,NA,NA
2024,320210063,NA,NA,NA,NA,NA,NA
2024,320210064,NA,NA,NA,NA,NA,NA
2024,320210066,NA,NA,NA,NA,NA,NA
2024,320210068,NA,NA,NA,NA,NA,NA
2024,320210069,NA,NA,NA,NA,NA,NA
2024,320210070,NA,NA,NA,NA,NA,NA
2024,320210071,NA,NA,NA,NA,NA,NA
2024,320210074,NA,NA,NA,NA,NA,NA
2024,320210077,NA,NA,NA,NA,NA,NA
2024,320210079,NA,NA,NA,NA,NA,NA
2024,320210084,NA,NA,NA,NA,NA,NA
2024,320210085,NA,NA,NA,NA,NA,NA
2024,320210086,NA,NA,NA,NA,NA,NA
2024,320210087,NA,NA,NA,NA,NA,NA
2024,320210088,NA,NA,NA,NA,NA,NA
2024,320210091,NA,NA,NA,NA,NA,NA
2024,320210092,NA,NA,NA,NA,NA,NA
2024,320210093,NA,NA,NA,NA,NA,NA
2024,320210096,NA,NA,NA,NA,NA,NA
2024,320210097,NA,NA,NA,NA,NA,NA
2024,320210100,NA,NA,NA,NA,NA,NA
2024,320210102,NA,NA,NA,NA,NA,NA
2024,320210103,NA,NA,NA,NA,NA,NA
2024,320210106,NA,NA,NA,NA,NA,NA
2024,320210107,NA,NA,NA,NA,NA,NA
2024,320210108,NA,NA,NA,NA,NA,NA
2024,320210109,NA,NA,NA,NA,NA,NA
2024,320210111,NA,NA,NA,NA,NA,NA
2024,320210112,NA,NA,NA,NA,NA,NA
2024,320210114,NA,NA,NA,NA,NA,NA
2024,320210115,NA,NA,NA,NA,NA,NA
2024,320210116,NA,NA,NA,NA,NA,NA
2024,320210117,NA,NA,NA,NA,NA,NA
2024,320210118,NA,NA,NA,NA,NA,NA
2024,320210125,NA,NA,NA,NA,NA,NA
2024,320210126,NA,NA,NA,NA,NA,NA
2024,320210127,NA,NA,NA,NA,NA,NA
2024,320210128,NA,NA,NA,NA,NA,NA
2024,320210131,NA,NA,NA,NA,NA,NA
2024,320210132,NA,NA,NA,NA,NA,NA
2024,320210133,NA,NA,NA,NA,NA,NA
2024,320210134,NA,NA,NA,NA,NA,NA
2024,320210135,NA,NA,NA,NA,NA,NA
2024,320210136,NA,NA,NA,NA,NA,NA
2024,320210137,NA,NA,NA,NA,NA,NA
2024,320210138,NA,NA,NA,NA,NA,NA
2024,320210139,NA,NA,NA,NA,NA,NA
2024,320210140,NA,NA,NA,NA,NA,NA
2024,320210141,NA,NA,NA,NA,NA,NA
2024,320210142,NA,NA,NA,NA,NA,NA
2024,320210145,NA,NA,NA,NA,NA,NA
2024,320210146,NA,NA,NA,NA,NA,NA
2024,320210147,NA,NA,NA,NA,NA,NA
2024,320210149,NA,NA,NA,NA,NA,NA
2024,320210150,NA,NA,NA,NA,NA,NA
2024,320210151,NA,NA,NA,NA,NA,NA
2024,320210152,NA,NA,NA,NA,NA,NA
2024,320210153,NA,NA,NA,NA,NA,NA
2024,320210154,NA,NA,NA,NA,NA,NA
2024,320210156,NA,NA,NA,NA,NA,NA
2024,320210162,NA,NA,NA,NA,NA,NA
2024,320210163,NA,NA,NA,NA,NA,NA
2024,320210164,NA,NA,NA,NA,NA,NA
2024,320210165,NA,NA,NA,NA,NA,NA
2024,320210167,NA,NA,NA,NA,NA,NA
2024,320210168,NA,NA,NA,NA,NA,NA
2024,320210169,NA,NA,NA,NA,NA,NA
2024,320210170,NA,NA,NA,NA,NA,NA
2024,320210171,NA,NA,NA,NA,NA,NA
2024,320210172,NA,NA,NA,NA,NA,NA
2024,320210173,NA,NA,NA,NA,NA,NA
2024,320210175,NA,NA,NA,NA,NA,NA
2024,320210177,NA,NA,NA,NA,NA,NA
2024,320210178,NA,NA,NA,NA,NA,NA
2024,320210179,NA,NA,NA,NA,NA,NA
2024,320210180,NA,NA,NA,NA,NA,NA
2024,320210181,NA,NA,NA,NA,NA,NA
2024,320210182,NA,NA,NA,NA,NA,NA
2024,320210183,NA,NA,NA,NA,NA,NA
2024,320210184,NA,NA,NA,NA,NA,NA
2024,320210185,NA,NA,NA,NA,NA,NA
2024,320210187,NA,NA,NA,NA,NA,NA
2024,320210188,NA,NA,NA,NA,NA,NA
2024,320210189,NA,NA,NA,NA,NA,NA
2024,320210190,NA,NA,NA,NA,NA,NA
2024,320210191,NA,NA,NA,NA,NA,NA
2024,320210192,NA,NA,NA,NA,NA,NA
2024,320210193,NA,NA,NA,NA,NA,NA
2024,320210194,NA,NA,NA,NA,NA,NA
2024,320210195,NA,NA,NA,NA,NA,NA
2024,320220001,NA,NA,NA,NA,NA,NA
2024,320220004,NA,NA,NA,NA,NA,NA
2024,320220005,NA,NA,NA,NA,NA,NA
2024,320220006,NA,NA,NA,NA,NA,NA
2024,320220007,NA,NA,NA,NA,NA,NA
2024,320220008,NA,NA,NA,NA,NA,NA
2024,320220010,NA,NA,NA,NA,NA,NA
2024,320220011,NA,NA,NA,NA,NA,NA
2024,320220012,NA,NA,NA,NA,NA,NA
2024,320220013,NA,NA,NA,NA,NA,NA
2024,320220025,NA,NA,NA,NA,NA,NA
2024,320220026,NA,NA,NA,NA,NA,NA
2024,320220027,NA,NA,NA,NA,NA,NA
2024,320220028,NA,NA,NA,NA,NA,NA
2024,320220029,NA,NA,NA,NA,NA,NA
2024,320220030,NA,NA,NA,NA,NA,NA
2024,320220036,NA,NA,NA,NA,NA,NA
2024,320220037,NA,NA,NA,NA,NA,NA
2024,320220038,NA,NA,NA,NA,NA,NA
2024,320220039,NA,NA,NA,NA,NA,NA
2024,320220040,NA,NA,NA,NA,NA,NA
2024,320220041,NA,NA,NA,NA,NA,NA
2024,320220042,NA,NA,NA,NA,NA,NA
2024,320220043,NA,NA,NA,NA,NA,NA
2024,320220045,NA,NA,NA,NA,NA,NA
2024,320220046,NA,NA,NA,NA,NA,NA
2024,320220047,NA,NA,NA,NA,NA,NA
2024,320220048,NA,NA,NA,NA,NA,NA
2024,320220049,NA,NA,NA,NA,NA,NA
2024,320220050,NA,NA,NA,NA,NA,NA
2024,320220051,NA,NA,NA,NA,NA,NA
2024,320220052,NA,NA,NA,NA,NA,NA
2024,320220053,NA,NA,NA,NA,NA,NA
2024,320220054,NA,NA,NA,NA,NA,NA
2024,320220055,NA,NA,NA,NA,NA,NA
2024,320220056,NA,NA,NA,NA,NA,NA
2024,320220057,NA,NA,NA,NA,NA,NA
2024,320220058,NA,NA,NA,NA,NA,NA
2024,320220059,NA,NA,NA,NA,NA,NA
2024,320220060,NA,NA,NA,NA,NA,NA
2024,320220061,NA,NA,NA,NA,NA,NA
2024,320220062,NA,NA,NA,NA,NA,NA
2024,320220063,NA,NA,NA,NA,NA,NA
2024,320220064,NA,NA,NA,NA,NA,NA
2024,320220065,NA,NA,NA,NA,NA,NA
2024,320250001,NA,NA,NA,NA,NA,NA
2024,320250002,NA,NA,NA,NA,NA,NA
2024,320250003,NA,NA,NA,NA,NA,NA
2024,320250004,NA,NA,NA,NA,NA,NA
2024,320250005,NA,NA,NA,NA,NA,NA
2024,320250006,NA,NA,NA,NA,NA,NA
2024,320250007,NA,NA,NA,NA,NA,NA
2024,320250008,NA,NA,NA,NA,NA,NA
2024,320250011,NA,NA,NA,NA,NA,NA
2024,320250012,NA,NA,NA,NA,NA,NA
2024,320250014,NA,NA,NA,NA,NA,NA
2024,320250015,NA,NA,NA,NA,NA,NA
2024,320250016,NA,NA,NA,NA,NA,NA
2024,320250017,NA,NA,NA,NA,NA,NA
2024,320250018,NA,NA,NA,NA,NA,NA
2024,320250020,NA,NA,NA,NA,NA,NA
2024,320250021,NA,NA,NA,NA,NA,NA
2024,320250022,NA,NA,NA,NA,NA,NA
2024,320250028,NA,NA,NA,NA,NA,NA
2024,320250029,NA,NA,NA,NA,NA,NA
2024,320250033,NA,NA,NA,NA,NA,NA
2024,320250035,NA,NA,NA,NA,NA,NA
2024,320250036,NA,NA,NA,NA,NA,NA
2024,320250038,NA,NA,NA,NA,NA,NA
2024,320250041,NA,NA,NA,NA,NA,NA
2024,320250042,NA,NA,NA,NA,NA,NA
2024,320250043,NA,NA,NA,NA,NA,NA
2024,320250045,NA,NA,NA,NA,NA,NA
2024,320250047,NA,NA,NA,NA,NA,NA
2024,320250053,NA,NA,NA,NA,NA,NA
2024,320250054,NA,NA,NA,NA,NA,NA
2024,320250055,NA,NA,NA,NA,NA,NA
2024,320250056,NA,NA,NA,NA,NA,NA
2024,320250057,NA,NA,NA,NA,NA,NA
2024,320250060,NA,NA,NA,NA,NA,NA
2024,320250061,NA,NA,NA,NA,NA,NA
2024,320250062,NA,NA,NA,NA,NA,NA
2024,320250063,NA,NA,NA,NA,NA,NA
2024,320250064,NA,NA,NA,NA,NA,NA
2024,320250065,NA,NA,NA,NA,NA,NA
2024,320250066,NA,NA,NA,NA,NA,NA
2024,320250067,NA,NA,NA,NA,NA,NA
2024,320250068,NA,NA,NA,NA,NA,NA
2024,320250071,NA,NA,NA,NA,NA,NA
2024,320250072,NA,NA,NA,NA,NA,NA
2024,320250074,NA,NA,NA,NA,NA,NA
2024,320250076,NA,NA,NA,NA,NA,NA
2024,320250077,NA,NA,NA,NA,NA,NA
2024,320250078,NA,NA,NA,NA,NA,NA
2024,320250079,NA,NA,NA,NA,NA,NA
2024,320250080,NA,NA,NA,NA,NA,NA
2024,320250081,NA,NA,NA,NA,NA,NA
2024,320250082,NA,NA,NA,NA,NA,NA
2024,320250083,NA,NA,NA,NA,NA,NA
2024,320250084,NA,NA,NA,NA,NA,NA
2024,320250085,NA,NA,NA,NA,NA,NA
2024,320250086,NA,NA,NA,NA,NA,NA
2024,320250088,NA,NA,NA,NA,NA,NA
2024,320250089,NA,NA,NA,NA,NA,NA
2024,320250090,NA,NA,NA,NA,NA,NA
2024,320250092,NA,NA,NA,NA,NA,NA
2024,320250093,NA,NA,NA,NA,NA,NA
2024,320250094,NA,NA,NA,NA,NA,NA
2024,320250095,NA,NA,NA,NA,NA,NA
2024,320250096,NA,NA,NA,NA,NA,NA
2024,320250097,NA,NA,NA,NA,NA,NA
2024,320250098,NA,NA,NA,NA,NA,NA
2024,320250099,NA,NA,NA,NA,NA,NA
2024,320250100,NA,NA,NA,NA,NA,NA
2024,320250102,NA,NA,NA,NA,NA,NA
2024,320250103,NA,NA,NA,NA,NA,NA
2024,320250104,NA,NA,NA,NA,NA,NA
2024,320250105,NA,NA,NA,NA,NA,NA
2024,320250106,NA,NA,NA,NA,NA,NA
2024,320250107,NA,NA,NA,NA,NA,NA
2024,320250108,NA,NA,NA,NA,NA,NA
2024,320250109,NA,NA,NA,NA,NA,NA
2024,320250110,NA,NA,NA,NA,NA,NA
2024,320250111,NA,NA,NA,NA,NA,NA
2024,320250112,NA,NA,NA,NA,NA,NA
2024,320250113,NA,NA,NA,NA,NA,NA
2024,320250114,NA,NA,NA,NA,NA,NA
2024,320250115,NA,NA,NA,NA,NA,NA
2024,320260001,NA,NA,NA,NA,NA,NA
2024,320260002,NA,NA,NA,NA,NA,NA
2024,320260003,NA,NA,NA,NA,NA,NA
2024,320260004,NA,NA,NA,NA,NA,NA
2024,320260005,NA,NA,NA,NA,NA,NA
2024,320260007,NA,NA,NA,NA,NA,NA
2024,320260008,NA,NA,NA,NA,NA,NA
2024,320260009,NA,NA,NA,NA,NA,NA
2024,320260010,NA,NA,NA,NA,NA,NA
2024,320260011,NA,NA,NA,NA,NA,NA
2024,320260012,NA,NA,NA,NA,NA,NA
2024,320260013,NA,NA,NA,NA,NA,NA
2024,320260014,NA,NA,NA,NA,NA,NA
2024,320260015,NA,NA,NA,NA,NA,NA
2024,320260016,NA,NA,NA,NA,NA,NA
2024,320260017,NA,NA,NA,NA,NA,NA
2024,320260018,NA,NA,NA,NA,NA,NA
2024,320260019,NA,NA,NA,NA,NA,NA
2024,320260020,NA,NA,NA,NA,NA,NA
2024,320260021,NA,NA,NA,NA,NA,NA
2024,320260022,NA,NA,NA,NA,NA,NA
2024,320260023,NA,NA,NA,NA,NA,NA
2024,320260024,NA,NA,NA,NA,NA,NA
2024,320260026,NA,NA,NA,NA,NA,NA
2024,320260027,NA,NA,NA,NA,NA,NA
2024,320260029,NA,NA,NA,NA,NA,NA
2024,320260030,NA,NA,NA,NA,NA,NA
2024,320260031,NA,NA,NA,NA,NA,NA
2024,320260032,NA,NA,NA,NA,NA,NA
2024,320260033,NA,NA,NA,NA,NA,NA
2024,320260034,NA,NA,NA,NA,NA,NA
2024,320260035,NA,NA,NA,NA,NA,NA
2024,320260036,NA,NA,NA,NA,NA,NA
2024,320260037,NA,NA,NA,NA,NA,NA
2024,320260038,NA,NA,NA,NA,NA,NA
2024,320260040,NA,NA,NA,NA,NA,NA
2024,320260041,NA,NA,NA,NA,NA,NA
2024,320260042,NA,NA,NA,NA,NA,NA
2024,320260043,NA,NA,NA,NA,NA,NA
2024,320260044,NA,NA,NA,NA,NA,NA
2024,320260045,NA,NA,NA,NA,NA,NA
2024,320260046,NA,NA,NA,NA,NA,NA
2024,320260047,NA,NA,NA,NA,NA,NA
2024,320260048,NA,NA,NA,NA,NA,NA
2024,320260049,NA,NA,NA,NA,NA,NA
2024,320260050,NA,NA,NA,NA,NA,NA
2024,320260051,NA,NA,NA,NA,NA,NA
2024,320260052,NA,NA,NA,NA,NA,NA
2024,320260053,NA,NA,NA,NA,NA,NA
2024,320260054,NA,NA,NA,NA,NA,NA
2024,320260055,NA,NA,NA,NA,NA,NA
2024,320260056,NA,NA,NA,NA,NA,NA
2024,320260058,NA,NA,NA,NA,NA,NA
2024,320260059,NA,NA,NA,NA,NA,NA
2024,320260060,NA,NA,NA,NA,NA,NA
2024,320260062,NA,NA,NA,NA,NA,NA
2024,320260063,NA,NA,NA,NA,NA,NA
2024,320260064,NA,NA,NA,NA,NA,NA
2024,320260066,NA,NA,NA,NA,NA,NA
2024,320260067,NA,NA,NA,NA,NA,NA
2024,320260068,NA,NA,NA,NA,NA,NA
2024,320260069,NA,NA,NA,NA,NA,NA
2024,320260070,NA,NA,NA,NA,NA,NA
2024,320260071,NA,NA,NA,NA,NA,NA
2024,320260072,NA,NA,NA,NA,NA,NA
2024,320260073,NA,NA,NA,NA,NA,NA
2024,320260074,NA,NA,NA,NA,NA,NA
2024,320260075,NA,NA,NA,NA,NA,NA
2024,320260076,NA,NA,NA,NA,NA,NA
2024,320260077,NA,NA,NA,NA,NA,NA
2024,320260078,NA,NA,NA,NA,NA,NA
2024,320260079,NA,NA,NA,NA,NA,NA
2024,320260080,NA,NA,NA,NA,NA,NA
2024,320260081,NA,NA,NA,NA,NA,NA
2024,320260082,NA,NA,NA,NA,NA,NA
2024,320260084,NA,NA,NA,NA,NA,NA
2024,320260085,NA,NA,NA,NA,NA,NA
2024,320260086,NA,NA,NA,NA,NA,NA
2024,320260087,NA,NA,NA,NA,NA,NA
2024,320260088,NA,NA,NA,NA,NA,NA
2024,320260089,NA,NA,NA,NA,NA,NA
2024,320260090,NA,NA,NA,NA,NA,NA
2024,320260092,NA,NA,NA,NA,NA,NA
2024,320260093,NA,NA,NA,NA,NA,NA
2024,320260094,NA,NA,NA,NA,NA,NA
2024,320260095,NA,NA,NA,NA,NA,NA
2024,320260097,NA,NA,NA,NA,NA,NA
2024,320260098,NA,NA,NA,NA,NA,NA
2024,320260099,NA,NA,NA,NA,NA,NA
2024,320260100,NA,NA,NA,NA,NA,NA
2024,320260101,NA,NA,NA,NA,NA,NA
2024,320260102,NA,NA,NA,NA,NA,NA
2024,320260103,NA,NA,NA,NA,NA,NA
2024,320260105,NA,NA,NA,NA,NA,NA
2024,320260106,NA,NA,NA,NA,NA,NA
2024,320260107,NA,NA,NA,NA,NA,NA
2024,320260108,NA,NA,NA,NA,NA,NA
2024,320260109,NA,NA,NA,NA,NA,NA
2024,320260110,NA,NA,NA,NA,NA,NA
2024,320260113,NA,NA,NA,NA,NA,NA
2024,320260114,NA,NA,NA,NA,NA,NA
2024,320260115,NA,NA,NA,NA,NA,NA
2024,320260116,NA,NA,NA,NA,NA,NA
2024,320260117,NA,NA,NA,NA,NA,NA
2024,320260118,NA,NA,NA,NA,NA,NA
2024,320260119,NA,NA,NA,NA,NA,NA
2024,320260120,NA,NA,NA,NA,NA,NA
2024,320260121,NA,NA,NA,NA,NA,NA
2024,320260122,NA,NA,NA,NA,NA,NA
2024,320260123,NA,NA,NA,NA,NA,NA
2024,320260124,NA,NA,NA,NA,NA,NA
2024,320260127,NA,NA,NA,NA,NA,NA
2024,320260128,NA,NA,NA,NA,NA,NA
2024,320260129,NA,NA,NA,NA,NA,NA
2024,320260130,NA,NA,NA,NA,NA,NA
2024,320260131,NA,NA,NA,NA,NA,NA
2024,320260132,NA,NA,NA,NA,NA,NA
2024,320260133,NA,NA,NA,NA,NA,NA
2024,320260134,NA,NA,NA,NA,NA,NA
2024,320260135,NA,NA,NA,NA,NA,NA
2024,320260136,NA,NA,NA,NA,NA,NA
2024,320260139,NA,NA,NA,NA,NA,NA
2024,320260140,NA,NA,NA,NA,NA,NA
2024,320260142,NA,NA,NA,NA,NA,NA
2024,320260143,NA,NA,NA,NA,NA,NA
2024,320260145,NA,NA,NA,NA,NA,NA
2024,320260147,NA,NA,NA,NA,NA,NA
2024,320260148,NA,NA,NA,NA,NA,NA
2024,320260149,NA,NA,NA,NA,NA,NA
2024,320260150,NA,NA,NA,NA,NA,NA
2024,320260153,NA,NA,NA,NA,NA,NA
2024,320260156,NA,NA,NA,NA,NA,NA
2024,320260159,NA,NA,NA,NA,NA,NA
2024,320260162,NA,NA,NA,NA,NA,NA
2024,320260163,NA,NA,NA,NA,NA,NA
2024,320260165,NA,NA,NA,NA,NA,NA
2024,320260168,NA,NA,NA,NA,NA,NA
2024,320260170,NA,NA,NA,NA,NA,NA
2024,320260171,NA,NA,NA,NA,NA,NA
2024,320260172,NA,NA,NA,NA,NA,NA
2024,320260173,NA,NA,NA,NA,NA,NA
2024,320260175,NA,NA,NA,NA,NA,NA
2024,320260177,NA,NA,NA,NA,NA,NA
2024,320260179,NA,NA,NA,NA,NA,NA
2024,320260180,NA,NA,NA,NA,NA,NA
2024,320260183,NA,NA,NA,NA,NA,NA
2024,320260184,NA,NA,NA,NA,NA,NA
2024,320260185,NA,NA,NA,NA,NA,NA
2024,320260187,NA,NA,NA,NA,NA,NA
2024,320260188,NA,NA,NA,NA,NA,NA
2024,320260189,NA,NA,NA,NA,NA,NA
2024,320260192,NA,NA,NA,NA,NA,NA
2024,320260193,NA,NA,NA,NA,NA,NA
2024,320260194,NA,NA,NA,NA,NA,NA
2024,320260195,NA,NA,NA,NA,NA,NA
2024,320260196,NA,NA,NA,NA,NA,NA
2024,320260200,NA,NA,NA,NA,NA,NA
2024,320260209,NA,NA,NA,NA,NA,NA
2024,320260210,NA,NA,NA,NA,NA,NA
2024,320260211,NA,NA,NA,NA,NA,NA
2024,320260212,NA,NA,NA,NA,NA,NA
2024,320260213,NA,NA,NA,NA,NA,NA
2024,320260214,NA,NA,NA,NA,NA,NA
2024,320260217,NA,NA,NA,NA,NA,NA
2024,320260218,NA,NA,NA,NA,NA,NA
2024,320260219,NA,NA,NA,NA,NA,NA
2024,320260220,NA,NA,NA,NA,NA,NA
2024,320260222,NA,NA,NA,NA,NA,NA
2024,320260223,NA,NA,NA,NA,NA,NA
2024,320260224,NA,NA,NA,NA,NA,NA
2024,320260229,NA,NA,NA,NA,NA,NA
2024,320260231,NA,NA,NA,NA,NA,NA
2024,320260233,NA,NA,NA,NA,NA,NA
2024,320260234,NA,NA,NA,NA,NA,NA
2024,320260237,NA,NA,NA,NA,NA,NA
2024,320260238,NA,NA,NA,NA,NA,NA
2024,320260239,NA,NA,NA,NA,NA,NA
2024,320260242,NA,NA,NA,NA,NA,NA
2024,320260243,NA,NA,NA,NA,NA,NA
2024,320260244,NA,NA,NA,NA,NA,NA
2024,320260245,NA,NA,NA,NA,NA,NA
2024,320260248,NA,NA,NA,NA,NA,NA
2024,320260250,NA,NA,NA,NA,NA,NA
2024,320260253,NA,NA,NA,NA,NA,NA
2024,320260258,NA,NA,NA,NA,NA,NA
2024,320260259,NA,NA,NA,NA,NA,NA
2024,320260260,NA,NA,NA,NA,NA,NA
2024,320260261,NA,NA,NA,NA,NA,NA
2024,320260262,NA,NA,NA,NA,NA,NA
2024,320260263,NA,NA,NA,NA,NA,NA
2024,320260264,NA,NA,NA,NA,NA,NA
2024,320260265,NA,NA,NA,NA,NA,NA
2024,320260266,NA,NA,NA,NA,NA,NA
2024,320260267,NA,NA,NA,NA,NA,NA
2024,320260269,NA,NA,NA,NA,NA,NA
2024,320260272,NA,NA,NA,NA,NA,NA
2024,320260273,NA,NA,NA,NA,NA,NA
2024,320260274,NA,NA,NA,NA,NA,NA
2024,320260275,NA,NA,NA,NA,NA,NA
2024,320260276,NA,NA,NA,NA,NA,NA
2024,320260277,NA,NA,NA,NA,NA,NA
2024,320260278,NA,NA,NA,NA,NA,NA
2024,320260281,NA,NA,NA,NA,NA,NA
2024,320260285,NA,NA,NA,NA,NA,NA
2024,320260287,NA,NA,NA,NA,NA,NA
2024,320260288,NA,NA,NA,NA,NA,NA
2024,320260290,NA,NA,NA,NA,NA,NA
2024,320260291,NA,NA,NA,NA,NA,NA
2024,320260292,NA,NA,NA,NA,NA,NA
2024,320260294,NA,NA,NA,NA,NA,NA
2024,320260295,NA,NA,NA,NA,NA,NA
2024,320260297,NA,NA,NA,NA,NA,NA
2024,320260301,NA,NA,NA,NA,NA,NA
2024,320260302,NA,NA,NA,NA,NA,NA
2024,320260304,NA,NA,NA,NA,NA,NA
2024,320260305,NA,NA,NA,NA,NA,NA
2024,320260306,NA,NA,NA,NA,NA,NA
2024,320260308,NA,NA,NA,NA,NA,NA
2024,320260310,NA,NA,NA,NA,NA,NA
2024,320260311,NA,NA,NA,NA,NA,NA
2024,320260312,NA,NA,NA,NA,NA,NA
2024,320260313,NA,NA,NA,NA,NA,NA
2024,320260314,NA,NA,NA,NA,NA,NA
2024,320260315,NA,NA,NA,NA,NA,NA
2024,320260317,NA,NA,NA,NA,NA,NA
2024,320260319,NA,NA,NA,NA,NA,NA
2024,320260322,NA,NA,NA,NA,NA,NA
2024,320260324,NA,NA,NA,NA,NA,NA
2024,320260325,NA,NA,NA,NA,NA,NA
2024,320260328,NA,NA,NA,NA,NA,NA
2024,320260329,NA,NA,NA,NA,NA,NA
2024,320260330,NA,NA,NA,NA,NA,NA
2024,320260331,NA,NA,NA,NA,NA,NA
2024,320260332,NA,NA,NA,NA,NA,NA
2024,320260333,NA,NA,NA,NA,NA,NA
2024,320260334,NA,NA,NA,NA,NA,NA
2024,320260335,NA,NA,NA,NA,NA,NA
2024,320260337,NA,NA,NA,NA,NA,NA
2024,320260340,NA,NA,NA,NA,NA,NA
2024,320260341,NA,NA,NA,NA,NA,NA
2024,320260342,NA,NA,NA,NA,NA,NA
2024,320260343,NA,NA,NA,NA,NA,NA
2024,320260344,NA,NA,NA,NA,NA,NA
2024,320260345,NA,NA,NA,NA,NA,NA
2024,320260346,NA,NA,NA,NA,NA,NA
2024,320260347,NA,NA,NA,NA,NA,NA
2024,320260348,NA,NA,NA,NA,NA,NA
2024,320260349,NA,NA,NA,NA,NA,NA
2024,320260350,NA,NA,NA,NA,NA,NA
2024,320260351,NA,NA,NA,NA,NA,NA
2024,320260352,NA,NA,NA,NA,NA,NA
2024,320260353,NA,NA,NA,NA,NA,NA
2024,320260354,NA,NA,NA,NA,NA,NA
2024,320260355,NA,NA,NA,NA,NA,NA
2024,320260356,NA,NA,NA,NA,NA,NA
2024,320260358,NA,NA,NA,NA,NA,NA
2024,320260359,NA,NA,NA,NA,NA,NA
2024,320260360,NA,NA,NA,NA,NA,NA
2024,320260361,NA,NA,NA,NA,NA,NA
2024,320260362,NA,NA,NA,NA,NA,NA
2024,320260363,NA,NA,NA,NA,NA,NA
2024,320260365,NA,NA,NA,NA,NA,NA
2024,320260366,NA,NA,NA,NA,NA,NA
2024,320260367,NA,NA,NA,NA,NA,NA
2024,320260369,NA,NA,NA,NA,NA,NA
2024,320260370,NA,NA,NA,NA,NA,NA
2024,320260371,NA,NA,NA,NA,NA,NA
2024,320260372,NA,NA,NA,NA,NA,NA
2024,320260374,NA,NA,NA,NA,NA,NA
2024,320260375,NA,NA,NA,NA,NA,NA
2024,320260376,NA,NA,NA,NA,NA,NA
2024,320260377,NA,NA,NA,NA,NA,NA
2024,320260378,NA,NA,NA,NA,NA,NA
2024,320260379,NA,NA,NA,NA,NA,NA
2024,320260381,NA,NA,NA,NA,NA,NA
2024,320260382,NA,NA,NA,NA,NA,NA
2024,320260383,NA,NA,NA,NA,NA,NA
2024,320260384,NA,NA,NA,NA,NA,NA
2024,320260385,NA,NA,NA,NA,NA,NA
2024,320260386,NA,NA,NA,NA,NA,NA
2024,320260387,NA,NA,NA,NA,NA,NA
2024,320260390,NA,NA,NA,NA,NA,NA
2024,320260391,NA,NA,NA,NA,NA,NA
2024,320260392,NA,NA,NA,NA,NA,NA
2024,320260393,NA,NA,NA,NA,NA,NA
2024,320260394,NA,NA,NA,NA,NA,NA
2024,320260395,NA,NA,NA,NA,NA,NA
2024,320260396,NA,NA,NA,NA,NA,NA
2024,320260397,NA,NA,NA,NA,NA,NA
2024,320260398,NA,NA,NA,NA,NA,NA
2024,320260399,NA,NA,NA,NA,NA,NA
2024,320260400,NA,NA,NA,NA,NA,NA
2024,320260401,NA,NA,NA,NA,NA,NA
2024,320260402,NA,NA,NA,NA,NA,NA
2024,320260403,NA,NA,NA,NA,NA,NA
2024,320260404,NA,NA,NA,NA,NA,NA
2024,320260405,NA,NA,NA,NA,NA,NA
2024,320260406,NA,NA,NA,NA,NA,NA
2024,320260407,NA,NA,NA,NA,NA,NA
2024,320260408,NA,NA,NA,NA,NA,NA
2024,320270001,NA,NA,NA,NA,NA,NA
2024,320270002,NA,NA,NA,NA,NA,NA
2024,320270003,NA,NA,NA,NA,NA,NA
2024,320270004,NA,NA,NA,NA,NA,NA
2024,320270005,NA,NA,NA,NA,NA,NA
2024,320270006,NA,NA,NA,NA,NA,NA
2024,320270007,NA,NA,NA,NA,NA,NA
2024,320270008,NA,NA,NA,NA,NA,NA
2024,320270009,NA,NA,NA,NA,NA,NA
2024,320270010,NA,NA,NA,NA,NA,NA
2024,320270012,NA,NA,NA,NA,NA,NA
2024,320270013,NA,NA,NA,NA,NA,NA
2024,320270015,NA,NA,NA,NA,NA,NA
2024,320270016,NA,NA,NA,NA,NA,NA
2024,320270017,NA,NA,NA,NA,NA,NA
2024,320270018,NA,NA,NA,NA,NA,NA
2024,320270019,NA,NA,NA,NA,NA,NA
2024,320270020,NA,NA,NA,NA,NA,NA
2024,320270021,NA,NA,NA,NA,NA,NA
2024,320270022,NA,NA,NA,NA,NA,NA
2024,320270023,NA,NA,NA,NA,NA,NA
2024,320270024,NA,NA,NA,NA,NA,NA
2024,320270025,NA,NA,NA,NA,NA,NA
2024,320270026,NA,NA,NA,NA,NA,NA
2024,320270028,NA,NA,NA,NA,NA,NA
2024,320270035,NA,NA,NA,NA,NA,NA
2024,320270036,NA,NA,NA,NA,NA,NA
2024,320270038,NA,NA,NA,NA,NA,NA
2024,320270039,NA,NA,NA,NA,NA,NA
2024,320270041,NA,NA,NA,NA,NA,NA
2024,320270042,NA,NA,NA,NA,NA,NA
2024,320270043,NA,NA,NA,NA,NA,NA
2024,320270044,NA,NA,NA,NA,NA,NA
2024,320270045,NA,NA,NA,NA,NA,NA
2024,320270046,NA,NA,NA,NA,NA,NA
2024,320270047,NA,NA,NA,NA,NA,NA
2024,320270048,NA,NA,NA,NA,NA,NA
2024,320270049,NA,NA,NA,NA,NA,NA
2024,320270050,NA,NA,NA,NA,NA,NA
2024,320270051,NA,NA,NA,NA,NA,NA
2024,320270052,NA,NA,NA,NA,NA,NA
2024,320270053,NA,NA,NA,NA,NA,NA
2024,320270054,NA,NA,NA,NA,NA,NA
2024,320270055,NA,NA,NA,NA,NA,NA
2024,320270057,NA,NA,NA,NA,NA,NA
2024,320270059,NA,NA,NA,NA,NA,NA
2024,320270062,NA,NA,NA,NA,NA,NA
2024,320270063,NA,NA,NA,NA,NA,NA
2024,320270064,NA,NA,NA,NA,NA,NA
2024,320270065,NA,NA,NA,NA,NA,NA
2024,320270066,NA,NA,NA,NA,NA,NA
2024,320270067,NA,NA,NA,NA,NA,NA
2024,320270068,NA,NA,NA,NA,NA,NA
2024,320270069,NA,NA,NA,NA,NA,NA
2024,320270070,NA,NA,NA,NA,NA,NA
2024,320270071,NA,NA,NA,NA,NA,NA
2024,320270072,NA,NA,NA,NA,NA,NA
2024,320290001,NA,NA,NA,NA,NA,NA
2024,320290002,NA,NA,NA,NA,NA,NA
2024,320290003,NA,NA,NA,NA,NA,NA
2024,320290004,NA,NA,NA,NA,NA,NA
2024,320290005,NA,NA,NA,NA,NA,NA
2024,320290007,NA,NA,NA,NA,NA,NA
2024,320290008,NA,NA,NA,NA,NA,NA
2024,320290009,NA,NA,NA,NA,NA,NA
2024,320290011,NA,NA,NA,NA,NA,NA
2024,320290013,NA,NA,NA,NA,NA,NA
2024,320290014,NA,NA,NA,NA,NA,NA
2024,320290016,NA,NA,NA,NA,NA,NA
2024,320290017,NA,NA,NA,NA,NA,NA
2024,320290018,NA,NA,NA,NA,NA,NA
2024,320290019,NA,NA,NA,NA,NA,NA
2024,320290026,NA,NA,NA,NA,NA,NA
2024,320290027,NA,NA,NA,NA,NA,NA
2024,320290028,NA,NA,NA,NA,NA,NA
2024,320290029,NA,NA,NA,NA,NA,NA
2024,320290030,NA,NA,NA,NA,NA,NA
2024,320290031,NA,NA,NA,NA,NA,NA
2024,320290032,NA,NA,NA,NA,NA,NA
2024,320290033,NA,NA,NA,NA,NA,NA
2024,320290034,NA,NA,NA,NA,NA,NA
2024,320290035,NA,NA,NA,NA,NA,NA
2024,320290036,NA,NA,NA,NA,NA,NA
2024,320290037,NA,NA,NA,NA,NA,NA
2024,320290038,NA,NA,NA,NA,NA,NA
2024,320290039,NA,NA,NA,NA,NA,NA
2024,320290040,NA,NA,NA,NA,NA,NA
2024,320290041,NA,NA,NA,NA,NA,NA
2024,320290042,NA,NA,NA,NA,NA,NA
2024,320290043,NA,NA,NA,NA,NA,NA
2024,320290044,NA,NA,NA,NA,NA,NA
2024,320290045,NA,NA,NA,NA,NA,NA
2024,320290046,NA,NA,NA,NA,NA,NA
2024,320290047,NA,NA,NA,NA,NA,NA
2024,320290049,NA,NA,NA,NA,NA,NA
2024,320290050,NA,NA,NA,NA,NA,NA
2024,320290051,NA,NA,NA,NA,NA,NA
2024,320290053,NA,NA,NA,NA,NA,NA
2024,320290054,NA,NA,NA,NA,NA,NA
2024,320290055,NA,NA,NA,NA,NA,NA
2024,320290056,NA,NA,NA,NA,NA,NA
2024,320290057,NA,NA,NA,NA,NA,NA
2024,320290059,NA,NA,NA,NA,NA,NA
2024,320290060,NA,NA,NA,NA,NA,NA
2024,320290061,NA,NA,NA,NA,NA,NA
2024,320290062,NA,NA,NA,NA,NA,NA
2024,320290063,NA,NA,NA,NA,NA,NA
2024,320290064,NA,NA,NA,NA,NA,NA
2024,320290065,NA,NA,NA,NA,NA,NA
2024,320290067,NA,NA,NA,NA,NA,NA
2024,320290068,NA,NA,NA,NA,NA,NA
2024,320290070,NA,NA,NA,NA,NA,NA
2024,320290074,NA,NA,NA,NA,NA,NA
2024,320290077,NA,NA,NA,NA,NA,NA
2024,320290078,NA,NA,NA,NA,NA,NA
2024,320290079,NA,NA,NA,NA,NA,NA
2024,320290080,NA,NA,NA,NA,NA,NA
2024,320290081,NA,NA,NA,NA,NA,NA
2024,320290083,NA,NA,NA,NA,NA,NA
2024,320290084,NA,NA,NA,NA,NA,NA
2024,320290085,NA,NA,NA,NA,NA,NA
2024,320290086,NA,NA,NA,NA,NA,NA
2024,320290087,NA,NA,NA,NA,NA,NA
2024,320290088,NA,NA,NA,NA,NA,NA
2024,320290089,NA,NA,NA,NA,NA,NA
2024,320290090,NA,NA,NA,NA,NA,NA
2024,320290093,NA,NA,NA,NA,NA,NA
2024,320290094,NA,NA,NA,NA,NA,NA
2024,320290095,NA,NA,NA,NA,NA,NA
2024,320290096,NA,NA,NA,NA,NA,NA
2024,320290098,NA,NA,NA,NA,NA,NA
2024,320290099,NA,NA,NA,NA,NA,NA
2024,320290100,NA,NA,NA,NA,NA,NA
2024,320290103,NA,NA,NA,NA,NA,NA
2024,320290104,NA,NA,NA,NA,NA,NA
2024,320290105,NA,NA,NA,NA,NA,NA
2024,320290106,NA,NA,NA,NA,NA,NA
2024,320290107,NA,NA,NA,NA,NA,NA
2024,320290108,NA,NA,NA,NA,NA,NA
2024,320290109,NA,NA,NA,NA,NA,NA
2024,320290110,NA,NA,NA,NA,NA,NA
2024,320290111,NA,NA,NA,NA,NA,NA
2024,320290112,NA,NA,NA,NA,NA,NA
2024,320290113,NA,NA,NA,NA,NA,NA
2024,320290114,NA,NA,NA,NA,NA,NA
2024,320290115,NA,NA,NA,NA,NA,NA
2024,320290116,NA,NA,NA,NA,NA,NA
2024,320290117,NA,NA,NA,NA,NA,NA
2024,320290118,NA,NA,NA,NA,NA,NA
2024,320290119,NA,NA,NA,NA,NA,NA
2024,320290120,NA,NA,NA,NA,NA,NA
2024,320290121,NA,NA,NA,NA,NA,NA
2024,320290122,NA,NA,NA,NA,NA,NA
2024,320290123,NA,NA,NA,NA,NA,NA
2024,320290124,NA,NA,NA,NA,NA,NA
2024,320290125,NA,NA,NA,NA,NA,NA
2024,320290126,NA,NA,NA,NA,NA,NA
2024,320290127,NA,NA,NA,NA,NA,NA
2024,320290128,NA,NA,NA,NA,NA,NA
2024,320290129,NA,NA,NA,NA,NA,NA
2024,320290130,NA,NA,NA,NA,NA,NA
2024,320290131,NA,NA,NA,NA,NA,NA
2024,320290132,NA,NA,NA,NA,NA,NA
2024,320290133,NA,NA,NA,NA,NA,NA
2024,320310001,NA,NA,NA,NA,NA,NA
2024,320310002,NA,NA,NA,NA,NA,NA
2024,320310003,NA,NA,NA,NA,NA,NA
2024,320310004,NA,NA,NA,NA,NA,NA
2024,320310005,NA,NA,NA,NA,NA,NA
2024,320310008,NA,NA,NA,NA,NA,NA
2024,320310011,NA,NA,NA,NA,NA,NA
2024,320310012,NA,NA,NA,NA,NA,NA
2024,320310014,NA,NA,NA,NA,NA,NA
2024,320310015,NA,NA,NA,NA,NA,NA
2024,320310017,NA,NA,NA,NA,NA,NA
2024,320310018,NA,NA,NA,NA,NA,NA
2024,320310019,NA,NA,NA,NA,NA,NA
2024,320310020,NA,NA,NA,NA,NA,NA
2024,320310021,NA,NA,NA,NA,NA,NA
2024,320310022,NA,NA,NA,NA,NA,NA
2024,320310023,NA,NA,NA,NA,NA,NA
2024,320310024,NA,NA,NA,NA,NA,NA
2024,320310025,NA,NA,NA,NA,NA,NA
2024,320310026,NA,NA,NA,NA,NA,NA
2024,320310028,NA,NA,NA,NA,NA,NA
2024,320310029,NA,NA,NA,NA,NA,NA
2024,320310030,NA,NA,NA,NA,NA,NA
2024,320310031,NA,NA,NA,NA,NA,NA
2024,320310032,NA,NA,NA,NA,NA,NA
2024,320310034,NA,NA,NA,NA,NA,NA
2024,320310035,NA,NA,NA,NA,NA,NA
2024,320310037,NA,NA,NA,NA,NA,NA
2024,320310039,NA,NA,NA,NA,NA,NA
2024,320310040,NA,NA,NA,NA,NA,NA
2024,320310041,NA,NA,NA,NA,NA,NA
2024,320310042,NA,NA,NA,NA,NA,NA
2024,320310043,NA,NA,NA,NA,NA,NA
2024,320310044,NA,NA,NA,NA,NA,NA
2024,320310045,NA,NA,NA,NA,NA,NA
2024,320310047,NA,NA,NA,NA,NA,NA
2024,320310048,NA,NA,NA,NA,NA,NA
2024,320310049,NA,NA,NA,NA,NA,NA
2024,320310050,NA,NA,NA,NA,NA,NA
2024,320310051,NA,NA,NA,NA,NA,NA
2024,320310052,NA,NA,NA,NA,NA,NA
2024,320310053,NA,NA,NA,NA,NA,NA
2024,320310054,NA,NA,NA,NA,NA,NA
2024,320310055,NA,NA,NA,NA,NA,NA
2024,320310059,NA,NA,NA,NA,NA,NA
2024,320310060,NA,NA,NA,NA,NA,NA
2024,320310061,NA,NA,NA,NA,NA,NA
2024,320310062,NA,NA,NA,NA,NA,NA
2024,320310063,NA,NA,NA,NA,NA,NA
2024,320310064,NA,NA,NA,NA,NA,NA
2024,320310065,NA,NA,NA,NA,NA,NA
2024,320310066,NA,NA,NA,NA,NA,NA
2024,320310067,NA,NA,NA,NA,NA,NA
2024,320310068,NA,NA,NA,NA,NA,NA
2024,320310070,NA,NA,NA,NA,NA,NA
2024,320310071,NA,NA,NA,NA,NA,NA
2024,320310072,NA,NA,NA,NA,NA,NA
2024,320310073,NA,NA,NA,NA,NA,NA
2024,320310074,NA,NA,NA,NA,NA,NA
2024,320310075,NA,NA,NA,NA,NA,NA
2024,320310077,NA,NA,NA,NA,NA,NA
2024,320310078,NA,NA,NA,NA,NA,NA
2024,320310079,NA,NA,NA,NA,NA,NA
2024,320310080,NA,NA,NA,NA,NA,NA
2024,320310082,NA,NA,NA,NA,NA,NA
2024,320310083,NA,NA,NA,NA,NA,NA
2024,320310084,NA,NA,NA,NA,NA,NA
2024,320310085,NA,NA,NA,NA,NA,NA
2024,320310086,NA,NA,NA,NA,NA,NA
2024,320310087,NA,NA,NA,NA,NA,NA
2024,320310088,NA,NA,NA,NA,NA,NA
2024,320310089,NA,NA,NA,NA,NA,NA
2024,320310090,NA,NA,NA,NA,NA,NA
2024,320310091,NA,NA,NA,NA,NA,NA
2024,320310092,NA,NA,NA,NA,NA,NA
2024,320310093,NA,NA,NA,NA,NA,NA
2024,320310094,NA,NA,NA,NA,NA,NA
2024,320310095,NA,NA,NA,NA,NA,NA
2024,320310096,NA,NA,NA,NA,NA,NA
2024,320310097,NA,NA,NA,NA,NA,NA
2024,320310098,NA,NA,NA,NA,NA,NA
2024,320310099,NA,NA,NA,NA,NA,NA
2024,320310100,NA,NA,NA,NA,NA,NA
2024,320310101,NA,NA,NA,NA,NA,NA
2024,320310102,NA,NA,NA,NA,NA,NA
2024,320310103,NA,NA,NA,NA,NA,NA
2024,320310104,NA,NA,NA,NA,NA,NA
2024,320310105,NA,NA,NA,NA,NA,NA
2024,320310106,NA,NA,NA,NA,NA,NA
2024,320310107,NA,NA,NA,NA,NA,NA
2024,320310108,NA,NA,NA,NA,NA,NA
2024,320310109,NA,NA,NA,NA,NA,NA
2024,320310110,NA,NA,NA,NA,NA,NA
2024,320310111,NA,NA,NA,NA,NA,NA
2024,320310113,NA,NA,NA,NA,NA,NA
2024,320310114,NA,NA,NA,NA,NA,NA
2024,320310115,NA,NA,NA,NA,NA,NA
2024,320310117,NA,NA,NA,NA,NA,NA
2024,320310118,NA,NA,NA,NA,NA,NA
2024,320310119,NA,NA,NA,NA,NA,NA
2024,320310120,NA,NA,NA,NA,NA,NA
2024,320310121,NA,NA,NA,NA,NA,NA
2024,320310122,NA,NA,NA,NA,NA,NA
2024,320310123,NA,NA,NA,NA,NA,NA
2024,320310124,NA,NA,NA,NA,NA,NA
2024,320310125,NA,NA,NA,NA,NA,NA
2024,320310126,NA,NA,NA,NA,NA,NA
2024,320310127,NA,NA,NA,NA,NA,NA
2024,320310128,NA,NA,NA,NA,NA,NA
2024,320310134,NA,NA,NA,NA,NA,NA
2024,320310135,NA,NA,NA,NA,NA,NA
2024,320310138,NA,NA,NA,NA,NA,NA
2024,320310139,NA,NA,NA,NA,NA,NA
2024,320310140,NA,NA,NA,NA,NA,NA
2024,320310142,NA,NA,NA,NA,NA,NA
2024,320310143,NA,NA,NA,NA,NA,NA
2024,320310148,NA,NA,NA,NA,NA,NA
2024,320310149,NA,NA,NA,NA,NA,NA
2024,320310152,NA,NA,NA,NA,NA,NA
2024,320310154,NA,NA,NA,NA,NA,NA
2024,320310156,NA,NA,NA,NA,NA,NA
2024,320310159,NA,NA,NA,NA,NA,NA
2024,320310160,NA,NA,NA,NA,NA,NA
2024,320310162,NA,NA,NA,NA,NA,NA
2024,320310163,NA,NA,NA,NA,NA,NA
2024,320310164,NA,NA,NA,NA,NA,NA
2024,320310165,NA,NA,NA,NA,NA,NA
2024,320310167,NA,NA,NA,NA,NA,NA
2024,320310168,NA,NA,NA,NA,NA,NA
2024,320310169,NA,NA,NA,NA,NA,NA
2024,320310171,NA,NA,NA,NA,NA,NA
2024,320310172,NA,NA,NA,NA,NA,NA
2024,320310174,NA,NA,NA,NA,NA,NA
2024,320310175,NA,NA,NA,NA,NA,NA
2024,320310177,NA,NA,NA,NA,NA,NA
2024,320310178,NA,NA,NA,NA,NA,NA
2024,320310179,NA,NA,NA,NA,NA,NA
2024,320310180,NA,NA,NA,NA,NA,NA
2024,320310181,NA,NA,NA,NA,NA,NA
2024,320310182,NA,NA,NA,NA,NA,NA
2024,320310183,NA,NA,NA,NA,NA,NA
2024,320310184,NA,NA,NA,NA,NA,NA
2024,320310186,NA,NA,NA,NA,NA,NA
2024,320310190,NA,NA,NA,NA,NA,NA
2024,320310192,NA,NA,NA,NA,NA,NA
2024,320310193,NA,NA,NA,NA,NA,NA
2024,320310194,NA,NA,NA,NA,NA,NA
2024,320310195,NA,NA,NA,NA,NA,NA
2024,320310196,NA,NA,NA,NA,NA,NA
2024,320310197,NA,NA,NA,NA,NA,NA
2024,320310198,NA,NA,NA,NA,NA,NA
2024,320310199,NA,NA,NA,NA,NA,NA
2024,320310201,NA,NA,NA,NA,NA,NA
2024,320310207,NA,NA,NA,NA,NA,NA
2024,320310209,NA,NA,NA,NA,NA,NA
2024,320310210,NA,NA,NA,NA,NA,NA
2024,320310211,NA,NA,NA,NA,NA,NA
2024,320310212,NA,NA,NA,NA,NA,NA
2024,320310213,NA,NA,NA,NA,NA,NA
2024,320310214,NA,NA,NA,NA,NA,NA
2024,320310216,NA,NA,NA,NA,NA,NA
2024,320310217,NA,NA,NA,NA,NA,NA
2024,320310218,NA,NA,NA,NA,NA,NA
2024,320310219,NA,NA,NA,NA,NA,NA
2024,320310220,NA,NA,NA,NA,NA,NA
2024,320310221,NA,NA,NA,NA,NA,NA
2024,320310222,NA,NA,NA,NA,NA,NA
2024,320310225,NA,NA,NA,NA,NA,NA
2024,320310226,NA,NA,NA,NA,NA,NA
2024,320310227,NA,NA,NA,NA,NA,NA
2024,320310230,NA,NA,NA,NA,NA,NA
2024,320310232,NA,NA,NA,NA,NA,NA
2024,320310233,NA,NA,NA,NA,NA,NA
2024,320310234,NA,NA,NA,NA,NA,NA
2024,320310236,NA,NA,NA,NA,NA,NA
2024,320310237,NA,NA,NA,NA,NA,NA
2024,320310238,NA,NA,NA,NA,NA,NA
2024,320310240,NA,NA,NA,NA,NA,NA
2024,320310242,NA,NA,NA,NA,NA,NA
2024,320310247,NA,NA,NA,NA,NA,NA
2024,320310248,NA,NA,NA,NA,NA,NA
2024,320310250,NA,NA,NA,NA,NA,NA
2024,320310254,NA,NA,NA,NA,NA,NA
2024,320310259,NA,NA,NA,NA,NA,NA
2024,320310260,NA,NA,NA,NA,NA,NA
2024,320310261,NA,NA,NA,NA,NA,NA
2024,320310263,NA,NA,NA,NA,NA,NA
2024,320310265,NA,NA,NA,NA,NA,NA
2024,320310267,NA,NA,NA,NA,NA,NA
2024,320310268,NA,NA,NA,NA,NA,NA
2024,320310270,NA,NA,NA,NA,NA,NA
2024,320310271,NA,NA,NA,NA,NA,NA
2024,320310272,NA,NA,NA,NA,NA,NA
2024,320310273,NA,NA,NA,NA,NA,NA
2024,320310274,NA,NA,NA,NA,NA,NA
2024,320310275,NA,NA,NA,NA,NA,NA
2024,320310276,NA,NA,NA,NA,NA,NA
2024,320310281,NA,NA,NA,NA,NA,NA
2024,320310284,NA,NA,NA,NA,NA,NA
2024,320310285,NA,NA,NA,NA,NA,NA
2024,320310286,NA,NA,NA,NA,NA,NA
2024,320310287,NA,NA,NA,NA,NA,NA
2024,320310288,NA,NA,NA,NA,NA,NA
2024,320310290,NA,NA,NA,NA,NA,NA
2024,320310291,NA,NA,NA,NA,NA,NA
2024,320310292,NA,NA,NA,NA,NA,NA
2024,320310293,NA,NA,NA,NA,NA,NA
2024,320310294,NA,NA,NA,NA,NA,NA
2024,320310295,NA,NA,NA,NA,NA,NA
2024,320310296,NA,NA,NA,NA,NA,NA
2024,320310297,NA,NA,NA,NA,NA,NA
2024,320310298,NA,NA,NA,NA,NA,NA
2024,320310299,NA,NA,NA,NA,NA,NA
2024,320310300,NA,NA,NA,NA,NA,NA
2024,320310301,NA,NA,NA,NA,NA,NA
2024,320310302,NA,NA,NA,NA,NA,NA
2024,320310303,NA,NA,NA,NA,NA,NA
2024,320310304,NA,NA,NA,NA,NA,NA
2024,320310305,NA,NA,NA,NA,NA,NA
2024,320310306,NA,NA,NA,NA,NA,NA
2024,320310307,NA,NA,NA,NA,NA,NA
2024,320310308,NA,NA,NA,NA,NA,NA
2024,320310309,NA,NA,NA,NA,NA,NA
2024,320310310,NA,NA,NA,NA,NA,NA
2024,320310311,NA,NA,NA,NA,NA,NA
2024,320310312,NA,NA,NA,NA,NA,NA
2024,320310314,NA,NA,NA,NA,NA,NA
2024,320310315,NA,NA,NA,NA,NA,NA
2024,320310316,NA,NA,NA,NA,NA,NA
2024,320310317,NA,NA,NA,NA,NA,NA
2024,320310319,NA,NA,NA,NA,NA,NA
2024,320310320,NA,NA,NA,NA,NA,NA
2024,320310321,NA,NA,NA,NA,NA,NA
2024,320310322,NA,NA,NA,NA,NA,NA
2024,320310323,NA,NA,NA,NA,NA,NA
2024,320310324,NA,NA,NA,NA,NA,NA
2024,320310325,NA,NA,NA,NA,NA,NA
2024,320310326,NA,NA,NA,NA,NA,NA
2024,320310327,NA,NA,NA,NA,NA,NA
2024,320310328,NA,NA,NA,NA,NA,NA
2024,320310329,NA,NA,NA,NA,NA,NA
2024,320310330,NA,NA,NA,NA,NA,NA
2024,320310331,NA,NA,NA,NA,NA,NA
2024,320310332,NA,NA,NA,NA,NA,NA
2024,320310333,NA,NA,NA,NA,NA,NA
2024,320310334,NA,NA,NA,NA,NA,NA
2024,320310335,NA,NA,NA,NA,NA,NA
2024,320310336,NA,NA,NA,NA,NA,NA
2024,320310337,NA,NA,NA,NA,NA,NA
2024,320310338,NA,NA,NA,NA,NA,NA
2024,320310339,NA,NA,NA,NA,NA,NA
2024,320310340,NA,NA,NA,NA,NA,NA
2024,320310341,NA,NA,NA,NA,NA,NA
2024,320310342,NA,NA,NA,NA,NA,NA
2024,320310343,NA,NA,NA,NA,NA,NA
2024,320310344,NA,NA,NA,NA,NA,NA
2024,320310345,NA,NA,NA,NA,NA,NA
2024,320310346,NA,NA,NA,NA,NA,NA
2024,320310347,NA,NA,NA,NA,NA,NA
2024,320310348,NA,NA,NA,NA,NA,NA
2024,320310349,NA,NA,NA,NA,NA,NA
2024,320310350,NA,NA,NA,NA,NA,NA
2024,320310351,NA,NA,NA,NA,NA,NA
2024,320310352,NA,NA,NA,NA,NA,NA
2024,320310353,NA,NA,NA,NA,NA,NA
2024,320310354,NA,NA,NA,NA,NA,NA
2024,320310355,NA,NA,NA,NA,NA,NA
2024,320320001,NA,NA,NA,NA,NA,NA
2024,320320004,NA,NA,NA,NA,NA,NA
2024,320320010,NA,NA,NA,NA,NA,NA
2024,320320011,NA,NA,NA,NA,NA,NA
2024,320320012,NA,NA,NA,NA,NA,NA
2024,320320013,NA,NA,NA,NA,NA,NA
2024,320320014,NA,NA,NA,NA,NA,NA
2024,320320017,NA,NA,NA,NA,NA,NA
2024,320320021,NA,NA,NA,NA,NA,NA
2024,320320024,NA,NA,NA,NA,NA,NA
2024,320320025,NA,NA,NA,NA,NA,NA
2024,320320026,NA,NA,NA,NA,NA,NA
2024,320320027,NA,NA,NA,NA,NA,NA
2024,320320028,NA,NA,NA,NA,NA,NA
2024,320320029,NA,NA,NA,NA,NA,NA
2024,320320030,NA,NA,NA,NA,NA,NA
2024,320320031,NA,NA,NA,NA,NA,NA
2024,320320032,NA,NA,NA,NA,NA,NA
2024,320320033,NA,NA,NA,NA,NA,NA
2024,320320034,NA,NA,NA,NA,NA,NA
2024,320320035,NA,NA,NA,NA,NA,NA
2024,320320036,NA,NA,NA,NA,NA,NA
2024,320320037,NA,NA,NA,NA,NA,NA
2024,320320038,NA,NA,NA,NA,NA,NA
2024,320320039,NA,NA,NA,NA,NA,NA
2024,320320042,NA,NA,NA,NA,NA,NA
2024,320320049,NA,NA,NA,NA,NA,NA
2024,320320052,NA,NA,NA,NA,NA,NA
2024,320320053,NA,NA,NA,NA,NA,NA
2024,320320054,NA,NA,NA,NA,NA,NA
2024,320320055,NA,NA,NA,NA,NA,NA
2024,320320057,NA,NA,NA,NA,NA,NA
2024,320320058,NA,NA,NA,NA,NA,NA
2024,320320059,NA,NA,NA,NA,NA,NA
2024,320320060,NA,NA,NA,NA,NA,NA
2024,320320061,NA,NA,NA,NA,NA,NA
2024,320320062,NA,NA,NA,NA,NA,NA
2024,320320063,NA,NA,NA,NA,NA,NA
2024,320320064,NA,NA,NA,NA,NA,NA
2024,320320065,NA,NA,NA,NA,NA,NA
2024,320320066,NA,NA,NA,NA,NA,NA
2024,320320067,NA,NA,NA,NA,NA,NA
2024,320320068,NA,NA,NA,NA,NA,NA
2024,320320069,NA,NA,NA,NA,NA,NA
2024,320320070,NA,NA,NA,NA,NA,NA
2024,320320071,NA,NA,NA,NA,NA,NA
2024,320320072,NA,NA,NA,NA,NA,NA
2024,320320073,NA,NA,NA,NA,NA,NA
2024,320320074,NA,NA,NA,NA,NA,NA
2024,320320075,NA,NA,NA,NA,NA,NA
2024,320320076,NA,NA,NA,NA,NA,NA
2024,320320077,NA,NA,NA,NA,NA,NA
2024,320320078,NA,NA,NA,NA,NA,NA
2024,320320079,NA,NA,NA,NA,NA,NA
2024,320320080,NA,NA,NA,NA,NA,NA
2024,320360001,NA,NA,NA,NA,NA,NA
2024,320360002,NA,NA,NA,NA,NA,NA
2024,320360005,NA,NA,NA,NA,NA,NA
2024,320360006,NA,NA,NA,NA,NA,NA
2024,320360007,NA,NA,NA,NA,NA,NA
2024,320360008,NA,NA,NA,NA,NA,NA
2024,320360009,NA,NA,NA,NA,NA,NA
2024,320360010,NA,NA,NA,NA,NA,NA
2024,320360011,NA,NA,NA,NA,NA,NA
2024,320360012,NA,NA,NA,NA,NA,NA
2024,320360013,NA,NA,NA,NA,NA,NA
2024,320360014,NA,NA,NA,NA,NA,NA
2024,320360017,NA,NA,NA,NA,NA,NA
2024,320360018,NA,NA,NA,NA,NA,NA
2024,320360019,NA,NA,NA,NA,NA,NA
2024,320360021,NA,NA,NA,NA,NA,NA
2024,320360023,NA,NA,NA,NA,NA,NA
2024,320360024,NA,NA,NA,NA,NA,NA
2024,320360025,NA,NA,NA,NA,NA,NA
2024,320360026,NA,NA,NA,NA,NA,NA
2024,320360027,NA,NA,NA,NA,NA,NA
2024,320360028,NA,NA,NA,NA,NA,NA
2024,320360029,NA,NA,NA,NA,NA,NA
2024,320360030,NA,NA,NA,NA,NA,NA
2024,320360032,NA,NA,NA,NA,NA,NA
2024,320360033,NA,NA,NA,NA,NA,NA
2024,320360034,NA,NA,NA,NA,NA,NA
2024,320360035,NA,NA,NA,NA,NA,NA
2024,320360036,NA,NA,NA,NA,NA,NA
2024,320360037,NA,NA,NA,NA,NA,NA
2024,320360038,NA,NA,NA,NA,NA,NA
2024,320360039,NA,NA,NA,NA,NA,NA
2024,320360040,NA,NA,NA,NA,NA,NA
2024,320360041,NA,NA,NA,NA,NA,NA
2024,320360042,NA,NA,NA,NA,NA,NA
2024,320360043,NA,NA,NA,NA,NA,NA
2024,320360044,NA,NA,NA,NA,NA,NA
2024,320360045,NA,NA,NA,NA,NA,NA
2024,320360046,NA,NA,NA,NA,NA,NA
2024,320360047,NA,NA,NA,NA,NA,NA
2024,320360048,NA,NA,NA,NA,NA,NA
2024,320360049,NA,NA,NA,NA,NA,NA
2024,320360050,NA,NA,NA,NA,NA,NA
2024,320360051,NA,NA,NA,NA,NA,NA
2024,320360052,NA,NA,NA,NA,NA,NA
2024,320360054,NA,NA,NA,NA,NA,NA
2024,320360055,NA,NA,NA,NA,NA,NA
2024,320360056,NA,NA,NA,NA,NA,NA
2024,320360057,NA,NA,NA,NA,NA,NA
2024,320360060,NA,NA,NA,NA,NA,NA
2024,320360065,NA,NA,NA,NA,NA,NA
2024,320360067,NA,NA,NA,NA,NA,NA
2024,320360073,NA,NA,NA,NA,NA,NA
2024,320360080,NA,NA,NA,NA,NA,NA
2024,320360081,NA,NA,NA,NA,NA,NA
2024,320360083,NA,NA,NA,NA,NA,NA
2024,320360086,NA,NA,NA,NA,NA,NA
2024,320360087,NA,NA,NA,NA,NA,NA
2024,320360089,NA,NA,NA,NA,NA,NA
2024,320360091,NA,NA,NA,NA,NA,NA
2024,320360092,NA,NA,NA,NA,NA,NA
2024,320360093,NA,NA,NA,NA,NA,NA
2024,320360096,NA,NA,NA,NA,NA,NA
2024,320360098,NA,NA,NA,NA,NA,NA
2024,320360103,NA,NA,NA,NA,NA,NA
2024,320360106,NA,NA,NA,NA,NA,NA
2024,320360107,NA,NA,NA,NA,NA,NA
2024,320360108,NA,NA,NA,NA,NA,NA
2024,320360109,NA,NA,NA,NA,NA,NA
2024,320360123,NA,NA,NA,NA,NA,NA
2024,320360124,NA,NA,NA,NA,NA,NA
2024,320360126,NA,NA,NA,NA,NA,NA
2024,320360128,NA,NA,NA,NA,NA,NA
2024,320360129,NA,NA,NA,NA,NA,NA
2024,320360132,NA,NA,NA,NA,NA,NA
2024,320360133,NA,NA,NA,NA,NA,NA
2024,320360134,NA,NA,NA,NA,NA,NA
2024,320360135,NA,NA,NA,NA,NA,NA
2024,320360136,NA,NA,NA,NA,NA,NA
2024,320360138,NA,NA,NA,NA,NA,NA
2024,320360139,NA,NA,NA,NA,NA,NA
2024,320360140,NA,NA,NA,NA,NA,NA
2024,320360142,NA,NA,NA,NA,NA,NA
2024,320360143,NA,NA,NA,NA,NA,NA
2024,320360145,NA,NA,NA,NA,NA,NA
2024,320360146,NA,NA,NA,NA,NA,NA
2024,320360147,NA,NA,NA,NA,NA,NA
2024,320360148,NA,NA,NA,NA,NA,NA
2024,320360154,NA,NA,NA,NA,NA,NA
2024,320360155,NA,NA,NA,NA,NA,NA
2024,320360156,NA,NA,NA,NA,NA,NA
2024,320360157,NA,NA,NA,NA,NA,NA
2024,320360158,NA,NA,NA,NA,NA,NA
2024,320360159,NA,NA,NA,NA,NA,NA
2024,320360160,NA,NA,NA,NA,NA,NA
2024,320360161,NA,NA,NA,NA,NA,NA
2024,320360162,NA,NA,NA,NA,NA,NA
2024,320360163,NA,NA,NA,NA,NA,NA
2024,320360165,NA,NA,NA,NA,NA,NA
2024,320360166,NA,NA,NA,NA,NA,NA
2024,320360168,NA,NA,NA,NA,NA,NA
2024,320360174,NA,NA,NA,NA,NA,NA
2024,320360175,NA,NA,NA,NA,NA,NA
2024,320360176,NA,NA,NA,NA,NA,NA
2024,320360177,NA,NA,NA,NA,NA,NA
2024,320360180,NA,NA,NA,NA,NA,NA
2024,320360181,NA,NA,NA,NA,NA,NA
2024,320360182,NA,NA,NA,NA,NA,NA
2024,320360183,NA,NA,NA,NA,NA,NA
2024,320360184,NA,NA,NA,NA,NA,NA
2024,320360185,NA,NA,NA,NA,NA,NA
2024,320360186,NA,NA,NA,NA,NA,NA
2024,320360187,NA,NA,NA,NA,NA,NA
2024,320360188,NA,NA,NA,NA,NA,NA
2024,320360189,NA,NA,NA,NA,NA,NA
2024,320360190,NA,NA,NA,NA,NA,NA
2024,320360191,NA,NA,NA,NA,NA,NA
2024,320360192,NA,NA,NA,NA,NA,NA
2024,320360193,NA,NA,NA,NA,NA,NA
2024,320360194,NA,NA,NA,NA,NA,NA
2024,320360195,NA,NA,NA,NA,NA,NA
2024,320360196,NA,NA,NA,NA,NA,NA
2024,320360198,NA,NA,NA,NA,NA,NA
2024,320360199,NA,NA,NA,NA,NA,NA
2024,320360200,NA,NA,NA,NA,NA,NA
2024,320360201,NA,NA,NA,NA,NA,NA
2024,320360202,NA,NA,NA,NA,NA,NA
2024,320360203,NA,NA,NA,NA,NA,NA
2024,320360204,NA,NA,NA,NA,NA,NA
2024,320360205,NA,NA,NA,NA,NA,NA
2024,320360206,NA,NA,NA,NA,NA,NA
2024,320360207,NA,NA,NA,NA,NA,NA
2024,320360208,NA,NA,NA,NA,NA,NA
2024,320360209,NA,NA,NA,NA,NA,NA
2024,320360210,NA,NA,NA,NA,NA,NA
2024,320360211,NA,NA,NA,NA,NA,NA
2024,320360212,NA,NA,NA,NA,NA,NA
2024,320360213,NA,NA,NA,NA,NA,NA
2024,320360214,NA,NA,NA,NA,NA,NA
2024,320360215,NA,NA,NA,NA,NA,NA
2024,320360216,NA,NA,NA,NA,NA,NA
2024,320360217,NA,NA,NA,NA,NA,NA
2024,320360218,NA,NA,NA,NA,NA,NA
2024,320360219,NA,NA,NA,NA,NA,NA
2024,320360220,NA,NA,NA,NA,NA,NA
2024,320360221,NA,NA,NA,NA,NA,NA
2024,320360222,NA,NA,NA,NA,NA,NA
2024,320360223,NA,NA,NA,NA,NA,NA
2024,320360224,NA,NA,NA,NA,NA,NA
2024,320370001,NA,NA,NA,NA,NA,NA
2024,320370002,NA,NA,NA,NA,NA,NA
2024,320370003,NA,NA,NA,NA,NA,NA
2024,320370004,NA,NA,NA,NA,NA,NA
2024,320370005,NA,NA,NA,NA,NA,NA
2024,320370006,NA,NA,NA,NA,NA,NA
2024,320370007,NA,NA,NA,NA,NA,NA
2024,320370008,NA,NA,NA,NA,NA,NA
2024,320370010,NA,NA,NA,NA,NA,NA
2024,320370011,NA,NA,NA,NA,NA,NA
2024,320370013,NA,NA,NA,NA,NA,NA
2024,320370014,NA,NA,NA,NA,NA,NA
2024,320370015,NA,NA,NA,NA,NA,NA
2024,320370016,NA,NA,NA,NA,NA,NA
2024,320370017,NA,NA,NA,NA,NA,NA
2024,320370018,NA,NA,NA,NA,NA,NA
2024,320370020,NA,NA,NA,NA,NA,NA
2024,320370021,NA,NA,NA,NA,NA,NA
2024,320370023,NA,NA,NA,NA,NA,NA
2024,320370024,NA,NA,NA,NA,NA,NA
2024,320370025,NA,NA,NA,NA,NA,NA
2024,320370027,NA,NA,NA,NA,NA,NA
2024,320370028,NA,NA,NA,NA,NA,NA
2024,320370029,NA,NA,NA,NA,NA,NA
2024,320370030,NA,NA,NA,NA,NA,NA
2024,320370032,NA,NA,NA,NA,NA,NA
2024,320370033,NA,NA,NA,NA,NA,NA
2024,320370035,NA,NA,NA,NA,NA,NA
2024,320370037,NA,NA,NA,NA,NA,NA
2024,320370038,NA,NA,NA,NA,NA,NA
2024,320370041,NA,NA,NA,NA,NA,NA
2024,320370042,NA,NA,NA,NA,NA,NA
2024,320370043,NA,NA,NA,NA,NA,NA
2024,320370044,NA,NA,NA,NA,NA,NA
2024,320370045,NA,NA,NA,NA,NA,NA
2024,320370046,NA,NA,NA,NA,NA,NA
2024,320370050,NA,NA,NA,NA,NA,NA
2024,320370051,NA,NA,NA,NA,NA,NA
2024,320370052,NA,NA,NA,NA,NA,NA
2024,320370053,NA,NA,NA,NA,NA,NA
2024,320370054,NA,NA,NA,NA,NA,NA
2024,320370055,NA,NA,NA,NA,NA,NA
2024,320370057,NA,NA,NA,NA,NA,NA
2024,320370058,NA,NA,NA,NA,NA,NA
2024,320370059,NA,NA,NA,NA,NA,NA
2024,320370060,NA,NA,NA,NA,NA,NA
2024,320370061,NA,NA,NA,NA,NA,NA
2024,320370062,NA,NA,NA,NA,NA,NA
2024,320370070,NA,NA,NA,NA,NA,NA
2024,320370071,NA,NA,NA,NA,NA,NA
2024,320370072,NA,NA,NA,NA,NA,NA
2024,320370073,NA,NA,NA,NA,NA,NA
2024,320370074,NA,NA,NA,NA,NA,NA
2024,320370076,NA,NA,NA,NA,NA,NA
2024,320370078,NA,NA,NA,NA,NA,NA
2024,320370080,NA,NA,NA,NA,NA,NA
2024,320370083,NA,NA,NA,NA,NA,NA
2024,320370085,NA,NA,NA,NA,NA,NA
2024,320370086,NA,NA,NA,NA,NA,NA
2024,320370087,NA,NA,NA,NA,NA,NA
2024,320370093,NA,NA,NA,NA,NA,NA
2024,320370097,NA,NA,NA,NA,NA,NA
2024,320370099,NA,NA,NA,NA,NA,NA
2024,320370101,NA,NA,NA,NA,NA,NA
2024,320370102,NA,NA,NA,NA,NA,NA
2024,320370103,NA,NA,NA,NA,NA,NA
2024,320370112,NA,NA,NA,NA,NA,NA
2024,320370113,NA,NA,NA,NA,NA,NA
2024,320370114,NA,NA,NA,NA,NA,NA
2024,320370118,NA,NA,NA,NA,NA,NA
2024,320370119,NA,NA,NA,NA,NA,NA
2024,320370120,NA,NA,NA,NA,NA,NA
2024,320370121,NA,NA,NA,NA,NA,NA
2024,320370122,NA,NA,NA,NA,NA,NA
2024,320370123,NA,NA,NA,NA,NA,NA
2024,320370124,NA,NA,NA,NA,NA,NA
2024,320370125,NA,NA,NA,NA,NA,NA
2024,320370126,NA,NA,NA,NA,NA,NA
2024,320370127,NA,NA,NA,NA,NA,NA
2024,320370128,NA,NA,NA,NA,NA,NA
2024,320370129,NA,NA,NA,NA,NA,NA
2024,320370130,NA,NA,NA,NA,NA,NA
2024,320370131,NA,NA,NA,NA,NA,NA
2024,320370132,NA,NA,NA,NA,NA,NA
2024,320370133,NA,NA,NA,NA,NA,NA
2024,320370134,NA,NA,NA,NA,NA,NA
2024,320370135,NA,NA,NA,NA,NA,NA
2024,320370136,NA,NA,NA,NA,NA,NA
2024,320370137,NA,NA,NA,NA,NA,NA
2024,320370138,NA,NA,NA,NA,NA,NA
2024,320370139,NA,NA,NA,NA,NA,NA
2024,320370140,NA,NA,NA,NA,NA,NA
2024,320370141,NA,NA,NA,NA,NA,NA
2024,320370142,NA,NA,NA,NA,NA,NA
2024,320370143,NA,NA,NA,NA,NA,NA
2024,320370144,NA,NA,NA,NA,NA,NA
2024,320370145,NA,NA,NA,NA,NA,NA
2024,320370146,NA,NA,NA,NA,NA,NA
2024,320370147,NA,NA,NA,NA,NA,NA
2024,320370148,NA,NA,NA,NA,NA,NA
2024,320370149,NA,NA,NA,NA,NA,NA
2024,320370150,NA,NA,NA,NA,NA,NA
2024,320370151,NA,NA,NA,NA,NA,NA
2024,320370152,NA,NA,NA,NA,NA,NA
2024,320370153,NA,NA,NA,NA,NA,NA
2024,320370154,NA,NA,NA,NA,NA,NA
2024,320370155,NA,NA,NA,NA,NA,NA
2024,320370156,NA,NA,NA,NA,NA,NA
2024,320370157,NA,NA,NA,NA,NA,NA
2024,320370158,NA,NA,NA,NA,NA,NA
2024,320370159,NA,NA,NA,NA,NA,NA
2024,320370160,NA,NA,NA,NA,NA,NA
2024,320370161,NA,NA,NA,NA,NA,NA
2024,320370162,NA,NA,NA,NA,NA,NA
2024,320370163,NA,NA,NA,NA,NA,NA
2024,320370164,NA,NA,NA,NA,NA,NA
2024,320370165,NA,NA,NA,NA,NA,NA
2024,320370166,NA,NA,NA,NA,NA,NA
2024,320370167,NA,NA,NA,NA,NA,NA
2024,320370168,NA,NA,NA,NA,NA,NA
2024,320370169,NA,NA,NA,NA,NA,NA
2024,320370170,NA,NA,NA,NA,NA,NA
2024,320370171,NA,NA,NA,NA,NA,NA
2024,320370172,NA,NA,NA,NA,NA,NA
2024,320370173,NA,NA,NA,NA,NA,NA
2024,320370174,NA,NA,NA,NA,NA,NA
2024,320370175,NA,NA,NA,NA,NA,NA
2024,320370176,NA,NA,NA,NA,NA,NA
2024,320370177,NA,NA,NA,NA,NA,NA
2024,320370178,NA,NA,NA,NA,NA,NA
2024,320370179,NA,NA,NA,NA,NA,NA
2024,320370180,NA,NA,NA,NA,NA,NA
2024,320370181,NA,NA,NA,NA,NA,NA
2024,320370182,NA,NA,NA,NA,NA,NA
2024,320370183,NA,NA,NA,NA,NA,NA
2024,320370184,NA,NA,NA,NA,NA,NA
2024,320370185,NA,NA,NA,NA,NA,NA
2024,320370186,NA,NA,NA,NA,NA,NA
2024,320370187,NA,NA,NA,NA,NA,NA
2024,320370188,NA,NA,NA,NA,NA,NA
2024,320370189,NA,NA,NA,NA,NA,NA
2024,320370190,NA,NA,NA,NA,NA,NA
2024,320370191,NA,NA,NA,NA,NA,NA
2024,320370192,NA,NA,NA,NA,NA,NA
2024,320370193,NA,NA,NA,NA,NA,NA
2024,320370194,NA,NA,NA,NA,NA,NA
2024,320370195,NA,NA,NA,NA,NA,NA
2024,320370196,NA,NA,NA,NA,NA,NA
2024,320370197,NA,NA,NA,NA,NA,NA
2024,320370198,NA,NA,NA,NA,NA,NA
2024,320370199,NA,NA,NA,NA,NA,NA
2024,320370200,NA,NA,NA,NA,NA,NA
2024,320370201,NA,NA,NA,NA,NA,NA
2024,320370202,NA,NA,NA,NA,NA,NA
2024,320370203,NA,NA,NA,NA,NA,NA
2024,320370204,NA,NA,NA,NA,NA,NA
2024,320370205,NA,NA,NA,NA,NA,NA
2024,320370206,NA,NA,NA,NA,NA,NA
2024,320370207,NA,NA,NA,NA,NA,NA
2024,320370208,NA,NA,NA,NA,NA,NA
2024,320370209,NA,NA,NA,NA,NA,NA
2024,320370210,NA,NA,NA,NA,NA,NA
2024,320370211,NA,NA,NA,NA,NA,NA
2024,320370212,NA,NA,NA,NA,NA,NA
2024,320370213,NA,NA,NA,NA,NA,NA
2024,320370214,NA,NA,NA,NA,NA,NA
2024,320370215,NA,NA,NA,NA,NA,NA
2024,320370216,NA,NA,NA,NA,NA,NA
2024,320370217,NA,NA,NA,NA,NA,NA
2024,320370218,NA,NA,NA,NA,NA,NA
2024,320370219,NA,NA,NA,NA,NA,NA
2024,320370220,NA,NA,NA,NA,NA,NA
2024,320370221,NA,NA,NA,NA,NA,NA
2024,320370222,NA,NA,NA,NA,NA,NA
2024,320370223,NA,NA,NA,NA,NA,NA
2024,320370224,NA,NA,NA,NA,NA,NA
2024,320370225,NA,NA,NA,NA,NA,NA
2024,320370226,NA,NA,NA,NA,NA,NA
2024,320370227,NA,NA,NA,NA,NA,NA
2024,320370228,NA,NA,NA,NA,NA,NA
2024,320370229,NA,NA,NA,NA,NA,NA
2024,320370230,NA,NA,NA,NA,NA,NA
2024,320370231,NA,NA,NA,NA,NA,NA
2024,320370232,NA,NA,NA,NA,NA,NA
2024,320370233,NA,NA,NA,NA,NA,NA
2024,320370234,NA,NA,NA,NA,NA,NA
2024,320370235,NA,NA,NA,NA,NA,NA
2024,320370236,NA,NA,NA,NA,NA,NA
2024,320370237,NA,NA,NA,NA,NA,NA
2024,320370238,NA,NA,NA,NA,NA,NA
2024,320370239,NA,NA,NA,NA,NA,NA
2024,320370240,NA,NA,NA,NA,NA,NA
2024,320370241,NA,NA,NA,NA,NA,NA
2024,320370242,NA,NA,NA,NA,NA,NA
2024,320370243,NA,NA,NA,NA,NA,NA
2024,320370244,NA,NA,NA,NA,NA,NA
2024,320370245,NA,NA,NA,NA,NA,NA
2024,320370246,NA,NA,NA,NA,NA,NA
2024,320370247,NA,NA,NA,NA,NA,NA
2024,320370248,NA,NA,NA,NA,NA,NA
2024,320370249,NA,NA,NA,NA,NA,NA
2024,320370250,NA,NA,NA,NA,NA,NA
2024,320370251,NA,NA,NA,NA,NA,NA
2024,320370252,NA,NA,NA,NA,NA,NA
2024,320370253,NA,NA,NA,NA,NA,NA
2024,320370254,NA,NA,NA,NA,NA,NA
2024,320370255,NA,NA,NA,NA,NA,NA
2024,320370256,NA,NA,NA,NA,NA,NA
2024,320370257,NA,NA,NA,NA,NA,NA
2024,320370258,NA,NA,NA,NA,NA,NA
2024,320370259,NA,NA,NA,NA,NA,NA
2024,320370260,NA,NA,NA,NA,NA,NA
2024,320370261,NA,NA,NA,NA,NA,NA
2024,320370262,NA,NA,NA,NA,NA,NA
2024,320370263,NA,NA,NA,NA,NA,NA
2024,320370264,NA,NA,NA,NA,NA,NA
2024,320370265,NA,NA,NA,NA,NA,NA
2024,320370266,NA,NA,NA,NA,NA,NA
2024,320370267,NA,NA,NA,NA,NA,NA
2024,320370268,NA,NA,NA,NA,NA,NA
2024,320390001,NA,NA,NA,NA,NA,NA
2024,320390002,NA,NA,NA,NA,NA,NA
2024,320390003,NA,NA,NA,NA,NA,NA
2024,320390004,NA,NA,NA,NA,NA,NA
2024,320390005,NA,NA,NA,NA,NA,NA
2024,320390006,NA,NA,NA,NA,NA,NA
2024,320390007,NA,NA,NA,NA,NA,NA
2024,320390008,NA,NA,NA,NA,NA,NA
2024,320390009,NA,NA,NA,NA,NA,NA
2024,320390010,NA,NA,NA,NA,NA,NA
2024,320390011,NA,NA,NA,NA,NA,NA
2024,320390012,NA,NA,NA,NA,NA,NA
2024,320390013,NA,NA,NA,NA,NA,NA
2024,320390015,NA,NA,NA,NA,NA,NA
2024,320390017,NA,NA,NA,NA,NA,NA
2024,320390019,NA,NA,NA,NA,NA,NA
2024,320390020,NA,NA,NA,NA,NA,NA
2024,320390022,NA,NA,NA,NA,NA,NA
2024,320390024,NA,NA,NA,NA,NA,NA
2024,320390025,NA,NA,NA,NA,NA,NA
2024,320390026,NA,NA,NA,NA,NA,NA
2024,320390027,NA,NA,NA,NA,NA,NA
2024,320390029,NA,NA,NA,NA,NA,NA
2024,320390030,NA,NA,NA,NA,NA,NA
2024,320390031,NA,NA,NA,NA,NA,NA
2024,320390032,NA,NA,NA,NA,NA,NA
2024,320390033,NA,NA,NA,NA,NA,NA
2024,320390034,NA,NA,NA,NA,NA,NA
2024,320390037,NA,NA,NA,NA,NA,NA
2024,320390038,NA,NA,NA,NA,NA,NA
2024,320390039,NA,NA,NA,NA,NA,NA
2024,320390041,NA,NA,NA,NA,NA,NA
2024,320390050,NA,NA,NA,NA,NA,NA
2024,320390051,NA,NA,NA,NA,NA,NA
2024,320390052,NA,NA,NA,NA,NA,NA
2024,320390058,NA,NA,NA,NA,NA,NA
2024,320390059,NA,NA,NA,NA,NA,NA
2024,320390060,NA,NA,NA,NA,NA,NA
2024,320390061,NA,NA,NA,NA,NA,NA
2024,320390062,NA,NA,NA,NA,NA,NA
2024,320390063,NA,NA,NA,NA,NA,NA
2024,320390064,NA,NA,NA,NA,NA,NA
2024,320390065,NA,NA,NA,NA,NA,NA
2024,320390068,NA,NA,NA,NA,NA,NA
2024,320390070,NA,NA,NA,NA,NA,NA
2024,320390071,NA,NA,NA,NA,NA,NA
2024,320390073,NA,NA,NA,NA,NA,NA
2024,320390075,NA,NA,NA,NA,NA,NA
2024,320390076,NA,NA,NA,NA,NA,NA
2024,320390077,NA,NA,NA,NA,NA,NA
2024,320390078,NA,NA,NA,NA,NA,NA
2024,320390079,NA,NA,NA,NA,NA,NA
2024,320390080,NA,NA,NA,NA,NA,NA
2024,320390081,NA,NA,NA,NA,NA,NA
2024,320390082,NA,NA,NA,NA,NA,NA
2024,320390084,NA,NA,NA,NA,NA,NA
2024,320390085,NA,NA,NA,NA,NA,NA
2024,320390087,NA,NA,NA,NA,NA,NA
2024,320390088,NA,NA,NA,NA,NA,NA
2024,320390089,NA,NA,NA,NA,NA,NA
2024,320390090,NA,NA,NA,NA,NA,NA
2024,320390092,NA,NA,NA,NA,NA,NA
2024,320390093,NA,NA,NA,NA,NA,NA
2024,320390094,NA,NA,NA,NA,NA,NA
2024,320390095,NA,NA,NA,NA,NA,NA
2024,320390096,NA,NA,NA,NA,NA,NA
2024,320390097,NA,NA,NA,NA,NA,NA
2024,320390098,NA,NA,NA,NA,NA,NA
2024,320390099,NA,NA,NA,NA,NA,NA
2024,320390100,NA,NA,NA,NA,NA,NA
2024,320390101,NA,NA,NA,NA,NA,NA
2024,320390102,NA,NA,NA,NA,NA,NA
2024,320390103,NA,NA,NA,NA,NA,NA
2024,320390104,NA,NA,NA,NA,NA,NA
2024,320390105,NA,NA,NA,NA,NA,NA
2024,320390106,NA,NA,NA,NA,NA,NA
2024,320390107,NA,NA,NA,NA,NA,NA
2024,320390108,NA,NA,NA,NA,NA,NA
2024,320390109,NA,NA,NA,NA,NA,NA
2024,320390110,NA,NA,NA,NA,NA,NA
2024,320390111,NA,NA,NA,NA,NA,NA
2024,320390112,NA,NA,NA,NA,NA,NA
2024,320390113,NA,NA,NA,NA,NA,NA
2024,320390114,NA,NA,NA,NA,NA,NA
2024,320390115,NA,NA,NA,NA,NA,NA
2024,320390116,NA,NA,NA,NA,NA,NA
2024,320390117,NA,NA,NA,NA,NA,NA
2024,320390118,NA,NA,NA,NA,NA,NA
2024,320390119,NA,NA,NA,NA,NA,NA
2024,320390120,NA,NA,NA,NA,NA,NA
2024,320390121,NA,NA,NA,NA,NA,NA
2024,320390122,NA,NA,NA,NA,NA,NA
2024,320390123,NA,NA,NA,NA,NA,NA
2024,320390124,NA,NA,NA,NA,NA,NA
2024,320390125,NA,NA,NA,NA,NA,NA
2024,320390126,NA,NA,NA,NA,NA,NA
2024,320390127,NA,NA,NA,NA,NA,NA
2024,320390128,NA,NA,NA,NA,NA,NA
2024,320390129,NA,NA,NA,NA,NA,NA
2024,320390130,NA,NA,NA,NA,NA,NA
2024,320390131,NA,NA,NA,NA,NA,NA
2024,320390132,NA,NA,NA,NA,NA,NA
2024,320390133,NA,NA,NA,NA,NA,NA
2024,320390134,NA,NA,NA,NA,NA,NA
2024,320390135,NA,NA,NA,NA,NA,NA
2024,320390136,NA,NA,NA,NA,NA,NA
2024,320390137,NA,NA,NA,NA,NA,NA
2024,320390138,NA,NA,NA,NA,NA,NA
2024,320390139,NA,NA,NA,NA,NA,NA
2024,320390140,NA,NA,NA,NA,NA,NA
2024,320400001,NA,NA,NA,NA,NA,NA
2024,320400005,NA,NA,NA,NA,NA,NA
2024,320400006,NA,NA,NA,NA,NA,NA
2024,320400009,NA,NA,NA,NA,NA,NA
2024,320400010,NA,NA,NA,NA,NA,NA
2024,320400011,NA,NA,NA,NA,NA,NA
2024,320400012,NA,NA,NA,NA,NA,NA
2024,320400014,NA,NA,NA,NA,NA,NA
2024,320400015,NA,NA,NA,NA,NA,NA
2024,320400016,NA,NA,NA,NA,NA,NA
2024,320400017,NA,NA,NA,NA,NA,NA
2024,320400018,NA,NA,NA,NA,NA,NA
2024,320400019,NA,NA,NA,NA,NA,NA
2024,320400020,NA,NA,NA,NA,NA,NA
2024,320400021,NA,NA,NA,NA,NA,NA
2024,320400022,NA,NA,NA,NA,NA,NA
2024,320400023,NA,NA,NA,NA,NA,NA
2024,320400024,NA,NA,NA,NA,NA,NA
2024,320400025,NA,NA,NA,NA,NA,NA
2024,320400026,NA,NA,NA,NA,NA,NA
2024,320400027,NA,NA,NA,NA,NA,NA
2024,320400028,NA,NA,NA,NA,NA,NA
2024,320400030,NA,NA,NA,NA,NA,NA
2024,320400031,NA,NA,NA,NA,NA,NA
2024,320400032,NA,NA,NA,NA,NA,NA
2024,320400033,NA,NA,NA,NA,NA,NA
2024,320400034,NA,NA,NA,NA,NA,NA
2024,320400035,NA,NA,NA,NA,NA,NA
2024,320400036,NA,NA,NA,NA,NA,NA
2024,320400037,NA,NA,NA,NA,NA,NA
2024,320400038,NA,NA,NA,NA,NA,NA
2024,320400039,NA,NA,NA,NA,NA,NA
2024,320400040,NA,NA,NA,NA,NA,NA
2024,320400041,NA,NA,NA,NA,NA,NA
2024,320400042,NA,NA,NA,NA,NA,NA
2024,320400043,NA,NA,NA,NA,NA,NA
2024,320400044,NA,NA,NA,NA,NA,NA
2024,320400045,NA,NA,NA,NA,NA,NA
2024,320400046,NA,NA,NA,NA,NA,NA
2024,320400047,NA,NA,NA,NA,NA,NA
2024,320400049,NA,NA,NA,NA,NA,NA
2024,320400050,NA,NA,NA,NA,NA,NA
2024,320400051,NA,NA,NA,NA,NA,NA
2024,320400052,NA,NA,NA,NA,NA,NA
2024,320400053,NA,NA,NA,NA,NA,NA
2024,320400054,NA,NA,NA,NA,NA,NA
2024,320400055,NA,NA,NA,NA,NA,NA
2024,320400057,NA,NA,NA,NA,NA,NA
2024,320400058,NA,NA,NA,NA,NA,NA
2024,320400059,NA,NA,NA,NA,NA,NA
2024,320400060,NA,NA,NA,NA,NA,NA
2024,320400061,NA,NA,NA,NA,NA,NA
2024,320400062,NA,NA,NA,NA,NA,NA
2024,320400064,NA,NA,NA,NA,NA,NA
2024,320400065,NA,NA,NA,NA,NA,NA
2024,320400066,NA,NA,NA,NA,NA,NA
2024,320400067,NA,NA,NA,NA,NA,NA
2024,320400068,NA,NA,NA,NA,NA,NA
2024,320400070,NA,NA,NA,NA,NA,NA
2024,320400072,NA,NA,NA,NA,NA,NA
2024,320400073,NA,NA,NA,NA,NA,NA
2024,320400076,NA,NA,NA,NA,NA,NA
2024,320400077,NA,NA,NA,NA,NA,NA
2024,320400078,NA,NA,NA,NA,NA,NA
2024,320400079,NA,NA,NA,NA,NA,NA
2024,320400082,NA,NA,NA,NA,NA,NA
2024,320400083,NA,NA,NA,NA,NA,NA
2024,320400084,NA,NA,NA,NA,NA,NA
2024,320400085,NA,NA,NA,NA,NA,NA
2024,320400086,NA,NA,NA,NA,NA,NA
2024,320400087,NA,NA,NA,NA,NA,NA
2024,320400088,NA,NA,NA,NA,NA,NA
2024,320400089,NA,NA,NA,NA,NA,NA
2024,320400090,NA,NA,NA,NA,NA,NA
2024,320400091,NA,NA,NA,NA,NA,NA
2024,320400092,NA,NA,NA,NA,NA,NA
2024,320400093,NA,NA,NA,NA,NA,NA
2024,320400094,NA,NA,NA,NA,NA,NA
2024,320400096,NA,NA,NA,NA,NA,NA
2024,320400097,NA,NA,NA,NA,NA,NA
2024,320400098,NA,NA,NA,NA,NA,NA
2024,320400099,NA,NA,NA,NA,NA,NA
2024,320400100,NA,NA,NA,NA,NA,NA
2024,320400101,NA,NA,NA,NA,NA,NA
2024,320400102,NA,NA,NA,NA,NA,NA
2024,320400103,NA,NA,NA,NA,NA,NA
2024,320400104,NA,NA,NA,NA,NA,NA
2024,320400105,NA,NA,NA,NA,NA,NA
2024,320400106,NA,NA,NA,NA,NA,NA
2024,320400107,NA,NA,NA,NA,NA,NA
2024,320400108,NA,NA,NA,NA,NA,NA
2024,320400109,NA,NA,NA,NA,NA,NA
2024,320400110,NA,NA,NA,NA,NA,NA
2024,320400111,NA,NA,NA,NA,NA,NA
2024,320400112,NA,NA,NA,NA,NA,NA
2024,320400113,NA,NA,NA,NA,NA,NA
2024,320400114,NA,NA,NA,NA,NA,NA
2024,320400115,NA,NA,NA,NA,NA,NA
2024,320400116,NA,NA,NA,NA,NA,NA
2024,320400117,NA,NA,NA,NA,NA,NA
2024,320400118,NA,NA,NA,NA,NA,NA
2024,320410001,NA,NA,NA,NA,NA,NA
2024,320410002,NA,NA,NA,NA,NA,NA
2024,320410003,NA,NA,NA,NA,NA,NA
2024,320410004,NA,NA,NA,NA,NA,NA
2024,320410005,NA,NA,NA,NA,NA,NA
2024,320410006,NA,NA,NA,NA,NA,NA
2024,320410007,NA,NA,NA,NA,NA,NA
2024,320410008,NA,NA,NA,NA,NA,NA
2024,320410010,NA,NA,NA,NA,NA,NA
2024,320410014,NA,NA,NA,NA,NA,NA
2024,320410018,NA,NA,NA,NA,NA,NA
2024,320410019,NA,NA,NA,NA,NA,NA
2024,320410023,NA,NA,NA,NA,NA,NA
2024,320410024,NA,NA,NA,NA,NA,NA
2024,320410025,NA,NA,NA,NA,NA,NA
2024,320410026,NA,NA,NA,NA,NA,NA
2024,320410033,NA,NA,NA,NA,NA,NA
2024,320410034,NA,NA,NA,NA,NA,NA
2024,320410037,NA,NA,NA,NA,NA,NA
2024,320410038,NA,NA,NA,NA,NA,NA
2024,320410041,NA,NA,NA,NA,NA,NA
2024,320410043,NA,NA,NA,NA,NA,NA
2024,320410045,NA,NA,NA,NA,NA,NA
2024,320410046,NA,NA,NA,NA,NA,NA
2024,320410047,NA,NA,NA,NA,NA,NA
2024,320410049,NA,NA,NA,NA,NA,NA
2024,320410050,NA,NA,NA,NA,NA,NA
2024,320410054,NA,NA,NA,NA,NA,NA
2024,320410057,NA,NA,NA,NA,NA,NA
2024,320410058,NA,NA,NA,NA,NA,NA
2024,320410059,NA,NA,NA,NA,NA,NA
2024,320410060,NA,NA,NA,NA,NA,NA
2024,320410061,NA,NA,NA,NA,NA,NA
2024,320410062,NA,NA,NA,NA,NA,NA
2024,320410064,NA,NA,NA,NA,NA,NA
2024,320410065,NA,NA,NA,NA,NA,NA
2024,320410066,NA,NA,NA,NA,NA,NA
2024,320410067,NA,NA,NA,NA,NA,NA
2024,320410068,NA,NA,NA,NA,NA,NA
2024,320410070,NA,NA,NA,NA,NA,NA
2024,320410071,NA,NA,NA,NA,NA,NA
2024,320410072,NA,NA,NA,NA,NA,NA
2024,320410073,NA,NA,NA,NA,NA,NA
2024,320410077,NA,NA,NA,NA,NA,NA
2024,320410078,NA,NA,NA,NA,NA,NA
2024,320410079,NA,NA,NA,NA,NA,NA
2024,320410080,NA,NA,NA,NA,NA,NA
2024,320410081,NA,NA,NA,NA,NA,NA
2024,320410082,NA,NA,NA,NA,NA,NA
2024,320410084,NA,NA,NA,NA,NA,NA
2024,320410085,NA,NA,NA,NA,NA,NA
2024,320410086,NA,NA,NA,NA,NA,NA
2024,320410087,NA,NA,NA,NA,NA,NA
2024,320410088,NA,NA,NA,NA,NA,NA
2024,320410089,NA,NA,NA,NA,NA,NA
2024,320410090,NA,NA,NA,NA,NA,NA
2024,320410091,NA,NA,NA,NA,NA,NA
2024,320410092,NA,NA,NA,NA,NA,NA
2024,320410093,NA,NA,NA,NA,NA,NA
2024,320410094,NA,NA,NA,NA,NA,NA
2024,320410095,NA,NA,NA,NA,NA,NA
2024,320420001,NA,NA,NA,NA,NA,NA
2024,320420002,NA,NA,NA,NA,NA,NA
2024,320420003,NA,NA,NA,NA,NA,NA
2024,320420004,NA,NA,NA,NA,NA,NA
2024,320420005,NA,NA,NA,NA,NA,NA
2024,320420007,NA,NA,NA,NA,NA,NA
2024,320420008,NA,NA,NA,NA,NA,NA
2024,320420010,NA,NA,NA,NA,NA,NA
2024,320420011,NA,NA,NA,NA,NA,NA
2024,320420013,NA,NA,NA,NA,NA,NA
2024,320420014,NA,NA,NA,NA,NA,NA
2024,320420018,NA,NA,NA,NA,NA,NA
2024,320420019,NA,NA,NA,NA,NA,NA
2024,320420021,NA,NA,NA,NA,NA,NA
2024,320420022,NA,NA,NA,NA,NA,NA
2024,320420024,NA,NA,NA,NA,NA,NA
2024,320420025,NA,NA,NA,NA,NA,NA
2024,320420026,NA,NA,NA,NA,NA,NA
2024,320420027,NA,NA,NA,NA,NA,NA
2024,320420028,NA,NA,NA,NA,NA,NA
2024,320420030,NA,NA,NA,NA,NA,NA
2024,320420032,NA,NA,NA,NA,NA,NA
2024,320420033,NA,NA,NA,NA,NA,NA
2024,320420034,NA,NA,NA,NA,NA,NA
2024,320420035,NA,NA,NA,NA,NA,NA
2024,320420036,NA,NA,NA,NA,NA,NA
2024,320420037,NA,NA,NA,NA,NA,NA
2024,320420038,NA,NA,NA,NA,NA,NA
2024,320420039,NA,NA,NA,NA,NA,NA
2024,320420040,NA,NA,NA,NA,NA,NA
2024,320420041,NA,NA,NA,NA,NA,NA
2024,320420042,NA,NA,NA,NA,NA,NA
2024,320420044,NA,NA,NA,NA,NA,NA
2024,320420046,NA,NA,NA,NA,NA,NA
2024,320420047,NA,NA,NA,NA,NA,NA
2024,320420048,NA,NA,NA,NA,NA,NA
2024,320420049,NA,NA,NA,NA,NA,NA
2024,320420050,NA,NA,NA,NA,NA,NA
2024,320420051,NA,NA,NA,NA,NA,NA
2024,320420052,NA,NA,NA,NA,NA,NA
2024,320420053,NA,NA,NA,NA,NA,NA
2024,320420054,NA,NA,NA,NA,NA,NA
2024,320420056,NA,NA,NA,NA,NA,NA
2024,320420058,NA,NA,NA,NA,NA,NA
2024,320420059,NA,NA,NA,NA,NA,NA
2024,320420060,NA,NA,NA,NA,NA,NA
2024,320420061,NA,NA,NA,NA,NA,NA
2024,320420062,NA,NA,NA,NA,NA,NA
2024,320420063,NA,NA,NA,NA,NA,NA
2024,320420064,NA,NA,NA,NA,NA,NA
2024,320420065,NA,NA,NA,NA,NA,NA
2024,320420066,NA,NA,NA,NA,NA,NA
2024,320420067,NA,NA,NA,NA,NA,NA
2024,320420068,NA,NA,NA,NA,NA,NA
2024,320420069,NA,NA,NA,NA,NA,NA
2024,320420071,NA,NA,NA,NA,NA,NA
2024,320420073,NA,NA,NA,NA,NA,NA
2024,320420074,NA,NA,NA,NA,NA,NA
2024,320420075,NA,NA,NA,NA,NA,NA
2024,320420076,NA,NA,NA,NA,NA,NA
2024,320420079,NA,NA,NA,NA,NA,NA
2024,320420080,NA,NA,NA,NA,NA,NA
2024,320420081,NA,NA,NA,NA,NA,NA
2024,320420082,NA,NA,NA,NA,NA,NA
2024,320420084,NA,NA,NA,NA,NA,NA
2024,320420085,NA,NA,NA,NA,NA,NA
2024,320420086,NA,NA,NA,NA,NA,NA
2024,320420088,NA,NA,NA,NA,NA,NA
2024,320420089,NA,NA,NA,NA,NA,NA
2024,320420090,NA,NA,NA,NA,NA,NA
2024,320420091,NA,NA,NA,NA,NA,NA
2024,320420092,NA,NA,NA,NA,NA,NA
2024,320420094,NA,NA,NA,NA,NA,NA
2024,320420095,NA,NA,NA,NA,NA,NA
2024,320420096,NA,NA,NA,NA,NA,NA
2024,320420097,NA,NA,NA,NA,NA,NA
2024,320420098,NA,NA,NA,NA,NA,NA
2024,320420099,NA,NA,NA,NA,NA,NA
2024,320420100,NA,NA,NA,NA,NA,NA
2024,320420102,NA,NA,NA,NA,NA,NA
2024,320420103,NA,NA,NA,NA,NA,NA
2024,320420104,NA,NA,NA,NA,NA,NA
2024,320420105,NA,NA,NA,NA,NA,NA
2024,320420106,NA,NA,NA,NA,NA,NA
2024,320420107,NA,NA,NA,NA,NA,NA
2024,320420108,NA,NA,NA,NA,NA,NA
2024,320420109,NA,NA,NA,NA,NA,NA
2024,320420110,NA,NA,NA,NA,NA,NA
2024,320420111,NA,NA,NA,NA,NA,NA
2024,320420112,NA,NA,NA,NA,NA,NA
2024,320420113,NA,NA,NA,NA,NA,NA
2024,320420114,NA,NA,NA,NA,NA,NA
2024,320420115,NA,NA,NA,NA,NA,NA
2024,320420116,NA,NA,NA,NA,NA,NA
2024,320420117,NA,NA,NA,NA,NA,NA
2024,320420119,NA,NA,NA,NA,NA,NA
2024,320420120,NA,NA,NA,NA,NA,NA
2024,320420121,NA,NA,NA,NA,NA,NA
2024,320420122,NA,NA,NA,NA,NA,NA
2024,320420123,NA,NA,NA,NA,NA,NA
2024,320420124,NA,NA,NA,NA,NA,NA
2024,320420125,NA,NA,NA,NA,NA,NA
2024,320420126,NA,NA,NA,NA,NA,NA
2024,320420128,NA,NA,NA,NA,NA,NA
2024,320420129,NA,NA,NA,NA,NA,NA
2024,320420130,NA,NA,NA,NA,NA,NA
2024,320420131,NA,NA,NA,NA,NA,NA
2024,320420133,NA,NA,NA,NA,NA,NA
2024,320420134,NA,NA,NA,NA,NA,NA
2024,320420135,NA,NA,NA,NA,NA,NA
2024,320420137,NA,NA,NA,NA,NA,NA
2024,320420138,NA,NA,NA,NA,NA,NA
2024,320420139,NA,NA,NA,NA,NA,NA
2024,320420140,NA,NA,NA,NA,NA,NA
2024,320420142,NA,NA,NA,NA,NA,NA
2024,320420143,NA,NA,NA,NA,NA,NA
2024,320420144,NA,NA,NA,NA,NA,NA
2024,320420145,NA,NA,NA,NA,NA,NA
2024,320420146,NA,NA,NA,NA,NA,NA
2024,320420147,NA,NA,NA,NA,NA,NA
2024,320420148,NA,NA,NA,NA,NA,NA
2024,320420150,NA,NA,NA,NA,NA,NA
2024,320420152,NA,NA,NA,NA,NA,NA
2024,320420153,NA,NA,NA,NA,NA,NA
2024,320420154,NA,NA,NA,NA,NA,NA
2024,320420155,NA,NA,NA,NA,NA,NA
2024,320420156,NA,NA,NA,NA,NA,NA
2024,320420157,NA,NA,NA,NA,NA,NA
2024,320420158,NA,NA,NA,NA,NA,NA
2024,320420160,NA,NA,NA,NA,NA,NA
2024,320420162,NA,NA,NA,NA,NA,NA
2024,320420164,NA,NA,NA,NA,NA,NA
2024,320420165,NA,NA,NA,NA,NA,NA
2024,320420166,NA,NA,NA,NA,NA,NA
2024,320420170,NA,NA,NA,NA,NA,NA
2024,320420172,NA,NA,NA,NA,NA,NA
2024,320420174,NA,NA,NA,NA,NA,NA
2024,320420175,NA,NA,NA,NA,NA,NA
2024,320420176,NA,NA,NA,NA,NA,NA
2024,320420177,NA,NA,NA,NA,NA,NA
2024,320420178,NA,NA,NA,NA,NA,NA
2024,320420180,NA,NA,NA,NA,NA,NA
2024,320420185,NA,NA,NA,NA,NA,NA
2024,320420186,NA,NA,NA,NA,NA,NA
2024,320420188,NA,NA,NA,NA,NA,NA
2024,320420189,NA,NA,NA,NA,NA,NA
2024,320420190,NA,NA,NA,NA,NA,NA
2024,320420193,NA,NA,NA,NA,NA,NA
2024,320420194,NA,NA,NA,NA,NA,NA
2024,320420195,NA,NA,NA,NA,NA,NA
2024,320420196,NA,NA,NA,NA,NA,NA
2024,320420199,NA,NA,NA,NA,NA,NA
2024,320420201,NA,NA,NA,NA,NA,NA
2024,320420202,NA,NA,NA,NA,NA,NA
2024,320420203,NA,NA,NA,NA,NA,NA
2024,320420207,NA,NA,NA,NA,NA,NA
2024,320420211,NA,NA,NA,NA,NA,NA
2024,320420212,NA,NA,NA,NA,NA,NA
2024,320420215,NA,NA,NA,NA,NA,NA
2024,320420218,NA,NA,NA,NA,NA,NA
2024,320420219,NA,NA,NA,NA,NA,NA
2024,320420224,NA,NA,NA,NA,NA,NA
2024,320420227,NA,NA,NA,NA,NA,NA
2024,320420228,NA,NA,NA,NA,NA,NA
2024,320420243,NA,NA,NA,NA,NA,NA
2024,320420244,NA,NA,NA,NA,NA,NA
2024,320420245,NA,NA,NA,NA,NA,NA
2024,320420246,NA,NA,NA,NA,NA,NA
2024,320420249,NA,NA,NA,NA,NA,NA
2024,320420241,NA,NA,NA,NA,NA,NA
2024,320420242,NA,NA,NA,NA,NA,NA
2024,320420243,NA,NA,NA,NA,NA,NA
2024,320420244,NA,NA,NA,NA,NA,NA
2024,320420246,NA,NA,NA,NA,NA,NA
2024,320420250,NA,NA,NA,NA,NA,NA
2024,320420251,NA,NA,NA,NA,NA,NA
2024,320420253,NA,NA,NA,NA,NA,NA
2024,320420254,NA,NA,NA,NA,NA,NA
2024,320420255,NA,NA,NA,NA,NA,NA
2024,320420256,NA,NA,NA,NA,NA,NA
2024,320420259,NA,NA,NA,NA,NA,NA
2024,320420261,NA,NA,NA,NA,NA,NA
2024,320420262,NA,NA,NA,NA,NA,NA
2024,320420263,NA,NA,NA,NA,NA,NA
2024,320420264,NA,NA,NA,NA,NA,NA
2024,320420265,NA,NA,NA,NA,NA,NA
2024,320420267,NA,NA,NA,NA,NA,NA
2024,320420269,NA,NA,NA,NA,NA,NA
2024,320420270,NA,NA,NA,NA,NA,NA
2024,320420271,NA,NA,NA,NA,NA,NA
2024,320420272,NA,NA,NA,NA,NA,NA
2024,320420274,NA,NA,NA,NA,NA,NA
2024,320420275,NA,NA,NA,NA,NA,NA
2024,320420276,NA,NA,NA,NA,NA,NA
2024,320420277,NA,NA,NA,NA,NA,NA
2024,320420278,NA,NA,NA,NA,NA,NA
2024,320420279,NA,NA,NA,NA,NA,NA
2024,320420280,NA,NA,NA,NA,NA,NA
2024,320420281,NA,NA,NA,NA,NA,NA
2024,320420282,NA,NA,NA,NA,NA,NA
2024,320420283,NA,NA,NA,NA,NA,NA
2024,320420284,NA,NA,NA,NA,NA,NA
2024,320420285,NA,NA,NA,NA,NA,NA
2024,320420286,NA,NA,NA,NA,NA,NA
2024,320420287,NA,NA,NA,NA,NA,NA
2024,320420288,NA,NA,NA,NA,NA,NA
2024,320420289,NA,NA,NA,NA,NA,NA
2024,320420290,NA,NA,NA,NA,NA,NA
2024,320420291,NA,NA,NA,NA,NA,NA
2024,320420292,NA,NA,NA,NA,NA,NA
2024,320420293,NA,NA,NA,NA,NA,NA
2024,320420294,NA,NA,NA,NA,NA,NA
2024,320420297,NA,NA,NA,NA,NA,NA
2024,320420299,NA,NA,NA,NA,NA,NA
2024,320420300,NA,NA,NA,NA,NA,NA
2024,320420301,NA,NA,NA,NA,NA,NA
2024,320420305,NA,NA,NA,NA,NA,NA
2024,320420306,NA,NA,NA,NA,NA,NA
2024,320420307,NA,NA,NA,NA,NA,NA
2024,320420309,NA,NA,NA,NA,NA,NA
2024,320420310,NA,NA,NA,NA,NA,NA
2024,320420311,NA,NA,NA,NA,NA,NA
2024,320420312,NA,NA,NA,NA,NA,NA
2024,320420313,NA,NA,NA,NA,NA,NA
2024,320420314,NA,NA,NA,NA,NA,NA
2024,320420315,NA,NA,NA,NA,NA,NA
2024,320420316,NA,NA,NA,NA,NA,NA
2024,320420317,NA,NA,NA,NA,NA,NA
2024,320420318,NA,NA,NA,NA,NA,NA
2024,320420319,NA,NA,NA,NA,NA,NA
2024,320420320,NA,NA,NA,NA,NA,NA
2024,320420321,NA,NA,NA,NA,NA,NA
2024,320420322,NA,NA,NA,NA,NA,NA
2024,320420323,NA,NA,NA,NA,NA,NA
2024,320420324,NA,NA,NA,NA,NA,NA
2024,320420325,NA,NA,NA,NA,NA,NA
2024,320420326,NA,NA,NA,NA,NA,NA
2024,320420327,NA,NA,NA,NA,NA,NA
2024,320420329,NA,NA,NA,NA,NA,NA
2024,320420330,NA,NA,NA,NA,NA,NA
2024,320420331,NA,NA,NA,NA,NA,NA
2024,320420332,NA,NA,NA,NA,NA,NA
2024,320420333,NA,NA,NA,NA,NA,NA
2024,320420334,NA,NA,NA,NA,NA,NA
2024,320420335,NA,NA,NA,NA,NA,NA
2024,320420336,NA,NA,NA,NA,NA,NA
2024,320420338,NA,NA,NA,NA,NA,NA
2024,320420339,NA,NA,NA,NA,NA,NA
2024,320420340,NA,NA,NA,NA,NA,NA
2024,320420341,NA,NA,NA,NA,NA,NA
2024,320420342,NA,NA,NA,NA,NA,NA
2024,320420343,NA,NA,NA,NA,NA,NA
2024,320420345,NA,NA,NA,NA,NA,NA
2024,320420346,NA,NA,NA,NA,NA,NA
2024,320420347,NA,NA,NA,NA,NA,NA
2024,320420348,NA,NA,NA,NA,NA,NA
2024,320420349,NA,NA,NA,NA,NA,NA
2024,320420350,NA,NA,NA,NA,NA,NA
2024,320420351,NA,NA,NA,NA,NA,NA
2024,320420352,NA,NA,NA,NA,NA,NA
2024,320420353,NA,NA,NA,NA,NA,NA
2024,320420354,NA,NA,NA,NA,NA,NA
2024,320420355,NA,NA,NA,NA,NA,NA
2024,320420356,NA,NA,NA,NA,NA,NA
2024,320420357,NA,NA,NA,NA,NA,NA
2024,320420359,NA,NA,NA,NA,NA,NA
2024,320420360,NA,NA,NA,NA,NA,NA
2024,320420361,NA,NA,NA,NA,NA,NA
2024,320420362,NA,NA,NA,NA,NA,NA
2024,320420363,NA,NA,NA,NA,NA,NA
2024,320420364,NA,NA,NA,NA,NA,NA
2024,320420365,NA,NA,NA,NA,NA,NA
2024,320420366,NA,NA,NA,NA,NA,NA
2024,320420367,NA,NA,NA,NA,NA,NA
2024,320420368,NA,NA,NA,NA,NA,NA
2024,320420369,NA,NA,NA,NA,NA,NA
2024,320420370,NA,NA,NA,NA,NA,NA
2024,320420371,NA,NA,NA,NA,NA,NA
2024,320420372,NA,NA,NA,NA,NA,NA
2024,320420373,NA,NA,NA,NA,NA,NA
2024,320420374,NA,NA,NA,NA,NA,NA
2024,320420375,NA,NA,NA,NA,NA,NA
2024,320420376,NA,NA,NA,NA,NA,NA
2024,320420377,NA,NA,NA,NA,NA,NA
2024,320420378,NA,NA,NA,NA,NA,NA
2024,320420379,NA,NA,NA,NA,NA,NA
2024,320420380,NA,NA,NA,NA,NA,NA
2024,320420381,NA,NA,NA,NA,NA,NA
2024,320420382,NA,NA,NA,NA,NA,NA
2024,320420383,NA,NA,NA,NA,NA,NA
2024,320420384,NA,NA,NA,NA,NA,NA
2024,320420385,NA,NA,NA,NA,NA,NA
2024,320420386,NA,NA,NA,NA,NA,NA
2024,320420387,NA,NA,NA,NA,NA,NA
2024,320420388,NA,NA,NA,NA,NA,NA
2024,320420389,NA,NA,NA,NA,NA,NA
2024,320420390,NA,NA,NA,NA,NA,NA
2024,320420391,NA,NA,NA,NA,NA,NA
2024,320420392,NA,NA,NA,NA,NA,NA
2024,320430001,NA,NA,NA,NA,NA,NA
2024,320430003,NA,NA,NA,NA,NA,NA
2024,320430004,NA,NA,NA,NA,NA,NA
2024,320430005,NA,NA,NA,NA,NA,NA
2024,320430006,NA,NA,NA,NA,NA,NA
2024,320430008,NA,NA,NA,NA,NA,NA
2024,320430009,NA,NA,NA,NA,NA,NA
2024,320430011,NA,NA,NA,NA,NA,NA
2024,320430013,NA,NA,NA,NA,NA,NA
2024,320430014,NA,NA,NA,NA,NA,NA
2024,320430015,NA,NA,NA,NA,NA,NA
2024,320430016,NA,NA,NA,NA,NA,NA
2024,320430017,NA,NA,NA,NA,NA,NA
2024,320430018,NA,NA,NA,NA,NA,NA
2024,320430019,NA,NA,NA,NA,NA,NA
2024,320430020,NA,NA,NA,NA,NA,NA
2024,320430021,NA,NA,NA,NA,NA,NA
2024,320460001,NA,NA,NA,NA,NA,NA
2024,320460002,NA,NA,NA,NA,NA,NA
2024,320460003,NA,NA,NA,NA,NA,NA
2024,320460004,NA,NA,NA,NA,NA,NA
2024,320460005,NA,NA,NA,NA,NA,NA
2024,320460006,NA,NA,NA,NA,NA,NA
2024,320460007,NA,NA,NA,NA,NA,NA
2024,320460008,NA,NA,NA,NA,NA,NA
2024,320460009,NA,NA,NA,NA,NA,NA
2024,320460010,NA,NA,NA,NA,NA,NA
2024,320460011,NA,NA,NA,NA,NA,NA
2024,320460013,NA,NA,NA,NA,NA,NA
2024,320460014,NA,NA,NA,NA,NA,NA
2024,320460015,NA,NA,NA,NA,NA,NA
2024,320460017,NA,NA,NA,NA,NA,NA
2024,320460018,NA,NA,NA,NA,NA,NA
2024,320460020,NA,NA,NA,NA,NA,NA
2024,320460021,NA,NA,NA,NA,NA,NA
2024,320460022,NA,NA,NA,NA,NA,NA
2024,320460023,NA,NA,NA,NA,NA,NA
2024,320460024,NA,NA,NA,NA,NA,NA
2024,320460025,NA,NA,NA,NA,NA,NA
2024,320460026,NA,NA,NA,NA,NA,NA
2024,320460027,NA,NA,NA,NA,NA,NA
2024,320460028,NA,NA,NA,NA,NA,NA
2024,320460029,NA,NA,NA,NA,NA,NA
2024,320460030,NA,NA,NA,NA,NA,NA
2024,320460035,NA,NA,NA,NA,NA,NA
2024,320460036,NA,NA,NA,NA,NA,NA
2024,320460037,NA,NA,NA,NA,NA,NA
2024,320460038,NA,NA,NA,NA,NA,NA
2024,320460039,NA,NA,NA,NA,NA,NA
2024,320460040,NA,NA,NA,NA,NA,NA
2024,320460042,NA,NA,NA,NA,NA,NA
2024,320460043,NA,NA,NA,NA,NA,NA
2024,320460045,NA,NA,NA,NA,NA,NA
2024,320460046,NA,NA,NA,NA,NA,NA
2024,320460047,NA,NA,NA,NA,NA,NA
2024,320460049,NA,NA,NA,NA,NA,NA
2024,320460051,NA,NA,NA,NA,NA,NA
2024,320460052,NA,NA,NA,NA,NA,NA
2024,320460053,NA,NA,NA,NA,NA,NA
2024,320460055,NA,NA,NA,NA,NA,NA
2024,320460056,NA,NA,NA,NA,NA,NA
2024,320460057,NA,NA,NA,NA,NA,NA
2024,320460059,NA,NA,NA,NA,NA,NA
2024,320460062,NA,NA,NA,NA,NA,NA
2024,320460067,NA,NA,NA,NA,NA,NA
2024,320460068,NA,NA,NA,NA,NA,NA
2024,320460072,NA,NA,NA,NA,NA,NA
2024,320460073,NA,NA,NA,NA,NA,NA
2024,320460078,NA,NA,NA,NA,NA,NA
2024,320460079,NA,NA,NA,NA,NA,NA
2024,320460080,NA,NA,NA,NA,NA,NA
2024,320460082,NA,NA,NA,NA,NA,NA
2024,320460083,NA,NA,NA,NA,NA,NA
2024,320460084,NA,NA,NA,NA,NA,NA
2024,320460085,NA,NA,NA,NA,NA,NA
2024,320460086,NA,NA,NA,NA,NA,NA
2024,320460087,NA,NA,NA,NA,NA,NA
2024,320460088,NA,NA,NA,NA,NA,NA
2024,320460089,NA,NA,NA,NA,NA,NA
2024,320460090,NA,NA,NA,NA,NA,NA
2024,320460091,NA,NA,NA,NA,NA,NA
2024,320460092,NA,NA,NA,NA,NA,NA
2024,320460093,NA,NA,NA,NA,NA,NA
2024,320460094,NA,NA,NA,NA,NA,NA
2024,320460095,NA,NA,NA,NA,NA,NA
2024,320460096,NA,NA,NA,NA,NA,NA
2024,320460097,NA,NA,NA,NA,NA,NA
2024,320460098,NA,NA,NA,NA,NA,NA
2024,320460099,NA,NA,NA,NA,NA,NA
2024,320460100,NA,NA,NA,NA,NA,NA
2024,320460101,NA,NA,NA,NA,NA,NA
2024,320460102,NA,NA,NA,NA,NA,NA
2024,320460103,NA,NA,NA,NA,NA,NA
2024,320460104,NA,NA,NA,NA,NA,NA
2024,320460105,NA,NA,NA,NA,NA,NA
2024,320460106,NA,NA,NA,NA,NA,NA
2024,320460107,NA,NA,NA,NA,NA,NA
2024,320460108,NA,NA,NA,NA,NA,NA
2024,320460109,NA,NA,NA,NA,NA,NA
2024,320460110,NA,NA,NA,NA,NA,NA
2024,320460111,NA,NA,NA,NA,NA,NA
2024,320460112,NA,NA,NA,NA,NA,NA
2024,320490001,NA,NA,NA,NA,NA,NA
2024,320490002,NA,NA,NA,NA,NA,NA
2024,320490003,NA,NA,NA,NA,NA,NA
2024,320490004,NA,NA,NA,NA,NA,NA
2024,320490007,NA,NA,NA,NA,NA,NA
2024,320490010,NA,NA,NA,NA,NA,NA
2024,320490011,NA,NA,NA,NA,NA,NA
2024,320490012,NA,NA,NA,NA,NA,NA
2024,320490013,NA,NA,NA,NA,NA,NA
2024,320490015,NA,NA,NA,NA,NA,NA
2024,320490016,NA,NA,NA,NA,NA,NA
2024,320490017,NA,NA,NA,NA,NA,NA
2024,320490018,NA,NA,NA,NA,NA,NA
2024,320490020,NA,NA,NA,NA,NA,NA
2024,320490021,NA,NA,NA,NA,NA,NA
2024,320490022,NA,NA,NA,NA,NA,NA
2024,320490023,NA,NA,NA,NA,NA,NA
2024,320490025,NA,NA,NA,NA,NA,NA
2024,320490026,NA,NA,NA,NA,NA,NA
2024,320490027,NA,NA,NA,NA,NA,NA
2024,320490028,NA,NA,NA,NA,NA,NA
2024,320490029,NA,NA,NA,NA,NA,NA
2024,320490030,NA,NA,NA,NA,NA,NA
2024,320490031,NA,NA,NA,NA,NA,NA
2024,320490033,NA,NA,NA,NA,NA,NA
2024,320490035,NA,NA,NA,NA,NA,NA
2024,320490036,NA,NA,NA,NA,NA,NA
2024,320490037,NA,NA,NA,NA,NA,NA
2024,320490038,NA,NA,NA,NA,NA,NA
2024,320490039,NA,NA,NA,NA,NA,NA
2024,320490040,NA,NA,NA,NA,NA,NA
2024,320490041,NA,NA,NA,NA,NA,NA
2024,320490042,NA,NA,NA,NA,NA,NA
2024,320490043,NA,NA,NA,NA,NA,NA
2024,320490044,NA,NA,NA,NA,NA,NA
2024,320490045,NA,NA,NA,NA,NA,NA
2024,320490046,NA,NA,NA,NA,NA,NA
2024,320490047,NA,NA,NA,NA,NA,NA
2024,320490048,NA,NA,NA,NA,NA,NA
2024,320490049,NA,NA,NA,NA,NA,NA
2024,320490050,NA,NA,NA,NA,NA,NA
2024,320490051,NA,NA,NA,NA,NA,NA
2024,320490052,NA,NA,NA,NA,NA,NA
2024,320490053,NA,NA,NA,NA,NA,NA
2024,320490054,NA,NA,NA,NA,NA,NA
2024,320490055,NA,NA,NA,NA,NA,NA
2024,320490056,NA,NA,NA,NA,NA,NA
2024,320490059,NA,NA,NA,NA,NA,NA
2024,320490060,NA,NA,NA,NA,NA,NA
2024,320490061,NA,NA,NA,NA,NA,NA
2024,320490062,NA,NA,NA,NA,NA,NA
2024,320490063,NA,NA,NA,NA,NA,NA
2024,320490064,NA,NA,NA,NA,NA,NA
2024,320490065,NA,NA,NA,NA,NA,NA
2024,320490066,NA,NA,NA,NA,NA,NA
2024,320490067,NA,NA,NA,NA,NA,NA
2024,320490068,NA,NA,NA,NA,NA,NA
2024,320490069,NA,NA,NA,NA,NA,NA
2024,320490070,NA,NA,NA,NA,NA,NA
2024,320490071,NA,NA,NA,NA,NA,NA
2024,320490072,NA,NA,NA,NA,NA,NA
2024,320490073,NA,NA,NA,NA,NA,NA
2024,320490074,NA,NA,NA,NA,NA,NA
2024,320490075,NA,NA,NA,NA,NA,NA
2024,320490076,NA,NA,NA,NA,NA,NA
2024,320490077,NA,NA,NA,NA,NA,NA
2024,320490078,NA,NA,NA,NA,NA,NA
2024,320490080,NA,NA,NA,NA,NA,NA
2024,320490081,NA,NA,NA,NA,NA,NA
2024,320490082,NA,NA,NA,NA,NA,NA
2024,320490083,NA,NA,NA,NA,NA,NA
2024,320490084,NA,NA,NA,NA,NA,NA
2024,320490085,NA,NA,NA,NA,NA,NA
2024,320490086,NA,NA,NA,NA,NA,NA
2024,320490087,NA,NA,NA,NA,NA,NA
2024,320490088,NA,NA,NA,NA,NA,NA
2024,320490089,NA,NA,NA,NA,NA,NA
2024,320490090,NA,NA,NA,NA,NA,NA
2024,320490091,NA,NA,NA,NA,NA,NA
2024,320490092,NA,NA,NA,NA,NA,NA
2024,320490093,NA,NA,NA,NA,NA,NA
2024,320490094,NA,NA,NA,NA,NA,NA
2024,320490095,NA,NA,NA,NA,NA,NA
2024,320490096,NA,NA,NA,NA,NA,NA
2024,320490097,NA,NA,NA,NA,NA,NA
2024,320490098,NA,NA,NA,NA,NA,NA
2024,320490099,NA,NA,NA,NA,NA,NA
2024,320490101,NA,NA,NA,NA,NA,NA
2024,320490104,NA,NA,NA,NA,NA,NA
2024,320490106,NA,NA,NA,NA,NA,NA
2024,320490107,NA,NA,NA,NA,NA,NA
2024,320490108,NA,NA,NA,NA,NA,NA
2024,320490109,NA,NA,NA,NA,NA,NA
2024,320490110,NA,NA,NA,NA,NA,NA
2024,320490111,NA,NA,NA,NA,NA,NA
2024,320490112,NA,NA,NA,NA,NA,NA
2024,320490113,NA,NA,NA,NA,NA,NA
2024,320490114,NA,NA,NA,NA,NA,NA
2024,320490115,NA,NA,NA,NA,NA,NA
2024,320490118,NA,NA,NA,NA,NA,NA
2024,320490119,NA,NA,NA,NA,NA,NA
2024,320490120,NA,NA,NA,NA,NA,NA
2024,320490121,NA,NA,NA,NA,NA,NA
2024,320490123,NA,NA,NA,NA,NA,NA
2024,320490124,NA,NA,NA,NA,NA,NA
2024,320490125,NA,NA,NA,NA,NA,NA
2024,320490126,NA,NA,NA,NA,NA,NA
2024,320490127,NA,NA,NA,NA,NA,NA
2024,320490129,NA,NA,NA,NA,NA,NA
2024,320490130,NA,NA,NA,NA,NA,NA
2024,320490131,NA,NA,NA,NA,NA,NA
2024,320490132,NA,NA,NA,NA,NA,NA
2024,320490133,NA,NA,NA,NA,NA,NA
2024,320490134,NA,NA,NA,NA,NA,NA
2024,320490135,NA,NA,NA,NA,NA,NA
2024,320490136,NA,NA,NA,NA,NA,NA
2024,320490138,NA,NA,NA,NA,NA,NA
2024,320490139,NA,NA,NA,NA,NA,NA
2024,320490140,NA,NA,NA,NA,NA,NA
2024,320490141,NA,NA,NA,NA,NA,NA
2024,320490142,NA,NA,NA,NA,NA,NA
2024,320490144,NA,NA,NA,NA,NA,NA
2024,320490145,NA,NA,NA,NA,NA,NA
2024,320490147,NA,NA,NA,NA,NA,NA
2024,320490148,NA,NA,NA,NA,NA,NA
2024,320490149,NA,NA,NA,NA,NA,NA
2024,320490150,NA,NA,NA,NA,NA,NA
2024,320490151,NA,NA,NA,NA,NA,NA
2024,320490152,NA,NA,NA,NA,NA,NA
2024,320490153,NA,NA,NA,NA,NA,NA
2024,320490154,NA,NA,NA,NA,NA,NA
2024,320490156,NA,NA,NA,NA,NA,NA
2024,320490157,NA,NA,NA,NA,NA,NA
2024,320490158,NA,NA,NA,NA,NA,NA
2024,320490159,NA,NA,NA,NA,NA,NA
2024,320490160,NA,NA,NA,NA,NA,NA
2024,320490163,NA,NA,NA,NA,NA,NA
2024,320490164,NA,NA,NA,NA,NA,NA
2024,320490165,NA,NA,NA,NA,NA,NA
2024,320490166,NA,NA,NA,NA,NA,NA
2024,320490167,NA,NA,NA,NA,NA,NA
2024,320490168,NA,NA,NA,NA,NA,NA
2024,320490175,NA,NA,NA,NA,NA,NA
2024,320490176,NA,NA,NA,NA,NA,NA
2024,320490177,NA,NA,NA,NA,NA,NA
2024,320490178,NA,NA,NA,NA,NA,NA
2024,320490179,NA,NA,NA,NA,NA,NA
2024,320490180,NA,NA,NA,NA,NA,NA
2024,320490182,NA,NA,NA,NA,NA,NA
2024,320490183,NA,NA,NA,NA,NA,NA
2024,320490184,NA,NA,NA,NA,NA,NA
2024,320490186,NA,NA,NA,NA,NA,NA
2024,320490187,NA,NA,NA,NA,NA,NA
2024,320490188,NA,NA,NA,NA,NA,NA
2024,320490189,NA,NA,NA,NA,NA,NA
2024,320490190,NA,NA,NA,NA,NA,NA
2024,320490192,NA,NA,NA,NA,NA,NA
2024,320490193,NA,NA,NA,NA,NA,NA
2024,320490194,NA,NA,NA,NA,NA,NA
2024,320490195,NA,NA,NA,NA,NA,NA
2024,320490196,NA,NA,NA,NA,NA,NA
2024,320490198,NA,NA,NA,NA,NA,NA
2024,320490199,NA,NA,NA,NA,NA,NA
2024,320490200,NA,NA,NA,NA,NA,NA
2024,320490201,NA,NA,NA,NA,NA,NA
2024,320490202,NA,NA,NA,NA,NA,NA
2024,320490204,NA,NA,NA,NA,NA,NA
2024,320490206,NA,NA,NA,NA,NA,NA
2024,320490207,NA,NA,NA,NA,NA,NA
2024,320490208,NA,NA,NA,NA,NA,NA
2024,320490209,NA,NA,NA,NA,NA,NA
2024,320490210,NA,NA,NA,NA,NA,NA
2024,320490212,NA,NA,NA,NA,NA,NA
2024,320490214,NA,NA,NA,NA,NA,NA
2024,320490215,NA,NA,NA,NA,NA,NA
2024,320490217,NA,NA,NA,NA,NA,NA
2024,320490219,NA,NA,NA,NA,NA,NA
2024,320490221,NA,NA,NA,NA,NA,NA
2024,320490222,NA,NA,NA,NA,NA,NA
2024,320490223,NA,NA,NA,NA,NA,NA
2024,320490224,NA,NA,NA,NA,NA,NA
2024,320490225,NA,NA,NA,NA,NA,NA
2024,320490227,NA,NA,NA,NA,NA,NA
2024,320490231,NA,NA,NA,NA,NA,NA
2024,320490232,NA,NA,NA,NA,NA,NA
2024,320490233,NA,NA,NA,NA,NA,NA
2024,320490234,NA,NA,NA,NA,NA,NA
2024,320490235,NA,NA,NA,NA,NA,NA
2024,320490236,NA,NA,NA,NA,NA,NA
2024,320490237,NA,NA,NA,NA,NA,NA
2024,320490239,NA,NA,NA,NA,NA,NA
2024,320490240,NA,NA,NA,NA,NA,NA
2024,320490243,NA,NA,NA,NA,NA,NA
2024,320490244,NA,NA,NA,NA,NA,NA
2024,320490245,NA,NA,NA,NA,NA,NA
2024,320490246,NA,NA,NA,NA,NA,NA
2024,320490247,NA,NA,NA,NA,NA,NA
2024,320490252,NA,NA,NA,NA,NA,NA
2024,320490253,NA,NA,NA,NA,NA,NA
2024,320490256,NA,NA,NA,NA,NA,NA
2024,320490258,NA,NA,NA,NA,NA,NA
2024,320490261,NA,NA,NA,NA,NA,NA
2024,320490262,NA,NA,NA,NA,NA,NA
2024,320490263,NA,NA,NA,NA,NA,NA
2024,320490266,NA,NA,NA,NA,NA,NA
2024,320490267,NA,NA,NA,NA,NA,NA
2024,320490268,NA,NA,NA,NA,NA,NA
2024,320490269,NA,NA,NA,NA,NA,NA
2024,320490273,NA,NA,NA,NA,NA,NA
2024,320490275,NA,NA,NA,NA,NA,NA
2024,320490276,NA,NA,NA,NA,NA,NA
2024,320490277,NA,NA,NA,NA,NA,NA
2024,320490278,NA,NA,NA,NA,NA,NA
2024,320490279,NA,NA,NA,NA,NA,NA
2024,320490280,NA,NA,NA,NA,NA,NA
2024,320490281,NA,NA,NA,NA,NA,NA
2024,320490282,NA,NA,NA,NA,NA,NA
2024,320490284,NA,NA,NA,NA,NA,NA
2024,320490285,NA,NA,NA,NA,NA,NA
2024,320490286,NA,NA,NA,NA,NA,NA
2024,320490287,NA,NA,NA,NA,NA,NA
2024,320490288,NA,NA,NA,NA,NA,NA
2024,320490290,NA,NA,NA,NA,NA,NA
2024,320490292,NA,NA,NA,NA,NA,NA
2024,320490294,NA,NA,NA,NA,NA,NA
2024,320490295,NA,NA,NA,NA,NA,NA
2024,320490296,NA,NA,NA,NA,NA,NA
2024,320490300,NA,NA,NA,NA,NA,NA
2024,320490302,NA,NA,NA,NA,NA,NA
2024,320490305,NA,NA,NA,NA,NA,NA
2024,320490308,NA,NA,NA,NA,NA,NA
2024,320490311,NA,NA,NA,NA,NA,NA
2024,320490312,NA,NA,NA,NA,NA,NA
2024,320490313,NA,NA,NA,NA,NA,NA
2024,320490315,NA,NA,NA,NA,NA,NA
2024,320490319,NA,NA,NA,NA,NA,NA
2024,320490321,NA,NA,NA,NA,NA,NA
2024,320490324,NA,NA,NA,NA,NA,NA
2024,320490325,NA,NA,NA,NA,NA,NA
2024,320490326,NA,NA,NA,NA,NA,NA
2024,320490327,NA,NA,NA,NA,NA,NA
2024,320490330,NA,NA,NA,NA,NA,NA
2024,320490331,NA,NA,NA,NA,NA,NA
2024,320490332,NA,NA,NA,NA,NA,NA
2024,320490334,NA,NA,NA,NA,NA,NA
2024,320490335,NA,NA,NA,NA,NA,NA
2024,320490336,NA,NA,NA,NA,NA,NA
2024,320490338,NA,NA,NA,NA,NA,NA
2024,320490339,NA,NA,NA,NA,NA,NA
2024,320490340,NA,NA,NA,NA,NA,NA
2024,320490341,NA,NA,NA,NA,NA,NA
2024,320490342,NA,NA,NA,NA,NA,NA
2024,320490343,NA,NA,NA,NA,NA,NA
2024,320490344,NA,NA,NA,NA,NA,NA
2024,320490350,NA,NA,NA,NA,NA,NA
2024,320490354,NA,NA,NA,NA,NA,NA
2024,320490355,NA,NA,NA,NA,NA,NA
2024,320490356,NA,NA,NA,NA,NA,NA
2024,320490358,NA,NA,NA,NA,NA,NA
2024,320490359,NA,NA,NA,NA,NA,NA
2024,320490360,NA,NA,NA,NA,NA,NA
2024,320490361,NA,NA,NA,NA,NA,NA
2024,320490362,NA,NA,NA,NA,NA,NA
2024,320490364,NA,NA,NA,NA,NA,NA
2024,320490365,NA,NA,NA,NA,NA,NA
2024,320490366,NA,NA,NA,NA,NA,NA
2024,320490367,NA,NA,NA,NA,NA,NA
2024,320490368,NA,NA,NA,NA,NA,NA
2024,320490369,NA,NA,NA,NA,NA,NA
2024,320490371,NA,NA,NA,NA,NA,NA
2024,320490372,NA,NA,NA,NA,NA,NA
2024,320490373,NA,NA,NA,NA,NA,NA
2024,320490374,NA,NA,NA,NA,NA,NA
2024,320490375,NA,NA,NA,NA,NA,NA
2024,320490376,NA,NA,NA,NA,NA,NA
2024,320490377,NA,NA,NA,NA,NA,NA
2024,320490379,NA,NA,NA,NA,NA,NA
2024,320490381,NA,NA,NA,NA,NA,NA
2024,320490382,NA,NA,NA,NA,NA,NA
2024,320490384,NA,NA,NA,NA,NA,NA
2024,320490387,NA,NA,NA,NA,NA,NA
2024,320490389,NA,NA,NA,NA,NA,NA
2024,320490391,NA,NA,NA,NA,NA,NA
2024,320490392,NA,NA,NA,NA,NA,NA
2024,320490395,NA,NA,NA,NA,NA,NA
2024,320490397,NA,NA,NA,NA,NA,NA
2024,320490398,NA,NA,NA,NA,NA,NA
2024,320490399,NA,NA,NA,NA,NA,NA
2024,320490400,NA,NA,NA,NA,NA,NA
2024,320490401,NA,NA,NA,NA,NA,NA
2024,320490402,NA,NA,NA,NA,NA,NA
2024,320490403,NA,NA,NA,NA,NA,NA
2024,320490404,NA,NA,NA,NA,NA,NA
2024,320490405,NA,NA,NA,NA,NA,NA
2024,320490406,NA,NA,NA,NA,NA,NA
2024,320490407,NA,NA,NA,NA,NA,NA
2024,320490412,NA,NA,NA,NA,NA,NA
2024,320490413,NA,NA,NA,NA,NA,NA
2024,320490414,NA,NA,NA,NA,NA,NA
2024,320490416,NA,NA,NA,NA,NA,NA
2024,320490417,NA,NA,NA,NA,NA,NA
2024,320490420,NA,NA,NA,NA,NA,NA
2024,320490421,NA,NA,NA,NA,NA,NA
2024,320490422,NA,NA,NA,NA,NA,NA
2024,320490423,NA,NA,NA,NA,NA,NA
2024,320490424,NA,NA,NA,NA,NA,NA
2024,320490426,NA,NA,NA,NA,NA,NA
2024,320490427,NA,NA,NA,NA,NA,NA
2024,320490428,NA,NA,NA,NA,NA,NA
2024,320490429,NA,NA,NA,NA,NA,NA
2024,320490430,NA,NA,NA,NA,NA,NA
2024,320490434,NA,NA,NA,NA,NA,NA
2024,320490435,NA,NA,NA,NA,NA,NA
2024,320490436,NA,NA,NA,NA,NA,NA
2024,320490437,NA,NA,NA,NA,NA,NA
2024,320490441,NA,NA,NA,NA,NA,NA
2024,320490442,NA,NA,NA,NA,NA,NA
2024,320490444,NA,NA,NA,NA,NA,NA
2024,320490445,NA,NA,NA,NA,NA,NA
2024,320490446,NA,NA,NA,NA,NA,NA
2024,320490447,NA,NA,NA,NA,NA,NA
2024,320490448,NA,NA,NA,NA,NA,NA
2024,320490449,NA,NA,NA,NA,NA,NA
2024,320490453,NA,NA,NA,NA,NA,NA
2024,320490454,NA,NA,NA,NA,NA,NA
2024,320490456,NA,NA,NA,NA,NA,NA
2024,320490457,NA,NA,NA,NA,NA,NA
2024,320490459,NA,NA,NA,NA,NA,NA
2024,320490460,NA,NA,NA,NA,NA,NA
2024,320490461,NA,NA,NA,NA,NA,NA
2024,320490462,NA,NA,NA,NA,NA,NA
2024,320490463,NA,NA,NA,NA,NA,NA
2024,320490464,NA,NA,NA,NA,NA,NA
2024,320490465,NA,NA,NA,NA,NA,NA
2024,320490466,NA,NA,NA,NA,NA,NA
2024,320490467,NA,NA,NA,NA,NA,NA
2024,320490470,NA,NA,NA,NA,NA,NA
2024,320490472,NA,NA,NA,NA,NA,NA
2024,320490473,NA,NA,NA,NA,NA,NA
2024,320490474,NA,NA,NA,NA,NA,NA
2024,320490476,NA,NA,NA,NA,NA,NA
2024,320490477,NA,NA,NA,NA,NA,NA
2024,320490479,NA,NA,NA,NA,NA,NA
2024,320490480,NA,NA,NA,NA,NA,NA
2024,320490481,NA,NA,NA,NA,NA,NA
2024,320490482,NA,NA,NA,NA,NA,NA
2024,320490484,NA,NA,NA,NA,NA,NA
2024,320490485,NA,NA,NA,NA,NA,NA
2024,320490487,NA,NA,NA,NA,NA,NA
2024,320490488,NA,NA,NA,NA,NA,NA
2024,320490489,NA,NA,NA,NA,NA,NA
2024,320490490,NA,NA,NA,NA,NA,NA
2024,320490491,NA,NA,NA,NA,NA,NA
2024,320490493,NA,NA,NA,NA,NA,NA
2024,320490494,NA,NA,NA,NA,NA,NA
2024,320490495,NA,NA,NA,NA,NA,NA
2024,320490496,NA,NA,NA,NA,NA,NA
2024,320490497,NA,NA,NA,NA,NA,NA
2024,320490498,NA,NA,NA,NA,NA,NA
2024,320490499,NA,NA,NA,NA,NA,NA
2024,320490500,NA,NA,NA,NA,NA,NA
2024,320490501,NA,NA,NA,NA,NA,NA
2024,320490502,NA,NA,NA,NA,NA,NA
2024,320490504,NA,NA,NA,NA,NA,NA
2024,320490505,NA,NA,NA,NA,NA,NA
2024,320490506,NA,NA,NA,NA,NA,NA
2024,320490507,NA,NA,NA,NA,NA,NA
2024,320490508,NA,NA,NA,NA,NA,NA
2024,320490509,NA,NA,NA,NA,NA,NA
2024,320490510,NA,NA,NA,NA,NA,NA
2024,320490511,NA,NA,NA,NA,NA,NA
2024,320490512,NA,NA,NA,NA,NA,NA
2024,320490513,NA,NA,NA,NA,NA,NA
2024,320490514,NA,NA,NA,NA,NA,NA
2024,320490515,NA,NA,NA,NA,NA,NA
2024,320490516,NA,NA,NA,NA,NA,NA
2024,320490517,NA,NA,NA,NA,NA,NA
2024,320490518,NA,NA,NA,NA,NA,NA
2024,320490519,NA,NA,NA,NA,NA,NA
2024,320490520,NA,NA,NA,NA,NA,NA
2024,320490521,NA,NA,NA,NA,NA,NA
2024,320490522,NA,NA,NA,NA,NA,NA
2024,320490523,NA,NA,NA,NA,NA,NA
2024,320490524,NA,NA,NA,NA,NA,NA
2024,320490525,NA,NA,NA,NA,NA,NA
2024,320490526,NA,NA,NA,NA,NA,NA
2024,320490527,NA,NA,NA,NA,NA,NA
2024,320490528,NA,NA,NA,NA,NA,NA
2024,320490529,NA,NA,NA,NA,NA,NA
2024,320490530,NA,NA,NA,NA,NA,NA
2024,320490531,NA,NA,NA,NA,NA,NA
2024,320490532,NA,NA,NA,NA,NA,NA
2024,320490533,NA,NA,NA,NA,NA,NA
2024,320490534,NA,NA,NA,NA,NA,NA
2024,320490535,NA,NA,NA,NA,NA,NA
2024,320490537,NA,NA,NA,NA,NA,NA
2024,320490538,NA,NA,NA,NA,NA,NA
2024,320490539,NA,NA,NA,NA,NA,NA
2024,320490540,NA,NA,NA,NA,NA,NA
2024,320490541,NA,NA,NA,NA,NA,NA
2024,320490542,NA,NA,NA,NA,NA,NA
2024,320490543,NA,NA,NA,NA,NA,NA
2024,320490544,NA,NA,NA,NA,NA,NA
2024,320490545,NA,NA,NA,NA,NA,NA
2024,320490546,NA,NA,NA,NA,NA,NA
2024,320490547,NA,NA,NA,NA,NA,NA
2024,320490548,NA,NA,NA,NA,NA,NA
2024,320490549,NA,NA,NA,NA,NA,NA
2024,320490550,NA,NA,NA,NA,NA,NA
2024,320490551,NA,NA,NA,NA,NA,NA
2024,320490552,NA,NA,NA,NA,NA,NA
2024,320490553,NA,NA,NA,NA,NA,NA
2024,320490555,NA,NA,NA,NA,NA,NA
2024,320490556,NA,NA,NA,NA,NA,NA
2024,320490557,NA,NA,NA,NA,NA,NA
2024,320490558,NA,NA,NA,NA,NA,NA
2024,320490559,NA,NA,NA,NA,NA,NA
2024,320490560,NA,NA,NA,NA,NA,NA
2024,320490561,NA,NA,NA,NA,NA,NA
2024,320490562,NA,NA,NA,NA,NA,NA
2024,320490563,NA,NA,NA,NA,NA,NA
2024,320490564,NA,NA,NA,NA,NA,NA
2024,320490565,NA,NA,NA,NA,NA,NA
2024,320490566,NA,NA,NA,NA,NA,NA
2024,320490567,NA,NA,NA,NA,NA,NA
2024,320490568,NA,NA,NA,NA,NA,NA
2024,320490570,NA,NA,NA,NA,NA,NA
2024,320490571,NA,NA,NA,NA,NA,NA
2024,320490573,NA,NA,NA,NA,NA,NA
2024,320490574,NA,NA,NA,NA,NA,NA
2024,320490575,NA,NA,NA,NA,NA,NA
2024,320490576,NA,NA,NA,NA,NA,NA
2024,320490577,NA,NA,NA,NA,NA,NA
2024,320490578,NA,NA,NA,NA,NA,NA
2024,320490579,NA,NA,NA,NA,NA,NA
2024,320490580,NA,NA,NA,NA,NA,NA
2024,320490581,NA,NA,NA,NA,NA,NA
2024,320490582,NA,NA,NA,NA,NA,NA
2024,320490583,NA,NA,NA,NA,NA,NA
2024,320490584,NA,NA,NA,NA,NA,NA
2024,320490585,NA,NA,NA,NA,NA,NA
2024,320490586,NA,NA,NA,NA,NA,NA
2024,320490587,NA,NA,NA,NA,NA,NA
2024,320490590,NA,NA,NA,NA,NA,NA
2024,320490591,NA,NA,NA,NA,NA,NA
2024,320490592,NA,NA,NA,NA,NA,NA
2024,320490593,NA,NA,NA,NA,NA,NA
2024,320490594,NA,NA,NA,NA,NA,NA
2024,320490595,NA,NA,NA,NA,NA,NA
2024,320490596,NA,NA,NA,NA,NA,NA
2024,320490597,NA,NA,NA,NA,NA,NA
2024,320490598,NA,NA,NA,NA,NA,NA
2024,320490599,NA,NA,NA,NA,NA,NA
2024,320490600,NA,NA,NA,NA,NA,NA
2024,320490601,NA,NA,NA,NA,NA,NA
2024,320490602,NA,NA,NA,NA,NA,NA
2024,320490603,NA,NA,NA,NA,NA,NA
2024,320490604,NA,NA,NA,NA,NA,NA
2024,320490605,NA,NA,NA,NA,NA,NA
2024,320490606,NA,NA,NA,NA,NA,NA
2024,320490607,NA,NA,NA,NA,NA,NA
2024,320490608,NA,NA,NA,NA,NA,NA
2024,320490609,NA,NA,NA,NA,NA,NA
2024,320490610,NA,NA,NA,NA,NA,NA
2024,320490611,NA,NA,NA,NA,NA,NA
2024,320490612,NA,NA,NA,NA,NA,NA
2024,320490613,NA,NA,NA,NA,NA,NA
2024,320490614,NA,NA,NA,NA,NA,NA
2024,320490615,NA,NA,NA,NA,NA,NA
2024,320490616,NA,NA,NA,NA,NA,NA
2024,320490617,NA,NA,NA,NA,NA,NA
2024,320490618,NA,NA,NA,NA,NA,NA
2024,320490619,NA,NA,NA,NA,NA,NA
2024,320490620,NA,NA,NA,NA,NA,NA
2024,320490621,NA,NA,NA,NA,NA,NA
2024,320490622,NA,NA,NA,NA,NA,NA
2024,320490623,NA,NA,NA,NA,NA,NA
2024,320490624,NA,NA,NA,NA,NA,NA
2024,320490625,NA,NA,NA,NA,NA,NA
2024,320490626,NA,NA,NA,NA,NA,NA
2024,320490627,NA,NA,NA,NA,NA,NA
2024,320490628,NA,NA,NA,NA,NA,NA
2024,320490629,NA,NA,NA,NA,NA,NA
2024,320490630,NA,NA,NA,NA,NA,NA
2024,320490631,NA,NA,NA,NA,NA,NA
2024,320490632,NA,NA,NA,NA,NA,NA
2024,320490633,NA,NA,NA,NA,NA,NA
2024,320490634,NA,NA,NA,NA,NA,NA
2024,320490635,NA,NA,NA,NA,NA,NA
2024,320490636,NA,NA,NA,NA,NA,NA
2024,320490637,NA,NA,NA,NA,NA,NA
2024,320490638,NA,NA,NA,NA,NA,NA
2024,320490639,NA,NA,NA,NA,NA,NA
2024,320490640,NA,NA,NA,NA,NA,NA
2024,320490641,NA,NA,NA,NA,NA,NA
2024,320490642,NA,NA,NA,NA,NA,NA
2024,320490643,NA,NA,NA,NA,NA,NA
2024,320490644,NA,NA,NA,NA,NA,NA
2024,320490645,NA,NA,NA,NA,NA,NA
2024,320500001,NA,NA,NA,NA,NA,NA
2024,320500003,NA,NA,NA,NA,NA,NA
2024,320500005,NA,NA,NA,NA,NA,NA
2024,320500006,NA,NA,NA,NA,NA,NA
2024,320500008,NA,NA,NA,NA,NA,NA
2024,320500009,NA,NA,NA,NA,NA,NA
2024,320500010,NA,NA,NA,NA,NA,NA
2024,320500011,NA,NA,NA,NA,NA,NA
2024,320500013,NA,NA,NA,NA,NA,NA
2024,320500014,NA,NA,NA,NA,NA,NA
2024,320500015,NA,NA,NA,NA,NA,NA
2024,320500017,NA,NA,NA,NA,NA,NA
2024,320500018,NA,NA,NA,NA,NA,NA
2024,320500019,NA,NA,NA,NA,NA,NA
2024,320500020,NA,NA,NA,NA,NA,NA
2024,320500021,NA,NA,NA,NA,NA,NA
2024,320500022,NA,NA,NA,NA,NA,NA
2024,320500023,NA,NA,NA,NA,NA,NA
2024,320500024,NA,NA,NA,NA,NA,NA
2024,320500025,NA,NA,NA,NA,NA,NA
2024,320510001,NA,NA,NA,NA,NA,NA
2024,320510002,NA,NA,NA,NA,NA,NA
2024,320510003,NA,NA,NA,NA,NA,NA
2024,320510004,NA,NA,NA,NA,NA,NA
2024,320510005,NA,NA,NA,NA,NA,NA
2024,320510007,NA,NA,NA,NA,NA,NA
2024,320510008,NA,NA,NA,NA,NA,NA
2024,320510009,NA,NA,NA,NA,NA,NA
2024,320510012,NA,NA,NA,NA,NA,NA
2024,320510013,NA,NA,NA,NA,NA,NA
2024,320510015,NA,NA,NA,NA,NA,NA
2024,320510016,NA,NA,NA,NA,NA,NA
2024,320510017,NA,NA,NA,NA,NA,NA
2024,320510018,NA,NA,NA,NA,NA,NA
2024,320510019,NA,NA,NA,NA,NA,NA
2024,320510020,NA,NA,NA,NA,NA,NA
2024,320510022,NA,NA,NA,NA,NA,NA
2024,320510023,NA,NA,NA,NA,NA,NA
2024,320510024,NA,NA,NA,NA,NA,NA
2024,320510025,NA,NA,NA,NA,NA,NA
2024,320510026,NA,NA,NA,NA,NA,NA
2024,320510027,NA,NA,NA,NA,NA,NA
2024,320510028,NA,NA,NA,NA,NA,NA
2024,320510029,NA,NA,NA,NA,NA,NA
2024,320510030,NA,NA,NA,NA,NA,NA
2024,320510031,NA,NA,NA,NA,NA,NA
2024,320510032,NA,NA,NA,NA,NA,NA
2024,320510035,NA,NA,NA,NA,NA,NA
2024,320510036,NA,NA,NA,NA,NA,NA
2024,320510037,NA,NA,NA,NA,NA,NA
2024,320510038,NA,NA,NA,NA,NA,NA
2024,320510039,NA,NA,NA,NA,NA,NA
2024,320510040,NA,NA,NA,NA,NA,NA
2024,320510041,NA,NA,NA,NA,NA,NA
2024,320510042,NA,NA,NA,NA,NA,NA
2024,320510043,NA,NA,NA,NA,NA,NA
2024,320510044,NA,NA,NA,NA,NA,NA
2024,320510045,NA,NA,NA,NA,NA,NA
2024,320510046,NA,NA,NA,NA,NA,NA
2024,320510047,NA,NA,NA,NA,NA,NA
2024,320510049,NA,NA,NA,NA,NA,NA
2024,320510051,NA,NA,NA,NA,NA,NA
2024,320510052,NA,NA,NA,NA,NA,NA
2024,320510053,NA,NA,NA,NA,NA,NA
2024,320510054,NA,NA,NA,NA,NA,NA
2024,320510055,NA,NA,NA,NA,NA,NA
2024,320510056,NA,NA,NA,NA,NA,NA
2024,320510057,NA,NA,NA,NA,NA,NA
2024,320510058,NA,NA,NA,NA,NA,NA
2024,320510060,NA,NA,NA,NA,NA,NA
2024,320510061,NA,NA,NA,NA,NA,NA
2024,320510062,NA,NA,NA,NA,NA,NA
2024,320510063,NA,NA,NA,NA,NA,NA
2024,320510064,NA,NA,NA,NA,NA,NA
2024,320510065,NA,NA,NA,NA,NA,NA
2024,320510066,NA,NA,NA,NA,NA,NA
2024,320510075,NA,NA,NA,NA,NA,NA
2024,320510077,NA,NA,NA,NA,NA,NA
2024,320510078,NA,NA,NA,NA,NA,NA
2024,320510080,NA,NA,NA,NA,NA,NA
2024,320510081,NA,NA,NA,NA,NA,NA
2024,320510082,NA,NA,NA,NA,NA,NA
2024,320510083,NA,NA,NA,NA,NA,NA
2024,320510084,NA,NA,NA,NA,NA,NA
2024,320510085,NA,NA,NA,NA,NA,NA
2024,320510086,NA,NA,NA,NA,NA,NA
2024,320510087,NA,NA,NA,NA,NA,NA
2024,320510088,NA,NA,NA,NA,NA,NA
2024,320510090,NA,NA,NA,NA,NA,NA
2024,320510091,NA,NA,NA,NA,NA,NA
2024,320510092,NA,NA,NA,NA,NA,NA
2024,320510093,NA,NA,NA,NA,NA,NA
2024,320510094,NA,NA,NA,NA,NA,NA
2024,320510095,NA,NA,NA,NA,NA,NA
2024,320510096,NA,NA,NA,NA,NA,NA
2024,320510097,NA,NA,NA,NA,NA,NA
2024,320510099,NA,NA,NA,NA,NA,NA
2024,320510100,NA,NA,NA,NA,NA,NA
2024,320510101,NA,NA,NA,NA,NA,NA
2024,320510102,NA,NA,NA,NA,NA,NA
2024,320510105,NA,NA,NA,NA,NA,NA
2024,320510106,NA,NA,NA,NA,NA,NA
2024,320510107,NA,NA,NA,NA,NA,NA
2024,320510112,NA,NA,NA,NA,NA,NA
2024,320510113,NA,NA,NA,NA,NA,NA
2024,320510114,NA,NA,NA,NA,NA,NA
2024,320510115,NA,NA,NA,NA,NA,NA
2024,320510116,NA,NA,NA,NA,NA,NA
2024,320510117,NA,NA,NA,NA,NA,NA
2024,320510118,NA,NA,NA,NA,NA,NA
2024,320510119,NA,NA,NA,NA,NA,NA
2024,320510120,NA,NA,NA,NA,NA,NA
2024,320510173,NA,NA,NA,NA,NA,NA
2024,320510176,NA,NA,NA,NA,NA,NA
2024,320510177,NA,NA,NA,NA,NA,NA
2024,320510178,NA,NA,NA,NA,NA,NA
2024,320510180,NA,NA,NA,NA,NA,NA
2024,320510181,NA,NA,NA,NA,NA,NA
2024,320510182,NA,NA,NA,NA,NA,NA
2024,320510183,NA,NA,NA,NA,NA,NA
2024,320510184,NA,NA,NA,NA,NA,NA
2024,320510185,NA,NA,NA,NA,NA,NA
2024,320510187,NA,NA,NA,NA,NA,NA
2024,320510188,NA,NA,NA,NA,NA,NA
2024,320510189,NA,NA,NA,NA,NA,NA
2024,320510190,NA,NA,NA,NA,NA,NA
2024,320510191,NA,NA,NA,NA,NA,NA
2024,320510192,NA,NA,NA,NA,NA,NA
2024,320510193,NA,NA,NA,NA,NA,NA
2024,320510194,NA,NA,NA,NA,NA,NA
2024,320510195,NA,NA,NA,NA,NA,NA
2024,320510199,NA,NA,NA,NA,NA,NA
2024,320510200,NA,NA,NA,NA,NA,NA
2024,320510203,NA,NA,NA,NA,NA,NA
2024,320510204,NA,NA,NA,NA,NA,NA
2024,320510208,NA,NA,NA,NA,NA,NA
2024,320510209,NA,NA,NA,NA,NA,NA
2024,320510210,NA,NA,NA,NA,NA,NA
2024,320510211,NA,NA,NA,NA,NA,NA
2024,320510212,NA,NA,NA,NA,NA,NA
2024,320510215,NA,NA,NA,NA,NA,NA
2024,320510216,NA,NA,NA,NA,NA,NA
2024,320510217,NA,NA,NA,NA,NA,NA
2024,320510218,NA,NA,NA,NA,NA,NA
2024,320510219,NA,NA,NA,NA,NA,NA
2024,320510220,NA,NA,NA,NA,NA,NA
2024,320510221,NA,NA,NA,NA,NA,NA
2024,320510223,NA,NA,NA,NA,NA,NA
2024,320510227,NA,NA,NA,NA,NA,NA
2024,320510228,NA,NA,NA,NA,NA,NA
2024,320510229,NA,NA,NA,NA,NA,NA
2024,320510230,NA,NA,NA,NA,NA,NA
2024,320510232,NA,NA,NA,NA,NA,NA
2024,320510234,NA,NA,NA,NA,NA,NA
2024,320510236,NA,NA,NA,NA,NA,NA
2024,320510237,NA,NA,NA,NA,NA,NA
2024,320510238,NA,NA,NA,NA,NA,NA
2024,320510241,NA,NA,NA,NA,NA,NA
2024,320510242,NA,NA,NA,NA,NA,NA
2024,320510243,NA,NA,NA,NA,NA,NA
2024,320510244,NA,NA,NA,NA,NA,NA
2024,320510245,NA,NA,NA,NA,NA,NA
2024,320510246,NA,NA,NA,NA,NA,NA
2024,320510247,NA,NA,NA,NA,NA,NA
2024,320510249,NA,NA,NA,NA,NA,NA
2024,320510250,NA,NA,NA,NA,NA,NA
2024,320510251,NA,NA,NA,NA,NA,NA
2024,320510253,NA,NA,NA,NA,NA,NA
2024,320510254,NA,NA,NA,NA,NA,NA
2024,320510256,NA,NA,NA,NA,NA,NA
2024,320510259,NA,NA,NA,NA,NA,NA
2024,320510260,NA,NA,NA,NA,NA,NA
2024,320510261,NA,NA,NA,NA,NA,NA
2024,320510264,NA,NA,NA,NA,NA,NA
2024,320510265,NA,NA,NA,NA,NA,NA
2024,320510266,NA,NA,NA,NA,NA,NA
2024,320510267,NA,NA,NA,NA,NA,NA
2024,320510269,NA,NA,NA,NA,NA,NA
2024,320510270,NA,NA,NA,NA,NA,NA
2024,320510271,NA,NA,NA,NA,NA,NA
2024,320510272,NA,NA,NA,NA,NA,NA
2024,320510274,NA,NA,NA,NA,NA,NA
2024,320510275,NA,NA,NA,NA,NA,NA
2024,320510277,NA,NA,NA,NA,NA,NA
2024,320510279,NA,NA,NA,NA,NA,NA
2024,320510280,NA,NA,NA,NA,NA,NA
2024,320510281,NA,NA,NA,NA,NA,NA
2024,320510282,NA,NA,NA,NA,NA,NA
2024,320510283,NA,NA,NA,NA,NA,NA
2024,320510284,NA,NA,NA,NA,NA,NA
2024,320510285,NA,NA,NA,NA,NA,NA
2024,320510287,NA,NA,NA,NA,NA,NA
2024,320510288,NA,NA,NA,NA,NA,NA
2024,320510289,NA,NA,NA,NA,NA,NA
2024,320510290,NA,NA,NA,NA,NA,NA
2024,320510292,NA,NA,NA,NA,NA,NA
2024,320510293,NA,NA,NA,NA,NA,NA
2024,320510294,NA,NA,NA,NA,NA,NA
2024,320510296,NA,NA,NA,NA,NA,NA
2024,320510298,NA,NA,NA,NA,NA,NA
2024,320510299,NA,NA,NA,NA,NA,NA
2024,320510300,NA,NA,NA,NA,NA,NA
2024,320510301,NA,NA,NA,NA,NA,NA
2024,320510302,NA,NA,NA,NA,NA,NA
2024,320510303,NA,NA,NA,NA,NA,NA
2024,320510305,NA,NA,NA,NA,NA,NA
2024,320510307,NA,NA,NA,NA,NA,NA
2024,320510308,NA,NA,NA,NA,NA,NA
2024,320510309,NA,NA,NA,NA,NA,NA
2024,320510310,NA,NA,NA,NA,NA,NA
2024,320510311,NA,NA,NA,NA,NA,NA
2024,320510312,NA,NA,NA,NA,NA,NA
2024,320510313,NA,NA,NA,NA,NA,NA
2024,320510314,NA,NA,NA,NA,NA,NA
2024,320510315,NA,NA,NA,NA,NA,NA
2024,320510316,NA,NA,NA,NA,NA,NA
2024,320510317,NA,NA,NA,NA,NA,NA
2024,320510318,NA,NA,NA,NA,NA,NA
2024,320510319,NA,NA,NA,NA,NA,NA
2024,320510320,NA,NA,NA,NA,NA,NA
2024,320510321,NA,NA,NA,NA,NA,NA
2024,320510322,NA,NA,NA,NA,NA,NA
2024,320510323,NA,NA,NA,NA,NA,NA
2024,320510324,NA,NA,NA,NA,NA,NA
2024,320510326,NA,NA,NA,NA,NA,NA
2024,320510329,NA,NA,NA,NA,NA,NA
2024,320510330,NA,NA,NA,NA,NA,NA
2024,320510331,NA,NA,NA,NA,NA,NA
2024,320510332,NA,NA,NA,NA,NA,NA
2024,320510333,NA,NA,NA,NA,NA,NA
2024,320510335,NA,NA,NA,NA,NA,NA
2024,320510337,NA,NA,NA,NA,NA,NA
2024,320510341,NA,NA,NA,NA,NA,NA
2024,320510342,NA,NA,NA,NA,NA,NA
2024,320510343,NA,NA,NA,NA,NA,NA
2024,320510344,NA,NA,NA,NA,NA,NA
2024,320510345,NA,NA,NA,NA,NA,NA
2024,320510346,NA,NA,NA,NA,NA,NA
2024,320510347,NA,NA,NA,NA,NA,NA
2024,320510349,NA,NA,NA,NA,NA,NA
2024,320510353,NA,NA,NA,NA,NA,NA
2024,320510355,NA,NA,NA,NA,NA,NA
2024,320510356,NA,NA,NA,NA,NA,NA
2024,320510363,NA,NA,NA,NA,NA,NA
2024,320510365,NA,NA,NA,NA,NA,NA
2024,320510366,NA,NA,NA,NA,NA,NA
2024,320510368,NA,NA,NA,NA,NA,NA
2024,320510369,NA,NA,NA,NA,NA,NA
2024,320510370,NA,NA,NA,NA,NA,NA
2024,320510373,NA,NA,NA,NA,NA,NA
2024,320510376,NA,NA,NA,NA,NA,NA
2024,320510377,NA,NA,NA,NA,NA,NA
2024,320510378,NA,NA,NA,NA,NA,NA
2024,320510379,NA,NA,NA,NA,NA,NA
2024,320510380,NA,NA,NA,NA,NA,NA
2024,320510381,NA,NA,NA,NA,NA,NA
2024,320510382,NA,NA,NA,NA,NA,NA
2024,320510383,NA,NA,NA,NA,NA,NA
2024,320510384,NA,NA,NA,NA,NA,NA
2024,320510386,NA,NA,NA,NA,NA,NA
2024,320510387,NA,NA,NA,NA,NA,NA
2024,320510388,NA,NA,NA,NA,NA,NA
2024,320510389,NA,NA,NA,NA,NA,NA
2024,320510390,NA,NA,NA,NA,NA,NA
2024,320510392,NA,NA,NA,NA,NA,NA
2024,320510393,NA,NA,NA,NA,NA,NA
2024,320510394,NA,NA,NA,NA,NA,NA
2024,320510396,NA,NA,NA,NA,NA,NA
2024,320510397,NA,NA,NA,NA,NA,NA
2024,320510401,NA,NA,NA,NA,NA,NA
2024,320510403,NA,NA,NA,NA,NA,NA
2024,320510404,NA,NA,NA,NA,NA,NA
2024,320510405,NA,NA,NA,NA,NA,NA
2024,320510407,NA,NA,NA,NA,NA,NA
2024,320510409,NA,NA,NA,NA,NA,NA
2024,320510410,NA,NA,NA,NA,NA,NA
2024,320510411,NA,NA,NA,NA,NA,NA
2024,320510413,NA,NA,NA,NA,NA,NA
2024,320510414,NA,NA,NA,NA,NA,NA
2024,320510415,NA,NA,NA,NA,NA,NA
2024,320510416,NA,NA,NA,NA,NA,NA
2024,320510418,NA,NA,NA,NA,NA,NA
2024,320510419,NA,NA,NA,NA,NA,NA
2024,320510420,NA,NA,NA,NA,NA,NA
2024,320510422,NA,NA,NA,NA,NA,NA
2024,320510424,NA,NA,NA,NA,NA,NA
2024,320510425,NA,NA,NA,NA,NA,NA
2024,320510426,NA,NA,NA,NA,NA,NA
2024,320510427,NA,NA,NA,NA,NA,NA
2024,320510428,NA,NA,NA,NA,NA,NA
2024,320510429,NA,NA,NA,NA,NA,NA
2024,320510430,NA,NA,NA,NA,NA,NA
2024,320510431,NA,NA,NA,NA,NA,NA
2024,320510433,NA,NA,NA,NA,NA,NA
2024,320510434,NA,NA,NA,NA,NA,NA
2024,320510435,NA,NA,NA,NA,NA,NA
2024,320510436,NA,NA,NA,NA,NA,NA
2024,320510437,NA,NA,NA,NA,NA,NA
2024,320510439,NA,NA,NA,NA,NA,NA
2024,320510440,NA,NA,NA,NA,NA,NA
2024,320510441,NA,NA,NA,NA,NA,NA
2024,320510443,NA,NA,NA,NA,NA,NA
2024,320510444,NA,NA,NA,NA,NA,NA
2024,320510445,NA,NA,NA,NA,NA,NA
2024,320510447,NA,NA,NA,NA,NA,NA
2024,320510448,NA,NA,NA,NA,NA,NA
2024,320510449,NA,NA,NA,NA,NA,NA
2024,320510450,NA,NA,NA,NA,NA,NA
2024,320510451,NA,NA,NA,NA,NA,NA
2024,320510452,NA,NA,NA,NA,NA,NA
2024,320510453,NA,NA,NA,NA,NA,NA
2024,320510454,NA,NA,NA,NA,NA,NA
2024,320510455,NA,NA,NA,NA,NA,NA
2024,320510457,NA,NA,NA,NA,NA,NA
2024,320510459,NA,NA,NA,NA,NA,NA
2024,320510460,NA,NA,NA,NA,NA,NA
2024,320510461,NA,NA,NA,NA,NA,NA
2024,320510462,NA,NA,NA,NA,NA,NA
2024,320510463,NA,NA,NA,NA,NA,NA
2024,320510464,NA,NA,NA,NA,NA,NA
2024,320510465,NA,NA,NA,NA,NA,NA
2024,320510466,NA,NA,NA,NA,NA,NA
2024,320510468,NA,NA,NA,NA,NA,NA
2024,320510469,NA,NA,NA,NA,NA,NA
2024,320510470,NA,NA,NA,NA,NA,NA
2024,320510471,NA,NA,NA,NA,NA,NA
2024,320510472,NA,NA,NA,NA,NA,NA
2024,320510473,NA,NA,NA,NA,NA,NA
2024,320510474,NA,NA,NA,NA,NA,NA
2024,320510475,NA,NA,NA,NA,NA,NA
2024,320510476,NA,NA,NA,NA,NA,NA
2024,320510477,NA,NA,NA,NA,NA,NA
2024,320510478,NA,NA,NA,NA,NA,NA
2024,320510479,NA,NA,NA,NA,NA,NA
2024,320510480,NA,NA,NA,NA,NA,NA
2024,320510481,NA,NA,NA,NA,NA,NA
2024,320510482,NA,NA,NA,NA,NA,NA
2024,320510483,NA,NA,NA,NA,NA,NA
2024,320510484,NA,NA,NA,NA,NA,NA
2024,320510485,NA,NA,NA,NA,NA,NA
2024,320510486,NA,NA,NA,NA,NA,NA
2024,320510487,NA,NA,NA,NA,NA,NA
2024,320510488,NA,NA,NA,NA,NA,NA
2024,320510489,NA,NA,NA,NA,NA,NA
2024,320510490,NA,NA,NA,NA,NA,NA
2024,320510491,NA,NA,NA,NA,NA,NA
2024,320510492,NA,NA,NA,NA,NA,NA
2024,320510493,NA,NA,NA,NA,NA,NA
2024,320510494,NA,NA,NA,NA,NA,NA
2024,320510495,NA,NA,NA,NA,NA,NA
2024,320510496,NA,NA,NA,NA,NA,NA
2024,320510497,NA,NA,NA,NA,NA,NA
2024,320510499,NA,NA,NA,NA,NA,NA
2024,320510500,NA,NA,NA,NA,NA,NA
2024,320510501,NA,NA,NA,NA,NA,NA
2024,320510502,NA,NA,NA,NA,NA,NA
2024,320510503,NA,NA,NA,NA,NA,NA
2024,320510504,NA,NA,NA,NA,NA,NA
2024,320510505,NA,NA,NA,NA,NA,NA
2024,320510506,NA,NA,NA,NA,NA,NA
2024,320510507,NA,NA,NA,NA,NA,NA
2024,320510508,NA,NA,NA,NA,NA,NA
2024,320510509,NA,NA,NA,NA,NA,NA
2024,320510510,NA,NA,NA,NA,NA,NA
2024,320510511,NA,NA,NA,NA,NA,NA
2024,320510512,NA,NA,NA,NA,NA,NA
2024,320510513,NA,NA,NA,NA,NA,NA
2024,320510515,NA,NA,NA,NA,NA,NA
2024,320510516,NA,NA,NA,NA,NA,NA
2024,320510517,NA,NA,NA,NA,NA,NA
2024,320510518,NA,NA,NA,NA,NA,NA
2024,320510519,NA,NA,NA,NA,NA,NA
2024,320510520,NA,NA,NA,NA,NA,NA
2024,320510521,NA,NA,NA,NA,NA,NA
2024,320510522,NA,NA,NA,NA,NA,NA
2024,320510523,NA,NA,NA,NA,NA,NA
2024,320510524,NA,NA,NA,NA,NA,NA
2024,320510525,NA,NA,NA,NA,NA,NA
2024,320510526,NA,NA,NA,NA,NA,NA
2024,320510527,NA,NA,NA,NA,NA,NA
2024,320510528,NA,NA,NA,NA,NA,NA
2024,320510529,NA,NA,NA,NA,NA,NA
2024,320510530,NA,NA,NA,NA,NA,NA
2024,320510531,NA,NA,NA,NA,NA,NA
2024,320510532,NA,NA,NA,NA,NA,NA
2024,320510533,NA,NA,NA,NA,NA,NA
2024,320510535,NA,NA,NA,NA,NA,NA
2024,320510537,NA,NA,NA,NA,NA,NA
2024,320510538,NA,NA,NA,NA,NA,NA
2024,320510539,NA,NA,NA,NA,NA,NA
2024,320510540,NA,NA,NA,NA,NA,NA
2024,320510542,NA,NA,NA,NA,NA,NA
2024,320510543,NA,NA,NA,NA,NA,NA
2024,320510544,NA,NA,NA,NA,NA,NA
2024,320510545,NA,NA,NA,NA,NA,NA
2024,320510546,NA,NA,NA,NA,NA,NA
2024,320510547,NA,NA,NA,NA,NA,NA
2024,320510548,NA,NA,NA,NA,NA,NA
2024,320510550,NA,NA,NA,NA,NA,NA
2024,320510551,NA,NA,NA,NA,NA,NA
2024,320510552,NA,NA,NA,NA,NA,NA
2024,320510553,NA,NA,NA,NA,NA,NA
2024,320510554,NA,NA,NA,NA,NA,NA
2024,320510555,NA,NA,NA,NA,NA,NA
2024,320510556,NA,NA,NA,NA,NA,NA
2024,320510557,NA,NA,NA,NA,NA,NA
2024,320510559,NA,NA,NA,NA,NA,NA
2024,320510560,NA,NA,NA,NA,NA,NA
2024,320510561,NA,NA,NA,NA,NA,NA
2024,320510562,NA,NA,NA,NA,NA,NA
2024,320510563,NA,NA,NA,NA,NA,NA
2024,320510565,NA,NA,NA,NA,NA,NA
2024,320510566,NA,NA,NA,NA,NA,NA
2024,320510569,NA,NA,NA,NA,NA,NA
2024,320510570,NA,NA,NA,NA,NA,NA
2024,320510571,NA,NA,NA,NA,NA,NA
2024,320510572,NA,NA,NA,NA,NA,NA
2024,320510573,NA,NA,NA,NA,NA,NA
2024,320510574,NA,NA,NA,NA,NA,NA
2024,320510577,NA,NA,NA,NA,NA,NA
2024,320510579,NA,NA,NA,NA,NA,NA
2024,320510580,NA,NA,NA,NA,NA,NA
2024,320510588,NA,NA,NA,NA,NA,NA
2024,320510589,NA,NA,NA,NA,NA,NA
2024,320510590,NA,NA,NA,NA,NA,NA
2024,320510591,NA,NA,NA,NA,NA,NA
2024,320510592,NA,NA,NA,NA,NA,NA
2024,320510593,NA,NA,NA,NA,NA,NA
2024,320510594,NA,NA,NA,NA,NA,NA
2024,320510595,NA,NA,NA,NA,NA,NA
2024,320510596,NA,NA,NA,NA,NA,NA
2024,320510597,NA,NA,NA,NA,NA,NA
2024,320510598,NA,NA,NA,NA,NA,NA
2024,320510599,NA,NA,NA,NA,NA,NA
2024,320510600,NA,NA,NA,NA,NA,NA
2024,320510601,NA,NA,NA,NA,NA,NA
2024,320510602,NA,NA,NA,NA,NA,NA
2024,320510603,NA,NA,NA,NA,NA,NA
2024,320510604,NA,NA,NA,NA,NA,NA
2024,320510605,NA,NA,NA,NA,NA,NA
2024,320510606,NA,NA,NA,NA,NA,NA
2024,320510607,NA,NA,NA,NA,NA,NA
2024,320510608,NA,NA,NA,NA,NA,NA
2024,320510609,NA,NA,NA,NA,NA,NA
2024,320510610,NA,NA,NA,NA,NA,NA
2024,320510611,NA,NA,NA,NA,NA,NA
2024,320510612,NA,NA,NA,NA,NA,NA
2024,320510613,NA,NA,NA,NA,NA,NA
2024,320510614,NA,NA,NA,NA,NA,NA
2024,320510615,NA,NA,NA,NA,NA,NA
2024,320510616,NA,NA,NA,NA,NA,NA
2024,320510617,NA,NA,NA,NA,NA,NA
2024,320510618,NA,NA,NA,NA,NA,NA
2024,320510619,NA,NA,NA,NA,NA,NA
2024,320510620,NA,NA,NA,NA,NA,NA
2024,320510621,NA,NA,NA,NA,NA,NA
2024,320510622,NA,NA,NA,NA,NA,NA
2024,320510623,NA,NA,NA,NA,NA,NA
2024,320510624,NA,NA,NA,NA,NA,NA
2024,320510625,NA,NA,NA,NA,NA,NA
2024,320510626,NA,NA,NA,NA,NA,NA
2024,320510627,NA,NA,NA,NA,NA,NA
2024,320510628,NA,NA,NA,NA,NA,NA
2024,320510629,NA,NA,NA,NA,NA,NA
2024,320510630,NA,NA,NA,NA,NA,NA
2024,320510631,NA,NA,NA,NA,NA,NA
2024,320510632,NA,NA,NA,NA,NA,NA
2024,320510633,NA,NA,NA,NA,NA,NA
2024,320510634,NA,NA,NA,NA,NA,NA
2024,320510635,NA,NA,NA,NA,NA,NA
2024,320510636,NA,NA,NA,NA,NA,NA
2024,320510637,NA,NA,NA,NA,NA,NA
2024,320510638,NA,NA,NA,NA,NA,NA
2024,320510639,NA,NA,NA,NA,NA,NA
2024,320510640,NA,NA,NA,NA,NA,NA
2024,320510641,NA,NA,NA,NA,NA,NA
2024,320510642,NA,NA,NA,NA,NA,NA
2024,320510643,NA,NA,NA,NA,NA,NA
2024,320510644,NA,NA,NA,NA,NA,NA
2024,320510645,NA,NA,NA,NA,NA,NA
2024,320510646,NA,NA,NA,NA,NA,NA
2024,320510647,NA,NA,NA,NA,NA,NA
2024,320510648,NA,NA,NA,NA,NA,NA
2024,320510649,NA,NA,NA,NA,NA,NA
2024,320510650,NA,NA,NA,NA,NA,NA
2024,320510651,NA,NA,NA,NA,NA,NA
2024,320510652,NA,NA,NA,NA,NA,NA
2024,320510653,NA,NA,NA,NA,NA,NA
2024,320510654,NA,NA,NA,NA,NA,NA
2024,320510655,NA,NA,NA,NA,NA,NA
2024,320510656,NA,NA,NA,NA,NA,NA
2024,320510657,NA,NA,NA,NA,NA,NA
2024,320510658,NA,NA,NA,NA,NA,NA
2024,320510659,NA,NA,NA,NA,NA,NA
2024,320510660,NA,NA,NA,NA,NA,NA
2024,320510661,NA,NA,NA,NA,NA,NA
2024,320510662,NA,NA,NA,NA,NA,NA
2024,320510663,NA,NA,NA,NA,NA,NA
2024,320510664,NA,NA,NA,NA,NA,NA
2024,320510665,NA,NA,NA,NA,NA,NA
2024,320530001,NA,NA,NA,NA,NA,NA
2024,320530004,NA,NA,NA,NA,NA,NA
2024,320530006,NA,NA,NA,NA,NA,NA
2024,320530008,NA,NA,NA,NA,NA,NA
2024,320530009,NA,NA,NA,NA,NA,NA
2024,320530010,NA,NA,NA,NA,NA,NA
2024,320530011,NA,NA,NA,NA,NA,NA
2024,320530015,NA,NA,NA,NA,NA,NA
2024,320530016,NA,NA,NA,NA,NA,NA
2024,320530018,NA,NA,NA,NA,NA,NA
2024,320530020,NA,NA,NA,NA,NA,NA
2024,320530022,NA,NA,NA,NA,NA,NA
2024,320530023,NA,NA,NA,NA,NA,NA
2024,320530024,NA,NA,NA,NA,NA,NA
2024,320530025,NA,NA,NA,NA,NA,NA
2024,320530026,NA,NA,NA,NA,NA,NA
2024,320530027,NA,NA,NA,NA,NA,NA
2024,320530028,NA,NA,NA,NA,NA,NA
2024,320530030,NA,NA,NA,NA,NA,NA
2024,320530031,NA,NA,NA,NA,NA,NA
2024,320530032,NA,NA,NA,NA,NA,NA
2024,320530034,NA,NA,NA,NA,NA,NA
2024,320530035,NA,NA,NA,NA,NA,NA
2024,320530036,NA,NA,NA,NA,NA,NA
2024,320530038,NA,NA,NA,NA,NA,NA
2024,320530039,NA,NA,NA,NA,NA,NA
2024,320530043,NA,NA,NA,NA,NA,NA
2024,320530047,NA,NA,NA,NA,NA,NA
2024,320530048,NA,NA,NA,NA,NA,NA
2024,320530049,NA,NA,NA,NA,NA,NA
2024,320530053,NA,NA,NA,NA,NA,NA
2024,320530057,NA,NA,NA,NA,NA,NA
2024,320530058,NA,NA,NA,NA,NA,NA
2024,320530059,NA,NA,NA,NA,NA,NA
2024,320530060,NA,NA,NA,NA,NA,NA
2024,320530061,NA,NA,NA,NA,NA,NA
2024,320530062,NA,NA,NA,NA,NA,NA
2024,320530067,NA,NA,NA,NA,NA,NA
2024,320530070,NA,NA,NA,NA,NA,NA
2024,320530071,NA,NA,NA,NA,NA,NA
2024,320530072,NA,NA,NA,NA,NA,NA
2024,320530074,NA,NA,NA,NA,NA,NA
2024,320530076,NA,NA,NA,NA,NA,NA
2024,320530077,NA,NA,NA,NA,NA,NA
2024,320530081,NA,NA,NA,NA,NA,NA
2024,320530083,NA,NA,NA,NA,NA,NA
2024,320530085,NA,NA,NA,NA,NA,NA
2024,320530086,NA,NA,NA,NA,NA,NA
2024,320530087,NA,NA,NA,NA,NA,NA
2024,320530088,NA,NA,NA,NA,NA,NA
2024,320530089,NA,NA,NA,NA,NA,NA
2024,320530090,NA,NA,NA,NA,NA,NA
2024,320530091,NA,NA,NA,NA,NA,NA
2024,320530092,NA,NA,NA,NA,NA,NA
2024,320530094,NA,NA,NA,NA,NA,NA
2024,320530097,NA,NA,NA,NA,NA,NA
2024,320530099,NA,NA,NA,NA,NA,NA
2024,320530107,NA,NA,NA,NA,NA,NA
2024,320530108,NA,NA,NA,NA,NA,NA
2024,320530109,NA,NA,NA,NA,NA,NA
2024,320530110,NA,NA,NA,NA,NA,NA
2024,320530111,NA,NA,NA,NA,NA,NA
2024,320530112,NA,NA,NA,NA,NA,NA
2024,320530113,NA,NA,NA,NA,NA,NA
2024,320530114,NA,NA,NA,NA,NA,NA
2024,320530115,NA,NA,NA,NA,NA,NA
2024,320530116,NA,NA,NA,NA,NA,NA
2024,320530117,NA,NA,NA,NA,NA,NA
2024,320530118,NA,NA,NA,NA,NA,NA
2024,320530119,NA,NA,NA,NA,NA,NA
2024,320530120,NA,NA,NA,NA,NA,NA
2024,320530121,NA,NA,NA,NA,NA,NA
2024,320530122,NA,NA,NA,NA,NA,NA
2024,320530123,NA,NA,NA,NA,NA,NA
2024,320550001,NA,NA,NA,NA,NA,NA
2024,320550002,NA,NA,NA,NA,NA,NA
2024,320550003,NA,NA,NA,NA,NA,NA
2024,320550004,NA,NA,NA,NA,NA,NA
2024,320550005,NA,NA,NA,NA,NA,NA
2024,320550006,NA,NA,NA,NA,NA,NA
2024,320550007,NA,NA,NA,NA,NA,NA
2024,320550008,NA,NA,NA,NA,NA,NA
2024,320550009,NA,NA,NA,NA,NA,NA
2024,320550010,NA,NA,NA,NA,NA,NA
2024,320550011,NA,NA,NA,NA,NA,NA
2024,320550013,NA,NA,NA,NA,NA,NA
2024,320550014,NA,NA,NA,NA,NA,NA
2024,320550016,NA,NA,NA,NA,NA,NA
2024,320550017,NA,NA,NA,NA,NA,NA
2024,320550019,NA,NA,NA,NA,NA,NA
2024,320550020,NA,NA,NA,NA,NA,NA
2024,320550021,NA,NA,NA,NA,NA,NA
2024,320550022,NA,NA,NA,NA,NA,NA
2024,320550023,NA,NA,NA,NA,NA,NA
2024,320550025,NA,NA,NA,NA,NA,NA
2024,320550027,NA,NA,NA,NA,NA,NA
2024,320550028,NA,NA,NA,NA,NA,NA
2024,320550029,NA,NA,NA,NA,NA,NA
2024,320550032,NA,NA,NA,NA,NA,NA
2024,320550033,NA,NA,NA,NA,NA,NA
2024,320550034,NA,NA,NA,NA,NA,NA
2024,320550035,NA,NA,NA,NA,NA,NA
2024,320550036,NA,NA,NA,NA,NA,NA
2024,320550037,NA,NA,NA,NA,NA,NA
2024,320550038,NA,NA,NA,NA,NA,NA
2024,320550039,NA,NA,NA,NA,NA,NA
2024,320550040,NA,NA,NA,NA,NA,NA
2024,320550041,NA,NA,NA,NA,NA,NA
2024,320550042,NA,NA,NA,NA,NA,NA
2024,320550043,NA,NA,NA,NA,NA,NA
2024,320550045,NA,NA,NA,NA,NA,NA
2024,320550049,NA,NA,NA,NA,NA,NA
2024,320550050,NA,NA,NA,NA,NA,NA
2024,320550051,NA,NA,NA,NA,NA,NA
2024,320550052,NA,NA,NA,NA,NA,NA
2024,320550053,NA,NA,NA,NA,NA,NA
2024,320550056,NA,NA,NA,NA,NA,NA
2024,320550057,NA,NA,NA,NA,NA,NA
2024,320550059,NA,NA,NA,NA,NA,NA
2024,320550060,NA,NA,NA,NA,NA,NA
2024,320550061,NA,NA,NA,NA,NA,NA
2024,320550062,NA,NA,NA,NA,NA,NA
2024,320550063,NA,NA,NA,NA,NA,NA
2024,320550064,NA,NA,NA,NA,NA,NA
2024,320550067,NA,NA,NA,NA,NA,NA
2024,320550068,NA,NA,NA,NA,NA,NA
2024,320550069,NA,NA,NA,NA,NA,NA
2024,320550070,NA,NA,NA,NA,NA,NA
2024,320550071,NA,NA,NA,NA,NA,NA
2024,320550073,NA,NA,NA,NA,NA,NA
2024,320550074,NA,NA,NA,NA,NA,NA
2024,320550075,NA,NA,NA,NA,NA,NA
2024,320550076,NA,NA,NA,NA,NA,NA
2024,320550078,NA,NA,NA,NA,NA,NA
2024,320550080,NA,NA,NA,NA,NA,NA
2024,320550081,NA,NA,NA,NA,NA,NA
2024,320550083,NA,NA,NA,NA,NA,NA
2024,320550085,NA,NA,NA,NA,NA,NA
2024,320550086,NA,NA,NA,NA,NA,NA
2024,320550087,NA,NA,NA,NA,NA,NA
2024,320550088,NA,NA,NA,NA,NA,NA
2024,320550089,NA,NA,NA,NA,NA,NA
2024,320550090,NA,NA,NA,NA,NA,NA
2024,320550091,NA,NA,NA,NA,NA,NA
2024,320550093,NA,NA,NA,NA,NA,NA
2024,320550095,NA,NA,NA,NA,NA,NA
2024,320550096,NA,NA,NA,NA,NA,NA
2024,320550097,NA,NA,NA,NA,NA,NA
2024,320550098,NA,NA,NA,NA,NA,NA
2024,320550099,NA,NA,NA,NA,NA,NA
2024,320550100,NA,NA,NA,NA,NA,NA
2024,320550101,NA,NA,NA,NA,NA,NA
2024,320550102,NA,NA,NA,NA,NA,NA
2024,320550103,NA,NA,NA,NA,NA,NA
2024,320550106,NA,NA,NA,NA,NA,NA
2024,320550107,NA,NA,NA,NA,NA,NA
2024,320550108,NA,NA,NA,NA,NA,NA
2024,320550109,NA,NA,NA,NA,NA,NA
2024,320550111,NA,NA,NA,NA,NA,NA
2024,320550113,NA,NA,NA,NA,NA,NA
2024,320550116,NA,NA,NA,NA,NA,NA
2024,320550125,NA,NA,NA,NA,NA,NA
2024,320550126,NA,NA,NA,NA,NA,NA
2024,320550128,NA,NA,NA,NA,NA,NA
2024,320550129,NA,NA,NA,NA,NA,NA
2024,320550130,NA,NA,NA,NA,NA,NA
2024,320550131,NA,NA,NA,NA,NA,NA
2024,320550132,NA,NA,NA,NA,NA,NA
2024,320550134,NA,NA,NA,NA,NA,NA
2024,320550135,NA,NA,NA,NA,NA,NA
2024,320550136,NA,NA,NA,NA,NA,NA
2024,320550137,NA,NA,NA,NA,NA,NA
2024,320550138,NA,NA,NA,NA,NA,NA
2024,320550139,NA,NA,NA,NA,NA,NA
2024,320550142,NA,NA,NA,NA,NA,NA
2024,320550143,NA,NA,NA,NA,NA,NA
2024,320550144,NA,NA,NA,NA,NA,NA
2024,320550145,NA,NA,NA,NA,NA,NA
2024,320550146,NA,NA,NA,NA,NA,NA
2024,320550147,NA,NA,NA,NA,NA,NA
2024,320550148,NA,NA,NA,NA,NA,NA
2024,320550150,NA,NA,NA,NA,NA,NA
2024,320550151,NA,NA,NA,NA,NA,NA
2024,320550152,NA,NA,NA,NA,NA,NA
2024,320550155,NA,NA,NA,NA,NA,NA
2024,320550157,NA,NA,NA,NA,NA,NA
2024,320550158,NA,NA,NA,NA,NA,NA
2024,320550162,NA,NA,NA,NA,NA,NA
2024,320550165,NA,NA,NA,NA,NA,NA
2024,320550166,NA,NA,NA,NA,NA,NA
2024,320550169,NA,NA,NA,NA,NA,NA
2024,320550170,NA,NA,NA,NA,NA,NA
2024,320550172,NA,NA,NA,NA,NA,NA
2024,320550173,NA,NA,NA,NA,NA,NA
2024,320550174,NA,NA,NA,NA,NA,NA
2024,320550175,NA,NA,NA,NA,NA,NA
2024,320550177,NA,NA,NA,NA,NA,NA
2024,320550181,NA,NA,NA,NA,NA,NA
2024,320550184,NA,NA,NA,NA,NA,NA
2024,320550189,NA,NA,NA,NA,NA,NA
2024,320550193,NA,NA,NA,NA,NA,NA
2024,320550195,NA,NA,NA,NA,NA,NA
2024,320550197,NA,NA,NA,NA,NA,NA
2024,320550198,NA,NA,NA,NA,NA,NA
2024,320550199,NA,NA,NA,NA,NA,NA
2024,320550200,NA,NA,NA,NA,NA,NA
2024,320550201,NA,NA,NA,NA,NA,NA
2024,320550202,NA,NA,NA,NA,NA,NA
2024,320550203,NA,NA,NA,NA,NA,NA
2024,320550204,NA,NA,NA,NA,NA,NA
2024,320550205,NA,NA,NA,NA,NA,NA
2024,320550206,NA,NA,NA,NA,NA,NA
2024,320550207,NA,NA,NA,NA,NA,NA
2024,320550208,NA,NA,NA,NA,NA,NA
2024,320550209,NA,NA,NA,NA,NA,NA
2024,320550210,NA,NA,NA,NA,NA,NA
2024,320550211,NA,NA,NA,NA,NA,NA
2024,320550212,NA,NA,NA,NA,NA,NA
2024,320550213,NA,NA,NA,NA,NA,NA
2024,320550214,NA,NA,NA,NA,NA,NA
2024,320550215,NA,NA,NA,NA,NA,NA
2024,320550216,NA,NA,NA,NA,NA,NA
2024,320550217,NA,NA,NA,NA,NA,NA
2024,320550218,NA,NA,NA,NA,NA,NA
2024,320550219,NA,NA,NA,NA,NA,NA
2024,320550220,NA,NA,NA,NA,NA,NA
2024,320550222,NA,NA,NA,NA,NA,NA
2024,320550223,NA,NA,NA,NA,NA,NA
2024,320550224,NA,NA,NA,NA,NA,NA
2024,320550225,NA,NA,NA,NA,NA,NA
2024,320550226,NA,NA,NA,NA,NA,NA
2024,320550227,NA,NA,NA,NA,NA,NA
2024,320550228,NA,NA,NA,NA,NA,NA
2024,320550229,NA,NA,NA,NA,NA,NA
2024,320550230,NA,NA,NA,NA,NA,NA
2024,320550231,NA,NA,NA,NA,NA,NA
2024,320550232,NA,NA,NA,NA,NA,NA
2024,320550233,NA,NA,NA,NA,NA,NA
2024,320550234,NA,NA,NA,NA,NA,NA
2024,320550235,NA,NA,NA,NA,NA,NA
2024,320550236,NA,NA,NA,NA,NA,NA
2024,320550237,NA,NA,NA,NA,NA,NA
2024,320550238,NA,NA,NA,NA,NA,NA
2024,320550239,NA,NA,NA,NA,NA,NA
2024,320550240,NA,NA,NA,NA,NA,NA
2024,320550241,NA,NA,NA,NA,NA,NA
2024,320550242,NA,NA,NA,NA,NA,NA
2024,320550243,NA,NA,NA,NA,NA,NA
2024,320550244,NA,NA,NA,NA,NA,NA
2024,320550245,NA,NA,NA,NA,NA,NA
2024,320550246,NA,NA,NA,NA,NA,NA
2024,320550247,NA,NA,NA,NA,NA,NA
2024,320550248,NA,NA,NA,NA,NA,NA
2024,320550249,NA,NA,NA,NA,NA,NA
2024,320550250,NA,NA,NA,NA,NA,NA
2024,320550251,NA,NA,NA,NA,NA,NA
2024,320550252,NA,NA,NA,NA,NA,NA
2024,320550253,NA,NA,NA,NA,NA,NA
2024,320550254,NA,NA,NA,NA,NA,NA
2024,320550255,NA,NA,NA,NA,NA,NA
2024,320550256,NA,NA,NA,NA,NA,NA
2024,320550257,NA,NA,NA,NA,NA,NA
2024,320550258,NA,NA,NA,NA,NA,NA
2024,320560001,NA,NA,NA,NA,NA,NA
2024,320560024,NA,NA,NA,NA,NA,NA
2024,320560025,NA,NA,NA,NA,NA,NA
2024,320560026,NA,NA,NA,NA,NA,NA
2024,320560027,NA,NA,NA,NA,NA,NA
2024,320560028,NA,NA,NA,NA,NA,NA
2024,320560030,NA,NA,NA,NA,NA,NA
2024,320560031,NA,NA,NA,NA,NA,NA
2024,320560033,NA,NA,NA,NA,NA,NA
2024,320560034,NA,NA,NA,NA,NA,NA
2024,320560036,NA,NA,NA,NA,NA,NA
2024,320560037,NA,NA,NA,NA,NA,NA
2024,320560038,NA,NA,NA,NA,NA,NA
2024,320560039,NA,NA,NA,NA,NA,NA
2024,320560040,NA,NA,NA,NA,NA,NA
2024,320560041,NA,NA,NA,NA,NA,NA
2024,320560042,NA,NA,NA,NA,NA,NA
2024,320560043,NA,NA,NA,NA,NA,NA
2024,320560045,NA,NA,NA,NA,NA,NA
2024,320560046,NA,NA,NA,NA,NA,NA
2024,320560047,NA,NA,NA,NA,NA,NA
2024,320560049,NA,NA,NA,NA,NA,NA
2024,320560054,NA,NA,NA,NA,NA,NA
2024,320560055,NA,NA,NA,NA,NA,NA
2024,320560056,NA,NA,NA,NA,NA,NA
2024,320560058,NA,NA,NA,NA,NA,NA
2024,320560065,NA,NA,NA,NA,NA,NA
2024,320560067,NA,NA,NA,NA,NA,NA
2024,320560070,NA,NA,NA,NA,NA,NA
2024,320560074,NA,NA,NA,NA,NA,NA
2024,320560075,NA,NA,NA,NA,NA,NA
2024,320560076,NA,NA,NA,NA,NA,NA
2024,320560079,NA,NA,NA,NA,NA,NA
2024,320560080,NA,NA,NA,NA,NA,NA
2024,320560082,NA,NA,NA,NA,NA,NA
2024,320560083,NA,NA,NA,NA,NA,NA
2024,320560085,NA,NA,NA,NA,NA,NA
2024,320560088,NA,NA,NA,NA,NA,NA
2024,320560091,NA,NA,NA,NA,NA,NA
2024,320560092,NA,NA,NA,NA,NA,NA
2024,320560093,NA,NA,NA,NA,NA,NA
2024,320560096,NA,NA,NA,NA,NA,NA
2024,320560097,NA,NA,NA,NA,NA,NA
2024,320560098,NA,NA,NA,NA,NA,NA
2024,320560099,NA,NA,NA,NA,NA,NA
2024,320560101,NA,NA,NA,NA,NA,NA
2024,320560103,NA,NA,NA,NA,NA,NA
2024,320560104,NA,NA,NA,NA,NA,NA
2024,320560105,NA,NA,NA,NA,NA,NA
2024,320560107,NA,NA,NA,NA,NA,NA
2024,320560108,NA,NA,NA,NA,NA,NA
2024,320560109,NA,NA,NA,NA,NA,NA
2024,320560111,NA,NA,NA,NA,NA,NA
2024,320560112,NA,NA,NA,NA,NA,NA
2024,320560114,NA,NA,NA,NA,NA,NA
2024,320560116,NA,NA,NA,NA,NA,NA
2024,320560117,NA,NA,NA,NA,NA,NA
2024,320560118,NA,NA,NA,NA,NA,NA
2024,320560119,NA,NA,NA,NA,NA,NA
2024,320560120,NA,NA,NA,NA,NA,NA
2024,320560121,NA,NA,NA,NA,NA,NA
2024,320560122,NA,NA,NA,NA,NA,NA
2024,320560123,NA,NA,NA,NA,NA,NA
2024,320560124,NA,NA,NA,NA,NA,NA
2024,320560125,NA,NA,NA,NA,NA,NA
2024,320560126,NA,NA,NA,NA,NA,NA
2024,320560127,NA,NA,NA,NA,NA,NA
2024,320560128,NA,NA,NA,NA,NA,NA
2024,320560129,NA,NA,NA,NA,NA,NA
2024,320560130,NA,NA,NA,NA,NA,NA
2024,320560131,NA,NA,NA,NA,NA,NA
2024,320560136,NA,NA,NA,NA,NA,NA
2024,320560138,NA,NA,NA,NA,NA,NA
2024,320560140,NA,NA,NA,NA,NA,NA
2024,320560141,NA,NA,NA,NA,NA,NA
2024,320560143,NA,NA,NA,NA,NA,NA
2024,320560144,NA,NA,NA,NA,NA,NA
2024,320560145,NA,NA,NA,NA,NA,NA
2024,320560146,NA,NA,NA,NA,NA,NA
2024,320560147,NA,NA,NA,NA,NA,NA
2024,320560148,NA,NA,NA,NA,NA,NA
2024,320560149,NA,NA,NA,NA,NA,NA
2024,320560150,NA,NA,NA,NA,NA,NA
2024,320560151,NA,NA,NA,NA,NA,NA
2024,320560152,NA,NA,NA,NA,NA,NA
2024,320560153,NA,NA,NA,NA,NA,NA
2024,320560154,NA,NA,NA,NA,NA,NA
2024,320560155,NA,NA,NA,NA,NA,NA
2024,320560156,NA,NA,NA,NA,NA,NA
2024,320560157,NA,NA,NA,NA,NA,NA
2024,320560158,NA,NA,NA,NA,NA,NA
2024,320560159,NA,NA,NA,NA,NA,NA
2024,320560160,NA,NA,NA,NA,NA,NA
2024,320560161,NA,NA,NA,NA,NA,NA
2024,320560162,NA,NA,NA,NA,NA,NA
2024,320560163,NA,NA,NA,NA,NA,NA
2024,320560164,NA,NA,NA,NA,NA,NA
2024,320560165,NA,NA,NA,NA,NA,NA
2024,320560166,NA,NA,NA,NA,NA,NA
2024,320560167,NA,NA,NA,NA,NA,NA
2024,320560168,NA,NA,NA,NA,NA,NA
2024,320560169,NA,NA,NA,NA,NA,NA
2024,320560170,NA,NA,NA,NA,NA,NA
2024,320560171,NA,NA,NA,NA,NA,NA
2024,320560172,NA,NA,NA,NA,NA,NA
2024,320560173,NA,NA,NA,NA,NA,NA
2024,320560174,NA,NA,NA,NA,NA,NA
2024,320560175,NA,NA,NA,NA,NA,NA
2024,320560176,NA,NA,NA,NA,NA,NA
2024,320560177,NA,NA,NA,NA,NA,NA
2024,320560178,NA,NA,NA,NA,NA,NA
2024,320560179,NA,NA,NA,NA,NA,NA
2024,320560180,NA,NA,NA,NA,NA,NA
2024,320560181,NA,NA,NA,NA,NA,NA
2024,320560182,NA,NA,NA,NA,NA,NA
2024,320560183,NA,NA,NA,NA,NA,NA
2024,320560184,NA,NA,NA,NA,NA,NA
2024,320560185,NA,NA,NA,NA,NA,NA
2024,320560186,NA,NA,NA,NA,NA,NA
2024,320560187,NA,NA,NA,NA,NA,NA
2024,320560188,NA,NA,NA,NA,NA,NA
2024,320560189,NA,NA,NA,NA,NA,NA
2024,320560190,NA,NA,NA,NA,NA,NA
2024,320560191,NA,NA,NA,NA,NA,NA
