C601,C003,R027-0401,R027-0402,R027-0403,R027-0404
2024,P010010001,SI,SI,NO,NO
2024,P010010096,SI,SI,NO,NO
2024,P010010106,SI,SI,NO,NO
2024,P010010120,SI,SI,NO,NO
2024,P010010162,SI,SI,NO,NO
2024,P010010197,SI,SI,NO,NO
2024,P010010212,SI,SI,NO,NO
2024,P010010226,SI,SI,NO,NO
2024,P010010230,SI,SI,NO,NO
2024,P010010256,SI,SI,NO,NO
2024,P010010270,SI,SI,NO,NO
2024,P010010291,SI,SI,NO,NO
2024,P010010297,SI,SI,NO,NO
2024,P010010309,SI,SI,NO,NO
2024,P010010315,SI,SI,NO,NO
2024,P010010345,SI,SI,NO,NO
2024,P010010353,SI,SI,NO,NO
2024,P010010370,SI,SI,NO,NO
2024,P010010379,SI,SI,NO,NO
2024,P010010387,SI,SI,NO,NO
2024,P010010401,SI,SI,NO,NO
2024,P010010421,SI,SI,NO,NO
2024,P010010426,SI,SI,NO,NO
2024,P010010456,SI,SI,NO,NO
2024,P010010476,SI,SI,NO,NO
2024,P010010514,SI,SI,NO,NO
2024,P010010519,SI,SI,NO,NO
2024,P010010531,SI,SI,NO,NO
2024,P010010583,SI,SI,NO,NO
2024,P010010587,SI,SI,NO,NO
2024,P010010590,SI,SI,NO,NO
2024,P010010593,SI,SI,NO,NO
2024,P010010651,SI,SI,NO,NO
2024,P010010652,SI,SI,NO,NO
2024,P010010657,SI,SI,NO,NO
2024,P010010665,SI,SI,NO,NO
2024,P010010726,SI,SI,NO,NO
2024,P010010732,SI,SI,NO,NO
2024,P010010769,SI,SI,NO,NO
2024,P010010772,SI,SI,NO,NO
2024,P010010782,SI,SI,NO,NO
2024,P010010863,SI,SI,NO,NO
2024,P010010876,SI,SI,NO,NO
2024,P010010885,SI,SI,NO,NO
2024,P010010920,SI,SI,NO,NO
2024,P010010967,SI,SI,NO,NO
2024,P010011000,SI,SI,NO,NO
2024,P010011025,SI,SI,NO,NO
2024,P010011043,SI,SI,NO,NO
2024,P010011051,SI,SI,NO,NO
2024,P010011054,SI,SI,NO,NO
2024,P010011103,SI,SI,NO,NO
2024,P010011104,SI,SI,NO,NO
2024,P010011127,SI,SI,NO,NO
2024,P010011150,SI,SI,NO,NO
2024,P010011159,SI,SI,NO,NO
2024,P010011180,SI,SI,NO,NO
2024,P010011187,SI,SI,NO,NO
2024,P010012010,SI,SI,NO,NO
2024,P010012030,SI,SI,NO,NO
2024,P010012031,SI,SI,NO,NO
2024,P010012054,SI,SI,NO,NO
2024,P010012063,SI,SI,NO,NO
2024,P010012065,SI,SI,NO,NO
2024,P010012069,SI,SI,NO,NO
2024,P010012071,SI,SI,NO,NO
2024,P010012078,SI,SI,NO,NO
2024,P010012081,SI,SI,NO,NO
2024,P010012083,SI,SI,NO,NO
2024,P010012088,SI,SI,NO,NO
2024,P010012094,SI,SI,NO,NO
2024,P010012100,SI,SI,NO,NO
2024,P010012109,SI,SI,NO,NO
2024,P010012119,SI,SI,NO,NO
2024,P010012120,SI,SI,NO,NO
2024,P010012122,SI,SI,NO,NO
2024,P010012132,SI,SI,NO,NO
2024,P010012146,SI,SI,NO,NO
2024,P010012151,SI,SI,NO,NO
2024,P010012155,SI,SI,NO,NO
2024,P010012163,SI,SI,NO,NO
2024,P010012164,SI,SI,NO,NO
2024,P010012177,SI,SI,NO,NO
2024,P010012199,SI,SI,NO,NO
2024,P010012209,SI,SI,NO,NO
2024,P010012214,SI,SI,NO,NO
2024,P010012215,SI,SI,NO,NO
2024,P010012232,SI,SI,NO,NO
2024,P010012243,SI,SI,NO,NO
2024,P010012257,SI,SI,NO,NO
2024,P010012260,SI,SI,NO,NO
2024,P010012263,SI,SI,NO,NO
2024,P010012264,SI,SI,NO,NO
2024,P010012276,SI,SI,NO,NO
2024,P010012283,SI,SI,NO,NO
2024,P010012285,SI,SI,NO,NO
2024,P010012301,SI,SI,NO,NO
2024,P010012308,SI,SI,NO,NO
2024,P010012313,SI,SI,NO,NO
2024,P010012318,SI,SI,NO,NO
2024,P010012328,SI,SI,NO,NO
2024,P010012368,SI,SI,NO,NO
2024,P010012371,SI,SI,NO,NO
2024,P010012382,SI,SI,NO,NO
2024,P010012388,SI,SI,NO,NO
2024,P010012390,SI,SI,NO,NO
2024,P010012426,SI,SI,NO,NO
2024,P010012427,SI,SI,NO,NO
2024,P010012428,SI,SI,NO,NO
2024,P010012448,SI,SI,NO,NO
2024,P010050001,SI,SI,NO,NO
2024,P010050023,SI,SI,NO,NO
2024,P010050041,SI,SI,NO,NO
2024,P010050050,SI,SI,NO,NO
2024,P010050093,SI,SI,NO,NO
2024,P010050101,SI,SI,NO,NO
2024,P010050102,SI,SI,NO,NO
2024,P010050105,SI,SI,NO,NO
2024,P010050112,SI,SI,NO,NO
2024,P010050113,SI,SI,NO,NO
2024,P010050118,SI,SI,NO,NO
2024,P010050121,SI,SI,NO,NO
2024,P010050124,SI,SI,NO,NO
2024,P010050174,SI,SI,NO,NO
2024,P010050182,SI,SI,NO,NO
2024,P010050186,SI,SI,NO,NO
2024,P010050207,SI,SI,NO,NO
2024,P010050223,SI,SI,NO,NO
2024,P010050234,SI,SI,NO,NO
2024,P010050238,SI,SI,NO,NO
2024,P010050241,SI,SI,NO,NO
2024,P010050243,SI,SI,NO,NO
2024,P010050245,SI,SI,NO,NO
2024,P010050278,SI,SI,NO,NO
2024,P010050295,SI,SI,NO,NO
2024,P010050302,SI,SI,NO,NO
2024,P010050306,SI,SI,NO,NO
2024,P010050311,SI,SI,NO,NO
2024,P010050316,SI,SI,NO,NO
2024,P010050318,SI,SI,NO,NO
2024,P010050321,SI,SI,NO,NO
2024,P010050328,SI,SI,NO,NO
2024,P010050329,SI,SI,NO,NO
2024,P010050336,SI,SI,NO,NO
2024,P010050337,SI,SI,NO,NO
2024,P010050388,SI,SI,NO,NO
2024,P010050390,SI,SI,NO,NO
2024,P010050391,SI,SI,NO,NO
2024,P010050424,SI,SI,NO,NO
2024,P010050426,SI,SI,NO,NO
2024,P010050427,SI,SI,NO,NO
2024,P010050433,SI,SI,NO,NO
2024,P010050436,SI,SI,NO,NO
2024,P010050446,SI,SI,NO,NO
2024,P010050447,SI,SI,NO,NO
2024,P010050450,SI,SI,NO,NO
2024,P010050454,SI,SI,NO,NO
2024,P010050461,SI,SI,NO,NO
2024,P010050464,SI,SI,NO,NO
2024,P010050465,SI,SI,NO,NO
2024,P010050468,SI,SI,NO,NO
2024,P010050470,SI,SI,NO,NO
2024,P010050472,SI,SI,NO,NO
2024,P010050481,SI,SI,NO,NO
2024,P010050491,SI,SI,NO,NO
2024,P010050492,SI,SI,NO,NO
2024,P010050493,SI,SI,NO,NO
2024,P010050495,SI,SI,NO,NO
2024,P010050496,SI,SI,NO,NO
2024,P010050497,SI,SI,NO,NO
2024,P010050502,SI,SI,NO,NO
2024,P010050507,SI,SI,NO,NO
2024,P010110001,SI,SI,NO,NO
2024,P010110009,SI,SI,NO,NO
2024,P010110019,SI,SI,NO,NO
2024,P010110028,SI,SI,NO,NO
2024,P010110030,SI,SI,NO,NO
2024,P010110032,SI,SI,NO,NO
2024,P010110033,SI,SI,NO,NO
2024,P010110049,SI,SI,NO,NO
2024,P010110051,SI,SI,NO,NO
2024,P010110052,SI,SI,NO,NO
2024,P010110059,SI,SI,NO,NO
2024,P010110062,SI,SI,NO,NO
2024,P010110074,SI,SI,NO,NO
2024,P010110075,SI,SI,NO,NO
2024,P010110076,SI,SI,NO,NO
2024,P010110080,SI,SI,NO,NO
2024,P010110082,SI,SI,NO,NO
2024,P010110106,SI,SI,NO,NO
2024,P010110112,SI,SI,NO,NO
2024,P010110123,SI,SI,NO,NO
2024,P010110128,SI,SI,NO,NO
2024,P010110139,SI,SI,NO,NO
2024,P010110142,SI,SI,NO,NO
2024,P010110145,SI,SI,NO,NO
2024,P020020001,SI,SI,NO,NO
2024,P020020588,SI,SI,NO,NO
2024,P020021291,SI,SI,NO,NO
2024,P020021664,SI,SI,NO,NO
2024,P020021798,SI,SI,NO,NO
2024,P020021844,SI,SI,NO,NO
2024,P020023140,SI,SI,NO,NO
2024,P020024824,SI,SI,NO,NO
2024,P020024864,SI,SI,NO,NO
2024,P020040001,SI,SI,NO,NO
2024,P020040218,SI,SI,NO,NO
2024,P020040300,SI,SI,NO,NO
2024,P020040498,SI,SI,NO,NO
2024,P020040661,SI,SI,NO,NO
2024,P020040667,SI,SI,NO,NO
2024,P020040721,SI,SI,NO,NO
2024,P020040732,SI,SI,NO,NO
2024,P020040797,SI,SI,NO,NO
2024,P020040800,SI,SI,NO,NO
2024,P020041060,SI,SI,NO,NO
2024,P020041141,SI,SI,NO,NO
2024,P020041200,SI,SI,NO,NO
2024,P020041225,SI,SI,NO,NO
2024,P020041238,SI,SI,NO,NO
2024,P020041240,SI,SI,NO,NO
2024,P020041245,SI,SI,NO,NO
2024,P020041268,SI,SI,NO,NO
2024,P020041300,SI,SI,NO,NO
2024,P020041323,SI,SI,NO,NO
2024,P020041333,SI,SI,NO,NO
2024,P020041409,SI,SI,NO,NO
2024,P020041436,SI,SI,NO,NO
2024,P020041477,SI,SI,NO,NO
2024,P020041518,SI,SI,NO,NO
2024,P020041525,SI,SI,NO,NO
2024,P020041541,SI,SI,NO,NO
2024,P020041554,SI,SI,NO,NO
2024,P020041555,SI,SI,NO,NO
2024,P020041568,SI,SI,NO,NO
2024,P020041572,SI,SI,NO,NO
2024,P020041620,SI,SI,NO,NO
2024,P020041739,SI,SI,NO,NO
2024,P020041745,SI,SI,NO,NO
2024,P020041783,SI,SI,NO,NO
2024,P020041920,SI,SI,NO,NO
2024,P020041930,SI,SI,NO,NO
2024,P020041945,SI,SI,NO,NO
2024,P020041954,SI,SI,NO,NO
2024,P020041956,SI,SI,NO,NO
2024,P020041957,SI,SI,NO,NO
2024,P020041969,SI,SI,NO,NO
2024,P020041987,SI,SI,NO,NO
2024,P020041997,SI,SI,NO,NO
2024,P020041998,SI,SI,NO,NO
2024,P020042000,SI,SI,NO,NO
2024,P020042006,SI,SI,NO,NO
2024,P020042008,SI,SI,NO,NO
2024,P020042010,SI,SI,NO,NO
2024,P020042012,SI,SI,NO,NO
2024,P020042021,SI,SI,NO,NO
2024,P030030001,SI,SI,NO,NO
2024,P030032143,SI,SI,NO,NO
2024,P040020001,SI,SI,NO,NO
2024,P040020077,SI,SI,NO,NO
2024,P040020087,SI,SI,NO,NO
2024,P040020101,SI,SI,NO,NO
2024,P040020200,SI,SI,NO,NO
2024,P040020245,SI,SI,NO,NO
2024,P040020255,SI,SI,NO,NO
2024,P040020334,SI,SI,NO,NO
2024,P040020338,SI,SI,NO,NO
2024,P040020448,SI,SI,NO,NO
2024,P040020584,SI,SI,NO,NO
2024,P040020697,SI,SI,NO,NO
2024,P040020801,SI,SI,NO,NO
2024,P040020882,SI,SI,NO,NO
2024,P040020884,SI,SI,NO,NO
2024,P040020902,SI,SI,NO,NO
2024,P040020970,SI,SI,NO,NO
2024,P040020971,SI,SI,NO,NO
2024,P040020972,SI,SI,NO,NO
2024,P040020973,SI,SI,NO,NO
2024,P040020977,SI,SI,NO,NO
2024,P040020979,SI,SI,NO,NO
2024,P040020984,SI,SI,NO,NO
2024,P040030001,SI,SI,NO,NO
2024,P040030007,SI,SI,NO,NO
2024,P040030055,SI,SI,NO,NO
2024,P040030273,SI,SI,NO,NO
2024,P040030277,SI,SI,NO,NO
2024,P040031404,SI,SI,NO,NO
2024,P040031830,SI,SI,NO,NO
2024,P040031843,SI,SI,NO,NO
2024,P040031847,SI,SI,NO,NO
2024,P040033029,SI,SI,NO,NO
2024,P040033771,SI,SI,NO,NO
2024,P040033884,SI,SI,NO,NO
2024,P040033890,SI,SI,NO,NO
2024,P040034185,SI,SI,NO,NO
2024,P040034186,SI,SI,NO,NO
2024,P040034201,SI,SI,NO,NO
2024,P040034204,SI,SI,NO,NO
2024,P040034233,SI,SI,NO,NO
2024,P040034433,SI,SI,NO,NO
2024,P040034499,SI,SI,NO,NO
2024,P040034519,SI,SI,NO,NO
2024,P040034567,SI,SI,NO,NO
2024,P040034580,SI,SI,NO,NO
2024,P040034581,SI,SI,NO,NO
2024,P050100001,SI,SI,NO,NO
2024,P050100055,SI,SI,NO,NO
2024,P050100144,SI,SI,NO,NO
2024,P050100239,SI,SI,NO,NO
2024,P050100269,SI,SI,NO,NO
2024,P050100278,SI,SI,NO,NO
2024,P050180001,SI,SI,NO,NO
2024,P050180059,SI,SI,NO,NO
2024,P050180499,SI,SI,NO,NO
2024,P050180522,SI,SI,NO,NO
2024,P050220051,SI,SI,NO,NO
2024,P050250001,SI,SI,NO,NO
2024,P050270001,SI,SI,NO,NO
2024,P050270125,SI,SI,NO,NO
2024,P050270144,SI,SI,NO,NO
2024,P050270239,SI,SI,NO,NO
2024,P050270263,SI,SI,NO,NO
2024,P050270414,SI,SI,NO,NO
2024,P050270632,SI,SI,NO,NO
2024,P050300001,SI,SI,NO,NO
2024,P050300490,SI,SI,NO,NO
2024,P050301010,SI,SI,NO,NO
2024,P050301011,SI,SI,NO,NO
2024,P050301069,SI,SI,NO,NO
2024,P050350001,SI,SI,NO,NO
2024,P060020001,SI,SI,NO,NO
2024,P071010001,SI,SI,NO,NO
2024,P080160021,SI,SI,NO,NO
2024,P080170001,SI,SI,NO,NO
2024,P080170030,SI,SI,NO,NO
2024,P080170035,SI,SI,NO,NO
2024,P080170106,SI,SI,NO,NO
2024,P080170156,SI,SI,NO,NO
2024,P080170158,SI,SI,NO,NO
2024,P080170159,SI,SI,NO,NO
2024,P080170160,SI,SI,NO,NO
2024,P080170269,SI,SI,NO,NO
2024,P080170270,SI,SI,NO,NO
2024,P080170337,SI,SI,NO,NO
2024,P080170451,SI,SI,NO,NO
2024,P080170469,SI,SI,NO,NO
2024,P080170476,SI,SI,NO,NO
2024,P080170477,SI,SI,NO,NO
2024,P080170478,SI,SI,NO,NO
2024,P080170526,SI,SI,NO,NO
2024,P080170536,SI,SI,NO,NO
2024,P080170559,SI,SI,NO,NO
2024,P080170560,SI,SI,NO,NO
2024,P080170567,SI,SI,NO,NO
2024,P080170623,SI,SI,NO,NO
2024,P080170640,SI,SI,NO,NO
2024,P080170641,SI,SI,NO,NO
2024,P080170642,SI,SI,NO,NO
2024,P080170643,SI,SI,NO,NO
2024,P080170666,SI,SI,NO,NO
2024,P080170667,SI,SI,NO,NO
2024,P080170668,SI,SI,NO,NO
2024,P080170696,SI,SI,NO,NO
2024,P080170716,SI,SI,NO,NO
2024,P080170718,SI,SI,NO,NO
2024,P080170719,SI,SI,NO,NO
2024,P080170720,SI,SI,NO,NO
2024,P080170743,SI,SI,NO,NO
2024,P080170751,SI,SI,NO,NO
2024,P080170828,SI,SI,NO,NO
2024,P080170829,SI,SI,NO,NO
2024,P080170841,SI,SI,NO,NO
2024,P080170845,SI,SI,NO,NO
2024,P080170864,SI,SI,NO,NO
2024,P080170867,SI,SI,NO,NO
2024,P080170870,SI,SI,NO,NO
2024,P080170871,SI,SI,NO,NO
2024,P080170876,SI,SI,NO,NO
2024,P080170879,SI,SI,NO,NO
2024,P080170888,SI,SI,NO,NO
2024,P080170890,SI,SI,NO,NO
2024,P080170894,SI,SI,NO,NO
2024,P080170895,SI,SI,NO,NO
2024,P080170897,SI,SI,NO,NO
2024,P080170900,SI,SI,NO,NO
2024,P080170901,SI,SI,NO,NO
2024,P080170903,SI,SI,NO,NO
2024,P080170906,SI,SI,NO,NO
2024,P080170908,SI,SI,NO,NO
2024,P080170912,SI,SI,NO,NO
2024,P080170919,SI,SI,NO,NO
2024,P080170920,SI,SI,NO,NO
2024,P080170923,SI,SI,NO,NO
2024,P080170927,SI,SI,NO,NO
2024,P080170934,SI,SI,NO,NO
2024,P080170937,SI,SI,NO,NO
2024,P080170952,SI,SI,NO,NO
2024,P080170965,SI,SI,NO,NO
2024,P080170966,SI,SI,NO,NO
2024,P080170969,SI,SI,NO,NO
2024,P080170979,SI,SI,NO,NO
2024,P080190001,SI,SI,NO,NO
2024,P080190999,SI,SI,NO,NO
2024,P080191002,SI,SI,NO,NO
2024,P080191008,SI,SI,NO,NO
2024,P080191091,SI,SI,NO,NO
2024,P080191212,SI,SI,NO,NO
2024,P080191321,SI,SI,NO,NO
2024,P080191322,SI,SI,NO,NO
2024,P080210001,SI,SI,NO,NO
2024,P080210002,SI,SI,NO,NO
2024,P080210006,SI,SI,NO,NO
2024,P080210012,SI,SI,NO,NO
2024,P080210018,SI,SI,NO,NO
2024,P080210019,SI,SI,NO,NO
2024,P080210021,SI,SI,NO,NO
2024,P080210024,SI,SI,NO,NO
2024,P080210026,SI,SI,NO,NO
2024,P080210029,SI,SI,NO,NO
2024,P080210030,SI,SI,NO,NO
2024,P080210047,SI,SI,NO,NO
2024,P080210049,SI,SI,NO,NO
2024,P080210054,SI,SI,NO,NO
2024,P080210059,SI,SI,NO,NO
2024,P080210060,SI,SI,NO,NO
2024,P080210064,SI,SI,NO,NO
2024,P080210067,SI,SI,NO,NO
2024,P080210068,SI,SI,NO,NO
2024,P080210077,SI,SI,NO,NO
2024,P080210083,SI,SI,NO,NO
2024,P080210085,SI,SI,NO,NO
2024,P080210087,SI,SI,NO,NO
2024,P080210088,SI,SI,NO,NO
2024,P080210091,SI,SI,NO,NO
2024,P080210106,SI,SI,NO,NO
2024,P080210108,SI,SI,NO,NO
2024,P080210114,SI,SI,NO,NO
2024,P080210183,SI,SI,NO,NO
2024,P080210274,SI,SI,NO,NO
2024,P080210285,SI,SI,NO,NO
2024,P080210288,SI,SI,NO,NO
2024,P080210291,SI,SI,NO,NO
2024,P080210303,SI,SI,NO,NO
2024,P080210309,SI,SI,NO,NO
2024,P080210326,SI,SI,NO,NO
2024,P080210343,SI,SI,NO,NO
2024,P080210350,SI,SI,NO,NO
2024,P080210354,SI,SI,NO,NO
2024,P080210356,SI,SI,NO,NO
2024,P080210359,SI,SI,NO,NO
2024,P080210360,SI,SI,NO,NO
2024,P080210365,SI,SI,NO,NO
2024,P080210371,SI,SI,NO,NO
2024,P080210396,SI,SI,NO,NO
2024,P080210401,SI,SI,NO,NO
2024,P080210403,SI,SI,NO,NO
2024,P080210404,SI,SI,NO,NO
2024,P080210406,SI,SI,NO,NO
2024,P080210408,SI,SI,NO,NO
2024,P080210410,SI,SI,NO,NO
2024,P080210449,SI,SI,NO,NO
2024,P080210456,SI,SI,NO,NO
2024,P080210459,SI,SI,NO,NO
2024,P080210486,SI,SI,NO,NO
2024,P080210487,SI,SI,NO,NO
2024,P080210496,SI,SI,NO,NO
2024,P080210500,SI,SI,NO,NO
2024,P080210504,SI,SI,NO,NO
2024,P080210514,SI,SI,NO,NO
2024,P080210515,SI,SI,NO,NO
2024,P080210517,SI,SI,NO,NO
2024,P080210534,SI,SI,NO,NO
2024,P080210565,SI,SI,NO,NO
2024,P080210588,SI,SI,NO,NO
2024,P080210596,SI,SI,NO,NO
2024,P080210609,SI,SI,NO,NO
2024,P080210633,SI,SI,NO,NO
2024,P080210693,SI,SI,NO,NO
2024,P080210699,SI,SI,NO,NO
2024,P080210700,SI,SI,NO,NO
2024,P080210701,SI,SI,NO,NO
2024,P080210710,SI,SI,NO,NO
2024,P080210738,SI,SI,NO,NO
2024,P080210760,SI,SI,NO,NO
2024,P080210762,SI,SI,NO,NO
2024,P080210768,SI,SI,NO,NO
2024,P080210771,SI,SI,NO,NO
2024,P080210773,SI,SI,NO,NO
2024,P080210796,SI,SI,NO,NO
2024,P080210802,SI,SI,NO,NO
2024,P080210808,SI,SI,NO,NO
2024,P080210838,SI,SI,NO,NO
2024,P080210844,SI,SI,NO,NO
2024,P080210854,SI,SI,NO,NO
2024,P080210858,SI,SI,NO,NO
2024,P080210871,SI,SI,NO,NO
2024,P080210873,SI,SI,NO,NO
2024,P080210915,SI,SI,NO,NO
2024,P080210928,SI,SI,NO,NO
2024,P080210935,SI,SI,NO,NO
2024,P080210957,SI,SI,NO,NO
2024,P080210958,SI,SI,NO,NO
2024,P080210960,SI,SI,NO,NO
2024,P080210963,SI,SI,NO,NO
2024,P080210968,SI,SI,NO,NO
2024,P080210976,SI,SI,NO,NO
2024,P080210977,SI,SI,NO,NO
2024,P080210985,SI,SI,NO,NO
2024,P080210986,SI,SI,NO,NO
2024,P080210991,SI,SI,NO,NO
2024,P080210993,SI,SI,NO,NO
2024,P080210994,SI,SI,NO,NO
2024,P080210997,SI,SI,NO,NO
2024,P080210999,SI,SI,NO,NO
2024,P080211004,SI,SI,NO,NO
2024,P080211005,SI,SI,NO,NO
2024,P080211006,SI,SI,NO,NO
2024,P080211027,SI,SI,NO,NO
2024,P080211051,SI,SI,NO,NO
2024,P080211053,SI,SI,NO,NO
2024,P080211058,SI,SI,NO,NO
2024,P080211062,SI,SI,NO,NO
2024,P080211066,SI,SI,NO,NO
2024,P080211073,SI,SI,NO,NO
2024,P080211088,SI,SI,NO,NO
2024,P080211137,SI,SI,NO,NO
2024,P080211173,SI,SI,NO,NO
2024,P080211203,SI,SI,NO,NO
2024,P080211212,SI,SI,NO,NO
2024,P080211221,SI,SI,NO,NO
2024,P080211226,SI,SI,NO,NO
2024,P080211239,SI,SI,NO,NO
2024,P080211241,SI,SI,NO,NO
2024,P080211247,SI,SI,NO,NO
2024,P080211251,SI,SI,NO,NO
2024,P080211253,SI,SI,NO,NO
2024,P080211267,SI,SI,NO,NO
2024,P080211270,SI,SI,NO,NO
2024,P080211273,SI,SI,NO,NO
2024,P080211274,SI,SI,NO,NO
2024,P080211278,SI,SI,NO,NO
2024,P080211287,SI,SI,NO,NO
2024,P080211300,SI,SI,NO,NO
2024,P080211304,SI,SI,NO,NO
2024,P080211310,SI,SI,NO,NO
2024,P080211311,SI,SI,NO,NO
2024,P080211314,SI,SI,NO,NO
2024,P080211329,SI,SI,NO,NO
2024,P080211338,SI,SI,NO,NO
2024,P080211342,SI,SI,NO,NO
2024,P080211346,SI,SI,NO,NO
2024,P080211350,SI,SI,NO,NO
2024,P080211353,SI,SI,NO,NO
2024,P080211355,SI,SI,NO,NO
2024,P080211358,SI,SI,NO,NO
2024,P080211359,SI,SI,NO,NO
2024,P080211372,SI,SI,NO,NO
2024,P080211374,SI,SI,NO,NO
2024,P080211392,SI,SI,NO,NO
2024,P080211401,SI,SI,NO,NO
2024,P080211404,SI,SI,NO,NO
2024,P080211408,SI,SI,NO,NO
2024,P080211415,SI,SI,NO,NO
2024,P080211418,SI,SI,NO,NO
2024,P080211419,SI,SI,NO,NO
2024,P080211423,SI,SI,NO,NO
2024,P080211427,SI,SI,NO,NO
2024,P080211433,SI,SI,NO,NO
2024,P080211440,SI,SI,NO,NO
2024,P080211449,SI,SI,NO,NO
2024,P080211452,SI,SI,NO,NO
2024,P080211453,SI,SI,NO,NO
2024,P080211456,SI,SI,NO,NO
2024,P080211460,SI,SI,NO,NO
2024,P080211465,SI,SI,NO,NO
2024,P080211470,SI,SI,NO,NO
2024,P080211471,SI,SI,NO,NO
2024,P080211473,SI,SI,NO,NO
2024,P080211478,SI,SI,NO,NO
2024,P080211479,SI,SI,NO,NO
2024,P080211480,SI,SI,NO,NO
2024,P080211484,SI,SI,NO,NO
2024,P080211485,SI,SI,NO,NO
2024,P080211487,SI,SI,NO,NO
2024,P080211488,SI,SI,NO,NO
2024,P080211489,SI,SI,NO,NO
2024,P080211492,SI,SI,NO,NO
2024,P080211493,SI,SI,NO,NO
2024,P080211497,SI,SI,NO,NO
2024,P080211499,SI,SI,NO,NO
2024,P080211500,SI,SI,NO,NO
2024,P080211501,SI,SI,NO,NO
2024,P080211502,SI,SI,NO,NO
2024,P080211508,SI,SI,NO,NO
2024,P080211509,SI,SI,NO,NO
2024,P080211511,SI,SI,NO,NO
2024,P080211513,SI,SI,NO,NO
2024,P080211514,SI,SI,NO,NO
2024,P080211515,SI,SI,NO,NO
2024,P080211517,SI,SI,NO,NO
2024,P080211519,SI,SI,NO,NO
2024,P080211520,SI,SI,NO,NO
2024,P080211521,SI,SI,NO,NO
2024,P080211522,SI,SI,NO,NO
2024,P080211524,SI,SI,NO,NO
2024,P080211527,SI,SI,NO,NO
2024,P080211529,SI,SI,NO,NO
2024,P080211531,SI,SI,NO,NO
2024,P080211533,SI,SI,NO,NO
2024,P080211544,SI,SI,NO,NO
2024,P080211545,SI,SI,NO,NO
2024,P080211552,SI,SI,NO,NO
2024,P080211554,SI,SI,NO,NO
2024,P080211556,SI,SI,NO,NO
2024,P080211557,SI,SI,NO,NO
2024,P080211559,SI,SI,NO,NO
2024,P080211561,SI,SI,NO,NO
2024,P080211562,SI,SI,NO,NO
2024,P080211565,SI,SI,NO,NO
2024,P080211568,SI,SI,NO,NO
2024,P080211569,SI,SI,NO,NO
2024,P080211573,SI,SI,NO,NO
2024,P080211580,SI,SI,NO,NO
2024,P080211592,SI,SI,NO,NO
2024,P080211594,SI,SI,NO,NO
2024,P080211596,SI,SI,NO,NO
2024,P080370001,SI,SI,NO,NO
2024,P080380001,SI,SI,NO,NO
2024,P080380041,SI,SI,NO,NO
2024,P080380075,SI,SI,NO,NO
2024,P080380078,SI,SI,NO,NO
2024,P080380095,SI,SI,NO,NO
2024,P080380096,SI,SI,NO,NO
2024,P080380100,SI,SI,NO,NO
2024,P080380102,SI,SI,NO,NO
2024,P080380133,SI,SI,NO,NO
2024,P080380155,SI,SI,NO,NO
2024,P080380164,SI,SI,NO,NO
2024,P080380174,SI,SI,NO,NO
2024,P080380176,SI,SI,NO,NO
2024,P080380177,SI,SI,NO,NO
2024,P080450001,SI,SI,NO,NO
2024,P080450004,SI,SI,NO,NO
2024,P080450005,SI,SI,NO,NO
2024,P080450006,SI,SI,NO,NO
2024,P080450007,SI,SI,NO,NO
2024,P080450008,SI,SI,NO,NO
2024,P080450010,SI,SI,NO,NO
2024,P080450011,SI,SI,NO,NO
2024,P080450012,SI,SI,NO,NO
2024,P080450013,SI,SI,NO,NO
2024,P080450015,SI,SI,NO,NO
2024,P080450016,SI,SI,NO,NO
2024,P080450019,SI,SI,NO,NO
2024,P080450020,SI,SI,NO,NO
2024,P080450033,SI,SI,NO,NO
2024,P080450045,SI,SI,NO,NO
2024,P080450052,SI,SI,NO,NO
2024,P080450056,SI,SI,NO,NO
2024,P080450063,SI,SI,NO,NO
2024,P080450064,SI,SI,NO,NO
2024,P080450068,SI,SI,NO,NO
2024,P080450073,SI,SI,NO,NO
2024,P080450075,SI,SI,NO,NO
2024,P080450085,SI,SI,NO,NO
2024,P080450087,SI,SI,NO,NO
2024,P080450090,SI,SI,NO,NO
2024,P080450095,SI,SI,NO,NO
2024,P080450105,SI,SI,NO,NO
2024,P080450112,SI,SI,NO,NO
2024,P080450117,SI,SI,NO,NO
2024,P080450134,SI,SI,NO,NO
2024,P080450141,SI,SI,NO,NO
2024,P080450144,SI,SI,NO,NO
2024,P080450145,SI,SI,NO,NO
2024,P080450147,SI,SI,NO,NO
2024,P080450148,SI,SI,NO,NO
2024,P080450199,SI,SI,NO,NO
2024,P080450204,SI,SI,NO,NO
2024,P080450206,SI,SI,NO,NO
2024,P080450210,SI,SI,NO,NO
2024,P080450214,SI,SI,NO,NO
2024,P080450224,SI,SI,NO,NO
2024,P080450227,SI,SI,NO,NO
2024,P080450228,SI,SI,NO,NO
2024,P080450229,SI,SI,NO,NO
2024,P080450235,SI,SI,NO,NO
2024,P080450237,SI,SI,NO,NO
2024,P080450246,SI,SI,NO,NO
2024,P080450247,SI,SI,NO,NO
2024,P080450248,SI,SI,NO,NO
2024,P080450249,SI,SI,NO,NO
2024,P080450250,SI,SI,NO,NO
2024,P080450252,SI,SI,NO,NO
2024,P080450253,SI,SI,NO,NO
2024,P080450255,SI,SI,NO,NO
2024,P080450256,SI,SI,NO,NO
2024,P080450257,SI,SI,NO,NO
2024,P080450259,SI,SI,NO,NO
2024,P080450283,SI,SI,NO,NO
2024,P080450291,SI,SI,NO,NO
2024,P080450328,SI,SI,NO,NO
2024,P080450336,SI,SI,NO,NO
2024,P080450344,SI,SI,NO,NO
2024,P080450349,SI,SI,NO,NO
2024,P080450354,SI,SI,NO,NO
2024,P080450358,SI,SI,NO,NO
2024,P080450388,SI,SI,NO,NO
2024,P080450403,SI,SI,NO,NO
2024,P080450446,SI,SI,NO,NO
2024,P080450448,SI,SI,NO,NO
2024,P080450450,SI,SI,NO,NO
2024,P080450457,SI,SI,NO,NO
2024,P080450458,SI,SI,NO,NO
2024,P080450461,SI,SI,NO,NO
2024,P080450465,SI,SI,NO,NO
2024,P080450468,SI,SI,NO,NO
2024,P080450473,SI,SI,NO,NO
2024,P080450475,SI,SI,NO,NO
2024,P080450477,SI,SI,NO,NO
2024,P080450478,SI,SI,NO,NO
2024,P080450479,SI,SI,NO,NO
2024,P080450482,SI,SI,NO,NO
2024,P080450483,SI,SI,NO,NO
2024,P080450485,SI,SI,NO,NO
2024,P080450487,SI,SI,NO,NO
2024,P080450488,SI,SI,NO,NO
2024,P080450489,SI,SI,NO,NO
2024,P080450492,SI,SI,NO,NO
2024,P080450498,SI,SI,NO,NO
2024,P080450501,SI,SI,NO,NO
2024,P080450503,SI,SI,NO,NO
2024,P080450506,SI,SI,NO,NO
2024,P080450508,SI,SI,NO,NO
2024,P080450510,SI,SI,NO,NO
2024,P080450511,SI,SI,NO,NO
2024,P080450512,SI,SI,NO,NO
2024,P080450513,SI,SI,NO,NO
2024,P080450518,SI,SI,NO,NO
2024,P080450523,SI,SI,NO,NO
2024,P080450524,SI,SI,NO,NO
2024,P080450525,SI,SI,NO,NO
2024,P080450529,SI,SI,NO,NO
2024,P080450530,SI,SI,NO,NO
2024,P080450532,SI,SI,NO,NO
2024,P080450533,SI,SI,NO,NO
2024,P080450544,SI,SI,NO,NO
2024,P080450545,SI,SI,NO,NO
2024,P080450548,SI,SI,NO,NO
2024,P080450551,SI,SI,NO,NO
2024,P080450552,SI,SI,NO,NO
2024,P080450553,SI,SI,NO,NO
2024,P080450555,SI,SI,NO,NO
2024,P080450556,SI,SI,NO,NO
2024,P080450558,SI,SI,NO,NO
2024,P080450559,SI,SI,NO,NO
2024,P080450561,SI,SI,NO,NO
2024,P080450562,SI,SI,NO,NO
2024,P080450563,SI,SI,NO,NO
2024,P080450565,SI,SI,NO,NO
2024,P080450568,SI,SI,NO,NO
2024,P080450571,SI,SI,NO,NO
2024,P080450573,SI,SI,NO,NO
2024,P080450576,SI,SI,NO,NO
2024,P080450582,SI,SI,NO,NO
2024,P080450590,SI,SI,NO,NO
2024,P080450591,SI,SI,NO,NO
2024,P080450592,SI,SI,NO,NO
2024,P080450601,SI,SI,NO,NO
2024,P080450602,SI,SI,NO,NO
2024,P080450603,SI,SI,NO,NO
2024,P080450604,SI,SI,NO,NO
2024,P080450609,SI,SI,NO,NO
2024,P080450615,SI,SI,NO,NO
2024,P080450616,SI,SI,NO,NO
2024,P080450617,SI,SI,NO,NO
2024,P080450618,SI,SI,NO,NO
2024,P080450619,SI,SI,NO,NO
2024,P080450624,SI,SI,NO,NO
2024,P080450632,SI,SI,NO,NO
2024,P080450633,SI,SI,NO,NO
2024,P080450637,SI,SI,NO,NO
2024,P080450638,SI,SI,NO,NO
2024,P080450643,SI,SI,NO,NO
2024,P080450644,SI,SI,NO,NO
2024,P080450655,SI,SI,NO,NO
2024,P080450656,SI,SI,NO,NO
2024,P080450658,SI,SI,NO,NO
2024,P080450672,SI,SI,NO,NO
2024,P080450675,SI,SI,NO,NO
2024,P080450685,SI,SI,NO,NO
2024,P080450686,SI,SI,NO,NO
2024,P080450688,SI,SI,NO,NO
2024,P080450690,SI,SI,NO,NO
2024,P080450691,SI,SI,NO,NO
2024,P080450697,SI,SI,NO,NO
2024,P080450699,SI,SI,NO,NO
2024,P080450700,SI,SI,NO,NO
2024,P080450702,SI,SI,NO,NO
2024,P080450706,SI,SI,NO,NO
2024,P080450707,SI,SI,NO,NO
2024,P080450717,SI,SI,NO,NO
2024,P080450718,SI,SI,NO,NO
2024,P080450721,SI,SI,NO,NO
2024,P080450722,SI,SI,NO,NO
2024,P080450726,SI,SI,NO,NO
2024,P080450727,SI,SI,NO,NO
2024,P080450729,SI,SI,NO,NO
2024,P080450731,SI,SI,NO,NO
2024,P080450735,SI,SI,NO,NO
2024,P080450736,SI,SI,NO,NO
2024,P080450738,SI,SI,NO,NO
2024,P080450739,SI,SI,NO,NO
2024,P080450744,SI,SI,NO,NO
2024,P080450746,SI,SI,NO,NO
2024,P080450748,SI,SI,NO,NO
2024,P080450753,SI,SI,NO,NO
2024,P080450756,SI,SI,NO,NO
2024,P080450757,SI,SI,NO,NO
2024,P080450763,SI,SI,NO,NO
2024,P080450774,SI,SI,NO,NO
2024,P080450777,SI,SI,NO,NO
2024,P080450782,SI,SI,NO,NO
2024,P080450783,SI,SI,NO,NO
2024,P080450786,SI,SI,NO,NO
2024,P080450788,SI,SI,NO,NO
2024,P080450789,SI,SI,NO,NO
2024,P080450799,SI,SI,NO,NO
2024,P080450800,SI,SI,NO,NO
2024,P080450807,SI,SI,NO,NO
2024,P080450814,SI,SI,NO,NO
2024,P080450817,SI,SI,NO,NO
2024,P080450818,SI,SI,NO,NO
2024,P080450819,SI,SI,NO,NO
2024,P080450821,SI,SI,NO,NO
2024,P080450825,SI,SI,NO,NO
2024,P080450826,SI,SI,NO,NO
2024,P080450829,SI,SI,NO,NO
2024,P080450837,SI,SI,NO,NO
2024,P080450838,SI,SI,NO,NO
2024,P080450839,SI,SI,NO,NO
2024,P080450848,SI,SI,NO,NO
2024,P080450850,SI,SI,NO,NO
2024,P080450856,SI,SI,NO,NO
2024,P080450857,SI,SI,NO,NO
2024,P080450863,SI,SI,NO,NO
2024,P080450865,SI,SI,NO,NO
2024,P080450870,SI,SI,NO,NO
2024,P080450878,SI,SI,NO,NO
2024,P080450883,SI,SI,NO,NO
2024,P080450884,SI,SI,NO,NO
2024,P080450887,SI,SI,NO,NO
2024,P080450891,SI,SI,NO,NO
2024,P080450894,SI,SI,NO,NO
2024,P080450896,SI,SI,NO,NO
2024,P080450900,SI,SI,NO,NO
2024,P080450902,SI,SI,NO,NO
2024,P080450905,SI,SI,NO,NO
2024,P080450907,SI,SI,NO,NO
2024,P080450917,SI,SI,NO,NO
2024,P080450924,SI,SI,NO,NO
2024,P080450925,SI,SI,NO,NO
2024,P080450927,SI,SI,NO,NO
2024,P080450928,SI,SI,NO,NO
2024,P080450929,SI,SI,NO,NO
2024,P080450935,SI,SI,NO,NO
2024,P080450937,SI,SI,NO,NO
2024,P080450938,SI,SI,NO,NO
2024,P080450939,SI,SI,NO,NO
2024,P080450940,SI,SI,NO,NO
2024,P080450942,SI,SI,NO,NO
2024,P080450944,SI,SI,NO,NO
2024,P080450945,SI,SI,NO,NO
2024,P080450950,SI,SI,NO,NO
2024,P080450953,SI,SI,NO,NO
2024,P080450967,SI,SI,NO,NO
2024,P080450969,SI,SI,NO,NO
2024,P080450970,SI,SI,NO,NO
2024,P080450975,SI,SI,NO,NO
2024,P080450976,SI,SI,NO,NO
2024,P080450981,SI,SI,NO,NO
2024,P080450984,SI,SI,NO,NO
2024,P080451304,SI,SI,NO,NO
2024,P080451305,SI,SI,NO,NO
2024,P080451306,SI,SI,NO,NO
2024,P080451310,SI,SI,NO,NO
2024,P080451311,SI,SI,NO,NO
2024,P080451312,SI,SI,NO,NO
2024,P080451313,SI,SI,NO,NO
2024,P080451314,SI,SI,NO,NO
2024,P080451315,SI,SI,NO,NO
2024,P080451316,SI,SI,NO,NO
2024,P080451317,SI,SI,NO,NO
2024,P080451323,SI,SI,NO,NO
2024,P080451324,SI,SI,NO,NO
2024,P080451325,SI,SI,NO,NO
2024,P080451326,SI,SI,NO,NO
2024,P080451327,SI,SI,NO,NO
2024,P080451328,SI,SI,NO,NO
2024,P080451329,SI,SI,NO,NO
2024,P080451330,SI,SI,NO,NO
2024,P080451331,SI,SI,NO,NO
2024,P080451334,SI,SI,NO,NO
2024,P080451337,SI,SI,NO,NO
2024,P080451344,SI,SI,NO,NO
2024,P080451346,SI,SI,NO,NO
2024,P080451361,SI,SI,NO,NO
2024,P080451366,SI,SI,NO,NO
2024,P080451370,SI,SI,NO,NO
2024,P080451377,SI,SI,NO,NO
2024,P080451379,SI,SI,NO,NO
2024,P080451380,SI,SI,NO,NO
2024,P080451381,SI,SI,NO,NO
2024,P080451382,SI,SI,NO,NO
2024,P080451386,SI,SI,NO,NO
2024,P080451392,SI,SI,NO,NO
2024,P080451393,SI,SI,NO,NO
2024,P080451396,SI,SI,NO,NO
2024,P080451397,SI,SI,NO,NO
2024,P080451398,SI,SI,NO,NO
2024,P080451399,SI,SI,NO,NO
2024,P080451400,SI,SI,NO,NO
2024,P080451401,SI,SI,NO,NO
2024,P080451402,SI,SI,NO,NO
2024,P080451405,SI,SI,NO,NO
2024,P080451415,SI,SI,NO,NO
2024,P080451421,SI,SI,NO,NO
2024,P080451423,SI,SI,NO,NO
2024,P080451426,SI,SI,NO,NO
2024,P080451432,SI,SI,NO,NO
2024,P080451436,SI,SI,NO,NO
2024,P080451440,SI,SI,NO,NO
2024,P080451441,SI,SI,NO,NO
2024,P080451445,SI,SI,NO,NO
2024,P080451447,SI,SI,NO,NO
2024,P080451449,SI,SI,NO,NO
2024,P080451453,SI,SI,NO,NO
2024,P080451454,SI,SI,NO,NO
2024,P080451465,SI,SI,NO,NO
2024,P080451466,SI,SI,NO,NO
2024,P080451467,SI,SI,NO,NO
2024,P080451469,SI,SI,NO,NO
2024,P080451470,SI,SI,NO,NO
2024,P080451474,SI,SI,NO,NO
2024,P080451476,SI,SI,NO,NO
2024,P080451477,SI,SI,NO,NO
2024,P080451482,SI,SI,NO,NO
2024,P080451484,SI,SI,NO,NO
2024,P080451485,SI,SI,NO,NO
2024,P080451487,SI,SI,NO,NO
2024,P080451491,SI,SI,NO,NO
2024,P080451493,SI,SI,NO,NO
2024,P080451494,SI,SI,NO,NO
2024,P080451495,SI,SI,NO,NO
2024,P080451496,SI,SI,NO,NO
2024,P080451497,SI,SI,NO,NO
2024,P080451499,SI,SI,NO,NO
2024,P080451500,SI,SI,NO,NO
2024,P080451502,SI,SI,NO,NO
2024,P080451506,SI,SI,NO,NO
2024,P080451507,SI,SI,NO,NO
2024,P080451509,SI,SI,NO,NO
2024,P080451510,SI,SI,NO,NO
2024,P080451514,SI,SI,NO,NO
2024,P080451516,SI,SI,NO,NO
2024,P080451517,SI,SI,NO,NO
2024,P080451520,SI,SI,NO,NO
2024,P080451522,SI,SI,NO,NO
2024,P080451524,SI,SI,NO,NO
2024,P080451525,SI,SI,NO,NO
2024,P080451526,SI,SI,NO,NO
2024,P080451530,SI,SI,NO,NO
2024,P080451531,SI,SI,NO,NO
2024,P080451537,SI,SI,NO,NO
2024,P080451539,SI,SI,NO,NO
2024,P080451540,SI,SI,NO,NO
2024,P080451542,SI,SI,NO,NO
2024,P080451544,SI,SI,NO,NO
2024,P080451547,SI,SI,NO,NO
2024,P080451550,SI,SI,NO,NO
2024,P080451552,SI,SI,NO,NO
2024,P080451553,SI,SI,NO,NO
2024,P080451555,SI,SI,NO,NO
2024,P080451560,SI,SI,NO,NO
2024,P080451561,SI,SI,NO,NO
2024,P080451565,SI,SI,NO,NO
2024,P080451576,SI,SI,NO,NO
2024,P080451577,SI,SI,NO,NO
2024,P080451578,SI,SI,NO,NO
2024,P080451579,SI,SI,NO,NO
2024,P080550001,SI,SI,NO,NO
2024,P080550009,SI,SI,NO,NO
2024,P080550070,SI,SI,NO,NO
2024,P080550132,SI,SI,NO,NO
2024,P080550216,SI,SI,NO,NO
2024,P080550217,SI,SI,NO,NO
2024,P080550218,SI,SI,NO,NO
2024,P080550229,SI,SI,NO,NO
2024,P080550238,SI,SI,NO,NO
2024,P080550251,SI,SI,NO,NO
2024,P080550265,SI,SI,NO,NO
2024,P080550274,SI,SI,NO,NO
2024,P080550295,SI,SI,NO,NO
2024,P080550362,SI,SI,NO,NO
2024,P080550402,SI,SI,NO,NO
2024,P080550403,SI,SI,NO,NO
2024,P080550426,SI,SI,NO,NO
2024,P080550430,SI,SI,NO,NO
2024,P080550433,SI,SI,NO,NO
2024,P080550434,SI,SI,NO,NO
2024,P080550450,SI,SI,NO,NO
2024,P080550458,SI,SI,NO,NO
2024,P080550578,SI,SI,NO,NO
2024,P080550592,SI,SI,NO,NO
2024,P080550596,SI,SI,NO,NO
2024,P080550600,SI,SI,NO,NO
2024,P080550606,SI,SI,NO,NO
2024,P080550607,SI,SI,NO,NO
2024,P080550617,SI,SI,NO,NO
2024,P080550618,SI,SI,NO,NO
2024,P080550662,SI,SI,NO,NO
2024,P080550665,SI,SI,NO,NO
2024,P080550677,SI,SI,NO,NO
2024,P080550686,SI,SI,NO,NO
2024,P080550687,SI,SI,NO,NO
2024,P080550689,SI,SI,NO,NO
2024,P080550691,SI,SI,NO,NO
2024,P080550693,SI,SI,NO,NO
2024,P080550694,SI,SI,NO,NO
2024,P080550695,SI,SI,NO,NO
2024,P080550696,SI,SI,NO,NO
2024,P080550701,SI,SI,NO,NO
2024,P080550703,SI,SI,NO,NO
2024,P080550705,SI,SI,NO,NO
2024,P080550714,SI,SI,NO,NO
2024,P080550716,SI,SI,NO,NO
2024,P080550729,SI,SI,NO,NO
2024,P080550732,SI,SI,NO,NO
2024,P080550734,SI,SI,NO,NO
2024,P080550738,SI,SI,NO,NO
2024,P080550744,SI,SI,NO,NO
2024,P080550750,SI,SI,NO,NO
2024,P080550812,SI,SI,NO,NO
2024,P080550813,SI,SI,NO,NO
2024,P080550816,SI,SI,NO,NO
2024,P080620001,SI,SI,NO,NO
2024,P080620002,SI,SI,NO,NO
2024,P080620003,SI,SI,NO,NO
2024,P080620008,SI,SI,NO,NO
2024,P080620009,SI,SI,NO,NO
2024,P080620012,SI,SI,NO,NO
2024,P080620013,SI,SI,NO,NO
2024,P080620014,SI,SI,NO,NO
2024,P080620015,SI,SI,NO,NO
2024,P080620023,SI,SI,NO,NO
2024,P080620041,SI,SI,NO,NO
2024,P080620057,SI,SI,NO,NO
2024,P080620061,SI,SI,NO,NO
2024,P080620062,SI,SI,NO,NO
2024,P080620079,SI,SI,NO,NO
2024,P080620087,SI,SI,NO,NO
2024,P080620089,SI,SI,NO,NO
2024,P080620092,SI,SI,NO,NO
2024,P080620093,SI,SI,NO,NO
2024,P080620099,SI,SI,NO,NO
2024,P080620104,SI,SI,NO,NO
2024,P080620107,SI,SI,NO,NO
2024,P080620117,SI,SI,NO,NO
2024,P080620127,SI,SI,NO,NO
2024,P080620132,SI,SI,NO,NO
2024,P080620193,SI,SI,NO,NO
2024,P080620216,SI,SI,NO,NO
2024,P080620232,SI,SI,NO,NO
2024,P080620259,SI,SI,NO,NO
2024,P080620270,SI,SI,NO,NO
2024,P080620274,SI,SI,NO,NO
2024,P080620297,SI,SI,NO,NO
2024,P080620322,SI,SI,NO,NO
2024,P080620323,SI,SI,NO,NO
2024,P080620326,SI,SI,NO,NO
2024,P080620331,SI,SI,NO,NO
2024,P080620337,SI,SI,NO,NO
2024,P080620342,SI,SI,NO,NO
2024,P080620350,SI,SI,NO,NO
2024,P080620351,SI,SI,NO,NO
2024,P080620359,SI,SI,NO,NO
2024,P080620362,SI,SI,NO,NO
2024,P080620365,SI,SI,NO,NO
2024,P080620375,SI,SI,NO,NO
2024,P080620376,SI,SI,NO,NO
2024,P080620377,SI,SI,NO,NO
2024,P080620381,SI,SI,NO,NO
2024,P080620385,SI,SI,NO,NO
2024,P080620389,SI,SI,NO,NO
2024,P080620391,SI,SI,NO,NO
2024,P080620392,SI,SI,NO,NO
2024,P080620394,SI,SI,NO,NO
2024,P080620398,SI,SI,NO,NO
2024,P080620399,SI,SI,NO,NO
2024,P080620403,SI,SI,NO,NO
2024,P080620412,SI,SI,NO,NO
2024,P080620428,SI,SI,NO,NO
2024,P080620433,SI,SI,NO,NO
2024,P080620435,SI,SI,NO,NO
2024,P080620441,SI,SI,NO,NO
2024,P080620443,SI,SI,NO,NO
2024,P080620453,SI,SI,NO,NO
2024,P080620508,SI,SI,NO,NO
2024,P080620514,SI,SI,NO,NO
2024,P080620516,SI,SI,NO,NO
2024,P080620518,SI,SI,NO,NO
2024,P080620521,SI,SI,NO,NO
2024,P080620530,SI,SI,NO,NO
2024,P080620541,SI,SI,NO,NO
2024,P080620547,SI,SI,NO,NO
2024,P080620552,SI,SI,NO,NO
2024,P080620557,SI,SI,NO,NO
2024,P080620562,SI,SI,NO,NO
2024,P080620598,SI,SI,NO,NO
2024,P080620609,SI,SI,NO,NO
2024,P080620612,SI,SI,NO,NO
2024,P080620618,SI,SI,NO,NO
2024,P080620619,SI,SI,NO,NO
2024,P080620629,SI,SI,NO,NO
2024,P080620649,SI,SI,NO,NO
2024,P080620650,SI,SI,NO,NO
2024,P080620668,SI,SI,NO,NO
2024,P080620670,SI,SI,NO,NO
2024,P080620675,SI,SI,NO,NO
2024,P080620677,SI,SI,NO,NO
2024,P080620681,SI,SI,NO,NO
2024,P080620695,SI,SI,NO,NO
2024,P080620697,SI,SI,NO,NO
2024,P080620702,SI,SI,NO,NO
2024,P090020001,SI,SI,NO,NO
2024,P090030001,SI,SI,NO,NO
2024,P090040001,SI,SI,NO,NO
2024,P090040010,SI,SI,NO,NO
2024,P090040020,SI,SI,NO,NO
2024,P090040050,SI,SI,NO,NO
2024,P090040056,SI,SI,NO,NO
2024,P090040060,SI,SI,NO,NO
2024,P090040063,SI,SI,NO,NO
2024,P090040066,SI,SI,NO,NO
2024,P090040067,SI,SI,NO,NO
2024,P090040070,SI,SI,NO,NO
2024,P090040075,SI,SI,NO,NO
2024,P090050001,SI,SI,NO,NO
2024,P090060001,SI,SI,NO,NO
2024,P090070001,SI,SI,NO,NO
2024,P090080001,SI,SI,NO,NO
2024,P090080088,SI,SI,NO,NO
2024,P090080106,SI,SI,NO,NO
2024,P090080109,SI,SI,NO,NO
2024,P090090001,SI,SI,NO,NO
2024,P090090011,SI,SI,NO,NO
2024,P090090017,SI,SI,NO,NO
2024,P090090024,SI,SI,NO,NO
2024,P090090033,SI,SI,NO,NO
2024,P090090036,SI,SI,NO,NO
2024,P090090037,SI,SI,NO,NO
2024,P090090045,SI,SI,NO,NO
2024,P090090046,SI,SI,NO,NO
2024,P090090050,SI,SI,NO,NO
2024,P090090072,SI,SI,NO,NO
2024,P090090074,SI,SI,NO,NO
2024,P090090077,SI,SI,NO,NO
2024,P090090084,SI,SI,NO,NO
2024,P090090090,SI,SI,NO,NO
2024,P090090095,SI,SI,NO,NO
2024,P090090124,SI,SI,NO,NO
2024,P090090129,SI,SI,NO,NO
2024,P090090130,SI,SI,NO,NO
2024,P090090134,SI,SI,NO,NO
2024,P090090138,SI,SI,NO,NO
2024,P090090147,SI,SI,NO,NO
2024,P090090151,SI,SI,NO,NO
2024,P090090152,SI,SI,NO,NO
2024,P090090154,SI,SI,NO,NO
2024,P090090156,SI,SI,NO,NO
2024,P090090158,SI,SI,NO,NO
2024,P090090159,SI,SI,NO,NO
2024,P090090171,SI,SI,NO,NO
2024,P090090173,SI,SI,NO,NO
2024,P090090174,SI,SI,NO,NO
2024,P090090176,SI,SI,NO,NO
2024,P090090178,SI,SI,NO,NO
2024,P090090185,SI,SI,NO,NO
2024,P090090188,SI,SI,NO,NO
2024,P090090189,SI,SI,NO,NO
2024,P090090198,SI,SI,NO,NO
2024,P090090199,SI,SI,NO,NO
2024,P090090210,SI,SI,NO,NO
2024,P090090211,SI,SI,NO,NO
2024,P090090213,SI,SI,NO,NO
2024,P090090214,SI,SI,NO,NO
2024,P090090215,SI,SI,NO,NO
2024,P090090216,SI,SI,NO,NO
2024,P090090218,SI,SI,NO,NO
2024,P090090219,SI,SI,NO,NO
2024,P090090222,SI,SI,NO,NO
2024,P090090224,SI,SI,NO,NO
2024,P090090233,SI,SI,NO,NO
2024,P090090234,SI,SI,NO,NO
2024,P090090235,SI,SI,NO,NO
2024,P090090236,SI,SI,NO,NO
2024,P090090237,SI,SI,NO,NO
2024,P090090245,SI,SI,NO,NO
2024,P090090246,SI,SI,NO,NO
2024,P090090250,SI,SI,NO,NO
2024,P090090252,SI,SI,NO,NO
2024,P090090253,SI,SI,NO,NO
2024,P090090254,SI,SI,NO,NO
2024,P090090256,SI,SI,NO,NO
2024,P090090265,SI,SI,NO,NO
2024,P090090268,SI,SI,NO,NO
2024,P090090269,SI,SI,NO,NO
2024,P090090284,SI,SI,NO,NO
2024,P090090285,SI,SI,NO,NO
2024,P090090288,SI,SI,NO,NO
2024,P090090289,SI,SI,NO,NO
2024,P090090290,SI,SI,NO,NO
2024,P090090291,SI,SI,NO,NO
2024,P090090292,SI,SI,NO,NO
2024,P090090297,SI,SI,NO,NO
2024,P090090300,SI,SI,NO,NO
2024,P090090301,SI,SI,NO,NO
2024,P090090302,SI,SI,NO,NO
2024,P090090303,SI,SI,NO,NO
2024,P090090304,SI,SI,NO,NO
2024,P090090305,SI,SI,NO,NO
2024,P090090306,SI,SI,NO,NO
2024,P090090313,SI,SI,NO,NO
2024,P090090314,SI,SI,NO,NO
2024,P090090319,SI,SI,NO,NO
2024,P090090328,SI,SI,NO,NO
2024,P090090332,SI,SI,NO,NO
2024,P090090333,SI,SI,NO,NO
2024,P090090337,SI,SI,NO,NO
2024,P090090338,SI,SI,NO,NO
2024,P090090340,SI,SI,NO,NO
2024,P090090341,SI,SI,NO,NO
2024,P090090342,SI,SI,NO,NO
2024,P090090347,SI,SI,NO,NO
2024,P090090348,SI,SI,NO,NO
2024,P090090351,SI,SI,NO,NO
2024,P090100001,SI,SI,NO,NO
2024,P090100214,SI,SI,NO,NO
2024,P090100216,SI,SI,NO,NO
2024,P090110001,SI,SI,NO,NO
2024,P090110011,SI,SI,NO,NO
2024,P090110021,SI,SI,NO,NO
2024,P090110024,SI,SI,NO,NO
2024,P090110026,SI,SI,NO,NO
2024,P090110069,SI,SI,NO,NO
2024,P090110071,SI,SI,NO,NO
2024,P090110072,SI,SI,NO,NO
2024,P090110076,SI,SI,NO,NO
2024,P090110081,SI,SI,NO,NO
2024,P090110086,SI,SI,NO,NO
2024,P090110089,SI,SI,NO,NO
2024,P090110094,SI,SI,NO,NO
2024,P090110095,SI,SI,NO,NO
2024,P090110103,SI,SI,NO,NO
2024,P090110104,SI,SI,NO,NO
2024,P090110108,SI,SI,NO,NO
2024,P090110110,SI,SI,NO,NO
2024,P090110111,SI,SI,NO,NO
2024,P090110113,SI,SI,NO,NO
2024,P090110116,SI,SI,NO,NO
2024,P090110119,SI,SI,NO,NO
2024,P090110122,SI,SI,NO,NO
2024,P090110126,SI,SI,NO,NO
2024,P090110129,SI,SI,NO,NO
2024,P090110133,SI,SI,NO,NO
2024,P090110134,SI,SI,NO,NO
2024,P090110136,SI,SI,NO,NO
2024,P090110137,SI,SI,NO,NO
2024,P090110140,SI,SI,NO,NO
2024,P090110141,SI,SI,NO,NO
2024,P090110142,SI,SI,NO,NO
2024,P090110143,SI,SI,NO,NO
2024,P090110145,SI,SI,NO,NO
2024,P090110146,SI,SI,NO,NO
2024,P090110148,SI,SI,NO,NO
2024,P090110149,SI,SI,NO,NO
2024,P090110150,SI,SI,NO,NO
2024,P090110152,SI,SI,NO,NO
2024,P090110153,SI,SI,NO,NO
2024,P090110154,SI,SI,NO,NO
2024,P090110155,SI,SI,NO,NO
2024,P090120001,SI,SI,NO,NO
2024,P090120026,SI,SI,NO,NO
2024,P090120027,SI,SI,NO,NO
2024,P090120112,SI,SI,NO,NO
2024,P090120144,SI,SI,NO,NO
2024,P090120207,SI,SI,NO,NO
2024,P090120210,SI,SI,NO,NO
2024,P090120272,SI,SI,NO,NO
2024,P090120275,SI,SI,NO,NO
2024,P090120290,SI,SI,NO,NO
2024,P090120291,SI,SI,NO,NO
2024,P090120300,SI,SI,NO,NO
2024,P090120302,SI,SI,NO,NO
2024,P090120310,SI,SI,NO,NO
2024,P090120311,SI,SI,NO,NO
2024,P090120325,SI,SI,NO,NO
2024,P090120326,SI,SI,NO,NO
2024,P090120346,SI,SI,NO,NO
2024,P090120347,SI,SI,NO,NO
2024,P090120351,SI,SI,NO,NO
2024,P090120355,SI,SI,NO,NO
2024,P090120356,SI,SI,NO,NO
2024,P090120358,SI,SI,NO,NO
2024,P090120392,SI,SI,NO,NO
2024,P090120393,SI,SI,NO,NO
2024,P090120394,SI,SI,NO,NO
2024,P090120395,SI,SI,NO,NO
2024,P090120396,SI,SI,NO,NO
2024,P090130001,SI,SI,NO,NO
2024,P090130091,SI,SI,NO,NO
2024,P090130111,SI,SI,NO,NO
2024,P090130112,SI,SI,NO,NO
2024,P090130113,SI,SI,NO,NO
2024,P090130118,SI,SI,NO,NO
2024,P090130135,SI,SI,NO,NO
2024,P090130136,SI,SI,NO,NO
2024,P090130137,SI,SI,NO,NO
2024,P090130138,SI,SI,NO,NO
2024,P090130139,SI,SI,NO,NO
2024,P090130140,SI,SI,NO,NO
2024,P090130143,SI,SI,NO,NO
2024,P090130147,SI,SI,NO,NO
2024,P090130151,SI,SI,NO,NO
2024,P090130160,SI,SI,NO,NO
2024,P090130162,SI,SI,NO,NO
2024,P090130163,SI,SI,NO,NO
2024,P090130168,SI,SI,NO,NO
2024,P090130169,SI,SI,NO,NO
2024,P090130172,SI,SI,NO,NO
2024,P090130177,SI,SI,NO,NO
2024,P090130178,SI,SI,NO,NO
2024,P090130180,SI,SI,NO,NO
2024,P090130181,SI,SI,NO,NO
2024,P090130182,SI,SI,NO,NO
2024,P090130183,SI,SI,NO,NO
2024,P090130184,SI,SI,NO,NO
2024,P090130193,SI,SI,NO,NO
2024,P090130196,SI,SI,NO,NO
2024,P090130197,SI,SI,NO,NO
2024,P090130202,SI,SI,NO,NO
2024,P090130205,SI,SI,NO,NO
2024,P090130206,SI,SI,NO,NO
2024,P090130207,SI,SI,NO,NO
2024,P090130208,SI,SI,NO,NO
2024,P090130209,SI,SI,NO,NO
2024,P090130213,SI,SI,NO,NO
2024,P090130214,SI,SI,NO,NO
2024,P090130215,SI,SI,NO,NO
2024,P090130218,SI,SI,NO,NO
2024,P090130237,SI,SI,NO,NO
2024,P090130242,SI,SI,NO,NO
2024,P090130243,SI,SI,NO,NO
2024,P090130244,SI,SI,NO,NO
2024,P090130247,SI,SI,NO,NO
2024,P090130249,SI,SI,NO,NO
2024,P090130251,SI,SI,NO,NO
2024,P090130252,SI,SI,NO,NO
2024,P090130256,SI,SI,NO,NO
2024,P090130257,SI,SI,NO,NO
2024,P090130258,SI,SI,NO,NO
2024,P090130265,SI,SI,NO,NO
2024,P090130266,SI,SI,NO,NO
2024,P090130267,SI,SI,NO,NO
2024,P090130270,SI,SI,NO,NO
2024,P090130271,SI,SI,NO,NO
2024,P090140001,SI,SI,NO,NO
2024,P090150001,SI,SI,NO,NO
2024,P090160001,SI,SI,NO,NO
2024,P090170001,SI,SI,NO,NO
2024,P100050001,SI,SI,NO,NO
2024,P100050193,SI,SI,NO,NO
2024,P100050550,SI,SI,NO,NO
2024,P100070796,SI,SI,NO,NO
2024,P100120001,SI,SI,NO,NO
2024,P100120419,SI,SI,NO,NO
2024,P100120546,SI,SI,NO,NO
2024,P100120562,SI,SI,NO,NO
2024,P100120567,SI,SI,NO,NO
2024,P110050005,SI,SI,NO,NO
2024,P110050006,SI,SI,NO,NO
2024,P110050094,SI,SI,NO,NO
2024,P110050135,SI,SI,NO,NO
2024,P110070001,SI,SI,NO,NO
2024,P110070089,SI,SI,NO,NO
2024,P110070098,SI,SI,NO,NO
2024,P110070123,SI,SI,NO,NO
2024,P110070137,SI,SI,NO,NO
2024,P110070154,SI,SI,NO,NO
2024,P110070157,SI,SI,NO,NO
2024,P110070180,SI,SI,NO,NO
2024,P110070205,SI,SI,NO,NO
2024,P110070273,SI,SI,NO,NO
2024,P110070277,SI,SI,NO,NO
2024,P110070279,SI,SI,NO,NO
2024,P110070281,SI,SI,NO,NO
2024,P110070308,SI,SI,NO,NO
2024,P110070311,SI,SI,NO,NO
2024,P110070331,SI,SI,NO,NO
2024,P110070401,SI,SI,NO,NO
2024,P110070414,SI,SI,NO,NO
2024,P110070415,SI,SI,NO,NO
2024,P110070431,SI,SI,NO,NO
2024,P110070441,SI,SI,NO,NO
2024,P110070445,SI,SI,NO,NO
2024,P110070450,SI,SI,NO,NO
2024,P110070456,SI,SI,NO,NO
2024,P110070473,SI,SI,NO,NO
2024,P110070498,SI,SI,NO,NO
2024,P110070525,SI,SI,NO,NO
2024,P110070545,SI,SI,NO,NO
2024,P110070558,SI,SI,NO,NO
2024,P110070562,SI,SI,NO,NO
2024,P110070564,SI,SI,NO,NO
2024,P110070566,SI,SI,NO,NO
2024,P110070586,SI,SI,NO,NO
2024,P110070587,SI,SI,NO,NO
2024,P110070590,SI,SI,NO,NO
2024,P110070597,SI,SI,NO,NO
2024,P110070602,SI,SI,NO,NO
2024,P110070634,SI,SI,NO,NO
2024,P110070635,SI,SI,NO,NO
2024,P110070638,SI,SI,NO,NO
2024,P110070654,SI,SI,NO,NO
2024,P110070658,SI,SI,NO,NO
2024,P110070661,SI,SI,NO,NO
2024,P110070670,SI,SI,NO,NO
2024,P110070674,SI,SI,NO,NO
2024,P110070676,SI,SI,NO,NO
2024,P110070677,SI,SI,NO,NO
2024,P110070678,SI,SI,NO,NO
2024,P110070680,SI,SI,NO,NO
2024,P110070683,SI,SI,NO,NO
2024,P110070694,SI,SI,NO,NO
2024,P110070695,SI,SI,NO,NO
2024,P110070703,SI,SI,NO,NO
2024,P110070719,SI,SI,NO,NO
2024,P110070720,SI,SI,NO,NO
2024,P110070721,SI,SI,NO,NO
2024,P110070725,SI,SI,NO,NO
2024,P110070737,SI,SI,NO,NO
2024,P110070745,SI,SI,NO,NO
2024,P110110025,SI,SI,NO,NO
2024,P110110157,SI,SI,NO,NO
2024,P110150261,SI,SI,NO,NO
2024,P110150271,SI,SI,NO,NO
2024,P110150376,SI,SI,NO,NO
2024,P110170001,SI,SI,NO,NO
2024,P110170069,SI,SI,NO,NO
2024,P110170071,SI,SI,NO,NO
2024,P110170098,SI,SI,NO,NO
2024,P110170099,SI,SI,NO,NO
2024,P110170101,SI,SI,NO,NO
2024,P110170110,SI,SI,NO,NO
2024,P110170130,SI,SI,NO,NO
2024,P110170166,SI,SI,NO,NO
2024,P110170171,SI,SI,NO,NO
2024,P110170180,SI,SI,NO,NO
2024,P110170194,SI,SI,NO,NO
2024,P110170257,SI,SI,NO,NO
2024,P110170261,SI,SI,NO,NO
2024,P110170343,SI,SI,NO,NO
2024,P110170347,SI,SI,NO,NO
2024,P110170372,SI,SI,NO,NO
2024,P110170381,SI,SI,NO,NO
2024,P110170409,SI,SI,NO,NO
2024,P110170416,SI,SI,NO,NO
2024,P110170427,SI,SI,NO,NO
2024,P110170429,SI,SI,NO,NO
2024,P110170444,SI,SI,NO,NO
2024,P110170466,SI,SI,NO,NO
2024,P110170482,SI,SI,NO,NO
2024,P110170493,SI,SI,NO,NO
2024,P110170504,SI,SI,NO,NO
2024,P110170516,SI,SI,NO,NO
2024,P110170565,SI,SI,NO,NO
2024,P110170575,SI,SI,NO,NO
2024,P110170576,SI,SI,NO,NO
2024,P110170584,SI,SI,NO,NO
2024,P110170599,SI,SI,NO,NO
2024,P110170613,SI,SI,NO,NO
2024,P110170631,SI,SI,NO,NO
2024,P110170640,SI,SI,NO,NO
2024,P110170654,SI,SI,NO,NO
2024,P110170683,SI,SI,NO,NO
2024,P110170695,SI,SI,NO,NO
2024,P110170696,SI,SI,NO,NO
2024,P110170709,SI,SI,NO,NO
2024,P110170713,SI,SI,NO,NO
2024,P110170715,SI,SI,NO,NO
2024,P110170729,SI,SI,NO,NO
2024,P110170731,SI,SI,NO,NO
2024,P110170734,SI,SI,NO,NO
2024,P110170736,SI,SI,NO,NO
2024,P110170746,SI,SI,NO,NO
2024,P110170800,SI,SI,NO,NO
2024,P110170801,SI,SI,NO,NO
2024,P110170809,SI,SI,NO,NO
2024,P110170812,SI,SI,NO,NO
2024,P110170818,SI,SI,NO,NO
2024,P110170827,SI,SI,NO,NO
2024,P110170829,SI,SI,NO,NO
2024,P110170831,SI,SI,NO,NO
2024,P110170851,SI,SI,NO,NO
2024,P110170856,SI,SI,NO,NO
2024,P110170860,SI,SI,NO,NO
2024,P110170862,SI,SI,NO,NO
2024,P110170864,SI,SI,NO,NO
2024,P110170880,SI,SI,NO,NO
2024,P110170897,SI,SI,NO,NO
2024,P110170899,SI,SI,NO,NO
2024,P110170902,SI,SI,NO,NO
2024,P110170915,SI,SI,NO,NO
2024,P110170923,SI,SI,NO,NO
2024,P110200001,SI,SI,NO,NO
2024,P110200440,SI,SI,NO,NO
2024,P110200472,SI,SI,NO,NO
2024,P110200529,SI,SI,NO,NO
2024,P110200539,SI,SI,NO,NO
2024,P110200671,SI,SI,NO,NO
2024,P110200721,SI,SI,NO,NO
2024,P110200726,SI,SI,NO,NO
2024,P110200773,SI,SI,NO,NO
2024,P110200821,SI,SI,NO,NO
2024,P110200888,SI,SI,NO,NO
2024,P110200968,SI,SI,NO,NO
2024,P110200997,SI,SI,NO,NO
2024,P110201021,SI,SI,NO,NO
2024,P110201037,SI,SI,NO,NO
2024,P110201050,SI,SI,NO,NO
2024,P110201073,SI,SI,NO,NO
2024,P110201077,SI,SI,NO,NO
2024,P110201085,SI,SI,NO,NO
2024,P110201093,SI,SI,NO,NO
2024,P110201112,SI,SI,NO,NO
2024,P110201127,SI,SI,NO,NO
2024,P110201150,SI,SI,NO,NO
2024,P110201170,SI,SI,NO,NO
2024,P110201210,SI,SI,NO,NO
2024,P110201215,SI,SI,NO,NO
2024,P110201217,SI,SI,NO,NO
2024,P110201220,SI,SI,NO,NO
2024,P110201236,SI,SI,NO,NO
2024,P110201245,SI,SI,NO,NO
2024,P110201250,SI,SI,NO,NO
2024,P110201282,SI,SI,NO,NO
2024,P110201308,SI,SI,NO,NO
2024,P110201331,SI,SI,NO,NO
2024,P110201364,SI,SI,NO,NO
2024,P110201377,SI,SI,NO,NO
2024,P110201395,SI,SI,NO,NO
2024,P110201434,SI,SI,NO,NO
2024,P110201461,SI,SI,NO,NO
2024,P110320014,SI,SI,NO,NO
2024,P110320018,SI,SI,NO,NO
2024,P110320024,SI,SI,NO,NO
2024,P110320038,SI,SI,NO,NO
2024,P110320047,SI,SI,NO,NO
2024,P110320049,SI,SI,NO,NO
2024,P110320068,SI,SI,NO,NO
2024,P110320107,SI,SI,NO,NO
2024,P110320109,SI,SI,NO,NO
2024,P110320129,SI,SI,NO,NO
2024,P110320132,SI,SI,NO,NO
2024,P110320156,SI,SI,NO,NO
2024,P110320221,SI,SI,NO,NO
2024,P110320230,SI,SI,NO,NO
2024,P110320277,SI,SI,NO,NO
2024,P110320324,SI,SI,NO,NO
2024,P110320337,SI,SI,NO,NO
2024,P110330107,SI,SI,NO,NO
2024,P110370018,SI,SI,NO,NO
2024,P110370036,SI,SI,NO,NO
2024,P110370051,SI,SI,NO,NO
2024,P110370062,SI,SI,NO,NO
2024,P110370064,SI,SI,NO,NO
2024,P110370090,SI,SI,NO,NO
2024,P110370109,SI,SI,NO,NO
2024,P110370122,SI,SI,NO,NO
2024,P110370194,SI,SI,NO,NO
2024,P110370205,SI,SI,NO,NO
2024,P110370287,SI,SI,NO,NO
2024,P110370307,SI,SI,NO,NO
2024,P110370333,SI,SI,NO,NO
2024,P110370347,SI,SI,NO,NO
2024,P110370378,SI,SI,NO,NO
2024,P110370398,SI,SI,NO,NO
2024,P110370446,SI,SI,NO,NO
2024,P110370488,SI,SI,NO,NO
2024,P110370492,SI,SI,NO,NO
2024,P110370497,SI,SI,NO,NO
2024,P110370555,SI,SI,NO,NO
2024,P110370575,SI,SI,NO,NO
2024,P110370589,SI,SI,NO,NO
2024,P110370593,SI,SI,NO,NO
2024,P110370595,SI,SI,NO,NO
2024,P110370597,SI,SI,NO,NO
2024,P110370641,SI,SI,NO,NO
2024,P110370644,SI,SI,NO,NO
2024,P110370645,SI,SI,NO,NO
2024,P110370649,SI,SI,NO,NO
2024,P110370662,SI,SI,NO,NO
2024,P110370673,SI,SI,NO,NO
2024,P110370676,SI,SI,NO,NO
2024,P110370697,SI,SI,NO,NO
2024,P110440011,SI,SI,NO,NO
2024,P110440015,SI,SI,NO,NO
2024,P110440016,SI,SI,NO,NO
2024,P110440037,SI,SI,NO,NO
2024,P110440052,SI,SI,NO,NO
2024,P110440071,SI,SI,NO,NO
2024,P110440146,SI,SI,NO,NO
2024,P110440203,SI,SI,NO,NO
2024,P110440205,SI,SI,NO,NO
2024,P110440207,SI,SI,NO,NO
2024,P110440254,SI,SI,NO,NO
2024,P110440258,SI,SI,NO,NO
2024,P120010001,SI,SI,NO,NO
2024,P120010432,SI,SI,NO,NO
2024,P120010454,SI,SI,NO,NO
2024,P120010478,SI,SI,NO,NO
2024,P120010507,SI,SI,NO,NO
2024,P120010543,SI,SI,NO,NO
2024,P120010562,SI,SI,NO,NO
2024,P120010566,SI,SI,NO,NO
2024,P120010568,SI,SI,NO,NO
2024,P120010586,SI,SI,NO,NO
2024,P120010603,SI,SI,NO,NO
2024,P120010614,SI,SI,NO,NO
2024,P120010615,SI,SI,NO,NO
2024,P120010620,SI,SI,NO,NO
2024,P120010621,SI,SI,NO,NO
2024,P120010658,SI,SI,NO,NO
2024,P120010706,SI,SI,NO,NO
2024,P120010734,SI,SI,NO,NO
2024,P130100012,SI,SI,NO,NO
2024,P130100014,SI,SI,NO,NO
2024,P130100017,SI,SI,NO,NO
2024,P130100032,SI,SI,NO,NO
2024,P130130018,SI,SI,NO,NO
2024,P130480001,SI,SI,NO,NO
2024,P130480193,SI,SI,NO,NO
2024,P130480207,SI,SI,NO,NO
2024,P130480217,SI,SI,NO,NO
2024,P130480246,SI,SI,NO,NO
2024,P130480248,SI,SI,NO,NO
2024,P130510004,SI,SI,NO,NO
2024,P130510017,SI,SI,NO,NO
2024,P130510018,SI,SI,NO,NO
2024,P130510020,SI,SI,NO,NO
2024,P130510023,SI,SI,NO,NO
2024,P130510026,SI,SI,NO,NO
2024,P130510029,SI,SI,NO,NO
2024,P130510059,SI,SI,NO,NO
2024,P130510060,SI,SI,NO,NO
2024,P130510073,SI,SI,NO,NO
2024,P130510075,SI,SI,NO,NO
2024,P130510091,SI,SI,NO,NO
2024,P130510092,SI,SI,NO,NO
2024,P130510093,SI,SI,NO,NO
2024,P130510094,SI,SI,NO,NO
2024,P130510095,SI,SI,NO,NO
2024,P130510096,SI,SI,NO,NO
2024,P130510097,SI,SI,NO,NO
2024,P130510099,SI,SI,NO,NO
2024,P130510101,SI,SI,NO,NO
2024,P130510102,SI,SI,NO,NO
2024,P130510105,SI,SI,NO,NO
2024,P130510106,SI,SI,NO,NO
2024,P130510107,SI,SI,NO,NO
2024,P130510108,SI,SI,NO,NO
2024,P130510109,SI,SI,NO,NO
2024,P130510110,SI,SI,NO,NO
2024,P130510111,SI,SI,NO,NO
2024,P130510114,SI,SI,NO,NO
2024,P130510115,SI,SI,NO,NO
2024,P130510118,SI,SI,NO,NO
2024,P130510119,SI,SI,NO,NO
2024,P130510120,SI,SI,NO,NO
2024,P130510123,SI,SI,NO,NO
2024,P130510124,SI,SI,NO,NO
2024,P130510125,SI,SI,NO,NO
2024,P130510126,SI,SI,NO,NO
2024,P130510127,SI,SI,NO,NO
2024,P130510128,SI,SI,NO,NO
2024,P130510130,SI,SI,NO,NO
2024,P130510131,SI,SI,NO,NO
2024,P130510132,SI,SI,NO,NO
2024,P130510133,SI,SI,NO,NO
2024,P130510140,SI,SI,NO,NO
2024,P130510141,SI,SI,NO,NO
2024,P130510142,SI,SI,NO,NO
2024,P130510143,SI,SI,NO,NO
2024,P130510144,SI,SI,NO,NO
2024,P130510145,SI,SI,NO,NO
2024,P130510146,SI,SI,NO,NO
2024,P130510147,SI,SI,NO,NO
2024,P130510155,SI,SI,NO,NO
2024,P130520004,SI,SI,NO,NO
2024,P130520070,SI,SI,NO,NO
2024,P130520076,SI,SI,NO,NO
2024,P130520078,SI,SI,NO,NO
2024,P130690001,SI,SI,NO,NO
2024,P130690005,SI,SI,NO,NO
2024,P130690017,SI,SI,NO,NO
2024,P130690033,SI,SI,NO,NO
2024,P130690036,SI,SI,NO,NO
2024,P130690050,SI,SI,NO,NO
2024,P130690055,SI,SI,NO,NO
2024,P130690056,SI,SI,NO,NO
2024,P130690057,SI,SI,NO,NO
2024,P130760008,SI,SI,NO,NO
2024,P130760053,SI,SI,NO,NO
2024,P130760105,SI,SI,NO,NO
2024,P130760110,SI,SI,NO,NO
2024,P130830102,SI,SI,NO,NO
2024,P140390001,SI,SI,NO,NO
2024,P140530001,SI,SI,NO,NO
2024,P140530215,SI,SI,NO,NO
2024,P140530393,SI,SI,NO,NO
2024,P140530410,SI,SI,NO,NO
2024,P140530559,SI,SI,NO,NO
2024,P140530560,SI,SI,NO,NO
2024,P140530680,SI,SI,NO,NO
2024,P140530683,SI,SI,NO,NO
2024,P140530705,SI,SI,NO,NO
2024,P140530709,SI,SI,NO,NO
2024,P140530820,SI,SI,NO,NO
2024,P140530834,SI,SI,NO,NO
2024,P140530919,SI,SI,NO,NO
2024,P140670001,SI,SI,NO,NO
2024,P140670007,SI,SI,NO,NO
2024,P140670031,SI,SI,NO,NO
2024,P140670052,SI,SI,NO,NO
2024,P140670166,SI,SI,NO,NO
2024,P140670194,SI,SI,NO,NO
2024,P140670208,SI,SI,NO,NO
2024,P140670249,SI,SI,NO,NO
2024,P140700013,SI,SI,NO,NO
2024,P140700014,SI,SI,NO,NO
2024,P140700020,SI,SI,NO,NO
2024,P140700021,SI,SI,NO,NO
2024,P140700043,SI,SI,NO,NO
2024,P140700044,SI,SI,NO,NO
2024,P140700051,SI,SI,NO,NO
2024,P140700064,SI,SI,NO,NO
2024,P140700083,SI,SI,NO,NO
2024,P140970009,SI,SI,NO,NO
2024,P140970020,SI,SI,NO,NO
2024,P140970041,SI,SI,NO,NO
2024,P140970093,SI,SI,NO,NO
2024,P140970107,SI,SI,NO,NO
2024,P140970115,SI,SI,NO,NO
2024,P140970177,SI,SI,NO,NO
2024,P140970424,SI,SI,NO,NO
2024,P140970435,SI,SI,NO,NO
2024,P140970473,SI,SI,NO,NO
2024,P140970487,SI,SI,NO,NO
2024,P140970510,SI,SI,NO,NO
2024,P140970624,SI,SI,NO,NO
2024,P140970647,SI,SI,NO,NO
2024,P140970771,SI,SI,NO,NO
2024,P140970777,SI,SI,NO,NO
2024,P140970827,SI,SI,NO,NO
2024,P140970832,SI,SI,NO,NO
2024,P140970848,SI,SI,NO,NO
2024,P140970863,SI,SI,NO,NO
2024,P140970870,SI,SI,NO,NO
2024,P140970875,SI,SI,NO,NO
2024,P140970878,SI,SI,NO,NO
2024,P140970879,SI,SI,NO,NO
2024,P140970880,SI,SI,NO,NO
2024,P140970881,SI,SI,NO,NO
2024,P140970905,SI,SI,NO,NO
2024,P140980001,SI,SI,NO,NO
2024,P140980003,SI,SI,NO,NO
2024,P140980014,SI,SI,NO,NO
2024,P140980017,SI,SI,NO,NO
2024,P140980029,SI,SI,NO,NO
2024,P140980039,SI,SI,NO,NO
2024,P140980049,SI,SI,NO,NO
2024,P140980081,SI,SI,NO,NO
2024,P140980083,SI,SI,NO,NO
2024,P140980091,SI,SI,NO,NO
2024,P140980092,SI,SI,NO,NO
2024,P140980095,SI,SI,NO,NO
2024,P140980105,SI,SI,NO,NO
2024,P140980113,SI,SI,NO,NO
2024,P140980124,SI,SI,NO,NO
2024,P140980126,SI,SI,NO,NO
2024,P140980131,SI,SI,NO,NO
2024,P140980133,SI,SI,NO,NO
2024,P140980134,SI,SI,NO,NO
2024,P141010001,SI,SI,NO,NO
2024,P141090088,SI,SI,NO,NO
2024,P141200001,SI,SI,NO,NO
2024,P141200006,SI,SI,NO,NO
2024,P141200062,SI,SI,NO,NO
2024,P141200133,SI,SI,NO,NO
2024,P141200134,SI,SI,NO,NO
2024,P141200231,SI,SI,NO,NO
2024,P141200243,SI,SI,NO,NO
2024,P141200297,SI,SI,NO,NO
2024,P141200313,SI,SI,NO,NO
2024,P141200314,SI,SI,NO,NO
2024,P141200315,SI,SI,NO,NO
2024,P141200317,SI,SI,NO,NO
2024,P141200318,SI,SI,NO,NO
2024,P141200319,SI,SI,NO,NO
2024,P141200415,SI,SI,NO,NO
2024,P141200417,SI,SI,NO,NO
2024,P141200460,SI,SI,NO,NO
2024,P141200471,SI,SI,NO,NO
2024,P141200511,SI,SI,NO,NO
2024,P141200512,SI,SI,NO,NO
2024,P141200539,SI,SI,NO,NO
2024,P141200565,SI,SI,NO,NO
2024,P141200600,SI,SI,NO,NO
2024,P141200632,SI,SI,NO,NO
2024,P141200668,SI,SI,NO,NO
2024,P141200683,SI,SI,NO,NO
2024,P141200684,SI,SI,NO,NO
2024,P141200703,SI,SI,NO,NO
2024,P141200706,SI,SI,NO,NO
2024,P141200718,SI,SI,NO,NO
2024,P141200738,SI,SI,NO,NO
2024,P141200748,SI,SI,NO,NO
2024,P141200760,SI,SI,NO,NO
2024,P141200763,SI,SI,NO,NO
2024,P150020001,SI,SI,NO,NO
2024,P150020005,SI,SI,NO,NO
2024,P150020008,SI,SI,NO,NO
2024,P150020011,SI,SI,NO,NO
2024,P150020012,SI,SI,NO,NO
2024,P150020015,SI,SI,NO,NO
2024,P150020016,SI,SI,NO,NO
2024,P150020025,SI,SI,NO,NO
2024,P150020034,SI,SI,NO,NO
2024,P150020038,SI,SI,NO,NO
2024,P150020039,SI,SI,NO,NO
2024,P150020044,SI,SI,NO,NO
2024,P150020045,SI,SI,NO,NO
2024,P150020046,SI,SI,NO,NO
2024,P150020047,SI,SI,NO,NO
2024,P150020050,SI,SI,NO,NO
2024,P150020052,SI,SI,NO,NO
2024,P150020053,SI,SI,NO,NO
2024,P150020056,SI,SI,NO,NO
2024,P150020057,SI,SI,NO,NO
2024,P150020058,SI,SI,NO,NO
2024,P150020059,SI,SI,NO,NO
2024,P150020060,SI,SI,NO,NO
2024,P150020061,SI,SI,NO,NO
2024,P150020064,SI,SI,NO,NO
2024,P150020065,SI,SI,NO,NO
2024,P150020066,SI,SI,NO,NO
2024,P150020067,SI,SI,NO,NO
2024,P150020068,SI,SI,NO,NO
2024,P150020069,SI,SI,NO,NO
2024,P150090001,SI,SI,NO,NO
2024,P150090002,SI,SI,NO,NO
2024,P150090003,SI,SI,NO,NO
2024,P150090005,SI,SI,NO,NO
2024,P150090029,SI,SI,NO,NO
2024,P150090034,SI,SI,NO,NO
2024,P150090060,SI,SI,NO,NO
2024,P150090084,SI,SI,NO,NO
2024,P150090092,SI,SI,NO,NO
2024,P150090097,SI,SI,NO,NO
2024,P150090101,SI,SI,NO,NO
2024,P150090107,SI,SI,NO,NO
2024,P150090108,SI,SI,NO,NO
2024,P150090112,SI,SI,NO,NO
2024,P150090117,SI,SI,NO,NO
2024,P150090118,SI,SI,NO,NO
2024,P150090132,SI,SI,NO,NO
2024,P150090134,SI,SI,NO,NO
2024,P150110001,SI,SI,NO,NO
2024,P150110002,SI,SI,NO,NO
2024,P150110004,SI,SI,NO,NO
2024,P150110005,SI,SI,NO,NO
2024,P150110006,SI,SI,NO,NO
2024,P150110013,SI,SI,NO,NO
2024,P150110019,SI,SI,NO,NO
2024,P150110021,SI,SI,NO,NO
2024,P150110022,SI,SI,NO,NO
2024,P150110023,SI,SI,NO,NO
2024,P150110026,SI,SI,NO,NO
2024,P150110029,SI,SI,NO,NO
2024,P150110031,SI,SI,NO,NO
2024,P150110032,SI,SI,NO,NO
2024,P150110033,SI,SI,NO,NO
2024,P150130001,SI,SI,NO,NO
2024,P150130023,SI,SI,NO,NO
2024,P150130106,SI,SI,NO,NO
2024,P150130109,SI,SI,NO,NO
2024,P150130113,SI,SI,NO,NO
2024,P150140001,SI,SI,NO,NO
2024,P150140028,SI,SI,NO,NO
2024,P150140053,SI,SI,NO,NO
2024,P150140075,SI,SI,NO,NO
2024,P150140092,SI,SI,NO,NO
2024,P150150002,SI,SI,NO,NO
2024,P150150004,SI,SI,NO,NO
2024,P150150006,SI,SI,NO,NO
2024,P150150053,SI,SI,NO,NO
2024,P150150071,SI,SI,NO,NO
2024,P150170001,SI,SI,NO,NO
2024,P150170006,SI,SI,NO,NO
2024,P150170007,SI,SI,NO,NO
2024,P150170025,SI,SI,NO,NO
2024,P150170040,SI,SI,NO,NO
2024,P150170042,SI,SI,NO,NO
2024,P150170043,SI,SI,NO,NO
2024,P150170056,SI,SI,NO,NO
2024,P150170057,SI,SI,NO,NO
2024,P150170060,SI,SI,NO,NO
2024,P150170062,SI,SI,NO,NO
2024,P150170063,SI,SI,NO,NO
2024,P150170067,SI,SI,NO,NO
2024,P150170068,SI,SI,NO,NO
2024,P150170071,SI,SI,NO,NO
2024,P150200001,SI,SI,NO,NO
2024,P150200033,SI,SI,NO,NO
2024,P150200038,SI,SI,NO,NO
2024,P150200039,SI,SI,NO,NO
2024,P150220001,SI,SI,NO,NO
2024,P150220002,SI,SI,NO,NO
2024,P150220009,SI,SI,NO,NO
2024,P150220010,SI,SI,NO,NO
2024,P150220011,SI,SI,NO,NO
2024,P150220012,SI,SI,NO,NO
2024,P150220013,SI,SI,NO,NO
2024,P150220017,SI,SI,NO,NO
2024,P150230001,SI,SI,NO,NO
2024,P150230013,SI,SI,NO,NO
2024,P150230019,SI,SI,NO,NO
2024,P150240001,SI,SI,NO,NO
2024,P150240030,SI,SI,NO,NO
2024,P150240042,SI,SI,NO,NO
2024,P150240049,SI,SI,NO,NO
2024,P150240051,SI,SI,NO,NO
2024,P150240088,SI,SI,NO,NO
2024,P150240100,SI,SI,NO,NO
2024,P150240101,SI,SI,NO,NO
2024,P150240102,SI,SI,NO,NO
2024,P150240106,SI,SI,NO,NO
2024,P150240109,SI,SI,NO,NO
2024,P150240110,SI,SI,NO,NO
2024,P150240111,SI,SI,NO,NO
2024,P150240112,SI,SI,NO,NO
2024,P150240113,SI,SI,NO,NO
2024,P150240114,SI,SI,NO,NO
2024,P150240115,SI,SI,NO,NO
2024,P150240117,SI,SI,NO,NO
2024,P150240118,SI,SI,NO,NO
2024,P150240119,SI,SI,NO,NO
2024,P150240120,SI,SI,NO,NO
2024,P150240121,SI,SI,NO,NO
2024,P150240122,SI,SI,NO,NO
2024,P150240123,SI,SI,NO,NO
2024,P150240124,SI,SI,NO,NO
2024,P150240125,SI,SI,NO,NO
2024,P150240126,SI,SI,NO,NO
2024,P150250001,SI,SI,NO,NO
2024,P150250002,SI,SI,NO,NO
2024,P150250005,SI,SI,NO,NO
2024,P150250009,SI,SI,NO,NO
2024,P150250010,SI,SI,NO,NO
2024,P150250011,SI,SI,NO,NO
2024,P150250012,SI,SI,NO,NO
2024,P150250013,SI,SI,NO,NO
2024,P150250014,SI,SI,NO,NO
2024,P150250015,SI,SI,NO,NO
2024,P150250016,SI,SI,NO,NO
2024,P150250017,SI,SI,NO,NO
2024,P150250019,SI,SI,NO,NO
2024,P150250020,SI,SI,NO,NO
2024,P150250021,SI,SI,NO,NO
2024,P150250035,SI,SI,NO,NO
2024,P150250043,SI,SI,NO,NO
2024,P150250044,SI,SI,NO,NO
2024,P150250046,SI,SI,NO,NO
2024,P150250049,SI,SI,NO,NO
2024,P150250052,SI,SI,NO,NO
2024,P150250053,SI,SI,NO,NO
2024,P150250058,SI,SI,NO,NO
2024,P150250066,SI,SI,NO,NO
2024,P150250069,SI,SI,NO,NO
2024,P150250071,SI,SI,NO,NO
2024,P150250082,SI,SI,NO,NO
2024,P150250084,SI,SI,NO,NO
2024,P150250095,SI,SI,NO,NO
2024,P150250096,SI,SI,NO,NO
2024,P150250098,SI,SI,NO,NO
2024,P150250099,SI,SI,NO,NO
2024,P150250101,SI,SI,NO,NO
2024,P150250104,SI,SI,NO,NO
2024,P150250105,SI,SI,NO,NO
2024,P150250107,SI,SI,NO,NO
2024,P150250109,SI,SI,NO,NO
2024,P150250112,SI,SI,NO,NO
2024,P150250113,SI,SI,NO,NO
2024,P150250117,SI,SI,NO,NO
2024,P150250119,SI,SI,NO,NO
2024,P150250121,SI,SI,NO,NO
2024,P150250123,SI,SI,NO,NO
2024,P150250126,SI,SI,NO,NO
2024,P150250138,SI,SI,NO,NO
2024,P150250139,SI,SI,NO,NO
2024,P150250140,SI,SI,NO,NO
2024,P150250141,SI,SI,NO,NO
2024,P150250142,SI,SI,NO,NO
2024,P150250143,SI,SI,NO,NO
2024,P150250145,SI,SI,NO,NO
2024,P150250146,SI,SI,NO,NO
2024,P150250147,SI,SI,NO,NO
2024,P150250148,SI,SI,NO,NO
2024,P150250149,SI,SI,NO,NO
2024,P150250152,SI,SI,NO,NO
2024,P150280001,SI,SI,NO,NO
2024,P150280002,SI,SI,NO,NO
2024,P150280004,SI,SI,NO,NO
2024,P150280006,SI,SI,NO,NO
2024,P150280014,SI,SI,NO,NO
2024,P150280017,SI,SI,NO,NO
2024,P150280019,SI,SI,NO,NO
2024,P150290001,SI,SI,NO,NO
2024,P150290034,SI,SI,NO,NO
2024,P150290037,SI,SI,NO,NO
2024,P150290038,SI,SI,NO,NO
2024,P150290039,SI,SI,NO,NO
2024,P150290040,SI,SI,NO,NO
2024,P150290042,SI,SI,NO,NO
2024,P150290043,SI,SI,NO,NO
2024,P150290044,SI,SI,NO,NO
2024,P150290045,SI,SI,NO,NO
2024,P150290046,SI,SI,NO,NO
2024,P150290047,SI,SI,NO,NO
2024,P150290049,SI,SI,NO,NO
2024,P150290050,SI,SI,NO,NO
2024,P150290051,SI,SI,NO,NO
2024,P150290058,SI,SI,NO,NO
2024,P150300001,SI,SI,NO,NO
2024,P150300009,SI,SI,NO,NO
2024,P150310001,SI,SI,NO,NO
2024,P150310054,SI,SI,NO,NO
2024,P150310055,SI,SI,NO,NO
2024,P150310057,SI,SI,NO,NO
2024,P150310064,SI,SI,NO,NO
2024,P150330001,SI,SI,NO,NO
2024,P150330199,SI,SI,NO,NO
2024,P150330206,SI,SI,NO,NO
2024,P150330207,SI,SI,NO,NO
2024,P150350001,SI,SI,NO,NO
2024,P150350002,SI,SI,NO,NO
2024,P150350003,SI,SI,NO,NO
2024,P150350008,SI,SI,NO,NO
2024,P150350012,SI,SI,NO,NO
2024,P150350013,SI,SI,NO,NO
2024,P150350015,SI,SI,NO,NO
2024,P150350018,SI,SI,NO,NO
2024,P150350019,SI,SI,NO,NO
2024,P150350020,SI,SI,NO,NO
2024,P150350027,SI,SI,NO,NO
2024,P150350031,SI,SI,NO,NO
2024,P150350035,SI,SI,NO,NO
2024,P150370009,SI,SI,NO,NO
2024,P150370071,SI,SI,NO,NO
2024,P150370074,SI,SI,NO,NO
2024,P150370102,SI,SI,NO,NO
2024,P150390001,SI,SI,NO,NO
2024,P150390003,SI,SI,NO,NO
2024,P150390004,SI,SI,NO,NO
2024,P150390012,SI,SI,NO,NO
2024,P150390017,SI,SI,NO,NO
2024,P150390064,SI,SI,NO,NO
2024,P150390082,SI,SI,NO,NO
2024,P150390083,SI,SI,NO,NO
2024,P150390091,SI,SI,NO,NO
2024,P150390095,SI,SI,NO,NO
2024,P150390099,SI,SI,NO,NO
2024,P150390100,SI,SI,NO,NO
2024,P150390102,SI,SI,NO,NO
2024,P150390114,SI,SI,NO,NO
2024,P150390123,SI,SI,NO,NO
2024,P150390124,SI,SI,NO,NO
2024,P150390125,SI,SI,NO,NO
2024,P150390132,SI,SI,NO,NO
2024,P150390133,SI,SI,NO,NO
2024,P150390138,SI,SI,NO,NO
2024,P150390141,SI,SI,NO,NO
2024,P150390145,SI,SI,NO,NO
2024,P150390146,SI,SI,NO,NO
2024,P150390147,SI,SI,NO,NO
2024,P150390148,SI,SI,NO,NO
2024,P150390150,SI,SI,NO,NO
2024,P150390151,SI,SI,NO,NO
2024,P150390161,SI,SI,NO,NO
2024,P150440001,SI,SI,NO,NO
2024,P150440020,SI,SI,NO,NO
2024,P150510001,SI,SI,NO,NO
2024,P150510067,SI,SI,NO,NO
2024,P150510086,SI,SI,NO,NO
2024,P150530001,SI,SI,NO,NO
2024,P150530002,SI,SI,NO,NO
2024,P150530005,SI,SI,NO,NO
2024,P150530010,SI,SI,NO,NO
2024,P150530017,SI,SI,NO,NO
2024,P150530020,SI,SI,NO,NO
2024,P150530025,SI,SI,NO,NO
2024,P150530026,SI,SI,NO,NO
2024,P150530027,SI,SI,NO,NO
2024,P150530028,SI,SI,NO,NO
2024,P150530031,SI,SI,NO,NO
2024,P150540001,SI,SI,NO,NO
2024,P150540034,SI,SI,NO,NO
2024,P150540037,SI,SI,NO,NO
2024,P150540038,SI,SI,NO,NO
2024,P150540041,SI,SI,NO,NO
2024,P150540047,SI,SI,NO,NO
2024,P150540049,SI,SI,NO,NO
2024,P150540101,SI,SI,NO,NO
2024,P150540107,SI,SI,NO,NO
2024,P150570001,SI,SI,NO,NO
2024,P150570265,SI,SI,NO,NO
2024,P150570267,SI,SI,NO,NO
2024,P150570268,SI,SI,NO,NO
2024,P150570288,SI,SI,NO,NO
2024,P150570312,SI,SI,NO,NO
2024,P150570315,SI,SI,NO,NO
2024,P150580001,SI,SI,NO,NO
2024,P150580002,SI,SI,NO,NO
2024,P150580003,SI,SI,NO,NO
2024,P150580004,SI,SI,NO,NO
2024,P150580005,SI,SI,NO,NO
2024,P150590001,SI,SI,NO,NO
2024,P150590002,SI,SI,NO,NO
2024,P150590005,SI,SI,NO,NO
2024,P150590016,SI,SI,NO,NO
2024,P150590017,SI,SI,NO,NO
2024,P150590018,SI,SI,NO,NO
2024,P150590019,SI,SI,NO,NO
2024,P150590023,SI,SI,NO,NO
2024,P150590031,SI,SI,NO,NO
2024,P150590033,SI,SI,NO,NO
2024,P150590034,SI,SI,NO,NO
2024,P150590035,SI,SI,NO,NO
2024,P150590046,SI,SI,NO,NO
2024,P150590049,SI,SI,NO,NO
2024,P150590051,SI,SI,NO,NO
2024,P150590053,SI,SI,NO,NO
2024,P150590056,SI,SI,NO,NO
2024,P150590057,SI,SI,NO,NO
2024,P150590058,SI,SI,NO,NO
2024,P150590062,SI,SI,NO,NO
2024,P150600001,SI,SI,NO,NO
2024,P150600005,SI,SI,NO,NO
2024,P150600015,SI,SI,NO,NO
2024,P150600016,SI,SI,NO,NO
2024,P150600022,SI,SI,NO,NO
2024,P150600031,SI,SI,NO,NO
2024,P150600063,SI,SI,NO,NO
2024,P150600068,SI,SI,NO,NO
2024,P150600069,SI,SI,NO,NO
2024,P150600081,SI,SI,NO,NO
2024,P150600082,SI,SI,NO,NO
2024,P150600083,SI,SI,NO,NO
2024,P150600100,SI,SI,NO,NO
2024,P150670005,SI,SI,NO,NO
2024,P150670048,SI,SI,NO,NO
2024,P150680001,SI,SI,NO,NO
2024,P150680007,SI,SI,NO,NO
2024,P150690001,SI,SI,NO,NO
2024,P150690006,SI,SI,NO,NO
2024,P150700001,SI,SI,NO,NO
2024,P150700005,SI,SI,NO,NO
2024,P150700008,SI,SI,NO,NO
2024,P150700009,SI,SI,NO,NO
2024,P150700013,SI,SI,NO,NO
2024,P150700017,SI,SI,NO,NO
2024,P150700019,SI,SI,NO,NO
2024,P150700033,SI,SI,NO,NO
2024,P150700035,SI,SI,NO,NO
2024,P150700036,SI,SI,NO,NO
2024,P150700037,SI,SI,NO,NO
2024,P150700038,SI,SI,NO,NO
2024,P150700039,SI,SI,NO,NO
2024,P150700040,SI,SI,NO,NO
2024,P150700041,SI,SI,NO,NO
2024,P150700042,SI,SI,NO,NO
2024,P150700043,SI,SI,NO,NO
2024,P150700044,SI,SI,NO,NO
2024,P150700045,SI,SI,NO,NO
2024,P150750001,SI,SI,NO,NO
2024,P150750007,SI,SI,NO,NO
2024,P150750024,SI,SI,NO,NO
2024,P150750025,SI,SI,NO,NO
2024,P150750031,SI,SI,NO,NO
2024,P150760001,SI,SI,NO,NO
2024,P150810001,SI,SI,NO,NO
2024,P150810004,SI,SI,NO,NO
2024,P150810007,SI,SI,NO,NO
2024,P150810009,SI,SI,NO,NO
2024,P150810019,SI,SI,NO,NO
2024,P150810020,SI,SI,NO,NO
2024,P150810025,SI,SI,NO,NO
2024,P150810050,SI,SI,NO,NO
2024,P150810060,SI,SI,NO,NO
2024,P150810064,SI,SI,NO,NO
2024,P150810079,SI,SI,NO,NO
2024,P150810080,SI,SI,NO,NO
2024,P150810082,SI,SI,NO,NO
2024,P150810083,SI,SI,NO,NO
2024,P150810093,SI,SI,NO,NO
2024,P150810094,SI,SI,NO,NO
2024,P150810095,SI,SI,NO,NO
2024,P150810096,SI,SI,NO,NO
2024,P150810097,SI,SI,NO,NO
2024,P150810098,SI,SI,NO,NO
2024,P150810109,SI,SI,NO,NO
2024,P150810114,SI,SI,NO,NO
2024,P150810119,SI,SI,NO,NO
2024,P150810120,SI,SI,NO,NO
2024,P150810121,SI,SI,NO,NO
2024,P150810124,SI,SI,NO,NO
2024,P150810127,SI,SI,NO,NO
2024,P150810128,SI,SI,NO,NO
2024,P150830001,SI,SI,NO,NO
2024,P150830008,SI,SI,NO,NO
2024,P150830012,SI,SI,NO,NO
2024,P150830014,SI,SI,NO,NO
2024,P150830018,SI,SI,NO,NO
2024,P150830020,SI,SI,NO,NO
2024,P150830021,SI,SI,NO,NO
2024,P150830023,SI,SI,NO,NO
2024,P150830024,SI,SI,NO,NO
2024,P150830025,SI,SI,NO,NO
2024,P150830030,SI,SI,NO,NO
2024,P150910001,SI,SI,NO,NO
2024,P150910010,SI,SI,NO,NO
2024,P150910012,SI,SI,NO,NO
2024,P150910023,SI,SI,NO,NO
2024,P150910029,SI,SI,NO,NO
2024,P150920001,SI,SI,NO,NO
2024,P150920002,SI,SI,NO,NO
2024,P150920005,SI,SI,NO,NO
2024,P150920013,SI,SI,NO,NO
2024,P150920018,SI,SI,NO,NO
2024,P150920019,SI,SI,NO,NO
2024,P150920020,SI,SI,NO,NO
2024,P150920025,SI,SI,NO,NO
2024,P150920033,SI,SI,NO,NO
2024,P150920034,SI,SI,NO,NO
2024,P150920036,SI,SI,NO,NO
2024,P150920039,SI,SI,NO,NO
2024,P150920040,SI,SI,NO,NO
2024,P150920041,SI,SI,NO,NO
2024,P150920042,SI,SI,NO,NO
2024,P150920107,SI,SI,NO,NO
2024,P150920108,SI,SI,NO,NO
2024,P150930003,SI,SI,NO,NO
2024,P150930005,SI,SI,NO,NO
2024,P150930035,SI,SI,NO,NO
2024,P150930036,SI,SI,NO,NO
2024,P150950001,SI,SI,NO,NO
2024,P150950045,SI,SI,NO,NO
2024,P150950047,SI,SI,NO,NO
2024,P150950055,SI,SI,NO,NO
2024,P150950067,SI,SI,NO,NO
2024,P150950070,SI,SI,NO,NO
2024,P150950071,SI,SI,NO,NO
2024,P150950072,SI,SI,NO,NO
2024,P150950073,SI,SI,NO,NO
2024,P150950074,SI,SI,NO,NO
2024,P150950076,SI,SI,NO,NO
2024,P150950077,SI,SI,NO,NO
2024,P150990001,SI,SI,NO,NO
2024,P150990003,SI,SI,NO,NO
2024,P150990007,SI,SI,NO,NO
2024,P150990008,SI,SI,NO,NO
2024,P150990012,SI,SI,NO,NO
2024,P150990014,SI,SI,NO,NO
2024,P150990015,SI,SI,NO,NO
2024,P150990017,SI,SI,NO,NO
2024,P150990018,SI,SI,NO,NO
2024,P150990020,SI,SI,NO,NO
2024,P150990021,SI,SI,NO,NO
2024,P150990023,SI,SI,NO,NO
2024,P150990026,SI,SI,NO,NO
2024,P150990028,SI,SI,NO,NO
2024,P150990029,SI,SI,NO,NO
2024,P150990033,SI,SI,NO,NO
2024,P150990034,SI,SI,NO,NO
2024,P150990036,SI,SI,NO,NO
2024,P150990037,SI,SI,NO,NO
2024,P150990042,SI,SI,NO,NO
2024,P150990044,SI,SI,NO,NO
2024,P150990045,SI,SI,NO,NO
2024,P150990046,SI,SI,NO,NO
2024,P150990047,SI,SI,NO,NO
2024,P150990048,SI,SI,NO,NO
2024,P150990052,SI,SI,NO,NO
2024,P150990053,SI,SI,NO,NO
2024,P150990062,SI,SI,NO,NO
2024,P150990063,SI,SI,NO,NO
2024,P150990064,SI,SI,NO,NO
2024,P150990070,SI,SI,NO,NO
2024,P150990078,SI,SI,NO,NO
2024,P150990081,SI,SI,NO,NO
2024,P150990090,SI,SI,NO,NO
2024,P150990093,SI,SI,NO,NO
2024,P150990096,SI,SI,NO,NO
2024,P150990102,SI,SI,NO,NO
2024,P150990106,SI,SI,NO,NO
2024,P150990108,SI,SI,NO,NO
2024,P150990109,SI,SI,NO,NO
2024,P150990110,SI,SI,NO,NO
2024,P150990114,SI,SI,NO,NO
2024,P150990116,SI,SI,NO,NO
2024,P150990120,SI,SI,NO,NO
2024,P150990121,SI,SI,NO,NO
2024,P150990123,SI,SI,NO,NO
2024,P150990126,SI,SI,NO,NO
2024,P150990130,SI,SI,NO,NO
2024,P150990141,SI,SI,NO,NO
2024,P150990144,SI,SI,NO,NO
2024,P150990149,SI,SI,NO,NO
2024,P150990150,SI,SI,NO,NO
2024,P150990151,SI,SI,NO,NO
2024,P150990152,SI,SI,NO,NO
2024,P150990154,SI,SI,NO,NO
2024,P150990157,SI,SI,NO,NO
2024,P150990159,SI,SI,NO,NO
2024,P150990160,SI,SI,NO,NO
2024,P150990171,SI,SI,NO,NO
2024,P150990172,SI,SI,NO,NO
2024,P150990173,SI,SI,NO,NO
2024,P150990174,SI,SI,NO,NO
2024,P151000001,SI,SI,NO,NO
2024,P151000002,SI,SI,NO,NO
2024,P151000004,SI,SI,NO,NO
2024,P151000006,SI,SI,NO,NO
2024,P151000007,SI,SI,NO,NO
2024,P151000008,SI,SI,NO,NO
2024,P151000010,SI,SI,NO,NO
2024,P151000012,SI,SI,NO,NO
2024,P151000013,SI,SI,NO,NO
2024,P151000014,SI,SI,NO,NO
2024,P151000015,SI,SI,NO,NO
2024,P151000016,SI,SI,NO,NO
2024,P151000017,SI,SI,NO,NO
2024,P151000019,SI,SI,NO,NO
2024,P151030001,SI,SI,NO,NO
2024,P151030002,SI,SI,NO,NO
2024,P151030004,SI,SI,NO,NO
2024,P151030005,SI,SI,NO,NO
2024,P151030006,SI,SI,NO,NO
2024,P151030009,SI,SI,NO,NO
2024,P151030012,SI,SI,NO,NO
2024,P151030018,SI,SI,NO,NO
2024,P151030022,SI,SI,NO,NO
2024,P151030024,SI,SI,NO,NO
2024,P151030038,SI,SI,NO,NO
2024,P151030042,SI,SI,NO,NO
2024,P151030043,SI,SI,NO,NO
2024,P151030047,SI,SI,NO,NO
2024,P151030050,SI,SI,NO,NO
2024,P151030069,SI,SI,NO,NO
2024,P151030070,SI,SI,NO,NO
2024,P151030076,SI,SI,NO,NO
2024,P151030077,SI,SI,NO,NO
2024,P151030085,SI,SI,NO,NO
2024,P151030087,SI,SI,NO,NO
2024,P151030089,SI,SI,NO,NO
2024,P151030090,SI,SI,NO,NO
2024,P151030091,SI,SI,NO,NO
2024,P151030095,SI,SI,NO,NO
2024,P151030098,SI,SI,NO,NO
2024,P151030101,SI,SI,NO,NO
2024,P151030103,SI,SI,NO,NO
2024,P151030104,SI,SI,NO,NO
2024,P151030105,SI,SI,NO,NO
2024,P151040001,SI,SI,NO,NO
2024,P151040105,SI,SI,NO,NO
2024,P151040106,SI,SI,NO,NO
2024,P151040107,SI,SI,NO,NO
2024,P151040240,SI,SI,NO,NO
2024,P151060001,SI,SI,NO,NO
2024,P151060043,SI,SI,NO,NO
2024,P151060046,SI,SI,NO,NO
2024,P151060050,SI,SI,NO,NO
2024,P151060063,SI,SI,NO,NO
2024,P151060064,SI,SI,NO,NO
2024,P151060068,SI,SI,NO,NO
2024,P151060072,SI,SI,NO,NO
2024,P151060075,SI,SI,NO,NO
2024,P151060079,SI,SI,NO,NO
2024,P151060080,SI,SI,NO,NO
2024,P151060084,SI,SI,NO,NO
2024,P151060086,SI,SI,NO,NO
2024,P151060087,SI,SI,NO,NO
2024,P151060088,SI,SI,NO,NO
2024,P151060090,SI,SI,NO,NO
2024,P151060092,SI,SI,NO,NO
2024,P151060093,SI,SI,NO,NO
2024,P151060112,SI,SI,NO,NO
2024,P151060131,SI,SI,NO,NO
2024,P151060134,SI,SI,NO,NO
2024,P151060137,SI,SI,NO,NO
2024,P151060153,SI,SI,NO,NO
2024,P151060159,SI,SI,NO,NO
2024,P151060177,SI,SI,NO,NO
2024,P151060219,SI,SI,NO,NO
2024,P151060229,SI,SI,NO,NO
2024,P151060230,SI,SI,NO,NO
2024,P151060232,SI,SI,NO,NO
2024,P151060233,SI,SI,NO,NO
2024,P151060234,SI,SI,NO,NO
2024,P151060235,SI,SI,NO,NO
2024,P151060236,SI,SI,NO,NO
2024,P151060238,SI,SI,NO,NO
2024,P151080001,SI,SI,NO,NO
2024,P151080005,SI,SI,NO,NO
2024,P151080009,SI,SI,NO,NO
2024,P151080010,SI,SI,NO,NO
2024,P151080014,SI,SI,NO,NO
2024,P151080019,SI,SI,NO,NO
2024,P151080039,SI,SI,NO,NO
2024,P151080043,SI,SI,NO,NO
2024,P151080045,SI,SI,NO,NO
2024,P151080049,SI,SI,NO,NO
2024,P151080052,SI,SI,NO,NO
2024,P151080058,SI,SI,NO,NO
2024,P151080059,SI,SI,NO,NO
2024,P151080060,SI,SI,NO,NO
2024,P151080061,SI,SI,NO,NO
2024,P151080062,SI,SI,NO,NO
2024,P151080063,SI,SI,NO,NO
2024,P151090001,SI,SI,NO,NO
2024,P151090003,SI,SI,NO,NO
2024,P151090014,SI,SI,NO,NO
2024,P151090025,SI,SI,NO,NO
2024,P151090068,SI,SI,NO,NO
2024,P151090069,SI,SI,NO,NO
2024,P151090071,SI,SI,NO,NO
2024,P151090072,SI,SI,NO,NO
2024,P151090076,SI,SI,NO,NO
2024,P151090080,SI,SI,NO,NO
2024,P151090081,SI,SI,NO,NO
2024,P151090082,SI,SI,NO,NO
2024,P151180001,SI,SI,NO,NO
2024,P151180060,SI,SI,NO,NO
2024,P151180097,SI,SI,NO,NO
2024,P151180133,SI,SI,NO,NO
2024,P151200001,SI,SI,NO,NO
2024,P151200006,SI,SI,NO,NO
2024,P151200007,SI,SI,NO,NO
2024,P151200011,SI,SI,NO,NO
2024,P151200014,SI,SI,NO,NO
2024,P151200019,SI,SI,NO,NO
2024,P151200031,SI,SI,NO,NO
2024,P151200035,SI,SI,NO,NO
2024,P151200041,SI,SI,NO,NO
2024,P151200045,SI,SI,NO,NO
2024,P151200049,SI,SI,NO,NO
2024,P151200054,SI,SI,NO,NO
2024,P151200056,SI,SI,NO,NO
2024,P151200057,SI,SI,NO,NO
2024,P151200074,SI,SI,NO,NO
2024,P151200076,SI,SI,NO,NO
2024,P151200083,SI,SI,NO,NO
2024,P151200106,SI,SI,NO,NO
2024,P151200111,SI,SI,NO,NO
2024,P151200125,SI,SI,NO,NO
2024,P151200144,SI,SI,NO,NO
2024,P151200148,SI,SI,NO,NO
2024,P151200149,SI,SI,NO,NO
2024,P151200161,SI,SI,NO,NO
2024,P151200163,SI,SI,NO,NO
2024,P151200164,SI,SI,NO,NO
2024,P151200165,SI,SI,NO,NO
2024,P151200177,SI,SI,NO,NO
2024,P151200178,SI,SI,NO,NO
2024,P151200179,SI,SI,NO,NO
2024,P151200198,SI,SI,NO,NO
2024,P151200200,SI,SI,NO,NO
2024,P151200205,SI,SI,NO,NO
2024,P151210001,SI,SI,NO,NO
2024,P151210007,SI,SI,NO,NO
2024,P151210020,SI,SI,NO,NO
2024,P151210046,SI,SI,NO,NO
2024,P151210062,SI,SI,NO,NO
2024,P151210108,SI,SI,NO,NO
2024,P151210111,SI,SI,NO,NO
2024,P151210114,SI,SI,NO,NO
2024,P151210117,SI,SI,NO,NO
2024,P151210118,SI,SI,NO,NO
2024,P151220001,SI,SI,NO,NO
2024,P151220002,SI,SI,NO,NO
2024,P151220003,SI,SI,NO,NO
2024,P151220005,SI,SI,NO,NO
2024,P151220006,SI,SI,NO,NO
2024,P151220007,SI,SI,NO,NO
2024,P151220008,SI,SI,NO,NO
2024,P151250001,SI,SI,NO,NO
2024,P151250002,SI,SI,NO,NO
2024,P151250003,SI,SI,NO,NO
2024,P151250004,SI,SI,NO,NO
2024,P151250005,SI,SI,NO,NO
2024,P151250006,SI,SI,NO,NO
2024,P151250007,SI,SI,NO,NO
2024,P160010001,SI,SI,NO,NO
2024,P160010004,SI,SI,NO,NO
2024,P160010053,SI,SI,NO,NO
2024,P160520001,SI,SI,NO,NO
2024,P160520525,SI,SI,NO,NO
2024,P160530001,SI,SI,NO,NO
2024,P160530032,SI,SI,NO,NO
2024,P160530045,SI,SI,NO,NO
2024,P160530059,SI,SI,NO,NO
2024,P160530061,SI,SI,NO,NO
2024,P160530071,SI,SI,NO,NO
2024,P160530074,SI,SI,NO,NO
2024,P160530086,SI,SI,NO,NO
2024,P160530089,SI,SI,NO,NO
2024,P160530114,SI,SI,NO,NO
2024,P160530117,SI,SI,NO,NO
2024,P160530141,SI,SI,NO,NO
2024,P160530157,SI,SI,NO,NO
2024,P160530167,SI,SI,NO,NO
2024,P160530261,SI,SI,NO,NO
2024,P160530271,SI,SI,NO,NO
2024,P160530276,SI,SI,NO,NO
2024,P160530277,SI,SI,NO,NO
2024,P160530287,SI,SI,NO,NO
2024,P160530289,SI,SI,NO,NO
2024,P160530299,SI,SI,NO,NO
2024,P160530314,SI,SI,NO,NO
2024,P160530321,SI,SI,NO,NO
2024,P160530353,SI,SI,NO,NO
2024,P160530365,SI,SI,NO,NO
2024,P160530414,SI,SI,NO,NO
2024,P160530467,SI,SI,NO,NO
2024,P160530483,SI,SI,NO,NO
2024,P160530486,SI,SI,NO,NO
2024,P160530490,SI,SI,NO,NO
2024,P160530495,SI,SI,NO,NO
2024,P160530507,SI,SI,NO,NO
2024,P160530511,SI,SI,NO,NO
2024,P160530518,SI,SI,NO,NO
2024,P160530523,SI,SI,NO,NO
2024,P160530551,SI,SI,NO,NO
2024,P160880063,SI,SI,NO,NO
2024,P160880078,SI,SI,NO,NO
2024,P160880121,SI,SI,NO,NO
2024,P160880123,SI,SI,NO,NO
2024,P160880125,SI,SI,NO,NO
2024,P160880131,SI,SI,NO,NO
2024,P160880133,SI,SI,NO,NO
2024,P160880136,SI,SI,NO,NO
2024,P160880147,SI,SI,NO,NO
2024,P170070001,SI,SI,NO,NO
2024,P170070062,SI,SI,NO,NO
2024,P170070087,SI,SI,NO,NO
2024,P170070092,SI,SI,NO,NO
2024,P170070101,SI,SI,NO,NO
2024,P170070114,SI,SI,NO,NO
2024,P170070115,SI,SI,NO,NO
2024,P170070120,SI,SI,NO,NO
2024,P170070121,SI,SI,NO,NO
2024,P170070125,SI,SI,NO,NO
2024,P170070126,SI,SI,NO,NO
2024,P170070142,SI,SI,NO,NO
2024,P170080005,SI,SI,NO,NO
2024,P170080031,SI,SI,NO,NO
2024,P170080052,SI,SI,NO,NO
2024,P170080063,SI,SI,NO,NO
2024,P170110009,SI,SI,NO,NO
2024,P170110051,SI,SI,NO,NO
2024,P170110076,SI,SI,NO,NO
2024,P170110079,SI,SI,NO,NO
2024,P170110085,SI,SI,NO,NO
2024,P170180001,SI,SI,NO,NO
2024,P170180029,SI,SI,NO,NO
2024,P170180030,SI,SI,NO,NO
2024,P170180048,SI,SI,NO,NO
2024,P170180051,SI,SI,NO,NO
2024,P170180067,SI,SI,NO,NO
2024,P170180070,SI,SI,NO,NO
2024,P170180079,SI,SI,NO,NO
2024,P170200085,SI,SI,NO,NO
2024,P170200097,SI,SI,NO,NO
2024,P170200109,SI,SI,NO,NO
2024,P170280078,SI,SI,NO,NO
2024,P170280087,SI,SI,NO,NO
2024,P170280113,SI,SI,NO,NO
2024,P180170001,SI,SI,NO,NO
2024,P180200013,SI,SI,NO,NO
2024,P180200024,SI,SI,NO,NO
2024,P180200043,SI,SI,NO,NO
2024,P180200049,SI,SI,NO,NO
2024,P180200053,SI,SI,NO,NO
2024,P180200054,SI,SI,NO,NO
2024,P180200059,SI,SI,NO,NO
2024,P180200098,SI,SI,NO,NO
2024,P180200192,SI,SI,NO,NO
2024,P180200241,SI,SI,NO,NO
2024,P180200254,SI,SI,NO,NO
2024,P180200344,SI,SI,NO,NO
2024,P180200350,SI,SI,NO,NO
2024,P180200434,SI,SI,NO,NO
2024,P180200459,SI,SI,NO,NO
2024,P180200461,SI,SI,NO,NO
2024,P180200463,SI,SI,NO,NO
2024,P180200467,SI,SI,NO,NO
2024,P180200476,SI,SI,NO,NO
2024,P180200510,SI,SI,NO,NO
2024,P180200531,SI,SI,NO,NO
2024,P180200575,SI,SI,NO,NO
2024,P180200596,SI,SI,NO,NO
2024,P180200620,SI,SI,NO,NO
2024,P190060001,SI,SI,NO,NO
2024,P190060036,SI,SI,NO,NO
2024,P190060039,SI,SI,NO,NO
2024,P190060078,SI,SI,NO,NO
2024,P190060092,SI,SI,NO,NO
2024,P190060116,SI,SI,NO,NO
2024,P190060133,SI,SI,NO,NO
2024,P190060155,SI,SI,NO,NO
2024,P190060174,SI,SI,NO,NO
2024,P190060178,SI,SI,NO,NO
2024,P190060185,SI,SI,NO,NO
2024,P190060187,SI,SI,NO,NO
2024,P190060192,SI,SI,NO,NO
2024,P190060198,SI,SI,NO,NO
2024,P190060204,SI,SI,NO,NO
2024,P190060216,SI,SI,NO,NO
2024,P190060220,SI,SI,NO,NO
2024,P190060239,SI,SI,NO,NO
2024,P190060242,SI,SI,NO,NO
2024,P190060243,SI,SI,NO,NO
2024,P190060246,SI,SI,NO,NO
2024,P190060249,SI,SI,NO,NO
2024,P190060258,SI,SI,NO,NO
2024,P190060288,SI,SI,NO,NO
2024,P190060294,SI,SI,NO,NO
2024,P190060304,SI,SI,NO,NO
2024,P190060313,SI,SI,NO,NO
2024,P190060327,SI,SI,NO,NO
2024,P190060343,SI,SI,NO,NO
2024,P190060349,SI,SI,NO,NO
2024,P190060357,SI,SI,NO,NO
2024,P190060359,SI,SI,NO,NO
2024,P190060366,SI,SI,NO,NO
2024,P190060379,SI,SI,NO,NO
2024,P190060385,SI,SI,NO,NO
2024,P190060386,SI,SI,NO,NO
2024,P190060388,SI,SI,NO,NO
2024,P190060389,SI,SI,NO,NO
2024,P190060391,SI,SI,NO,NO
2024,P190060392,SI,SI,NO,NO
2024,P190060396,SI,SI,NO,NO
2024,P190060402,SI,SI,NO,NO
2024,P190060403,SI,SI,NO,NO
2024,P190060404,SI,SI,NO,NO
2024,P190060405,SI,SI,NO,NO
2024,P190060407,SI,SI,NO,NO
2024,P190100030,SI,SI,NO,NO
2024,P190100050,SI,SI,NO,NO
2024,P190100119,SI,SI,NO,NO
2024,P190100130,SI,SI,NO,NO
2024,P190180001,SI,SI,NO,NO
2024,P190180122,SI,SI,NO,NO
2024,P190180124,SI,SI,NO,NO
2024,P190180154,SI,SI,NO,NO
2024,P190180184,SI,SI,NO,NO
2024,P190180186,SI,SI,NO,NO
2024,P190190001,SI,SI,NO,NO
2024,P190190026,SI,SI,NO,NO
2024,P190190029,SI,SI,NO,NO
2024,P190190030,SI,SI,NO,NO
2024,P190190031,SI,SI,NO,NO
2024,P190190032,SI,SI,NO,NO
2024,P190210001,SI,SI,NO,NO
2024,P190210079,SI,SI,NO,NO
2024,P190210101,SI,SI,NO,NO
2024,P190210102,SI,SI,NO,NO
2024,P190210149,SI,SI,NO,NO
2024,P190210150,SI,SI,NO,NO
2024,P190210151,SI,SI,NO,NO
2024,P190250039,SI,SI,NO,NO
2024,P190250130,SI,SI,NO,NO
2024,P190250137,SI,SI,NO,NO
2024,P190250142,SI,SI,NO,NO
2024,P190250292,SI,SI,NO,NO
2024,P190250297,SI,SI,NO,NO
2024,P190250300,SI,SI,NO,NO
2024,P190260001,SI,SI,NO,NO
2024,P190260134,SI,SI,NO,NO
2024,P190260146,SI,SI,NO,NO
2024,P190260147,SI,SI,NO,NO
2024,P190260157,SI,SI,NO,NO
2024,P190260175,SI,SI,NO,NO
2024,P190260176,SI,SI,NO,NO
2024,P190260177,SI,SI,NO,NO
2024,P190310357,SI,SI,NO,NO
2024,P190390001,SI,SI,NO,NO
2024,P190410001,SI,SI,NO,NO
2024,P190410002,SI,SI,NO,NO
2024,P190410026,SI,SI,NO,NO
2024,P190410052,SI,SI,NO,NO
2024,P190410075,SI,SI,NO,NO
2024,P190410081,SI,SI,NO,NO
2024,P190410168,SI,SI,NO,NO
2024,P190410181,SI,SI,NO,NO
2024,P190410189,SI,SI,NO,NO
2024,P190410198,SI,SI,NO,NO
2024,P190410200,SI,SI,NO,NO
2024,P190410202,SI,SI,NO,NO
2024,P190410206,SI,SI,NO,NO
2024,P190410221,SI,SI,NO,NO
2024,P190410249,SI,SI,NO,NO
2024,P190410252,SI,SI,NO,NO
2024,P190410268,SI,SI,NO,NO
2024,P190410318,SI,SI,NO,NO
2024,P190410319,SI,SI,NO,NO
2024,P190410320,SI,SI,NO,NO
2024,P190410335,SI,SI,NO,NO
2024,P190410343,SI,SI,NO,NO
2024,P190410351,SI,SI,NO,NO
2024,P190410368,SI,SI,NO,NO
2024,P190410402,SI,SI,NO,NO
2024,P190410405,SI,SI,NO,NO
2024,P190410407,SI,SI,NO,NO
2024,P190410418,SI,SI,NO,NO
2024,P190410419,SI,SI,NO,NO
2024,P190410433,SI,SI,NO,NO
2024,P190410434,SI,SI,NO,NO
2024,P190410435,SI,SI,NO,NO
2024,P190410449,SI,SI,NO,NO
2024,P190410450,SI,SI,NO,NO
2024,P190410451,SI,SI,NO,NO
2024,P190410456,SI,SI,NO,NO
2024,P190450239,SI,SI,NO,NO
2024,P190450241,SI,SI,NO,NO
2024,P190450380,SI,SI,NO,NO
2024,P190450385,SI,SI,NO,NO
2024,P190450405,SI,SI,NO,NO
2024,P190450452,SI,SI,NO,NO
2024,P190450466,SI,SI,NO,NO
2024,P190450467,SI,SI,NO,NO
2024,P190450550,SI,SI,NO,NO
2024,P190450551,SI,SI,NO,NO
2024,P190450559,SI,SI,NO,NO
2024,P190450568,SI,SI,NO,NO
2024,P190460001,SI,SI,NO,NO
2024,P190480001,SI,SI,NO,NO
2024,P190480094,SI,SI,NO,NO
2024,P190480165,SI,SI,NO,NO
2024,P190480171,SI,SI,NO,NO
2024,P200670001,SI,SI,NO,NO
2024,P210340006,SI,SI,NO,NO
2024,P210340013,SI,SI,NO,NO
2024,P210340016,SI,SI,NO,NO
2024,P210340018,SI,SI,NO,NO
2024,P210410005,SI,SI,NO,NO
2024,P210410008,SI,SI,NO,NO
2024,P210410013,SI,SI,NO,NO
2024,P210410018,SI,SI,NO,NO
2024,P210410019,SI,SI,NO,NO
2024,P210410026,SI,SI,NO,NO
2024,P210410029,SI,SI,NO,NO
2024,P211140001,SI,SI,NO,NO
2024,P211190001,SI,SI,NO,NO
2024,P211190013,SI,SI,NO,NO
2024,P211280001,SI,SI,NO,NO
2024,P211280035,SI,SI,NO,NO
2024,P211280039,SI,SI,NO,NO
2024,P211280040,SI,SI,NO,NO
2024,P211280045,SI,SI,NO,NO
2024,P211280046,SI,SI,NO,NO
2024,P211280047,SI,SI,NO,NO
2024,P211280055,SI,SI,NO,NO
2024,P211280056,SI,SI,NO,NO
2024,P211280057,SI,SI,NO,NO
2024,P211280060,SI,SI,NO,NO
2024,P211360001,SI,SI,NO,NO
2024,P211360002,SI,SI,NO,NO
2024,P211360003,SI,SI,NO,NO
2024,P211360004,SI,SI,NO,NO
2024,P211400014,SI,SI,NO,NO
2024,P211810005,SI,SI,NO,NO
2024,P220050017,SI,SI,NO,NO
2024,P220060019,SI,SI,NO,NO
2024,P220060044,SI,SI,NO,NO
2024,P220060140,SI,SI,NO,NO
2024,P220060142,SI,SI,NO,NO
2024,P220060284,SI,SI,NO,NO
2024,P220110002,SI,SI,NO,NO
2024,P220110012,SI,SI,NO,NO
2024,P220110013,SI,SI,NO,NO
2024,P220110016,SI,SI,NO,NO
2024,P220110017,SI,SI,NO,NO
2024,P220110021,SI,SI,NO,NO
2024,P220110022,SI,SI,NO,NO
2024,P220110041,SI,SI,NO,NO
2024,P220110048,SI,SI,NO,NO
2024,P220110049,SI,SI,NO,NO
2024,P220110059,SI,SI,NO,NO
2024,P220110063,SI,SI,NO,NO
2024,P220110082,SI,SI,NO,NO
2024,P220110121,SI,SI,NO,NO
2024,P220110122,SI,SI,NO,NO
2024,P220110144,SI,SI,NO,NO
2024,P220110149,SI,SI,NO,NO
2024,P220110161,SI,SI,NO,NO
2024,P220110163,SI,SI,NO,NO
2024,P220110166,SI,SI,NO,NO
2024,P220110188,SI,SI,NO,NO
2024,P220110196,SI,SI,NO,NO
2024,P220110202,SI,SI,NO,NO
2024,P220110207,SI,SI,NO,NO
2024,P220110210,SI,SI,NO,NO
2024,P220110217,SI,SI,NO,NO
2024,P220110234,SI,SI,NO,NO
2024,P220110286,SI,SI,NO,NO
2024,P220110287,SI,SI,NO,NO
2024,P220110346,SI,SI,NO,NO
2024,P220110363,SI,SI,NO,NO
2024,P220110380,SI,SI,NO,NO
2024,P220110383,SI,SI,NO,NO
2024,P220110386,SI,SI,NO,NO
2024,P220110394,SI,SI,NO,NO
2024,P220110404,SI,SI,NO,NO
2024,P220110432,SI,SI,NO,NO
2024,P220110433,SI,SI,NO,NO
2024,P220110439,SI,SI,NO,NO
2024,P220110440,SI,SI,NO,NO
2024,P220110443,SI,SI,NO,NO
2024,P220110445,SI,SI,NO,NO
2024,P220110465,SI,SI,NO,NO
2024,P220110480,SI,SI,NO,NO
2024,P220110483,SI,SI,NO,NO
2024,P220110498,SI,SI,NO,NO
2024,P220110501,SI,SI,NO,NO
2024,P220140001,SI,SI,NO,NO
2024,P220140046,SI,SI,NO,NO
2024,P220140082,SI,SI,NO,NO
2024,P220140085,SI,SI,NO,NO
2024,P220140087,SI,SI,NO,NO
2024,P220140092,SI,SI,NO,NO
2024,P220140095,SI,SI,NO,NO
2024,P220140101,SI,SI,NO,NO
2024,P220140106,SI,SI,NO,NO
2024,P220140108,SI,SI,NO,NO
2024,P220140181,SI,SI,NO,NO
2024,P220140183,SI,SI,NO,NO
2024,P220140221,SI,SI,NO,NO
2024,P220140254,SI,SI,NO,NO
2024,P220140281,SI,SI,NO,NO
2024,P220140304,SI,SI,NO,NO
2024,P220140318,SI,SI,NO,NO
2024,P220140322,SI,SI,NO,NO
2024,P220140350,SI,SI,NO,NO
2024,P220140361,SI,SI,NO,NO
2024,P220140366,SI,SI,NO,NO
2024,P220140371,SI,SI,NO,NO
2024,P220140406,SI,SI,NO,NO
2024,P220140507,SI,SI,NO,NO
2024,P220140522,SI,SI,NO,NO
2024,P220140533,SI,SI,NO,NO
2024,P220140569,SI,SI,NO,NO
2024,P220140588,SI,SI,NO,NO
2024,P220140589,SI,SI,NO,NO
2024,P220140597,SI,SI,NO,NO
2024,P220160001,SI,SI,NO,NO
2024,P220160009,SI,SI,NO,NO
2024,P220160053,SI,SI,NO,NO
2024,P220160134,SI,SI,NO,NO
2024,P220160284,SI,SI,NO,NO
2024,P220160330,SI,SI,NO,NO
2024,P220160332,SI,SI,NO,NO
2024,P220160336,SI,SI,NO,NO
2024,P230030092,SI,SI,NO,NO
2024,P230030190,SI,SI,NO,NO
2024,P230030191,SI,SI,NO,NO
2024,P230030289,SI,SI,NO,NO
2024,P230030290,SI,SI,NO,NO
2024,P230030318,SI,SI,NO,NO
2024,P230030334,SI,SI,NO,NO
2024,P230030387,SI,SI,NO,NO
2024,P230030391,SI,SI,NO,NO
2024,P230030395,SI,SI,NO,NO
2024,P230030414,SI,SI,NO,NO
2024,P230030421,SI,SI,NO,NO
2024,P230030467,SI,SI,NO,NO
2024,P230030476,SI,SI,NO,NO
2024,P230030526,SI,SI,NO,NO
2024,P230050001,SI,SI,NO,NO
2024,P230050002,SI,SI,NO,NO
2024,P230050016,SI,SI,NO,NO
2024,P230050124,SI,SI,NO,NO
2024,P230050126,SI,SI,NO,NO
2024,P230050158,SI,SI,NO,NO
2024,P230050160,SI,SI,NO,NO
2024,P230050187,SI,SI,NO,NO
2024,P230050193,SI,SI,NO,NO
2024,P230050201,SI,SI,NO,NO
2024,P230050202,SI,SI,NO,NO
2024,P230050207,SI,SI,NO,NO
2024,P230050210,SI,SI,NO,NO
2024,P230050229,SI,SI,NO,NO
2024,P230050232,SI,SI,NO,NO
2024,P230050237,SI,SI,NO,NO
2024,P230050245,SI,SI,NO,NO
2024,P230050261,SI,SI,NO,NO
2024,P230050291,SI,SI,NO,NO
2024,P230050405,SI,SI,NO,NO
2024,P230050441,SI,SI,NO,NO
2024,P230050472,SI,SI,NO,NO
2024,P230050492,SI,SI,NO,NO
2024,P230050509,SI,SI,NO,NO
2024,P230050520,SI,SI,NO,NO
2024,P230050521,SI,SI,NO,NO
2024,P230050522,SI,SI,NO,NO
2024,P230050531,SI,SI,NO,NO
2024,P230050552,SI,SI,NO,NO
2024,P230050587,SI,SI,NO,NO
2024,P230050619,SI,SI,NO,NO
2024,P230050626,SI,SI,NO,NO
2024,P230050655,SI,SI,NO,NO
2024,P230050718,SI,SI,NO,NO
2024,P230050727,SI,SI,NO,NO
2024,P230050729,SI,SI,NO,NO
2024,P230050767,SI,SI,NO,NO
2024,P230050784,SI,SI,NO,NO
2024,P230050788,SI,SI,NO,NO
2024,P230050828,SI,SI,NO,NO
2024,P230050830,SI,SI,NO,NO
2024,P230050927,SI,SI,NO,NO
2024,P230050936,SI,SI,NO,NO
2024,P230050938,SI,SI,NO,NO
2024,P230050948,SI,SI,NO,NO
2024,P230050952,SI,SI,NO,NO
2024,P230050976,SI,SI,NO,NO
2024,P230051102,SI,SI,NO,NO
2024,P230051123,SI,SI,NO,NO
2024,P230051144,SI,SI,NO,NO
2024,P230051156,SI,SI,NO,NO
2024,P230051274,SI,SI,NO,NO
2024,P230051290,SI,SI,NO,NO
2024,P230051303,SI,SI,NO,NO
2024,P230051314,SI,SI,NO,NO
2024,P230051328,SI,SI,NO,NO
2024,P230051345,SI,SI,NO,NO
2024,P230051373,SI,SI,NO,NO
2024,P230051401,SI,SI,NO,NO
2024,P230051461,SI,SI,NO,NO
2024,P230051482,SI,SI,NO,NO
2024,P230051503,SI,SI,NO,NO
2024,P230051521,SI,SI,NO,NO
2024,P230051525,SI,SI,NO,NO
2024,P230051526,SI,SI,NO,NO
2024,P230051528,SI,SI,NO,NO
2024,P230051532,SI,SI,NO,NO
2024,P230051535,SI,SI,NO,NO
2024,P230051538,SI,SI,NO,NO
2024,P230051540,SI,SI,NO,NO
2024,P230051547,SI,SI,NO,NO
2024,P230051551,SI,SI,NO,NO
2024,P230051556,SI,SI,NO,NO
2024,P230051560,SI,SI,NO,NO
2024,P230051574,SI,SI,NO,NO
2024,P230051577,SI,SI,NO,NO
2024,P230051601,SI,SI,NO,NO
2024,P230051610,SI,SI,NO,NO
2024,P230051611,SI,SI,NO,NO
2024,P230051617,SI,SI,NO,NO
2024,P230051619,SI,SI,NO,NO
2024,P230051621,SI,SI,NO,NO
2024,P230051661,SI,SI,NO,NO
2024,P230051682,SI,SI,NO,NO
2024,P230051708,SI,SI,NO,NO
2024,P230051711,SI,SI,NO,NO
2024,P230051774,SI,SI,NO,NO
2024,P230051804,SI,SI,NO,NO
2024,P230051820,SI,SI,NO,NO
2024,P230051821,SI,SI,NO,NO
2024,P230051824,SI,SI,NO,NO
2024,P230051827,SI,SI,NO,NO
2024,P230051828,SI,SI,NO,NO
2024,P230080001,SI,SI,NO,NO
2024,P230080016,SI,SI,NO,NO
2024,P230080020,SI,SI,NO,NO
2024,P230080025,SI,SI,NO,NO
2024,P230080052,SI,SI,NO,NO
2024,P230080092,SI,SI,NO,NO
2024,P230080130,SI,SI,NO,NO
2024,P230080146,SI,SI,NO,NO
2024,P230080162,SI,SI,NO,NO
2024,P230080179,SI,SI,NO,NO
2024,P230080200,SI,SI,NO,NO
2024,P230080213,SI,SI,NO,NO
2024,P230080230,SI,SI,NO,NO
2024,P230080232,SI,SI,NO,NO
2024,P230080241,SI,SI,NO,NO
2024,P230080246,SI,SI,NO,NO
2024,P230080248,SI,SI,NO,NO
2024,P230080265,SI,SI,NO,NO
2024,P230080269,SI,SI,NO,NO
2024,P230080272,SI,SI,NO,NO
2024,P230080274,SI,SI,NO,NO
2024,P230080285,SI,SI,NO,NO
2024,P230080300,SI,SI,NO,NO
2024,P230080308,SI,SI,NO,NO
2024,P230080314,SI,SI,NO,NO
2024,P230080362,SI,SI,NO,NO
2024,P230080377,SI,SI,NO,NO
2024,P230080416,SI,SI,NO,NO
2024,P230080428,SI,SI,NO,NO
2024,P230080453,SI,SI,NO,NO
2024,P230080457,SI,SI,NO,NO
2024,P230080483,SI,SI,NO,NO
2024,P230080495,SI,SI,NO,NO
2024,P230080606,SI,SI,NO,NO
2024,P230080642,SI,SI,NO,NO
2024,P230080818,SI,SI,NO,NO
2024,P230080835,SI,SI,NO,NO
2024,P230080871,SI,SI,NO,NO
2024,P230080872,SI,SI,NO,NO
2024,P230080892,SI,SI,NO,NO
2024,P230080920,SI,SI,NO,NO
2024,P230080938,SI,SI,NO,NO
2024,P230090001,SI,SI,NO,NO
2024,P230090005,SI,SI,NO,NO
2024,P230090007,SI,SI,NO,NO
2024,P230090016,SI,SI,NO,NO
2024,P230090018,SI,SI,NO,NO
2024,P230090033,SI,SI,NO,NO
2024,P230090053,SI,SI,NO,NO
2024,P230090055,SI,SI,NO,NO
2024,P230090067,SI,SI,NO,NO
2024,P230090078,SI,SI,NO,NO
2024,P230090293,SI,SI,NO,NO
2024,P230090332,SI,SI,NO,NO
2024,P230090487,SI,SI,NO,NO
2024,P230090507,SI,SI,NO,NO
2024,P230110003,SI,SI,NO,NO
2024,P230110004,SI,SI,NO,NO
2024,P230110006,SI,SI,NO,NO
2024,P230110007,SI,SI,NO,NO
2024,P230110016,SI,SI,NO,NO
2024,P230110021,SI,SI,NO,NO
2024,P230110030,SI,SI,NO,NO
2024,P230110037,SI,SI,NO,NO
2024,P230110041,SI,SI,NO,NO
2024,P230110051,SI,SI,NO,NO
2024,P230110059,SI,SI,NO,NO
2024,P230110060,SI,SI,NO,NO
2024,P230110073,SI,SI,NO,NO
2024,P230110088,SI,SI,NO,NO
2024,P230110094,SI,SI,NO,NO
2024,P230110107,SI,SI,NO,NO
2024,P230110115,SI,SI,NO,NO
2024,P230110117,SI,SI,NO,NO
2024,P230110120,SI,SI,NO,NO
2024,P230110123,SI,SI,NO,NO
2024,P230110126,SI,SI,NO,NO
2024,P230110128,SI,SI,NO,NO
2024,P230110135,SI,SI,NO,NO
2024,P230110143,SI,SI,NO,NO
2024,P230110145,SI,SI,NO,NO
2024,P230110152,SI,SI,NO,NO
2024,P230110163,SI,SI,NO,NO
2024,P230110178,SI,SI,NO,NO
2024,P230110185,SI,SI,NO,NO
2024,P230110192,SI,SI,NO,NO
2024,P230110193,SI,SI,NO,NO
2024,P230110200,SI,SI,NO,NO
2024,P230110206,SI,SI,NO,NO
2024,P230110207,SI,SI,NO,NO
2024,P230110209,SI,SI,NO,NO
2024,P230110215,SI,SI,NO,NO
2024,P230110224,SI,SI,NO,NO
2024,P230110226,SI,SI,NO,NO
2024,P230110228,SI,SI,NO,NO
2024,P230110233,SI,SI,NO,NO
2024,P230110239,SI,SI,NO,NO
2024,P230110240,SI,SI,NO,NO
2024,P230110243,SI,SI,NO,NO
2024,P230110246,SI,SI,NO,NO
2024,P230110247,SI,SI,NO,NO
2024,P230110249,SI,SI,NO,NO
2024,P230110254,SI,SI,NO,NO
2024,P230110256,SI,SI,NO,NO
2024,P230110266,SI,SI,NO,NO
2024,P230110284,SI,SI,NO,NO
2024,P230110296,SI,SI,NO,NO
2024,P230110320,SI,SI,NO,NO
2024,P230110341,SI,SI,NO,NO
2024,P230110346,SI,SI,NO,NO
2024,P230110347,SI,SI,NO,NO
2024,P230110363,SI,SI,NO,NO
2024,P230110364,SI,SI,NO,NO
2024,P230110374,SI,SI,NO,NO
2024,P230110375,SI,SI,NO,NO
2024,P230110376,SI,SI,NO,NO
2024,P230110380,SI,SI,NO,NO
2024,P230110400,SI,SI,NO,NO
2024,P230110402,SI,SI,NO,NO
2024,P230110403,SI,SI,NO,NO
2024,P230110409,SI,SI,NO,NO
2024,P230110415,SI,SI,NO,NO
2024,P230110421,SI,SI,NO,NO
2024,P230110425,SI,SI,NO,NO
2024,P230110438,SI,SI,NO,NO
2024,P230110453,SI,SI,NO,NO
2024,P240210015,SI,SI,NO,NO
2024,P240210033,SI,SI,NO,NO
2024,P240210041,SI,SI,NO,NO
2024,P240210042,SI,SI,NO,NO
2024,P240280001,SI,SI,NO,NO
2024,P240280221,SI,SI,NO,NO
2024,P240280258,SI,SI,NO,NO
2024,P240280264,SI,SI,NO,NO
2024,P240280562,SI,SI,NO,NO
2024,P240280565,SI,SI,NO,NO
2024,P240280568,SI,SI,NO,NO
2024,P240280611,SI,SI,NO,NO
2024,P240280612,SI,SI,NO,NO
2024,P240280618,SI,SI,NO,NO
2024,P240280626,SI,SI,NO,NO
2024,P240280632,SI,SI,NO,NO
2024,P240280634,SI,SI,NO,NO
2024,P240280651,SI,SI,NO,NO
2024,P240280662,SI,SI,NO,NO
2024,P240350223,SI,SI,NO,NO
2024,P240500252,SI,SI,NO,NO
2024,P250010001,SI,SI,NO,NO
2024,P250011186,SI,SI,NO,NO
2024,P250011214,SI,SI,NO,NO
2024,P250060001,SI,SI,NO,NO
2024,P250061720,SI,SI,NO,NO
2024,P250061825,SI,SI,NO,NO
2024,P250062518,SI,SI,NO,NO
2024,P250062737,SI,SI,NO,NO
2024,P250062781,SI,SI,NO,NO
2024,P250062793,SI,SI,NO,NO
2024,P250062798,SI,SI,NO,NO
2024,P250062807,SI,SI,NO,NO
2024,P250062865,SI,SI,NO,NO
2024,P250063122,SI,SI,NO,NO
2024,P250063131,SI,SI,NO,NO
2024,P250063134,SI,SI,NO,NO
2024,P250063486,SI,SI,NO,NO
2024,P250120001,SI,SI,NO,NO
2024,P260180001,SI,SI,NO,NO
2024,P260181531,SI,SI,NO,NO
2024,P260182342,SI,SI,NO,NO
2024,P260182495,SI,SI,NO,NO
2024,P260182572,SI,SI,NO,NO
2024,P260182602,SI,SI,NO,NO
2024,P260182691,SI,SI,NO,NO
2024,P260182865,SI,SI,NO,NO
2024,P260300001,SI,SI,NO,NO
2024,P260301836,SI,SI,NO,NO
2024,P260301847,SI,SI,NO,NO
2024,P260302095,SI,SI,NO,NO
2024,P260302861,SI,SI,NO,NO
2024,P260303426,SI,SI,NO,NO
2024,P260303634,SI,SI,NO,NO
2024,P260303787,SI,SI,NO,NO
2024,P260303837,SI,SI,NO,NO
2024,P260303902,SI,SI,NO,NO
2024,P260303931,SI,SI,NO,NO
2024,P260430001,SI,SI,NO,NO
2024,P260430240,SI,SI,NO,NO
2024,P260430322,SI,SI,NO,NO
2024,P260430376,SI,SI,NO,NO
2024,P270020001,SI,SI,NO,NO
2024,P270020029,SI,SI,NO,NO
2024,P270020124,SI,SI,NO,NO
2024,P270020158,SI,SI,NO,NO
2024,P270020172,SI,SI,NO,NO
2024,P270040001,SI,SI,NO,NO
2024,P270040033,SI,SI,NO,NO
2024,P270040034,SI,SI,NO,NO
2024,P270040036,SI,SI,NO,NO
2024,P270040065,SI,SI,NO,NO
2024,P270040080,SI,SI,NO,NO
2024,P270040087,SI,SI,NO,NO
2024,P270040098,SI,SI,NO,NO
2024,P270040100,SI,SI,NO,NO
2024,P270040111,SI,SI,NO,NO
2024,P270040121,SI,SI,NO,NO
2024,P270040122,SI,SI,NO,NO
2024,P270040132,SI,SI,NO,NO
2024,P270040133,SI,SI,NO,NO
2024,P270040152,SI,SI,NO,NO
2024,P270040182,SI,SI,NO,NO
2024,P270040265,SI,SI,NO,NO
2024,P270040280,SI,SI,NO,NO
2024,P270040299,SI,SI,NO,NO
2024,P270040311,SI,SI,NO,NO
2024,P270060018,SI,SI,NO,NO
2024,P270060058,SI,SI,NO,NO
2024,P270080013,SI,SI,NO,NO
2024,P270080084,SI,SI,NO,NO
2024,P270080098,SI,SI,NO,NO
2024,P270080291,SI,SI,NO,NO
2024,P270080575,SI,SI,NO,NO
2024,P270080650,SI,SI,NO,NO
2024,P270130006,SI,SI,NO,NO
2024,P270130016,SI,SI,NO,NO
2024,P270130025,SI,SI,NO,NO
2024,P270130027,SI,SI,NO,NO
2024,P270130062,SI,SI,NO,NO
2024,P270130069,SI,SI,NO,NO
2024,P270130070,SI,SI,NO,NO
2024,P270130071,SI,SI,NO,NO
2024,P270130074,SI,SI,NO,NO
2024,P270130080,SI,SI,NO,NO
2024,P270130084,SI,SI,NO,NO
2024,P270130086,SI,SI,NO,NO
2024,P270130088,SI,SI,NO,NO
2024,P270130093,SI,SI,NO,NO
2024,P270140001,SI,SI,NO,NO
2024,P280030001,SI,SI,NO,NO
2024,P280030081,SI,SI,NO,NO
2024,P280030122,SI,SI,NO,NO
2024,P280030143,SI,SI,NO,NO
2024,P280030176,SI,SI,NO,NO
2024,P280030709,SI,SI,NO,NO
2024,P280080118,SI,SI,NO,NO
2024,P280080156,SI,SI,NO,NO
2024,P280090001,SI,SI,NO,NO
2024,P280130001,SI,SI,NO,NO
2024,P280130008,SI,SI,NO,NO
2024,P280130025,SI,SI,NO,NO
2024,P280130028,SI,SI,NO,NO
2024,P280130036,SI,SI,NO,NO
2024,P280130045,SI,SI,NO,NO
2024,P280130048,SI,SI,NO,NO
2024,P280130054,SI,SI,NO,NO
2024,P280130062,SI,SI,NO,NO
2024,P280130094,SI,SI,NO,NO
2024,P280130108,SI,SI,NO,NO
2024,P280130112,SI,SI,NO,NO
2024,P280130123,SI,SI,NO,NO
2024,P280130128,SI,SI,NO,NO
2024,P280130143,SI,SI,NO,NO
2024,P280130160,SI,SI,NO,NO
2024,P280130165,SI,SI,NO,NO
2024,P280130183,SI,SI,NO,NO
2024,P280130185,SI,SI,NO,NO
2024,P280130199,SI,SI,NO,NO
2024,P280130217,SI,SI,NO,NO
2024,P280130243,SI,SI,NO,NO
2024,P280130286,SI,SI,NO,NO
2024,P280130301,SI,SI,NO,NO
2024,P280130303,SI,SI,NO,NO
2024,P280130306,SI,SI,NO,NO
2024,P280130307,SI,SI,NO,NO
2024,P280130310,SI,SI,NO,NO
2024,P280130323,SI,SI,NO,NO
2024,P280130326,SI,SI,NO,NO
2024,P280130333,SI,SI,NO,NO
2024,P280130346,SI,SI,NO,NO
2024,P280130364,SI,SI,NO,NO
2024,P280130371,SI,SI,NO,NO
2024,P280130378,SI,SI,NO,NO
2024,P280130387,SI,SI,NO,NO
2024,P280130389,SI,SI,NO,NO
2024,P280130395,SI,SI,NO,NO
2024,P280130432,SI,SI,NO,NO
2024,P280130433,SI,SI,NO,NO
2024,P280130473,SI,SI,NO,NO
2024,P280130480,SI,SI,NO,NO
2024,P280130481,SI,SI,NO,NO
2024,P280130487,SI,SI,NO,NO
2024,P280130498,SI,SI,NO,NO
2024,P280130518,SI,SI,NO,NO
2024,P280130531,SI,SI,NO,NO
2024,P280130539,SI,SI,NO,NO
2024,P280130551,SI,SI,NO,NO
2024,P280130574,SI,SI,NO,NO
2024,P280130575,SI,SI,NO,NO
2024,P280130580,SI,SI,NO,NO
2024,P280130605,SI,SI,NO,NO
2024,P280130608,SI,SI,NO,NO
2024,P280130610,SI,SI,NO,NO
2024,P280130624,SI,SI,NO,NO
2024,P280130641,SI,SI,NO,NO
2024,P280130654,SI,SI,NO,NO
2024,P280130666,SI,SI,NO,NO
2024,P280130674,SI,SI,NO,NO
2024,P280130675,SI,SI,NO,NO
2024,P280130677,SI,SI,NO,NO
2024,P280160145,SI,SI,NO,NO
2024,P280160404,SI,SI,NO,NO
2024,P280190061,SI,SI,NO,NO
2024,P280220001,SI,SI,NO,NO
2024,P280220150,SI,SI,NO,NO
2024,P280220159,SI,SI,NO,NO
2024,P280220167,SI,SI,NO,NO
2024,P280220253,SI,SI,NO,NO
2024,P280220337,SI,SI,NO,NO
2024,P280220338,SI,SI,NO,NO
2024,P280220347,SI,SI,NO,NO
2024,P280220393,SI,SI,NO,NO
2024,P280220419,SI,SI,NO,NO
2024,P280220422,SI,SI,NO,NO
2024,P280220494,SI,SI,NO,NO
2024,P280220516,SI,SI,NO,NO
2024,P280220731,SI,SI,NO,NO
2024,P280221004,SI,SI,NO,NO
2024,P280221012,SI,SI,NO,NO
2024,P280221015,SI,SI,NO,NO
2024,P280221016,SI,SI,NO,NO
2024,P280221019,SI,SI,NO,NO
2024,P280221039,SI,SI,NO,NO
2024,P280221168,SI,SI,NO,NO
2024,P280221203,SI,SI,NO,NO
2024,P280221225,SI,SI,NO,NO
2024,P280221290,SI,SI,NO,NO
2024,P280221291,SI,SI,NO,NO
2024,P280221293,SI,SI,NO,NO
2024,P280221380,SI,SI,NO,NO
2024,P280221386,SI,SI,NO,NO
2024,P280221406,SI,SI,NO,NO
2024,P280221407,SI,SI,NO,NO
2024,P280221412,SI,SI,NO,NO
2024,P280221414,SI,SI,NO,NO
2024,P280221419,SI,SI,NO,NO
2024,P280221420,SI,SI,NO,NO
2024,P280221421,SI,SI,NO,NO
2024,P280221423,SI,SI,NO,NO
2024,P280221436,SI,SI,NO,NO
2024,P280221707,SI,SI,NO,NO
2024,P280221711,SI,SI,NO,NO
2024,P280221714,SI,SI,NO,NO
2024,P280221774,SI,SI,NO,NO
2024,P280221915,SI,SI,NO,NO
2024,P280221923,SI,SI,NO,NO
2024,P280221924,SI,SI,NO,NO
2024,P280221926,SI,SI,NO,NO
2024,P280221929,SI,SI,NO,NO
2024,P280221932,SI,SI,NO,NO
2024,P280221933,SI,SI,NO,NO
2024,P280221955,SI,SI,NO,NO
2024,P280221956,SI,SI,NO,NO
2024,P280221957,SI,SI,NO,NO
2024,P280222010,SI,SI,NO,NO
2024,P280222050,SI,SI,NO,NO
2024,P280222067,SI,SI,NO,NO
2024,P280222074,SI,SI,NO,NO
2024,P280222075,SI,SI,NO,NO
2024,P280222086,SI,SI,NO,NO
2024,P280222091,SI,SI,NO,NO
2024,P280222099,SI,SI,NO,NO
2024,P280222105,SI,SI,NO,NO
2024,P280222120,SI,SI,NO,NO
2024,P280270001,SI,SI,NO,NO
2024,P280270105,SI,SI,NO,NO
2024,P280270222,SI,SI,NO,NO
2024,P280300001,SI,SI,NO,NO
2024,P280300009,SI,SI,NO,NO
2024,P280300190,SI,SI,NO,NO
2024,P280320001,SI,SI,NO,NO
2024,P280320120,SI,SI,NO,NO
2024,P280320184,SI,SI,NO,NO
2024,P280320238,SI,SI,NO,NO
2024,P280320570,SI,SI,NO,NO
2024,P280320769,SI,SI,NO,NO
2024,P280320818,SI,SI,NO,NO
2024,P280320828,SI,SI,NO,NO
2024,P280320834,SI,SI,NO,NO
2024,P280320859,SI,SI,NO,NO
2024,P280320967,SI,SI,NO,NO
2024,P280320968,SI,SI,NO,NO
2024,P280321005,SI,SI,NO,NO
2024,P280321111,SI,SI,NO,NO
2024,P280321119,SI,SI,NO,NO
2024,P280321277,SI,SI,NO,NO
2024,P280321293,SI,SI,NO,NO
2024,P280321314,SI,SI,NO,NO
2024,P280321322,SI,SI,NO,NO
2024,P280321326,SI,SI,NO,NO
2024,P280330001,SI,SI,NO,NO
2024,P280330815,SI,SI,NO,NO
2024,P280331103,SI,SI,NO,NO
2024,P280331356,SI,SI,NO,NO
2024,P280380001,SI,SI,NO,NO
2024,P280400001,SI,SI,NO,NO
2024,P280400004,SI,SI,NO,NO
2024,P280400136,SI,SI,NO,NO
2024,P280400142,SI,SI,NO,NO
2024,P280400143,SI,SI,NO,NO
2024,P280400182,SI,SI,NO,NO
2024,P280400210,SI,SI,NO,NO
2024,P280400234,SI,SI,NO,NO
2024,P280400262,SI,SI,NO,NO
2024,P280400269,SI,SI,NO,NO
2024,P280400289,SI,SI,NO,NO
2024,P280400298,SI,SI,NO,NO
2024,P280400392,SI,SI,NO,NO
2024,P280400399,SI,SI,NO,NO
2024,P280400409,SI,SI,NO,NO
2024,P280400497,SI,SI,NO,NO
2024,P280400506,SI,SI,NO,NO
2024,P280400515,SI,SI,NO,NO
2024,P280400549,SI,SI,NO,NO
2024,P280400556,SI,SI,NO,NO
2024,P280400561,SI,SI,NO,NO
2024,P280400566,SI,SI,NO,NO
2024,P280410001,SI,SI,NO,NO
2024,P280410035,SI,SI,NO,NO
2024,P280410036,SI,SI,NO,NO
2024,P280410038,SI,SI,NO,NO
2024,P280410044,SI,SI,NO,NO
2024,P280410055,SI,SI,NO,NO
2024,P280410070,SI,SI,NO,NO
2024,P280410085,SI,SI,NO,NO
2024,P280410094,SI,SI,NO,NO
2024,P280410106,SI,SI,NO,NO
2024,P280410140,SI,SI,NO,NO
2024,P280410147,SI,SI,NO,NO
2024,P280410166,SI,SI,NO,NO
2024,P280410185,SI,SI,NO,NO
2024,P280410196,SI,SI,NO,NO
2024,P280410197,SI,SI,NO,NO
2024,P280410200,SI,SI,NO,NO
2024,P280410205,SI,SI,NO,NO
2024,P280410212,SI,SI,NO,NO
2024,P280410221,SI,SI,NO,NO
2024,P280410291,SI,SI,NO,NO
2024,P280410333,SI,SI,NO,NO
2024,P280410373,SI,SI,NO,NO
2024,P280410375,SI,SI,NO,NO
2024,P280410404,SI,SI,NO,NO
2024,P280410409,SI,SI,NO,NO
2024,P280410449,SI,SI,NO,NO
2024,P280410477,SI,SI,NO,NO
2024,P280410484,SI,SI,NO,NO
2024,P280410502,SI,SI,NO,NO
2024,P280410505,SI,SI,NO,NO
2024,P280410519,SI,SI,NO,NO
2024,P280410579,SI,SI,NO,NO
2024,P280410582,SI,SI,NO,NO
2024,P280410584,SI,SI,NO,NO
2024,P280410589,SI,SI,NO,NO
2024,P280410591,SI,SI,NO,NO
2024,P280410594,SI,SI,NO,NO
2024,P280410659,SI,SI,NO,NO
2024,P280410667,SI,SI,NO,NO
2024,P280410669,SI,SI,NO,NO
2024,P280410682,SI,SI,NO,NO
2024,P280410721,SI,SI,NO,NO
2024,P280410744,SI,SI,NO,NO
2024,P280410745,SI,SI,NO,NO
2024,P280410747,SI,SI,NO,NO
2024,P280410748,SI,SI,NO,NO
2024,P280410770,SI,SI,NO,NO
2024,P280410772,SI,SI,NO,NO
2024,P280410775,SI,SI,NO,NO
2024,P280410778,SI,SI,NO,NO
2024,P280410782,SI,SI,NO,NO
2024,P280410786,SI,SI,NO,NO
2024,P280410862,SI,SI,NO,NO
2024,P280410863,SI,SI,NO,NO
2024,P280410864,SI,SI,NO,NO
2024,P280410876,SI,SI,NO,NO
2024,P280410892,SI,SI,NO,NO
2024,P280410897,SI,SI,NO,NO
2024,P280410902,SI,SI,NO,NO
2024,P280410923,SI,SI,NO,NO
2024,P280410929,SI,SI,NO,NO
2024,P280410950,SI,SI,NO,NO
2024,P280410951,SI,SI,NO,NO
2024,P280410954,SI,SI,NO,NO
2024,P280410959,SI,SI,NO,NO
2024,P280410961,SI,SI,NO,NO
2024,P280410962,SI,SI,NO,NO
2024,P280410963,SI,SI,NO,NO
2024,P280410965,SI,SI,NO,NO
2024,P280410969,SI,SI,NO,NO
2024,P290330001,SI,SI,NO,NO
2024,P290330008,SI,SI,NO,NO
2024,P290330009,SI,SI,NO,NO
2024,P290330012,SI,SI,NO,NO
2024,P290360002,SI,SI,NO,NO
2024,P300110009,SI,SI,NO,NO
2024,P300110102,SI,SI,NO,NO
2024,P300110109,SI,SI,NO,NO
2024,P300110145,SI,SI,NO,NO
2024,P300110235,SI,SI,NO,NO
2024,P300110236,SI,SI,NO,NO
2024,P300110237,SI,SI,NO,NO
2024,P300110242,SI,SI,NO,NO
2024,P300110244,SI,SI,NO,NO
2024,P300110274,SI,SI,NO,NO
2024,P300110284,SI,SI,NO,NO
2024,P300110339,SI,SI,NO,NO
2024,P300110364,SI,SI,NO,NO
2024,P300110386,SI,SI,NO,NO
2024,P300110401,SI,SI,NO,NO
2024,P300110404,SI,SI,NO,NO
2024,P300110432,SI,SI,NO,NO
2024,P300110435,SI,SI,NO,NO
2024,P300110436,SI,SI,NO,NO
2024,P300110437,SI,SI,NO,NO
2024,P300110438,SI,SI,NO,NO
2024,P300110442,SI,SI,NO,NO
2024,P300110443,SI,SI,NO,NO
2024,P300110444,SI,SI,NO,NO
2024,P300110445,SI,SI,NO,NO
2024,P300110447,SI,SI,NO,NO
2024,P300260001,SI,SI,NO,NO
2024,P300260020,SI,SI,NO,NO
2024,P300260029,SI,SI,NO,NO
2024,P300260053,SI,SI,NO,NO
2024,P300260061,SI,SI,NO,NO
2024,P300260063,SI,SI,NO,NO
2024,P300280001,SI,SI,NO,NO
2024,P300280037,SI,SI,NO,NO
2024,P300280051,SI,SI,NO,NO
2024,P300280054,SI,SI,NO,NO
2024,P300280055,SI,SI,NO,NO
2024,P300280060,SI,SI,NO,NO
2024,P300280062,SI,SI,NO,NO
2024,P300390001,SI,SI,NO,NO
2024,P300390070,SI,SI,NO,NO
2024,P300390083,SI,SI,NO,NO
2024,P300390113,SI,SI,NO,NO
2024,P300390121,SI,SI,NO,NO
2024,P300390131,SI,SI,NO,NO
2024,P300390137,SI,SI,NO,NO
2024,P300390139,SI,SI,NO,NO
2024,P300390142,SI,SI,NO,NO
2024,P300390169,SI,SI,NO,NO
2024,P300390170,SI,SI,NO,NO
2024,P300390177,SI,SI,NO,NO
2024,P300400001,SI,SI,NO,NO
2024,P300400006,SI,SI,NO,NO
2024,P300400025,SI,SI,NO,NO
2024,P300400039,SI,SI,NO,NO
2024,P300400046,SI,SI,NO,NO
2024,P300400072,SI,SI,NO,NO
2024,P300400094,SI,SI,NO,NO
2024,P300400102,SI,SI,NO,NO
2024,P300400130,SI,SI,NO,NO
2024,P300400132,SI,SI,NO,NO
2024,P300400136,SI,SI,NO,NO
2024,P300400138,SI,SI,NO,NO
2024,P300400141,SI,SI,NO,NO
2024,P300400147,SI,SI,NO,NO
2024,P300400165,SI,SI,NO,NO
2024,P300400196,SI,SI,NO,NO
2024,P300400197,SI,SI,NO,NO
2024,P300400198,SI,SI,NO,NO
2024,P300400199,SI,SI,NO,NO
2024,P300400201,SI,SI,NO,NO
2024,P300400202,SI,SI,NO,NO
2024,P300400203,SI,SI,NO,NO
2024,P300440001,SI,SI,NO,NO
2024,P300440144,SI,SI,NO,NO
2024,P300440145,SI,SI,NO,NO
2024,P300440146,SI,SI,NO,NO
2024,P300440149,SI,SI,NO,NO
2024,P300440200,SI,SI,NO,NO
2024,P300440202,SI,SI,NO,NO
2024,P300440210,SI,SI,NO,NO
2024,P300480062,SI,SI,NO,NO
2024,P300480072,SI,SI,NO,NO
2024,P300480073,SI,SI,NO,NO
2024,P300480271,SI,SI,NO,NO
2024,P300650029,SI,SI,NO,NO
2024,P300650052,SI,SI,NO,NO
2024,P300650088,SI,SI,NO,NO
2024,P300650091,SI,SI,NO,NO
2024,P300650195,SI,SI,NO,NO
2024,P300650207,SI,SI,NO,NO
2024,P300650222,SI,SI,NO,NO
2024,P300650224,SI,SI,NO,NO
2024,P300650260,SI,SI,NO,NO
2024,P300650261,SI,SI,NO,NO
2024,P300680032,SI,SI,NO,NO
2024,P300870001,SI,SI,NO,NO
2024,P300870086,SI,SI,NO,NO
2024,P301080001,SI,SI,NO,NO
2024,P301080032,SI,SI,NO,NO
2024,P301080547,SI,SI,NO,NO
2024,P301240065,SI,SI,NO,NO
2024,P301240123,SI,SI,NO,NO
2024,P301240185,SI,SI,NO,NO
2024,P301240275,SI,SI,NO,NO
2024,P301240287,SI,SI,NO,NO
2024,P301240303,SI,SI,NO,NO
2024,P301240329,SI,SI,NO,NO
2024,P301240331,SI,SI,NO,NO
2024,P301240351,SI,SI,NO,NO
2024,P301240384,SI,SI,NO,NO
2024,P301240390,SI,SI,NO,NO
2024,P301240400,SI,SI,NO,NO
2024,P301240426,SI,SI,NO,NO
2024,P301240446,SI,SI,NO,NO
2024,P301240484,SI,SI,NO,NO
2024,P301240502,SI,SI,NO,NO
2024,P301310001,SI,SI,NO,NO
2024,P301310004,SI,SI,NO,NO
2024,P301310009,SI,SI,NO,NO
2024,P301310017,SI,SI,NO,NO
2024,P301310025,SI,SI,NO,NO
2024,P301310028,SI,SI,NO,NO
2024,P301310029,SI,SI,NO,NO
2024,P301310031,SI,SI,NO,NO
2024,P301310033,SI,SI,NO,NO
2024,P301310035,SI,SI,NO,NO
2024,P301310036,SI,SI,NO,NO
2024,P301310040,SI,SI,NO,NO
2024,P301310045,SI,SI,NO,NO
2024,P301310048,SI,SI,NO,NO
2024,P301310050,SI,SI,NO,NO
2024,P301310052,SI,SI,NO,NO
2024,P301310055,SI,SI,NO,NO
2024,P301310058,SI,SI,NO,NO
2024,P301310060,SI,SI,NO,NO
2024,P301750015,SI,SI,NO,NO
2024,P301750025,SI,SI,NO,NO
2024,P301750052,SI,SI,NO,NO
2024,P301750061,SI,SI,NO,NO
2024,P301750065,SI,SI,NO,NO
2024,P301750075,SI,SI,NO,NO
2024,P301750150,SI,SI,NO,NO
2024,P301750205,SI,SI,NO,NO
2024,P301750206,SI,SI,NO,NO
2024,P301750215,SI,SI,NO,NO
2024,P301750238,SI,SI,NO,NO
2024,P301750255,SI,SI,NO,NO
2024,P301750266,SI,SI,NO,NO
2024,P301750276,SI,SI,NO,NO
2024,P301750288,SI,SI,NO,NO
2024,P301750300,SI,SI,NO,NO
2024,P301750301,SI,SI,NO,NO
2024,P301750302,SI,SI,NO,NO
2024,P301750303,SI,SI,NO,NO
2024,P301750304,SI,SI,NO,NO
2024,P301750309,SI,SI,NO,NO
2024,P301750350,SI,SI,NO,NO
2024,P301750384,SI,SI,NO,NO
2024,P301750437,SI,SI,NO,NO
2024,P301750464,SI,SI,NO,NO
2024,P301750476,SI,SI,NO,NO
2024,P301750477,SI,SI,NO,NO
2024,P301750528,SI,SI,NO,NO
2024,P301750531,SI,SI,NO,NO
2024,P301930001,SI,SI,NO,NO
2024,P301930087,SI,SI,NO,NO
2024,P301930143,SI,SI,NO,NO
2024,P310500001,SI,SI,NO,NO
2024,P310500130,SI,SI,NO,NO
2024,P310500135,SI,SI,NO,NO
2024,P310500158,SI,SI,NO,NO
2024,P310500414,SI,SI,NO,NO
2024,P310500735,SI,SI,NO,NO
2024,P310500955,SI,SI,NO,NO
2024,P310500965,SI,SI,NO,NO
2024,P310501019,SI,SI,NO,NO
2024,P311010001,SI,SI,NO,NO
2024,P311010031,SI,SI,NO,NO
2024,P311010212,SI,SI,NO,NO
2024,P311010279,SI,SI,NO,NO
2024,P320100001,SI,SI,NO,NO
2024,P320170001,SI,SI,NO,NO
2024,P320170009,SI,SI,NO,NO
2024,P320170145,SI,SI,NO,NO
2024,P320170261,SI,SI,NO,NO
2024,P320560001,SI,SI,NO,NO
2024,P320560058,SI,SI,NO,NO
2024,P320560192,SI,SI,NO,NO
