C601,C003,R027-0201,R027-0202,R027-0203,R027-0204,R027-0205
2024,P010010001,Sí,No,No,No,NA
2024,P010010096,Sí,No,No,No,NA
2024,P010010106,Sí,No,No,No,NA
2024,P010010120,Sí,No,No,No,NA
2024,P010010162,Sí,No,No,No,NA
2024,P010010197,Sí,No,No,No,NA
2024,P010010212,Sí,No,No,No,NA
2024,P010010226,Sí,No,No,No,NA
2024,P010010230,Sí,No,No,No,NA
2024,P010010256,Sí,No,No,No,NA
2024,P010010270,Sí,No,No,No,NA
2024,P010010291,Sí,No,No,No,NA
2024,P010010297,Sí,No,No,No,NA
2024,P010010309,Sí,No,No,No,NA
2024,P010010315,Sí,No,No,No,NA
2024,P010010345,Sí,No,No,No,NA
2024,P010010353,Sí,No,No,No,NA
2024,P010010370,Sí,No,No,No,NA
2024,P010010379,Sí,No,No,No,NA
2024,P010010387,Sí,No,No,No,NA
2024,P010010401,Sí,No,No,No,NA
2024,P010010421,Sí,No,No,No,NA
2024,P010010426,Sí,No,No,No,NA
2024,P010010456,Sí,No,No,No,NA
2024,P010010476,Sí,No,No,No,NA
2024,P010010514,Sí,No,No,No,NA
2024,P010010519,Sí,No,No,No,NA
2024,P010010531,Sí,No,No,No,NA
2024,P010010583,Sí,No,No,No,NA
2024,P010010587,Sí,No,No,No,NA
2024,P010010590,Sí,No,No,No,NA
2024,P010010593,Sí,No,No,No,NA
2024,P010010651,Sí,No,No,No,NA
2024,P010010652,Sí,No,No,No,NA
2024,P010010657,Sí,No,No,No,NA
2024,P010010665,Sí,No,No,No,NA
2024,P010010726,Sí,No,No,No,NA
2024,P010010732,Sí,No,No,No,NA
2024,P010010769,Sí,No,No,No,NA
2024,P010010772,Sí,No,No,No,NA
2024,P010010782,Sí,No,No,No,NA
2024,P010010863,Sí,No,No,No,NA
2024,P010010876,Sí,No,No,No,NA
2024,P010010885,Sí,No,No,No,NA
2024,P010010920,Sí,No,No,No,NA
2024,P010010967,Sí,No,No,No,NA
2024,P010011000,Sí,No,No,No,NA
2024,P010011025,Sí,No,No,No,NA
2024,P010011043,Sí,No,No,No,NA
2024,P010011051,Sí,No,No,No,NA
2024,P010011054,Sí,No,No,No,NA
2024,P010011103,Sí,No,No,No,NA
2024,P010011104,Sí,No,No,No,NA
2024,P010011127,Sí,No,No,No,NA
2024,P010011150,Sí,No,No,No,NA
2024,P010011159,Sí,No,No,No,NA
2024,P010011180,Sí,No,No,No,NA
2024,P010011187,Sí,No,No,No,NA
2024,P010012010,Sí,No,No,No,NA
2024,P010012030,Sí,No,No,No,NA
2024,P010012031,Sí,No,No,No,NA
2024,P010012054,Sí,No,No,No,NA
2024,P010012063,Sí,No,No,No,NA
2024,P010012065,Sí,No,No,No,NA
2024,P010012069,Sí,No,No,No,NA
2024,P010012071,Sí,No,No,No,NA
2024,P010012078,Sí,No,No,No,NA
2024,P010012081,Sí,No,No,No,NA
2024,P010012083,Sí,No,No,No,NA
2024,P010012088,Sí,No,No,No,NA
2024,P010012094,Sí,No,No,No,NA
2024,P010012100,Sí,No,No,No,NA
2024,P010012109,Sí,No,No,No,NA
2024,P010012119,Sí,No,No,No,NA
2024,P010012120,Sí,No,No,No,NA
2024,P010012122,Sí,No,No,No,NA
2024,P010012132,Sí,No,No,No,NA
2024,P010012146,Sí,No,No,No,NA
2024,P010012151,Sí,No,No,No,NA
2024,P010012155,Sí,No,No,No,NA
2024,P010012163,Sí,No,No,No,NA
2024,P010012164,Sí,No,No,No,NA
2024,P010012177,Sí,No,No,No,NA
2024,P010012199,Sí,No,No,No,NA
2024,P010012209,Sí,No,No,No,NA
2024,P010012214,Sí,No,No,No,NA
2024,P010012215,Sí,No,No,No,NA
2024,P010012232,Sí,No,No,No,NA
2024,P010012243,Sí,No,No,No,NA
2024,P010012257,Sí,No,No,No,NA
2024,P010012260,Sí,No,No,No,NA
2024,P010012263,Sí,No,No,No,NA
2024,P010012264,Sí,No,No,No,NA
2024,P010012276,Sí,No,No,No,NA
2024,P010012283,Sí,No,No,No,NA
2024,P010012285,Sí,No,No,No,NA
2024,P010012301,Sí,No,No,No,NA
2024,P010012308,Sí,No,No,No,NA
2024,P010012313,Sí,No,No,No,NA
2024,P010012318,Sí,No,No,No,NA
2024,P010012328,Sí,No,No,No,NA
2024,P010012368,Sí,No,No,No,NA
2024,P010012371,Sí,No,No,No,NA
2024,P010012382,Sí,No,No,No,NA
2024,P010012388,Sí,No,No,No,NA
2024,P010012390,Sí,No,No,No,NA
2024,P010012426,Sí,No,No,No,NA
2024,P010012427,Sí,No,No,No,NA
2024,P010012428,Sí,No,No,No,NA
2024,P010012448,Sí,No,No,No,NA
2024,P010050001,Sí,No,No,No,NA
2024,P010050023,Sí,No,No,No,NA
2024,P010050041,Sí,No,No,No,NA
2024,P010050050,Sí,No,No,No,NA
2024,P010050093,Sí,No,No,No,NA
2024,P010050101,Sí,No,No,No,NA
2024,P010050102,Sí,No,No,No,NA
2024,P010050105,Sí,No,No,No,NA
2024,P010050112,Sí,No,No,No,NA
2024,P010050113,Sí,No,No,No,NA
2024,P010050118,Sí,No,No,No,NA
2024,P010050121,Sí,No,No,No,NA
2024,P010050124,Sí,No,No,No,NA
2024,P010050174,Sí,No,No,No,NA
2024,P010050182,Sí,No,No,No,NA
2024,P010050186,Sí,No,No,No,NA
2024,P010050207,Sí,No,No,No,NA
2024,P010050223,Sí,No,No,No,NA
2024,P010050234,Sí,No,No,No,NA
2024,P010050238,Sí,No,No,No,NA
2024,P010050241,Sí,No,No,No,NA
2024,P010050243,Sí,No,No,No,NA
2024,P010050245,Sí,No,No,No,NA
2024,P010050278,Sí,No,No,No,NA
2024,P010050295,Sí,No,No,No,NA
2024,P010050302,Sí,No,No,No,NA
2024,P010050306,Sí,No,No,No,NA
2024,P010050311,Sí,No,No,No,NA
2024,P010050316,Sí,No,No,No,NA
2024,P010050318,Sí,No,No,No,NA
2024,P010050321,Sí,No,No,No,NA
2024,P010050328,Sí,No,No,No,NA
2024,P010050329,Sí,No,No,No,NA
2024,P010050336,Sí,No,No,No,NA
2024,P010050337,Sí,No,No,No,NA
2024,P010050388,Sí,No,No,No,NA
2024,P010050390,Sí,No,No,No,NA
2024,P010050391,Sí,No,No,No,NA
2024,P010050424,Sí,No,No,No,NA
2024,P010050426,Sí,No,No,No,NA
2024,P010050427,Sí,No,No,No,NA
2024,P010050433,Sí,No,No,No,NA
2024,P010050436,Sí,No,No,No,NA
2024,P010050446,Sí,No,No,No,NA
2024,P010050447,Sí,No,No,No,NA
2024,P010050450,Sí,No,No,No,NA
2024,P010050454,Sí,No,No,No,NA
2024,P010050461,Sí,No,No,No,NA
2024,P010050464,Sí,No,No,No,NA
2024,P010050465,Sí,No,No,No,NA
2024,P010050468,Sí,No,No,No,NA
2024,P010050470,Sí,No,No,No,NA
2024,P010050472,Sí,No,No,No,NA
2024,P010050481,Sí,No,No,No,NA
2024,P010050491,Sí,No,No,No,NA
2024,P010050492,Sí,No,No,No,NA
2024,P010050493,Sí,No,No,No,NA
2024,P010050495,Sí,No,No,No,NA
2024,P010050496,Sí,No,No,No,NA
2024,P010050497,Sí,No,No,No,NA
2024,P010050502,Sí,No,No,No,NA
2024,P010050507,Sí,No,No,No,NA
2024,P010110001,Sí,No,No,No,NA
2024,P010110009,Sí,No,No,No,NA
2024,P010110019,Sí,No,No,No,NA
2024,P010110028,Sí,No,No,No,NA
2024,P010110030,Sí,No,No,No,NA
2024,P010110032,Sí,No,No,No,NA
2024,P010110033,Sí,No,No,No,NA
2024,P010110049,Sí,No,No,No,NA
2024,P010110051,Sí,No,No,No,NA
2024,P010110052,Sí,No,No,No,NA
2024,P010110059,Sí,No,No,No,NA
2024,P010110062,Sí,No,No,No,NA
2024,P010110074,Sí,No,No,No,NA
2024,P010110075,Sí,No,No,No,NA
2024,P010110076,Sí,No,No,No,NA
2024,P010110080,Sí,No,No,No,NA
2024,P010110082,Sí,No,No,No,NA
2024,P010110106,Sí,No,No,No,NA
2024,P010110112,Sí,No,No,No,NA
2024,P010110123,Sí,No,No,No,NA
2024,P010110128,Sí,No,No,No,NA
2024,P010110139,Sí,No,No,No,NA
2024,P010110142,Sí,No,No,No,NA
2024,P010110145,Sí,No,No,No,NA
2024,P020020001,Sí,No,No,No,NA
2024,P020020588,Sí,No,No,No,NA
2024,P020021291,Sí,No,No,No,NA
2024,P020021664,Sí,No,No,No,NA
2024,P020021798,Sí,No,No,No,NA
2024,P020021844,Sí,No,No,No,NA
2024,P020023140,Sí,No,No,No,NA
2024,P020024824,Sí,No,No,No,NA
2024,P020024864,Sí,No,No,No,NA
2024,P020040001,Sí,No,No,No,NA
2024,P020040218,Sí,No,No,No,NA
2024,P020040300,Sí,No,No,No,NA
2024,P020040498,Sí,No,No,No,NA
2024,P020040661,Sí,No,No,No,NA
2024,P020040667,Sí,No,No,No,NA
2024,P020040721,Sí,No,No,No,NA
2024,P020040732,Sí,No,No,No,NA
2024,P020040797,Sí,No,No,No,NA
2024,P020040800,Sí,No,No,No,NA
2024,P020041060,Sí,No,No,No,NA
2024,P020041141,Sí,No,No,No,NA
2024,P020041200,Sí,No,No,No,NA
2024,P020041225,Sí,No,No,No,NA
2024,P020041238,Sí,No,No,No,NA
2024,P020041240,Sí,No,No,No,NA
2024,P020041245,Sí,No,No,No,NA
2024,P020041268,Sí,No,No,No,NA
2024,P020041300,Sí,No,No,No,NA
2024,P020041323,Sí,No,No,No,NA
2024,P020041333,Sí,No,No,No,NA
2024,P020041409,Sí,No,No,No,NA
2024,P020041436,Sí,No,No,No,NA
2024,P020041477,Sí,No,No,No,NA
2024,P020041518,Sí,No,No,No,NA
2024,P020041525,Sí,No,No,No,NA
2024,P020041541,Sí,No,No,No,NA
2024,P020041554,Sí,No,No,No,NA
2024,P020041555,Sí,No,No,No,NA
2024,P020041568,Sí,No,No,No,NA
2024,P020041572,Sí,No,No,No,NA
2024,P020041620,Sí,No,No,No,NA
2024,P020041739,Sí,No,No,No,NA
2024,P020041745,Sí,No,No,No,NA
2024,P020041783,Sí,No,No,No,NA
2024,P020041920,Sí,No,No,No,NA
2024,P020041930,Sí,No,No,No,NA
2024,P020041945,Sí,No,No,No,NA
2024,P020041954,Sí,No,No,No,NA
2024,P020041956,Sí,No,No,No,NA
2024,P020041957,Sí,No,No,No,NA
2024,P020041969,Sí,No,No,No,NA
2024,P020041987,Sí,No,No,No,NA
2024,P020041997,Sí,No,No,No,NA
2024,P020041998,Sí,No,No,No,NA
2024,P020042000,Sí,No,No,No,NA
2024,P020042006,Sí,No,No,No,NA
2024,P020042008,Sí,No,No,No,NA
2024,P020042010,Sí,No,No,No,NA
2024,P020042012,Sí,No,No,No,NA
2024,P020042021,Sí,No,No,No,NA
2024,P030030001,Sí,No,No,No,NA
2024,P030032143,Sí,No,No,No,NA
2024,P040020001,Sí,No,No,No,NA
2024,P040020077,Sí,No,No,No,NA
2024,P040020087,Sí,No,No,No,NA
2024,P040020101,Sí,No,No,No,NA
2024,P040020200,Sí,No,No,No,NA
2024,P040020245,Sí,No,No,No,NA
2024,P040020255,Sí,No,No,No,NA
2024,P040020334,Sí,No,No,No,NA
2024,P040020338,Sí,No,No,No,NA
2024,P040020448,Sí,No,No,No,NA
2024,P040020584,Sí,No,No,No,NA
2024,P040020697,Sí,No,No,No,NA
2024,P040020801,Sí,No,No,No,NA
2024,P040020882,Sí,No,No,No,NA
2024,P040020884,Sí,No,No,No,NA
2024,P040020902,Sí,No,No,No,NA
2024,P040020970,Sí,No,No,No,NA
2024,P040020971,Sí,No,No,No,NA
2024,P040020972,Sí,No,No,No,NA
2024,P040020973,Sí,No,No,No,NA
2024,P040020977,Sí,No,No,No,NA
2024,P040020979,Sí,No,No,No,NA
2024,P040020984,Sí,No,No,No,NA
2024,P040030001,Sí,No,No,No,NA
2024,P040030007,Sí,No,No,No,NA
2024,P040030055,Sí,No,No,No,NA
2024,P040030273,Sí,No,No,No,NA
2024,P040030277,Sí,No,No,No,NA
2024,P040031404,Sí,No,No,No,NA
2024,P040031830,Sí,No,No,No,NA
2024,P040031843,Sí,No,No,No,NA
2024,P040031847,Sí,No,No,No,NA
2024,P040033029,Sí,No,No,No,NA
2024,P040033771,Sí,No,No,No,NA
2024,P040033884,Sí,No,No,No,NA
2024,P040033890,Sí,No,No,No,NA
2024,P040034185,Sí,No,No,No,NA
2024,P040034186,Sí,No,No,No,NA
2024,P040034201,Sí,No,No,No,NA
2024,P040034204,Sí,No,No,No,NA
2024,P040034233,Sí,No,No,No,NA
2024,P040034433,Sí,No,No,No,NA
2024,P040034499,Sí,No,No,No,NA
2024,P040034519,Sí,No,No,No,NA
2024,P040034567,Sí,No,No,No,NA
2024,P040034580,Sí,No,No,No,NA
2024,P040034581,Sí,No,No,No,NA
2024,P050100001,Sí,No,No,No,NA
2024,P050100055,Sí,No,No,No,NA
2024,P050100144,Sí,No,No,No,NA
2024,P050100239,Sí,No,No,No,NA
2024,P050100269,Sí,No,No,No,NA
2024,P050100278,Sí,No,No,No,NA
2024,P050180001,Sí,No,No,No,NA
2024,P050180059,Sí,No,No,No,NA
2024,P050180499,Sí,No,No,No,NA
2024,P050180522,Sí,No,No,No,NA
2024,P050220051,Sí,No,No,No,NA
2024,P050250001,Sí,No,No,No,NA
2024,P050270001,Sí,No,No,No,NA
2024,P050270125,Sí,No,No,No,NA
2024,P050270144,Sí,No,No,No,NA
2024,P050270239,Sí,No,No,No,NA
2024,P050270263,Sí,No,No,No,NA
2024,P050270414,Sí,No,No,No,NA
2024,P050270632,Sí,No,No,No,NA
2024,P050300001,Sí,No,No,No,NA
2024,P050300490,Sí,No,No,No,NA
2024,P050301010,Sí,No,No,No,NA
2024,P050301011,Sí,No,No,No,NA
2024,P050301069,Sí,No,No,No,NA
2024,P050350001,Sí,No,No,No,NA
2024,P060020001,Sí,No,No,No,NA
2024,P071010001,Sí,No,No,No,NA
2024,P080160021,Sí,No,No,No,NA
2024,P080170001,Sí,No,No,No,NA
2024,P080170030,Sí,No,No,No,NA
2024,P080170035,Sí,No,No,No,NA
2024,P080170106,Sí,No,No,No,NA
2024,P080170156,Sí,No,No,No,NA
2024,P080170158,Sí,No,No,No,NA
2024,P080170159,Sí,No,No,No,NA
2024,P080170160,Sí,No,No,No,NA
2024,P080170269,Sí,No,No,No,NA
2024,P080170270,Sí,No,No,No,NA
2024,P080170337,Sí,No,No,No,NA
2024,P080170451,Sí,No,No,No,NA
2024,P080170469,Sí,No,No,No,NA
2024,P080170476,Sí,No,No,No,NA
2024,P080170477,Sí,No,No,No,NA
2024,P080170478,Sí,No,No,No,NA
2024,P080170526,Sí,No,No,No,NA
2024,P080170536,Sí,No,No,No,NA
2024,P080170559,Sí,No,No,No,NA
2024,P080170560,Sí,No,No,No,NA
2024,P080170567,Sí,No,No,No,NA
2024,P080170623,Sí,No,No,No,NA
2024,P080170640,Sí,No,No,No,NA
2024,P080170641,Sí,No,No,No,NA
2024,P080170642,Sí,No,No,No,NA
2024,P080170643,Sí,No,No,No,NA
2024,P080170666,Sí,No,No,No,NA
2024,P080170667,Sí,No,No,No,NA
2024,P080170668,Sí,No,No,No,NA
2024,P080170696,Sí,No,No,No,NA
2024,P080170716,Sí,No,No,No,NA
2024,P080170718,Sí,No,No,No,NA
2024,P080170719,Sí,No,No,No,NA
2024,P080170720,Sí,No,No,No,NA
2024,P080170743,Sí,No,No,No,NA
2024,P080170751,Sí,No,No,No,NA
2024,P080170828,Sí,No,No,No,NA
2024,P080170829,Sí,No,No,No,NA
2024,P080170841,Sí,No,No,No,NA
2024,P080170845,Sí,No,No,No,NA
2024,P080170864,Sí,No,No,No,NA
2024,P080170867,Sí,No,No,No,NA
2024,P080170870,Sí,No,No,No,NA
2024,P080170871,Sí,No,No,No,NA
2024,P080170876,Sí,No,No,No,NA
2024,P080170879,Sí,No,No,No,NA
2024,P080170888,Sí,No,No,No,NA
2024,P080170890,Sí,No,No,No,NA
2024,P080170894,Sí,No,No,No,NA
2024,P080170895,Sí,No,No,No,NA
2024,P080170897,Sí,No,No,No,NA
2024,P080170900,Sí,No,No,No,NA
2024,P080170901,Sí,No,No,No,NA
2024,P080170903,Sí,No,No,No,NA
2024,P080170906,Sí,No,No,No,NA
2024,P080170908,Sí,No,No,No,NA
2024,P080170912,Sí,No,No,No,NA
2024,P080170919,Sí,No,No,No,NA
2024,P080170920,Sí,No,No,No,NA
2024,P080170923,Sí,No,No,No,NA
2024,P080170927,Sí,No,No,No,NA
2024,P080170934,Sí,No,No,No,NA
2024,P080170937,Sí,No,No,No,NA
2024,P080170952,Sí,No,No,No,NA
2024,P080170965,Sí,No,No,No,NA
2024,P080170966,Sí,No,No,No,NA
2024,P080170969,Sí,No,No,No,NA
2024,P080170979,Sí,No,No,No,NA
2024,P080190001,Sí,No,No,No,NA
2024,P080190999,Sí,No,No,No,NA
2024,P080191002,Sí,No,No,No,NA
2024,P080191008,Sí,No,No,No,NA
2024,P080191091,Sí,No,No,No,NA
2024,P080191212,Sí,No,No,No,NA
2024,P080191321,Sí,No,No,No,NA
2024,P080191322,Sí,No,No,No,NA
2024,P080210001,Sí,No,No,No,NA
2024,P080210002,Sí,No,No,No,NA
2024,P080210006,Sí,No,No,No,NA
2024,P080210012,Sí,No,No,No,NA
2024,P080210018,Sí,No,No,No,NA
2024,P080210019,Sí,No,No,No,NA
2024,P080210021,Sí,No,No,No,NA
2024,P080210024,Sí,No,No,No,NA
2024,P080210026,Sí,No,No,No,NA
2024,P080210029,Sí,No,No,No,NA
2024,P080210030,Sí,No,No,No,NA
2024,P080210047,Sí,No,No,No,NA
2024,P080210049,Sí,No,No,No,NA
2024,P080210054,Sí,No,No,No,NA
2024,P080210059,Sí,No,No,No,NA
2024,P080210060,Sí,No,No,No,NA
2024,P080210064,Sí,No,No,No,NA
2024,P080210067,Sí,No,No,No,NA
2024,P080210068,Sí,No,No,No,NA
2024,P080210077,Sí,No,No,No,NA
2024,P080210083,Sí,No,No,No,NA
2024,P080210085,Sí,No,No,No,NA
2024,P080210087,Sí,No,No,No,NA
2024,P080210088,Sí,No,No,No,NA
2024,P080210091,Sí,No,No,No,NA
2024,P080210106,Sí,No,No,No,NA
2024,P080210108,Sí,No,No,No,NA
2024,P080210114,Sí,No,No,No,NA
2024,P080210183,Sí,No,No,No,NA
2024,P080210274,Sí,No,No,No,NA
2024,P080210285,Sí,No,No,No,NA
2024,P080210288,Sí,No,No,No,NA
2024,P080210291,Sí,No,No,No,NA
2024,P080210303,Sí,No,No,No,NA
2024,P080210309,Sí,No,No,No,NA
2024,P080210326,Sí,No,No,No,NA
2024,P080210343,Sí,No,No,No,NA
2024,P080210350,Sí,No,No,No,NA
2024,P080210354,Sí,No,No,No,NA
2024,P080210356,Sí,No,No,No,NA
2024,P080210359,Sí,No,No,No,NA
2024,P080210360,Sí,No,No,No,NA
2024,P080210365,Sí,No,No,No,NA
2024,P080210371,Sí,No,No,No,NA
2024,P080210396,Sí,No,No,No,NA
2024,P080210401,Sí,No,No,No,NA
2024,P080210403,Sí,No,No,No,NA
2024,P080210404,Sí,No,No,No,NA
2024,P080210406,Sí,No,No,No,NA
2024,P080210408,Sí,No,No,No,NA
2024,P080210410,Sí,No,No,No,NA
2024,P080210449,Sí,No,No,No,NA
2024,P080210456,Sí,No,No,No,NA
2024,P080210459,Sí,No,No,No,NA
2024,P080210486,Sí,No,No,No,NA
2024,P080210487,Sí,No,No,No,NA
2024,P080210496,Sí,No,No,No,NA
2024,P080210500,Sí,No,No,No,NA
2024,P080210504,Sí,No,No,No,NA
2024,P080210514,Sí,No,No,No,NA
2024,P080210515,Sí,No,No,No,NA
2024,P080210517,Sí,No,No,No,NA
2024,P080210534,Sí,No,No,No,NA
2024,P080210565,Sí,No,No,No,NA
2024,P080210588,Sí,No,No,No,NA
2024,P080210596,Sí,No,No,No,NA
2024,P080210609,Sí,No,No,No,NA
2024,P080210633,Sí,No,No,No,NA
2024,P080210693,Sí,No,No,No,NA
2024,P080210699,Sí,No,No,No,NA
2024,P080210700,Sí,No,No,No,NA
2024,P080210701,Sí,No,No,No,NA
2024,P080210710,Sí,No,No,No,NA
2024,P080210738,Sí,No,No,No,NA
2024,P080210760,Sí,No,No,No,NA
2024,P080210762,Sí,No,No,No,NA
2024,P080210768,Sí,No,No,No,NA
2024,P080210771,Sí,No,No,No,NA
2024,P080210773,Sí,No,No,No,NA
2024,P080210796,Sí,No,No,No,NA
2024,P080210802,Sí,No,No,No,NA
2024,P080210808,Sí,No,No,No,NA
2024,P080210838,Sí,No,No,No,NA
2024,P080210844,Sí,No,No,No,NA
2024,P080210854,Sí,No,No,No,NA
2024,P080210858,Sí,No,No,No,NA
2024,P080210871,Sí,No,No,No,NA
2024,P080210873,Sí,No,No,No,NA
2024,P080210915,Sí,No,No,No,NA
2024,P080210928,Sí,No,No,No,NA
2024,P080210935,Sí,No,No,No,NA
2024,P080210957,Sí,No,No,No,NA
2024,P080210958,Sí,No,No,No,NA
2024,P080210960,Sí,No,No,No,NA
2024,P080210963,Sí,No,No,No,NA
2024,P080210968,Sí,No,No,No,NA
2024,P080210976,Sí,No,No,No,NA
2024,P080210977,Sí,No,No,No,NA
2024,P080210985,Sí,No,No,No,NA
2024,P080210986,Sí,No,No,No,NA
2024,P080210991,Sí,No,No,No,NA
2024,P080210993,Sí,No,No,No,NA
2024,P080210994,Sí,No,No,No,NA
2024,P080210997,Sí,No,No,No,NA
2024,P080210999,Sí,No,No,No,NA
2024,P080211004,Sí,No,No,No,NA
2024,P080211005,Sí,No,No,No,NA
2024,P080211006,Sí,No,No,No,NA
2024,P080211027,Sí,No,No,No,NA
2024,P080211051,Sí,No,No,No,NA
2024,P080211053,Sí,No,No,No,NA
2024,P080211058,Sí,No,No,No,NA
2024,P080211062,Sí,No,No,No,NA
2024,P080211066,Sí,No,No,No,NA
2024,P080211073,Sí,No,No,No,NA
2024,P080211088,Sí,No,No,No,NA
2024,P080211137,Sí,No,No,No,NA
2024,P080211173,Sí,No,No,No,NA
2024,P080211203,Sí,No,No,No,NA
2024,P080211212,Sí,No,No,No,NA
2024,P080211221,Sí,No,No,No,NA
2024,P080211226,Sí,No,No,No,NA
2024,P080211239,Sí,No,No,No,NA
2024,P080211241,Sí,No,No,No,NA
2024,P080211247,Sí,No,No,No,NA
2024,P080211251,Sí,No,No,No,NA
2024,P080211253,Sí,No,No,No,NA
2024,P080211267,Sí,No,No,No,NA
2024,P080211270,Sí,No,No,No,NA
2024,P080211273,Sí,No,No,No,NA
2024,P080211274,Sí,No,No,No,NA
2024,P080211278,Sí,No,No,No,NA
2024,P080211287,Sí,No,No,No,NA
2024,P080211300,Sí,No,No,No,NA
2024,P080211304,Sí,No,No,No,NA
2024,P080211310,Sí,No,No,No,NA
2024,P080211311,Sí,No,No,No,NA
2024,P080211314,Sí,No,No,No,NA
2024,P080211329,Sí,No,No,No,NA
2024,P080211338,Sí,No,No,No,NA
2024,P080211342,Sí,No,No,No,NA
2024,P080211346,Sí,No,No,No,NA
2024,P080211350,Sí,No,No,No,NA
2024,P080211353,Sí,No,No,No,NA
2024,P080211355,Sí,No,No,No,NA
2024,P080211358,Sí,No,No,No,NA
2024,P080211359,Sí,No,No,No,NA
2024,P080211372,Sí,No,No,No,NA
2024,P080211374,Sí,No,No,No,NA
2024,P080211392,Sí,No,No,No,NA
2024,P080211401,Sí,No,No,No,NA
2024,P080211404,Sí,No,No,No,NA
2024,P080211408,Sí,No,No,No,NA
2024,P080211415,Sí,No,No,No,NA
2024,P080211418,Sí,No,No,No,NA
2024,P080211419,Sí,No,No,No,NA
2024,P080211423,Sí,No,No,No,NA
2024,P080211427,Sí,No,No,No,NA
2024,P080211433,Sí,No,No,No,NA
2024,P080211440,Sí,No,No,No,NA
2024,P080211449,Sí,No,No,No,NA
2024,P080211452,Sí,No,No,No,NA
2024,P080211453,Sí,No,No,No,NA
2024,P080211456,Sí,No,No,No,NA
2024,P080211460,Sí,No,No,No,NA
2024,P080211465,Sí,No,No,No,NA
2024,P080211470,Sí,No,No,No,NA
2024,P080211471,Sí,No,No,No,NA
2024,P080211473,Sí,No,No,No,NA
2024,P080211478,Sí,No,No,No,NA
2024,P080211479,Sí,No,No,No,NA
2024,P080211480,Sí,No,No,No,NA
2024,P080211484,Sí,No,No,No,NA
2024,P080211485,Sí,No,No,No,NA
2024,P080211487,Sí,No,No,No,NA
2024,P080211488,Sí,No,No,No,NA
2024,P080211489,Sí,No,No,No,NA
2024,P080211492,Sí,No,No,No,NA
2024,P080211493,Sí,No,No,No,NA
2024,P080211497,Sí,No,No,No,NA
2024,P080211499,Sí,No,No,No,NA
2024,P080211500,Sí,No,No,No,NA
2024,P080211501,Sí,No,No,No,NA
2024,P080211502,Sí,No,No,No,NA
2024,P080211508,Sí,No,No,No,NA
2024,P080211509,Sí,No,No,No,NA
2024,P080211511,Sí,No,No,No,NA
2024,P080211513,Sí,No,No,No,NA
2024,P080211514,Sí,No,No,No,NA
2024,P080211515,Sí,No,No,No,NA
2024,P080211517,Sí,No,No,No,NA
2024,P080211519,Sí,No,No,No,NA
2024,P080211520,Sí,No,No,No,NA
2024,P080211521,Sí,No,No,No,NA
2024,P080211522,Sí,No,No,No,NA
2024,P080211524,Sí,No,No,No,NA
2024,P080211527,Sí,No,No,No,NA
2024,P080211529,Sí,No,No,No,NA
2024,P080211531,Sí,No,No,No,NA
2024,P080211533,Sí,No,No,No,NA
2024,P080211544,Sí,No,No,No,NA
2024,P080211545,Sí,No,No,No,NA
2024,P080211552,Sí,No,No,No,NA
2024,P080211554,Sí,No,No,No,NA
2024,P080211556,Sí,No,No,No,NA
2024,P080211557,Sí,No,No,No,NA
2024,P080211559,Sí,No,No,No,NA
2024,P080211561,Sí,No,No,No,NA
2024,P080211562,Sí,No,No,No,NA
2024,P080211565,Sí,No,No,No,NA
2024,P080211568,Sí,No,No,No,NA
2024,P080211569,Sí,No,No,No,NA
2024,P080211573,Sí,No,No,No,NA
2024,P080211580,Sí,No,No,No,NA
2024,P080211592,Sí,No,No,No,NA
2024,P080211594,Sí,No,No,No,NA
2024,P080211596,Sí,No,No,No,NA
2024,P080370001,Sí,No,No,No,NA
2024,P080380001,Sí,No,No,No,NA
2024,P080380041,Sí,No,No,No,NA
2024,P080380075,Sí,No,No,No,NA
2024,P080380078,Sí,No,No,No,NA
2024,P080380095,Sí,No,No,No,NA
2024,P080380096,Sí,No,No,No,NA
2024,P080380100,Sí,No,No,No,NA
2024,P080380102,Sí,No,No,No,NA
2024,P080380133,Sí,No,No,No,NA
2024,P080380155,Sí,No,No,No,NA
2024,P080380164,Sí,No,No,No,NA
2024,P080380174,Sí,No,No,No,NA
2024,P080380176,Sí,No,No,No,NA
2024,P080380177,Sí,No,No,No,NA
2024,P080450001,Sí,No,No,No,NA
2024,P080450004,Sí,No,No,No,NA
2024,P080450005,Sí,No,No,No,NA
2024,P080450006,Sí,No,No,No,NA
2024,P080450007,Sí,No,No,No,NA
2024,P080450008,Sí,No,No,No,NA
2024,P080450010,Sí,No,No,No,NA
2024,P080450011,Sí,No,No,No,NA
2024,P080450012,Sí,No,No,No,NA
2024,P080450013,Sí,No,No,No,NA
2024,P080450015,Sí,No,No,No,NA
2024,P080450016,Sí,No,No,No,NA
2024,P080450019,Sí,No,No,No,NA
2024,P080450020,Sí,No,No,No,NA
2024,P080450033,Sí,No,No,No,NA
2024,P080450045,Sí,No,No,No,NA
2024,P080450052,Sí,No,No,No,NA
2024,P080450056,Sí,No,No,No,NA
2024,P080450063,Sí,No,No,No,NA
2024,P080450064,Sí,No,No,No,NA
2024,P080450068,Sí,No,No,No,NA
2024,P080450073,Sí,No,No,No,NA
2024,P080450075,Sí,No,No,No,NA
2024,P080450085,Sí,No,No,No,NA
2024,P080450087,Sí,No,No,No,NA
2024,P080450090,Sí,No,No,No,NA
2024,P080450095,Sí,No,No,No,NA
2024,P080450105,Sí,No,No,No,NA
2024,P080450112,Sí,No,No,No,NA
2024,P080450117,Sí,No,No,No,NA
2024,P080450134,Sí,No,No,No,NA
2024,P080450141,Sí,No,No,No,NA
2024,P080450144,Sí,No,No,No,NA
2024,P080450145,Sí,No,No,No,NA
2024,P080450147,Sí,No,No,No,NA
2024,P080450148,Sí,No,No,No,NA
2024,P080450199,Sí,No,No,No,NA
2024,P080450204,Sí,No,No,No,NA
2024,P080450206,Sí,No,No,No,NA
2024,P080450210,Sí,No,No,No,NA
2024,P080450214,Sí,No,No,No,NA
2024,P080450224,Sí,No,No,No,NA
2024,P080450227,Sí,No,No,No,NA
2024,P080450228,Sí,No,No,No,NA
2024,P080450229,Sí,No,No,No,NA
2024,P080450235,Sí,No,No,No,NA
2024,P080450237,Sí,No,No,No,NA
2024,P080450246,Sí,No,No,No,NA
2024,P080450247,Sí,No,No,No,NA
2024,P080450248,Sí,No,No,No,NA
2024,P080450249,Sí,No,No,No,NA
2024,P080450250,Sí,No,No,No,NA
2024,P080450252,Sí,No,No,No,NA
2024,P080450253,Sí,No,No,No,NA
2024,P080450255,Sí,No,No,No,NA
2024,P080450256,Sí,No,No,No,NA
2024,P080450257,Sí,No,No,No,NA
2024,P080450259,Sí,No,No,No,NA
2024,P080450283,Sí,No,No,No,NA
2024,P080450291,Sí,No,No,No,NA
2024,P080450328,Sí,No,No,No,NA
2024,P080450336,Sí,No,No,No,NA
2024,P080450344,Sí,No,No,No,NA
2024,P080450349,Sí,No,No,No,NA
2024,P080450354,Sí,No,No,No,NA
2024,P080450358,Sí,No,No,No,NA
2024,P080450388,Sí,No,No,No,NA
2024,P080450403,Sí,No,No,No,NA
2024,P080450446,Sí,No,No,No,NA
2024,P080450448,Sí,No,No,No,NA
2024,P080450450,Sí,No,No,No,NA
2024,P080450457,Sí,No,No,No,NA
2024,P080450458,Sí,No,No,No,NA
2024,P080450461,Sí,No,No,No,NA
2024,P080450465,Sí,No,No,No,NA
2024,P080450468,Sí,No,No,No,NA
2024,P080450473,Sí,No,No,No,NA
2024,P080450475,Sí,No,No,No,NA
2024,P080450477,Sí,No,No,No,NA
2024,P080450478,Sí,No,No,No,NA
2024,P080450479,Sí,No,No,No,NA
2024,P080450482,Sí,No,No,No,NA
2024,P080450483,Sí,No,No,No,NA
2024,P080450485,Sí,No,No,No,NA
2024,P080450487,Sí,No,No,No,NA
2024,P080450488,Sí,No,No,No,NA
2024,P080450489,Sí,No,No,No,NA
2024,P080450492,Sí,No,No,No,NA
2024,P080450498,Sí,No,No,No,NA
2024,P080450501,Sí,No,No,No,NA
2024,P080450503,Sí,No,No,No,NA
2024,P080450506,Sí,No,No,No,NA
2024,P080450508,Sí,No,No,No,NA
2024,P080450510,Sí,No,No,No,NA
2024,P080450511,Sí,No,No,No,NA
2024,P080450512,Sí,No,No,No,NA
2024,P080450513,Sí,No,No,No,NA
2024,P080450518,Sí,No,No,No,NA
2024,P080450523,Sí,No,No,No,NA
2024,P080450524,Sí,No,No,No,NA
2024,P080450525,Sí,No,No,No,NA
2024,P080450529,Sí,No,No,No,NA
2024,P080450530,Sí,No,No,No,NA
2024,P080450532,Sí,No,No,No,NA
2024,P080450533,Sí,No,No,No,NA
2024,P080450544,Sí,No,No,No,NA
2024,P080450545,Sí,No,No,No,NA
2024,P080450548,Sí,No,No,No,NA
2024,P080450551,Sí,No,No,No,NA
2024,P080450552,Sí,No,No,No,NA
2024,P080450553,Sí,No,No,No,NA
2024,P080450555,Sí,No,No,No,NA
2024,P080450556,Sí,No,No,No,NA
2024,P080450558,Sí,No,No,No,NA
2024,P080450559,Sí,No,No,No,NA
2024,P080450561,Sí,No,No,No,NA
2024,P080450562,Sí,No,No,No,NA
2024,P080450563,Sí,No,No,No,NA
2024,P080450565,Sí,No,No,No,NA
2024,P080450568,Sí,No,No,No,NA
2024,P080450571,Sí,No,No,No,NA
2024,P080450573,Sí,No,No,No,NA
2024,P080450576,Sí,No,No,No,NA
2024,P080450582,Sí,No,No,No,NA
2024,P080450590,Sí,No,No,No,NA
2024,P080450591,Sí,No,No,No,NA
2024,P080450592,Sí,No,No,No,NA
2024,P080450601,Sí,No,No,No,NA
2024,P080450602,Sí,No,No,No,NA
2024,P080450603,Sí,No,No,No,NA
2024,P080450604,Sí,No,No,No,NA
2024,P080450609,Sí,No,No,No,NA
2024,P080450615,Sí,No,No,No,NA
2024,P080450616,Sí,No,No,No,NA
2024,P080450617,Sí,No,No,No,NA
2024,P080450618,Sí,No,No,No,NA
2024,P080450619,Sí,No,No,No,NA
2024,P080450624,Sí,No,No,No,NA
2024,P080450632,Sí,No,No,No,NA
2024,P080450633,Sí,No,No,No,NA
2024,P080450637,Sí,No,No,No,NA
2024,P080450638,Sí,No,No,No,NA
2024,P080450643,Sí,No,No,No,NA
2024,P080450644,Sí,No,No,No,NA
2024,P080450655,Sí,No,No,No,NA
2024,P080450656,Sí,No,No,No,NA
2024,P080450658,Sí,No,No,No,NA
2024,P080450672,Sí,No,No,No,NA
2024,P080450675,Sí,No,No,No,NA
2024,P080450685,Sí,No,No,No,NA
2024,P080450686,Sí,No,No,No,NA
2024,P080450688,Sí,No,No,No,NA
2024,P080450690,Sí,No,No,No,NA
2024,P080450691,Sí,No,No,No,NA
2024,P080450697,Sí,No,No,No,NA
2024,P080450699,Sí,No,No,No,NA
2024,P080450700,Sí,No,No,No,NA
2024,P080450702,Sí,No,No,No,NA
2024,P080450706,Sí,No,No,No,NA
2024,P080450707,Sí,No,No,No,NA
2024,P080450717,Sí,No,No,No,NA
2024,P080450718,Sí,No,No,No,NA
2024,P080450721,Sí,No,No,No,NA
2024,P080450722,Sí,No,No,No,NA
2024,P080450726,Sí,No,No,No,NA
2024,P080450727,Sí,No,No,No,NA
2024,P080450729,Sí,No,No,No,NA
2024,P080450731,Sí,No,No,No,NA
2024,P080450735,Sí,No,No,No,NA
2024,P080450736,Sí,No,No,No,NA
2024,P080450738,Sí,No,No,No,NA
2024,P080450739,Sí,No,No,No,NA
2024,P080450744,Sí,No,No,No,NA
2024,P080450746,Sí,No,No,No,NA
2024,P080450748,Sí,No,No,No,NA
2024,P080450753,Sí,No,No,No,NA
2024,P080450756,Sí,No,No,No,NA
2024,P080450757,Sí,No,No,No,NA
2024,P080450763,Sí,No,No,No,NA
2024,P080450774,Sí,No,No,No,NA
2024,P080450777,Sí,No,No,No,NA
2024,P080450782,Sí,No,No,No,NA
2024,P080450783,Sí,No,No,No,NA
2024,P080450786,Sí,No,No,No,NA
2024,P080450788,Sí,No,No,No,NA
2024,P080450789,Sí,No,No,No,NA
2024,P080450799,Sí,No,No,No,NA
2024,P080450800,Sí,No,No,No,NA
2024,P080450807,Sí,No,No,No,NA
2024,P080450814,Sí,No,No,No,NA
2024,P080450817,Sí,No,No,No,NA
2024,P080450818,Sí,No,No,No,NA
2024,P080450819,Sí,No,No,No,NA
2024,P080450821,Sí,No,No,No,NA
2024,P080450825,Sí,No,No,No,NA
2024,P080450826,Sí,No,No,No,NA
2024,P080450829,Sí,No,No,No,NA
2024,P080450837,Sí,No,No,No,NA
2024,P080450838,Sí,No,No,No,NA
2024,P080450839,Sí,No,No,No,NA
2024,P080450848,Sí,No,No,No,NA
2024,P080450850,Sí,No,No,No,NA
2024,P080450856,Sí,No,No,No,NA
2024,P080450857,Sí,No,No,No,NA
2024,P080450863,Sí,No,No,No,NA
2024,P080450865,Sí,No,No,No,NA
2024,P080450870,Sí,No,No,No,NA
2024,P080450878,Sí,No,No,No,NA
2024,P080450883,Sí,No,No,No,NA
2024,P080450884,Sí,No,No,No,NA
2024,P080450887,Sí,No,No,No,NA
2024,P080450891,Sí,No,No,No,NA
2024,P080450894,Sí,No,No,No,NA
2024,P080450896,Sí,No,No,No,NA
2024,P080450900,Sí,No,No,No,NA
2024,P080450902,Sí,No,No,No,NA
2024,P080450905,Sí,No,No,No,NA
2024,P080450907,Sí,No,No,No,NA
2024,P080450917,Sí,No,No,No,NA
2024,P080450924,Sí,No,No,No,NA
2024,P080450925,Sí,No,No,No,NA
2024,P080450927,Sí,No,No,No,NA
2024,P080450928,Sí,No,No,No,NA
2024,P080450929,Sí,No,No,No,NA
2024,P080450935,Sí,No,No,No,NA
2024,P080450937,Sí,No,No,No,NA
2024,P080450938,Sí,No,No,No,NA
2024,P080450939,Sí,No,No,No,NA
2024,P080450940,Sí,No,No,No,NA
2024,P080450942,Sí,No,No,No,NA
2024,P080450944,Sí,No,No,No,NA
2024,P080450945,Sí,No,No,No,NA
2024,P080450950,Sí,No,No,No,NA
2024,P080450953,Sí,No,No,No,NA
2024,P080450967,Sí,No,No,No,NA
2024,P080450969,Sí,No,No,No,NA
2024,P080450970,Sí,No,No,No,NA
2024,P080450975,Sí,No,No,No,NA
2024,P080450976,Sí,No,No,No,NA
2024,P080450981,Sí,No,No,No,NA
2024,P080450984,Sí,No,No,No,NA
2024,P080451304,Sí,No,No,No,NA
2024,P080451305,Sí,No,No,No,NA
2024,P080451306,Sí,No,No,No,NA
2024,P080451310,Sí,No,No,No,NA
2024,P080451311,Sí,No,No,No,NA
2024,P080451312,Sí,No,No,No,NA
2024,P080451313,Sí,No,No,No,NA
2024,P080451314,Sí,No,No,No,NA
2024,P080451315,Sí,No,No,No,NA
2024,P080451316,Sí,No,No,No,NA
2024,P080451317,Sí,No,No,No,NA
2024,P080451323,Sí,No,No,No,NA
2024,P080451324,Sí,No,No,No,NA
2024,P080451325,Sí,No,No,No,NA
2024,P080451326,Sí,No,No,No,NA
2024,P080451327,Sí,No,No,No,NA
2024,P080451328,Sí,No,No,No,NA
2024,P080451329,Sí,No,No,No,NA
2024,P080451330,Sí,No,No,No,NA
2024,P080451331,Sí,No,No,No,NA
2024,P080451334,Sí,No,No,No,NA
2024,P080451337,Sí,No,No,No,NA
2024,P080451344,Sí,No,No,No,NA
2024,P080451346,Sí,No,No,No,NA
2024,P080451361,Sí,No,No,No,NA
2024,P080451366,Sí,No,No,No,NA
2024,P080451370,Sí,No,No,No,NA
2024,P080451377,Sí,No,No,No,NA
2024,P080451379,Sí,No,No,No,NA
2024,P080451380,Sí,No,No,No,NA
2024,P080451381,Sí,No,No,No,NA
2024,P080451382,Sí,No,No,No,NA
2024,P080451386,Sí,No,No,No,NA
2024,P080451392,Sí,No,No,No,NA
2024,P080451393,Sí,No,No,No,NA
2024,P080451396,Sí,No,No,No,NA
2024,P080451397,Sí,No,No,No,NA
2024,P080451398,Sí,No,No,No,NA
2024,P080451399,Sí,No,No,No,NA
2024,P080451400,Sí,No,No,No,NA
2024,P080451401,Sí,No,No,No,NA
2024,P080451402,Sí,No,No,No,NA
2024,P080451405,Sí,No,No,No,NA
2024,P080451415,Sí,No,No,No,NA
2024,P080451421,Sí,No,No,No,NA
2024,P080451423,Sí,No,No,No,NA
2024,P080451426,Sí,No,No,No,NA
2024,P080451432,Sí,No,No,No,NA
2024,P080451436,Sí,No,No,No,NA
2024,P080451440,Sí,No,No,No,NA
2024,P080451441,Sí,No,No,No,NA
2024,P080451445,Sí,No,No,No,NA
2024,P080451447,Sí,No,No,No,NA
2024,P080451449,Sí,No,No,No,NA
2024,P080451453,Sí,No,No,No,NA
2024,P080451454,Sí,No,No,No,NA
2024,P080451465,Sí,No,No,No,NA
2024,P080451466,Sí,No,No,No,NA
2024,P080451467,Sí,No,No,No,NA
2024,P080451469,Sí,No,No,No,NA
2024,P080451470,Sí,No,No,No,NA
2024,P080451474,Sí,No,No,No,NA
2024,P080451476,Sí,No,No,No,NA
2024,P080451477,Sí,No,No,No,NA
2024,P080451482,Sí,No,No,No,NA
2024,P080451484,Sí,No,No,No,NA
2024,P080451485,Sí,No,No,No,NA
2024,P080451487,Sí,No,No,No,NA
2024,P080451491,Sí,No,No,No,NA
2024,P080451493,Sí,No,No,No,NA
2024,P080451494,Sí,No,No,No,NA
2024,P080451495,Sí,No,No,No,NA
2024,P080451496,Sí,No,No,No,NA
2024,P080451497,Sí,No,No,No,NA
2024,P080451499,Sí,No,No,No,NA
2024,P080451500,Sí,No,No,No,NA
2024,P080451502,Sí,No,No,No,NA
2024,P080451506,Sí,No,No,No,NA
2024,P080451507,Sí,No,No,No,NA
2024,P080451509,Sí,No,No,No,NA
2024,P080451510,Sí,No,No,No,NA
2024,P080451514,Sí,No,No,No,NA
2024,P080451516,Sí,No,No,No,NA
2024,P080451517,Sí,No,No,No,NA
2024,P080451520,Sí,No,No,No,NA
2024,P080451522,Sí,No,No,No,NA
2024,P080451524,Sí,No,No,No,NA
2024,P080451525,Sí,No,No,No,NA
2024,P080451526,Sí,No,No,No,NA
2024,P080451530,Sí,No,No,No,NA
2024,P080451531,Sí,No,No,No,NA
2024,P080451537,Sí,No,No,No,NA
2024,P080451539,Sí,No,No,No,NA
2024,P080451540,Sí,No,No,No,NA
2024,P080451542,Sí,No,No,No,NA
2024,P080451544,Sí,No,No,No,NA
2024,P080451547,Sí,No,No,No,NA
2024,P080451550,Sí,No,No,No,NA
2024,P080451552,Sí,No,No,No,NA
2024,P080451553,Sí,No,No,No,NA
2024,P080451555,Sí,No,No,No,NA
2024,P080451560,Sí,No,No,No,NA
2024,P080451561,Sí,No,No,No,NA
2024,P080451565,Sí,No,No,No,NA
2024,P080451576,Sí,No,No,No,NA
2024,P080451577,Sí,No,No,No,NA
2024,P080451578,Sí,No,No,No,NA
2024,P080451579,Sí,No,No,No,NA
2024,P080550001,Sí,No,No,No,NA
2024,P080550009,Sí,No,No,No,NA
2024,P080550070,Sí,No,No,No,NA
2024,P080550132,Sí,No,No,No,NA
2024,P080550216,Sí,No,No,No,NA
2024,P080550217,Sí,No,No,No,NA
2024,P080550218,Sí,No,No,No,NA
2024,P080550229,Sí,No,No,No,NA
2024,P080550238,Sí,No,No,No,NA
2024,P080550251,Sí,No,No,No,NA
2024,P080550265,Sí,No,No,No,NA
2024,P080550274,Sí,No,No,No,NA
2024,P080550295,Sí,No,No,No,NA
2024,P080550362,Sí,No,No,No,NA
2024,P080550402,Sí,No,No,No,NA
2024,P080550403,Sí,No,No,No,NA
2024,P080550426,Sí,No,No,No,NA
2024,P080550430,Sí,No,No,No,NA
2024,P080550433,Sí,No,No,No,NA
2024,P080550434,Sí,No,No,No,NA
2024,P080550450,Sí,No,No,No,NA
2024,P080550458,Sí,No,No,No,NA
2024,P080550578,Sí,No,No,No,NA
2024,P080550592,Sí,No,No,No,NA
2024,P080550596,Sí,No,No,No,NA
2024,P080550600,Sí,No,No,No,NA
2024,P080550606,Sí,No,No,No,NA
2024,P080550607,Sí,No,No,No,NA
2024,P080550617,Sí,No,No,No,NA
2024,P080550618,Sí,No,No,No,NA
2024,P080550662,Sí,No,No,No,NA
2024,P080550665,Sí,No,No,No,NA
2024,P080550677,Sí,No,No,No,NA
2024,P080550686,Sí,No,No,No,NA
2024,P080550687,Sí,No,No,No,NA
2024,P080550689,Sí,No,No,No,NA
2024,P080550691,Sí,No,No,No,NA
2024,P080550693,Sí,No,No,No,NA
2024,P080550694,Sí,No,No,No,NA
2024,P080550695,Sí,No,No,No,NA
2024,P080550696,Sí,No,No,No,NA
2024,P080550701,Sí,No,No,No,NA
2024,P080550703,Sí,No,No,No,NA
2024,P080550705,Sí,No,No,No,NA
2024,P080550714,Sí,No,No,No,NA
2024,P080550716,Sí,No,No,No,NA
2024,P080550729,Sí,No,No,No,NA
2024,P080550732,Sí,No,No,No,NA
2024,P080550734,Sí,No,No,No,NA
2024,P080550738,Sí,No,No,No,NA
2024,P080550744,Sí,No,No,No,NA
2024,P080550750,Sí,No,No,No,NA
2024,P080550812,Sí,No,No,No,NA
2024,P080550813,Sí,No,No,No,NA
2024,P080550816,Sí,No,No,No,NA
2024,P080620001,Sí,No,No,No,NA
2024,P080620002,Sí,No,No,No,NA
2024,P080620003,Sí,No,No,No,NA
2024,P080620008,Sí,No,No,No,NA
2024,P080620009,Sí,No,No,No,NA
2024,P080620012,Sí,No,No,No,NA
2024,P080620013,Sí,No,No,No,NA
2024,P080620014,Sí,No,No,No,NA
2024,P080620015,Sí,No,No,No,NA
2024,P080620023,Sí,No,No,No,NA
2024,P080620041,Sí,No,No,No,NA
2024,P080620057,Sí,No,No,No,NA
2024,P080620061,Sí,No,No,No,NA
2024,P080620062,Sí,No,No,No,NA
2024,P080620079,Sí,No,No,No,NA
2024,P080620087,Sí,No,No,No,NA
2024,P080620089,Sí,No,No,No,NA
2024,P080620092,Sí,No,No,No,NA
2024,P080620093,Sí,No,No,No,NA
2024,P080620099,Sí,No,No,No,NA
2024,P080620104,Sí,No,No,No,NA
2024,P080620107,Sí,No,No,No,NA
2024,P080620117,Sí,No,No,No,NA
2024,P080620127,Sí,No,No,No,NA
2024,P080620132,Sí,No,No,No,NA
2024,P080620193,Sí,No,No,No,NA
2024,P080620216,Sí,No,No,No,NA
2024,P080620232,Sí,No,No,No,NA
2024,P080620259,Sí,No,No,No,NA
2024,P080620270,Sí,No,No,No,NA
2024,P080620274,Sí,No,No,No,NA
2024,P080620297,Sí,No,No,No,NA
2024,P080620322,Sí,No,No,No,NA
2024,P080620323,Sí,No,No,No,NA
2024,P080620326,Sí,No,No,No,NA
2024,P080620331,Sí,No,No,No,NA
2024,P080620337,Sí,No,No,No,NA
2024,P080620342,Sí,No,No,No,NA
2024,P080620350,Sí,No,No,No,NA
2024,P080620351,Sí,No,No,No,NA
2024,P080620359,Sí,No,No,No,NA
2024,P080620362,Sí,No,No,No,NA
2024,P080620365,Sí,No,No,No,NA
2024,P080620375,Sí,No,No,No,NA
2024,P080620376,Sí,No,No,No,NA
2024,P080620377,Sí,No,No,No,NA
2024,P080620381,Sí,No,No,No,NA
2024,P080620385,Sí,No,No,No,NA
2024,P080620389,Sí,No,No,No,NA
2024,P080620391,Sí,No,No,No,NA
2024,P080620392,Sí,No,No,No,NA
2024,P080620394,Sí,No,No,No,NA
2024,P080620398,Sí,No,No,No,NA
2024,P080620399,Sí,No,No,No,NA
2024,P080620403,Sí,No,No,No,NA
2024,P080620412,Sí,No,No,No,NA
2024,P080620428,Sí,No,No,No,NA
2024,P080620433,Sí,No,No,No,NA
2024,P080620435,Sí,No,No,No,NA
2024,P080620441,Sí,No,No,No,NA
2024,P080620443,Sí,No,No,No,NA
2024,P080620453,Sí,No,No,No,NA
2024,P080620508,Sí,No,No,No,NA
2024,P080620514,Sí,No,No,No,NA
2024,P080620516,Sí,No,No,No,NA
2024,P080620518,Sí,No,No,No,NA
2024,P080620521,Sí,No,No,No,NA
2024,P080620530,Sí,No,No,No,NA
2024,P080620541,Sí,No,No,No,NA
2024,P080620547,Sí,No,No,No,NA
2024,P080620552,Sí,No,No,No,NA
2024,P080620557,Sí,No,No,No,NA
2024,P080620562,Sí,No,No,No,NA
2024,P080620598,Sí,No,No,No,NA
2024,P080620609,Sí,No,No,No,NA
2024,P080620612,Sí,No,No,No,NA
2024,P080620618,Sí,No,No,No,NA
2024,P080620619,Sí,No,No,No,NA
2024,P080620629,Sí,No,No,No,NA
2024,P080620649,Sí,No,No,No,NA
2024,P080620650,Sí,No,No,No,NA
2024,P080620668,Sí,No,No,No,NA
2024,P080620670,Sí,No,No,No,NA
2024,P080620675,Sí,No,No,No,NA
2024,P080620677,Sí,No,No,No,NA
2024,P080620681,Sí,No,No,No,NA
2024,P080620695,Sí,No,No,No,NA
2024,P080620697,Sí,No,No,No,NA
2024,P080620702,Sí,No,No,No,NA
2024,P090020001,Sí,No,No,No,NA
2024,P090030001,Sí,No,No,No,NA
2024,P090040001,Sí,No,No,No,NA
2024,P090040010,Sí,No,No,No,NA
2024,P090040020,Sí,No,No,No,NA
2024,P090040050,Sí,No,No,No,NA
2024,P090040056,Sí,No,No,No,NA
2024,P090040060,Sí,No,No,No,NA
2024,P090040063,Sí,No,No,No,NA
2024,P090040066,Sí,No,No,No,NA
2024,P090040067,Sí,No,No,No,NA
2024,P090040070,Sí,No,No,No,NA
2024,P090040075,Sí,No,No,No,NA
2024,P090050001,Sí,No,No,No,NA
2024,P090060001,Sí,No,No,No,NA
2024,P090070001,Sí,No,No,No,NA
2024,P090080001,Sí,No,No,No,NA
2024,P090080088,Sí,No,No,No,NA
2024,P090080106,Sí,No,No,No,NA
2024,P090080109,Sí,No,No,No,NA
2024,P090090001,Sí,No,No,No,NA
2024,P090090011,Sí,No,No,No,NA
2024,P090090017,Sí,No,No,No,NA
2024,P090090024,Sí,No,No,No,NA
2024,P090090033,Sí,No,No,No,NA
2024,P090090036,Sí,No,No,No,NA
2024,P090090037,Sí,No,No,No,NA
2024,P090090045,Sí,No,No,No,NA
2024,P090090046,Sí,No,No,No,NA
2024,P090090050,Sí,No,No,No,NA
2024,P090090072,Sí,No,No,No,NA
2024,P090090074,Sí,No,No,No,NA
2024,P090090077,Sí,No,No,No,NA
2024,P090090084,Sí,No,No,No,NA
2024,P090090090,Sí,No,No,No,NA
2024,P090090095,Sí,No,No,No,NA
2024,P090090124,Sí,No,No,No,NA
2024,P090090129,Sí,No,No,No,NA
2024,P090090130,Sí,No,No,No,NA
2024,P090090134,Sí,No,No,No,NA
2024,P090090138,Sí,No,No,No,NA
2024,P090090147,Sí,No,No,No,NA
2024,P090090151,Sí,No,No,No,NA
2024,P090090152,Sí,No,No,No,NA
2024,P090090154,Sí,No,No,No,NA
2024,P090090156,Sí,No,No,No,NA
2024,P090090158,Sí,No,No,No,NA
2024,P090090159,Sí,No,No,No,NA
2024,P090090171,Sí,No,No,No,NA
2024,P090090173,Sí,No,No,No,NA
2024,P090090174,Sí,No,No,No,NA
2024,P090090176,Sí,No,No,No,NA
2024,P090090178,Sí,No,No,No,NA
2024,P090090185,Sí,No,No,No,NA
2024,P090090188,Sí,No,No,No,NA
2024,P090090189,Sí,No,No,No,NA
2024,P090090198,Sí,No,No,No,NA
2024,P090090199,Sí,No,No,No,NA
2024,P090090210,Sí,No,No,No,NA
2024,P090090211,Sí,No,No,No,NA
2024,P090090213,Sí,No,No,No,NA
2024,P090090214,Sí,No,No,No,NA
2024,P090090215,Sí,No,No,No,NA
2024,P090090216,Sí,No,No,No,NA
2024,P090090218,Sí,No,No,No,NA
2024,P090090219,Sí,No,No,No,NA
2024,P090090222,Sí,No,No,No,NA
2024,P090090224,Sí,No,No,No,NA
2024,P090090233,Sí,No,No,No,NA
2024,P090090234,Sí,No,No,No,NA
2024,P090090235,Sí,No,No,No,NA
2024,P090090236,Sí,No,No,No,NA
2024,P090090237,Sí,No,No,No,NA
2024,P090090245,Sí,No,No,No,NA
2024,P090090246,Sí,No,No,No,NA
2024,P090090250,Sí,No,No,No,NA
2024,P090090252,Sí,No,No,No,NA
2024,P090090253,Sí,No,No,No,NA
2024,P090090254,Sí,No,No,No,NA
2024,P090090256,Sí,No,No,No,NA
2024,P090090265,Sí,No,No,No,NA
2024,P090090268,Sí,No,No,No,NA
2024,P090090269,Sí,No,No,No,NA
2024,P090090284,Sí,No,No,No,NA
2024,P090090285,Sí,No,No,No,NA
2024,P090090288,Sí,No,No,No,NA
2024,P090090289,Sí,No,No,No,NA
2024,P090090290,Sí,No,No,No,NA
2024,P090090291,Sí,No,No,No,NA
2024,P090090292,Sí,No,No,No,NA
2024,P090090297,Sí,No,No,No,NA
2024,P090090300,Sí,No,No,No,NA
2024,P090090301,Sí,No,No,No,NA
2024,P090090302,Sí,No,No,No,NA
2024,P090090303,Sí,No,No,No,NA
2024,P090090304,Sí,No,No,No,NA
2024,P090090305,Sí,No,No,No,NA
2024,P090090306,Sí,No,No,No,NA
2024,P090090313,Sí,No,No,No,NA
2024,P090090314,Sí,No,No,No,NA
2024,P090090319,Sí,No,No,No,NA
2024,P090090328,Sí,No,No,No,NA
2024,P090090332,Sí,No,No,No,NA
2024,P090090333,Sí,No,No,No,NA
2024,P090090337,Sí,No,No,No,NA
2024,P090090338,Sí,No,No,No,NA
2024,P090090340,Sí,No,No,No,NA
2024,P090090341,Sí,No,No,No,NA
2024,P090090342,Sí,No,No,No,NA
2024,P090090347,Sí,No,No,No,NA
2024,P090090348,Sí,No,No,No,NA
2024,P090090351,Sí,No,No,No,NA
2024,P090100001,Sí,No,No,No,NA
2024,P090100214,Sí,No,No,No,NA
2024,P090100216,Sí,No,No,No,NA
2024,P090110001,Sí,No,No,No,NA
2024,P090110011,Sí,No,No,No,NA
2024,P090110021,Sí,No,No,No,NA
2024,P090110024,Sí,No,No,No,NA
2024,P090110026,Sí,No,No,No,NA
2024,P090110069,Sí,No,No,No,NA
2024,P090110071,Sí,No,No,No,NA
2024,P090110072,Sí,No,No,No,NA
2024,P090110076,Sí,No,No,No,NA
2024,P090110081,Sí,No,No,No,NA
2024,P090110086,Sí,No,No,No,NA
2024,P090110089,Sí,No,No,No,NA
2024,P090110094,Sí,No,No,No,NA
2024,P090110095,Sí,No,No,No,NA
2024,P090110103,Sí,No,No,No,NA
2024,P090110104,Sí,No,No,No,NA
2024,P090110108,Sí,No,No,No,NA
2024,P090110110,Sí,No,No,No,NA
2024,P090110111,Sí,No,No,No,NA
2024,P090110113,Sí,No,No,No,NA
2024,P090110116,Sí,No,No,No,NA
2024,P090110119,Sí,No,No,No,NA
2024,P090110122,Sí,No,No,No,NA
2024,P090110126,Sí,No,No,No,NA
2024,P090110129,Sí,No,No,No,NA
2024,P090110133,Sí,No,No,No,NA
2024,P090110134,Sí,No,No,No,NA
2024,P090110136,Sí,No,No,No,NA
2024,P090110137,Sí,No,No,No,NA
2024,P090110140,Sí,No,No,No,NA
2024,P090110141,Sí,No,No,No,NA
2024,P090110142,Sí,No,No,No,NA
2024,P090110143,Sí,No,No,No,NA
2024,P090110145,Sí,No,No,No,NA
2024,P090110146,Sí,No,No,No,NA
2024,P090110148,Sí,No,No,No,NA
2024,P090110149,Sí,No,No,No,NA
2024,P090110150,Sí,No,No,No,NA
2024,P090110152,Sí,No,No,No,NA
2024,P090110153,Sí,No,No,No,NA
2024,P090110154,Sí,No,No,No,NA
2024,P090110155,Sí,No,No,No,NA
2024,P090120001,Sí,No,No,No,NA
2024,P090120026,Sí,No,No,No,NA
2024,P090120027,Sí,No,No,No,NA
2024,P090120112,Sí,No,No,No,NA
2024,P090120144,Sí,No,No,No,NA
2024,P090120207,Sí,No,No,No,NA
2024,P090120210,Sí,No,No,No,NA
2024,P090120272,Sí,No,No,No,NA
2024,P090120275,Sí,No,No,No,NA
2024,P090120290,Sí,No,No,No,NA
2024,P090120291,Sí,No,No,No,NA
2024,P090120300,Sí,No,No,No,NA
2024,P090120302,Sí,No,No,No,NA
2024,P090120310,Sí,No,No,No,NA
2024,P090120311,Sí,No,No,No,NA
2024,P090120325,Sí,No,No,No,NA
2024,P090120326,Sí,No,No,No,NA
2024,P090120346,Sí,No,No,No,NA
2024,P090120347,Sí,No,No,No,NA
2024,P090120351,Sí,No,No,No,NA
2024,P090120355,Sí,No,No,No,NA
2024,P090120356,Sí,No,No,No,NA
2024,P090120358,Sí,No,No,No,NA
2024,P090120392,Sí,No,No,No,NA
2024,P090120393,Sí,No,No,No,NA
2024,P090120394,Sí,No,No,No,NA
2024,P090120395,Sí,No,No,No,NA
2024,P090120396,Sí,No,No,No,NA
2024,P090130001,Sí,No,No,No,NA
2024,P090130091,Sí,No,No,No,NA
2024,P090130111,Sí,No,No,No,NA
2024,P090130112,Sí,No,No,No,NA
2024,P090130113,Sí,No,No,No,NA
2024,P090130118,Sí,No,No,No,NA
2024,P090130135,Sí,No,No,No,NA
2024,P090130136,Sí,No,No,No,NA
2024,P090130137,Sí,No,No,No,NA
2024,P090130138,Sí,No,No,No,NA
2024,P090130139,Sí,No,No,No,NA
2024,P090130140,Sí,No,No,No,NA
2024,P090130143,Sí,No,No,No,NA
2024,P090130147,Sí,No,No,No,NA
2024,P090130151,Sí,No,No,No,NA
2024,P090130160,Sí,No,No,No,NA
2024,P090130162,Sí,No,No,No,NA
2024,P090130163,Sí,No,No,No,NA
2024,P090130168,Sí,No,No,No,NA
2024,P090130169,Sí,No,No,No,NA
2024,P090130172,Sí,No,No,No,NA
2024,P090130177,Sí,No,No,No,NA
2024,P090130178,Sí,No,No,No,NA
2024,P090130180,Sí,No,No,No,NA
2024,P090130181,Sí,No,No,No,NA
2024,P090130182,Sí,No,No,No,NA
2024,P090130183,Sí,No,No,No,NA
2024,P090130184,Sí,No,No,No,NA
2024,P090130193,Sí,No,No,No,NA
2024,P090130196,Sí,No,No,No,NA
2024,P090130197,Sí,No,No,No,NA
2024,P090130202,Sí,No,No,No,NA
2024,P090130205,Sí,No,No,No,NA
2024,P090130206,Sí,No,No,No,NA
2024,P090130207,Sí,No,No,No,NA
2024,P090130208,Sí,No,No,No,NA
2024,P090130209,Sí,No,No,No,NA
2024,P090130213,Sí,No,No,No,NA
2024,P090130214,Sí,No,No,No,NA
2024,P090130215,Sí,No,No,No,NA
2024,P090130218,Sí,No,No,No,NA
2024,P090130237,Sí,No,No,No,NA
2024,P090130242,Sí,No,No,No,NA
2024,P090130243,Sí,No,No,No,NA
2024,P090130244,Sí,No,No,No,NA
2024,P090130247,Sí,No,No,No,NA
2024,P090130249,Sí,No,No,No,NA
2024,P090130251,Sí,No,No,No,NA
2024,P090130252,Sí,No,No,No,NA
2024,P090130256,Sí,No,No,No,NA
2024,P090130257,Sí,No,No,No,NA
2024,P090130258,Sí,No,No,No,NA
2024,P090130265,Sí,No,No,No,NA
2024,P090130266,Sí,No,No,No,NA
2024,P090130267,Sí,No,No,No,NA
2024,P090130270,Sí,No,No,No,NA
2024,P090130271,Sí,No,No,No,NA
2024,P090140001,Sí,No,No,No,NA
2024,P090150001,Sí,No,No,No,NA
2024,P090160001,Sí,No,No,No,NA
2024,P090170001,Sí,No,No,No,NA
2024,P100050001,Sí,No,No,No,NA
2024,P100050193,Sí,No,No,No,NA
2024,P100050550,Sí,No,No,No,NA
2024,P100070796,Sí,No,No,No,NA
2024,P100120001,Sí,No,No,No,NA
2024,P100120419,Sí,No,No,No,NA
2024,P100120546,Sí,No,No,No,NA
2024,P100120562,Sí,No,No,No,NA
2024,P100120567,Sí,No,No,No,NA
2024,P110050005,Sí,No,No,No,NA
2024,P110050006,Sí,No,No,No,NA
2024,P110050094,Sí,No,No,No,NA
2024,P110050135,Sí,No,No,No,NA
2024,P110070001,Sí,No,No,No,NA
2024,P110070089,Sí,No,No,No,NA
2024,P110070098,Sí,No,No,No,NA
2024,P110070123,Sí,No,No,No,NA
2024,P110070137,Sí,No,No,No,NA
2024,P110070154,Sí,No,No,No,NA
2024,P110070157,Sí,No,No,No,NA
2024,P110070180,Sí,No,No,No,NA
2024,P110070205,Sí,No,No,No,NA
2024,P110070273,Sí,No,No,No,NA
2024,P110070277,Sí,No,No,No,NA
2024,P110070279,Sí,No,No,No,NA
2024,P110070281,Sí,No,No,No,NA
2024,P110070308,Sí,No,No,No,NA
2024,P110070311,Sí,No,No,No,NA
2024,P110070331,Sí,No,No,No,NA
2024,P110070401,Sí,No,No,No,NA
2024,P110070414,Sí,No,No,No,NA
2024,P110070415,Sí,No,No,No,NA
2024,P110070431,Sí,No,No,No,NA
2024,P110070441,Sí,No,No,No,NA
2024,P110070445,Sí,No,No,No,NA
2024,P110070450,Sí,No,No,No,NA
2024,P110070456,Sí,No,No,No,NA
2024,P110070473,Sí,No,No,No,NA
2024,P110070498,Sí,No,No,No,NA
2024,P110070525,Sí,No,No,No,NA
2024,P110070545,Sí,No,No,No,NA
2024,P110070558,Sí,No,No,No,NA
2024,P110070562,Sí,No,No,No,NA
2024,P110070564,Sí,No,No,No,NA
2024,P110070566,Sí,No,No,No,NA
2024,P110070586,Sí,No,No,No,NA
2024,P110070587,Sí,No,No,No,NA
2024,P110070590,Sí,No,No,No,NA
2024,P110070597,Sí,No,No,No,NA
2024,P110070602,Sí,No,No,No,NA
2024,P110070634,Sí,No,No,No,NA
2024,P110070635,Sí,No,No,No,NA
2024,P110070638,Sí,No,No,No,NA
2024,P110070654,Sí,No,No,No,NA
2024,P110070658,Sí,No,No,No,NA
2024,P110070661,Sí,No,No,No,NA
2024,P110070670,Sí,No,No,No,NA
2024,P110070674,Sí,No,No,No,NA
2024,P110070676,Sí,No,No,No,NA
2024,P110070677,Sí,No,No,No,NA
2024,P110070678,Sí,No,No,No,NA
2024,P110070680,Sí,No,No,No,NA
2024,P110070683,Sí,No,No,No,NA
2024,P110070694,Sí,No,No,No,NA
2024,P110070695,Sí,No,No,No,NA
2024,P110070703,Sí,No,No,No,NA
2024,P110070719,Sí,No,No,No,NA
2024,P110070720,Sí,No,No,No,NA
2024,P110070721,Sí,No,No,No,NA
2024,P110070725,Sí,No,No,No,NA
2024,P110070737,Sí,No,No,No,NA
2024,P110070745,Sí,No,No,No,NA
2024,P110110025,Sí,No,No,No,NA
2024,P110110157,Sí,No,No,No,NA
2024,P110150261,Sí,No,No,No,NA
2024,P110150271,Sí,No,No,No,NA
2024,P110150376,Sí,No,No,No,NA
2024,P110170001,Sí,No,No,No,NA
2024,P110170069,Sí,No,No,No,NA
2024,P110170071,Sí,No,No,No,NA
2024,P110170098,Sí,No,No,No,NA
2024,P110170099,Sí,No,No,No,NA
2024,P110170101,Sí,No,No,No,NA
2024,P110170110,Sí,No,No,No,NA
2024,P110170130,Sí,No,No,No,NA
2024,P110170166,Sí,No,No,No,NA
2024,P110170171,Sí,No,No,No,NA
2024,P110170180,Sí,No,No,No,NA
2024,P110170194,Sí,No,No,No,NA
2024,P110170257,Sí,No,No,No,NA
2024,P110170261,Sí,No,No,No,NA
2024,P110170343,Sí,No,No,No,NA
2024,P110170347,Sí,No,No,No,NA
2024,P110170372,Sí,No,No,No,NA
2024,P110170381,Sí,No,No,No,NA
2024,P110170409,Sí,No,No,No,NA
2024,P110170416,Sí,No,No,No,NA
2024,P110170427,Sí,No,No,No,NA
2024,P110170429,Sí,No,No,No,NA
2024,P110170444,Sí,No,No,No,NA
2024,P110170466,Sí,No,No,No,NA
2024,P110170482,Sí,No,No,No,NA
2024,P110170493,Sí,No,No,No,NA
2024,P110170504,Sí,No,No,No,NA
2024,P110170516,Sí,No,No,No,NA
2024,P110170565,Sí,No,No,No,NA
2024,P110170575,Sí,No,No,No,NA
2024,P110170576,Sí,No,No,No,NA
2024,P110170584,Sí,No,No,No,NA
2024,P110170599,Sí,No,No,No,NA
2024,P110170613,Sí,No,No,No,NA
2024,P110170631,Sí,No,No,No,NA
2024,P110170640,Sí,No,No,No,NA
2024,P110170654,Sí,No,No,No,NA
2024,P110170683,Sí,No,No,No,NA
2024,P110170695,Sí,No,No,No,NA
2024,P110170696,Sí,No,No,No,NA
2024,P110170709,Sí,No,No,No,NA
2024,P110170713,Sí,No,No,No,NA
2024,P110170715,Sí,No,No,No,NA
2024,P110170729,Sí,No,No,No,NA
2024,P110170731,Sí,No,No,No,NA
2024,P110170734,Sí,No,No,No,NA
2024,P110170736,Sí,No,No,No,NA
2024,P110170746,Sí,No,No,No,NA
2024,P110170800,Sí,No,No,No,NA
2024,P110170801,Sí,No,No,No,NA
2024,P110170809,Sí,No,No,No,NA
2024,P110170812,Sí,No,No,No,NA
2024,P110170818,Sí,No,No,No,NA
2024,P110170827,Sí,No,No,No,NA
2024,P110170829,Sí,No,No,No,NA
2024,P110170831,Sí,No,No,No,NA
2024,P110170851,Sí,No,No,No,NA
2024,P110170856,Sí,No,No,No,NA
2024,P110170860,Sí,No,No,No,NA
2024,P110170862,Sí,No,No,No,NA
2024,P110170864,Sí,No,No,No,NA
2024,P110170880,Sí,No,No,No,NA
2024,P110170897,Sí,No,No,No,NA
2024,P110170899,Sí,No,No,No,NA
2024,P110170902,Sí,No,No,No,NA
2024,P110170915,Sí,No,No,No,NA
2024,P110170923,Sí,No,No,No,NA
2024,P110200001,Sí,No,No,No,NA
2024,P110200440,Sí,No,No,No,NA
2024,P110200472,Sí,No,No,No,NA
2024,P110200529,Sí,No,No,No,NA
2024,P110200539,Sí,No,No,No,NA
2024,P110200671,Sí,No,No,No,NA
2024,P110200721,Sí,No,No,No,NA
2024,P110200726,Sí,No,No,No,NA
2024,P110200773,Sí,No,No,No,NA
2024,P110200821,Sí,No,No,No,NA
2024,P110200888,Sí,No,No,No,NA
2024,P110200968,Sí,No,No,No,NA
2024,P110200997,Sí,No,No,No,NA
2024,P110201021,Sí,No,No,No,NA
2024,P110201037,Sí,No,No,No,NA
2024,P110201050,Sí,No,No,No,NA
2024,P110201073,Sí,No,No,No,NA
2024,P110201077,Sí,No,No,No,NA
2024,P110201085,Sí,No,No,No,NA
2024,P110201093,Sí,No,No,No,NA
2024,P110201112,Sí,No,No,No,NA
2024,P110201127,Sí,No,No,No,NA
2024,P110201150,Sí,No,No,No,NA
2024,P110201170,Sí,No,No,No,NA
2024,P110201210,Sí,No,No,No,NA
2024,P110201215,Sí,No,No,No,NA
2024,P110201217,Sí,No,No,No,NA
2024,P110201220,Sí,No,No,No,NA
2024,P110201236,Sí,No,No,No,NA
2024,P110201245,Sí,No,No,No,NA
2024,P110201250,Sí,No,No,No,NA
2024,P110201282,Sí,No,No,No,NA
2024,P110201308,Sí,No,No,No,NA
2024,P110201331,Sí,No,No,No,NA
2024,P110201364,Sí,No,No,No,NA
2024,P110201377,Sí,No,No,No,NA
2024,P110201395,Sí,No,No,No,NA
2024,P110201434,Sí,No,No,No,NA
2024,P110201461,Sí,No,No,No,NA
2024,P110320014,Sí,No,No,No,NA
2024,P110320018,Sí,No,No,No,NA
2024,P110320024,Sí,No,No,No,NA
2024,P110320038,Sí,No,No,No,NA
2024,P110320047,Sí,No,No,No,NA
2024,P110320049,Sí,No,No,No,NA
2024,P110320068,Sí,No,No,No,NA
2024,P110320107,Sí,No,No,No,NA
2024,P110320109,Sí,No,No,No,NA
2024,P110320129,Sí,No,No,No,NA
2024,P110320132,Sí,No,No,No,NA
2024,P110320156,Sí,No,No,No,NA
2024,P110320221,Sí,No,No,No,NA
2024,P110320230,Sí,No,No,No,NA
2024,P110320277,Sí,No,No,No,NA
2024,P110320324,Sí,No,No,No,NA
2024,P110320337,Sí,No,No,No,NA
2024,P110330107,Sí,No,No,No,NA
2024,P110370018,Sí,No,No,No,NA
2024,P110370036,Sí,No,No,No,NA
2024,P110370051,Sí,No,No,No,NA
2024,P110370062,Sí,No,No,No,NA
2024,P110370064,Sí,No,No,No,NA
2024,P110370090,Sí,No,No,No,NA
2024,P110370109,Sí,No,No,No,NA
2024,P110370122,Sí,No,No,No,NA
2024,P110370194,Sí,No,No,No,NA
2024,P110370205,Sí,No,No,No,NA
2024,P110370287,Sí,No,No,No,NA
2024,P110370307,Sí,No,No,No,NA
2024,P110370333,Sí,No,No,No,NA
2024,P110370347,Sí,No,No,No,NA
2024,P110370378,Sí,No,No,No,NA
2024,P110370398,Sí,No,No,No,NA
2024,P110370446,Sí,No,No,No,NA
2024,P110370488,Sí,No,No,No,NA
2024,P110370492,Sí,No,No,No,NA
2024,P110370497,Sí,No,No,No,NA
2024,P110370555,Sí,No,No,No,NA
2024,P110370575,Sí,No,No,No,NA
2024,P110370589,Sí,No,No,No,NA
2024,P110370593,Sí,No,No,No,NA
2024,P110370595,Sí,No,No,No,NA
2024,P110370597,Sí,No,No,No,NA
2024,P110370641,Sí,No,No,No,NA
2024,P110370644,Sí,No,No,No,NA
2024,P110370645,Sí,No,No,No,NA
2024,P110370649,Sí,No,No,No,NA
2024,P110370662,Sí,No,No,No,NA
2024,P110370673,Sí,No,No,No,NA
2024,P110370676,Sí,No,No,No,NA
2024,P110370697,Sí,No,No,No,NA
2024,P110440011,Sí,No,No,No,NA
2024,P110440015,Sí,No,No,No,NA
2024,P110440016,Sí,No,No,No,NA
2024,P110440037,Sí,No,No,No,NA
2024,P110440052,Sí,No,No,No,NA
2024,P110440071,Sí,No,No,No,NA
2024,P110440146,Sí,No,No,No,NA
2024,P110440203,Sí,No,No,No,NA
2024,P110440205,Sí,No,No,No,NA
2024,P110440207,Sí,No,No,No,NA
2024,P110440254,Sí,No,No,No,NA
2024,P110440258,Sí,No,No,No,NA
2024,P120010001,Sí,No,No,No,NA
2024,P120010432,Sí,No,No,No,NA
2024,P120010454,Sí,No,No,No,NA
2024,P120010478,Sí,No,No,No,NA
2024,P120010507,Sí,No,No,No,NA
2024,P120010543,Sí,No,No,No,NA
2024,P120010562,Sí,No,No,No,NA
2024,P120010566,Sí,No,No,No,NA
2024,P120010568,Sí,No,No,No,NA
2024,P120010586,Sí,No,No,No,NA
2024,P120010603,Sí,No,No,No,NA
2024,P120010614,Sí,No,No,No,NA
2024,P120010615,Sí,No,No,No,NA
2024,P120010620,Sí,No,No,No,NA
2024,P120010621,Sí,No,No,No,NA
2024,P120010658,Sí,No,No,No,NA
2024,P120010706,Sí,No,No,No,NA
2024,P120010734,Sí,No,No,No,NA
2024,P130100012,Sí,No,No,No,NA
2024,P130100014,Sí,No,No,No,NA
2024,P130100017,Sí,No,No,No,NA
2024,P130100032,Sí,No,No,No,NA
2024,P130130018,Sí,No,No,No,NA
2024,P130480001,Sí,No,No,No,NA
2024,P130480193,Sí,No,No,No,NA
2024,P130480207,Sí,No,No,No,NA
2024,P130480217,Sí,No,No,No,NA
2024,P130480246,Sí,No,No,No,NA
2024,P130480248,Sí,No,No,No,NA
2024,P130510004,Sí,No,No,No,NA
2024,P130510017,Sí,No,No,No,NA
2024,P130510018,Sí,No,No,No,NA
2024,P130510020,Sí,No,No,No,NA
2024,P130510023,Sí,No,No,No,NA
2024,P130510026,Sí,No,No,No,NA
2024,P130510029,Sí,No,No,No,NA
2024,P130510059,Sí,No,No,No,NA
2024,P130510060,Sí,No,No,No,NA
2024,P130510073,Sí,No,No,No,NA
2024,P130510075,Sí,No,No,No,NA
2024,P130510091,Sí,No,No,No,NA
2024,P130510092,Sí,No,No,No,NA
2024,P130510093,Sí,No,No,No,NA
2024,P130510094,Sí,No,No,No,NA
2024,P130510095,Sí,No,No,No,NA
2024,P130510096,Sí,No,No,No,NA
2024,P130510097,Sí,No,No,No,NA
2024,P130510099,Sí,No,No,No,NA
2024,P130510101,Sí,No,No,No,NA
2024,P130510102,Sí,No,No,No,NA
2024,P130510105,Sí,No,No,No,NA
2024,P130510106,Sí,No,No,No,NA
2024,P130510107,Sí,No,No,No,NA
2024,P130510108,Sí,No,No,No,NA
2024,P130510109,Sí,No,No,No,NA
2024,P130510110,Sí,No,No,No,NA
2024,P130510111,Sí,No,No,No,NA
2024,P130510114,Sí,No,No,No,NA
2024,P130510115,Sí,No,No,No,NA
2024,P130510118,Sí,No,No,No,NA
2024,P130510119,Sí,No,No,No,NA
2024,P130510120,Sí,No,No,No,NA
2024,P130510123,Sí,No,No,No,NA
2024,P130510124,Sí,No,No,No,NA
2024,P130510125,Sí,No,No,No,NA
2024,P130510126,Sí,No,No,No,NA
2024,P130510127,Sí,No,No,No,NA
2024,P130510128,Sí,No,No,No,NA
2024,P130510130,Sí,No,No,No,NA
2024,P130510131,Sí,No,No,No,NA
2024,P130510132,Sí,No,No,No,NA
2024,P130510133,Sí,No,No,No,NA
2024,P130510140,Sí,No,No,No,NA
2024,P130510141,Sí,No,No,No,NA
2024,P130510142,Sí,No,No,No,NA
2024,P130510143,Sí,No,No,No,NA
2024,P130510144,Sí,No,No,No,NA
2024,P130510145,Sí,No,No,No,NA
2024,P130510146,Sí,No,No,No,NA
2024,P130510147,Sí,No,No,No,NA
2024,P130510155,Sí,No,No,No,NA
2024,P130520004,Sí,No,No,No,NA
2024,P130520070,Sí,No,No,No,NA
2024,P130520076,Sí,No,No,No,NA
2024,P130520078,Sí,No,No,No,NA
2024,P130690001,Sí,No,No,No,NA
2024,P130690005,Sí,No,No,No,NA
2024,P130690017,Sí,No,No,No,NA
2024,P130690033,Sí,No,No,No,NA
2024,P130690036,Sí,No,No,No,NA
2024,P130690050,Sí,No,No,No,NA
2024,P130690055,Sí,No,No,No,NA
2024,P130690056,Sí,No,No,No,NA
2024,P130690057,Sí,No,No,No,NA
2024,P130760008,Sí,No,No,No,NA
2024,P130760053,Sí,No,No,No,NA
2024,P130760105,Sí,No,No,No,NA
2024,P130760110,Sí,No,No,No,NA
2024,P130830102,Sí,No,No,No,NA
2024,P140390001,Sí,No,No,No,NA
2024,P140530001,Sí,No,No,No,NA
2024,P140530215,Sí,No,No,No,NA
2024,P140530393,Sí,No,No,No,NA
2024,P140530410,Sí,No,No,No,NA
2024,P140530559,Sí,No,No,No,NA
2024,P140530560,Sí,No,No,No,NA
2024,P140530680,Sí,No,No,No,NA
2024,P140530683,Sí,No,No,No,NA
2024,P140530705,Sí,No,No,No,NA
2024,P140530709,Sí,No,No,No,NA
2024,P140530820,Sí,No,No,No,NA
2024,P140530834,Sí,No,No,No,NA
2024,P140530919,Sí,No,No,No,NA
2024,P140670001,Sí,No,No,No,NA
2024,P140670007,Sí,No,No,No,NA
2024,P140670031,Sí,No,No,No,NA
2024,P140670052,Sí,No,No,No,NA
2024,P140670166,Sí,No,No,No,NA
2024,P140670194,Sí,No,No,No,NA
2024,P140670208,Sí,No,No,No,NA
2024,P140670249,Sí,No,No,No,NA
2024,P140700013,Sí,No,No,No,NA
2024,P140700014,Sí,No,No,No,NA
2024,P140700020,Sí,No,No,No,NA
2024,P140700021,Sí,No,No,No,NA
2024,P140700043,Sí,No,No,No,NA
2024,P140700044,Sí,No,No,No,NA
2024,P140700051,Sí,No,No,No,NA
2024,P140700064,Sí,No,No,No,NA
2024,P140700083,Sí,No,No,No,NA
2024,P140970009,Sí,No,No,No,NA
2024,P140970020,Sí,No,No,No,NA
2024,P140970041,Sí,No,No,No,NA
2024,P140970093,Sí,No,No,No,NA
2024,P140970107,Sí,No,No,No,NA
2024,P140970115,Sí,No,No,No,NA
2024,P140970177,Sí,No,No,No,NA
2024,P140970424,Sí,No,No,No,NA
2024,P140970435,Sí,No,No,No,NA
2024,P140970473,Sí,No,No,No,NA
2024,P140970487,Sí,No,No,No,NA
2024,P140970510,Sí,No,No,No,NA
2024,P140970624,Sí,No,No,No,NA
2024,P140970647,Sí,No,No,No,NA
2024,P140970771,Sí,No,No,No,NA
2024,P140970777,Sí,No,No,No,NA
2024,P140970827,Sí,No,No,No,NA
2024,P140970832,Sí,No,No,No,NA
2024,P140970848,Sí,No,No,No,NA
2024,P140970863,Sí,No,No,No,NA
2024,P140970870,Sí,No,No,No,NA
2024,P140970875,Sí,No,No,No,NA
2024,P140970878,Sí,No,No,No,NA
2024,P140970879,Sí,No,No,No,NA
2024,P140970880,Sí,No,No,No,NA
2024,P140970881,Sí,No,No,No,NA
2024,P140970905,Sí,No,No,No,NA
2024,P140980001,Sí,No,No,No,NA
2024,P140980003,Sí,No,No,No,NA
2024,P140980014,Sí,No,No,No,NA
2024,P140980017,Sí,No,No,No,NA
2024,P140980029,Sí,No,No,No,NA
2024,P140980039,Sí,No,No,No,NA
2024,P140980049,Sí,No,No,No,NA
2024,P140980081,Sí,No,No,No,NA
2024,P140980083,Sí,No,No,No,NA
2024,P140980091,Sí,No,No,No,NA
2024,P140980092,Sí,No,No,No,NA
2024,P140980095,Sí,No,No,No,NA
2024,P140980105,Sí,No,No,No,NA
2024,P140980113,Sí,No,No,No,NA
2024,P140980124,Sí,No,No,No,NA
2024,P140980126,Sí,No,No,No,NA
2024,P140980131,Sí,No,No,No,NA
2024,P140980133,Sí,No,No,No,NA
2024,P140980134,Sí,No,No,No,NA
2024,P141010001,Sí,No,No,No,NA
2024,P141090088,Sí,No,No,No,NA
2024,P141200001,Sí,No,No,No,NA
2024,P141200006,Sí,No,No,No,NA
2024,P141200062,Sí,No,No,No,NA
2024,P141200133,Sí,No,No,No,NA
2024,P141200134,Sí,No,No,No,NA
2024,P141200231,Sí,No,No,No,NA
2024,P141200243,Sí,No,No,No,NA
2024,P141200297,Sí,No,No,No,NA
2024,P141200313,Sí,No,No,No,NA
2024,P141200314,Sí,No,No,No,NA
2024,P141200315,Sí,No,No,No,NA
2024,P141200317,Sí,No,No,No,NA
2024,P141200318,Sí,No,No,No,NA
2024,P141200319,Sí,No,No,No,NA
2024,P141200415,Sí,No,No,No,NA
2024,P141200417,Sí,No,No,No,NA
2024,P141200460,Sí,No,No,No,NA
2024,P141200471,Sí,No,No,No,NA
2024,P141200511,Sí,No,No,No,NA
2024,P141200512,Sí,No,No,No,NA
2024,P141200539,Sí,No,No,No,NA
2024,P141200565,Sí,No,No,No,NA
2024,P141200600,Sí,No,No,No,NA
2024,P141200632,Sí,No,No,No,NA
2024,P141200668,Sí,No,No,No,NA
2024,P141200683,Sí,No,No,No,NA
2024,P141200684,Sí,No,No,No,NA
2024,P141200703,Sí,No,No,No,NA
2024,P141200706,Sí,No,No,No,NA
2024,P141200718,Sí,No,No,No,NA
2024,P141200738,Sí,No,No,No,NA
2024,P141200748,Sí,No,No,No,NA
2024,P141200760,Sí,No,No,No,NA
2024,P141200763,Sí,No,No,No,NA
2024,P150020001,Sí,No,No,No,NA
2024,P150020005,Sí,No,No,No,NA
2024,P150020008,Sí,No,No,No,NA
2024,P150020011,Sí,No,No,No,NA
2024,P150020012,Sí,No,No,No,NA
2024,P150020015,Sí,No,No,No,NA
2024,P150020016,Sí,No,No,No,NA
2024,P150020025,Sí,No,No,No,NA
2024,P150020034,Sí,No,No,No,NA
2024,P150020038,Sí,No,No,No,NA
2024,P150020039,Sí,No,No,No,NA
2024,P150020044,Sí,No,No,No,NA
2024,P150020045,Sí,No,No,No,NA
2024,P150020046,Sí,No,No,No,NA
2024,P150020047,Sí,No,No,No,NA
2024,P150020050,Sí,No,No,No,NA
2024,P150020052,Sí,No,No,No,NA
2024,P150020053,Sí,No,No,No,NA
2024,P150020056,Sí,No,No,No,NA
2024,P150020057,Sí,No,No,No,NA
2024,P150020058,Sí,No,No,No,NA
2024,P150020059,Sí,No,No,No,NA
2024,P150020060,Sí,No,No,No,NA
2024,P150020061,Sí,No,No,No,NA
2024,P150020064,Sí,No,No,No,NA
2024,P150020065,Sí,No,No,No,NA
2024,P150020066,Sí,No,No,No,NA
2024,P150020067,Sí,No,No,No,NA
2024,P150020068,Sí,No,No,No,NA
2024,P150020069,Sí,No,No,No,NA
2024,P150090001,Sí,No,No,No,NA
2024,P150090002,Sí,No,No,No,NA
2024,P150090003,Sí,No,No,No,NA
2024,P150090005,Sí,No,No,No,NA
2024,P150090029,Sí,No,No,No,NA
2024,P150090034,Sí,No,No,No,NA
2024,P150090060,Sí,No,No,No,NA
2024,P150090084,Sí,No,No,No,NA
2024,P150090092,Sí,No,No,No,NA
2024,P150090097,Sí,No,No,No,NA
2024,P150090101,Sí,No,No,No,NA
2024,P150090107,Sí,No,No,No,NA
2024,P150090108,Sí,No,No,No,NA
2024,P150090112,Sí,No,No,No,NA
2024,P150090117,Sí,No,No,No,NA
2024,P150090118,Sí,No,No,No,NA
2024,P150090132,Sí,No,No,No,NA
2024,P150090134,Sí,No,No,No,NA
2024,P150110001,Sí,No,No,No,NA
2024,P150110002,Sí,No,No,No,NA
2024,P150110004,Sí,No,No,No,NA
2024,P150110005,Sí,No,No,No,NA
2024,P150110006,Sí,No,No,No,NA
2024,P150110013,Sí,No,No,No,NA
2024,P150110019,Sí,No,No,No,NA
2024,P150110021,Sí,No,No,No,NA
2024,P150110022,Sí,No,No,No,NA
2024,P150110023,Sí,No,No,No,NA
2024,P150110026,Sí,No,No,No,NA
2024,P150110029,Sí,No,No,No,NA
2024,P150110031,Sí,No,No,No,NA
2024,P150110032,Sí,No,No,No,NA
2024,P150110033,Sí,No,No,No,NA
2024,P150130001,Sí,No,No,No,NA
2024,P150130023,Sí,No,No,No,NA
2024,P150130106,Sí,No,No,No,NA
2024,P150130109,Sí,No,No,No,NA
2024,P150130113,Sí,No,No,No,NA
2024,P150140001,Sí,No,No,No,NA
2024,P150140028,Sí,No,No,No,NA
2024,P150140053,Sí,No,No,No,NA
2024,P150140075,Sí,No,No,No,NA
2024,P150140092,Sí,No,No,No,NA
2024,P150150002,Sí,No,No,No,NA
2024,P150150004,Sí,No,No,No,NA
2024,P150150006,Sí,No,No,No,NA
2024,P150150053,Sí,No,No,No,NA
2024,P150150071,Sí,No,No,No,NA
2024,P150170001,Sí,No,No,No,NA
2024,P150170006,Sí,No,No,No,NA
2024,P150170007,Sí,No,No,No,NA
2024,P150170025,Sí,No,No,No,NA
2024,P150170040,Sí,No,No,No,NA
2024,P150170042,Sí,No,No,No,NA
2024,P150170043,Sí,No,No,No,NA
2024,P150170056,Sí,No,No,No,NA
2024,P150170057,Sí,No,No,No,NA
2024,P150170060,Sí,No,No,No,NA
2024,P150170062,Sí,No,No,No,NA
2024,P150170063,Sí,No,No,No,NA
2024,P150170067,Sí,No,No,No,NA
2024,P150170068,Sí,No,No,No,NA
2024,P150170071,Sí,No,No,No,NA
2024,P150200001,Sí,No,No,No,NA
2024,P150200033,Sí,No,No,No,NA
2024,P150200038,Sí,No,No,No,NA
2024,P150200039,Sí,No,No,No,NA
2024,P150220001,Sí,No,No,No,NA
2024,P150220002,Sí,No,No,No,NA
2024,P150220009,Sí,No,No,No,NA
2024,P150220010,Sí,No,No,No,NA
2024,P150220011,Sí,No,No,No,NA
2024,P150220012,Sí,No,No,No,NA
2024,P150220013,Sí,No,No,No,NA
2024,P150220017,Sí,No,No,No,NA
2024,P150230001,Sí,No,No,No,NA
2024,P150230013,Sí,No,No,No,NA
2024,P150230019,Sí,No,No,No,NA
2024,P150240001,Sí,No,No,No,NA
2024,P150240030,Sí,No,No,No,NA
2024,P150240042,Sí,No,No,No,NA
2024,P150240049,Sí,No,No,No,NA
2024,P150240051,Sí,No,No,No,NA
2024,P150240088,Sí,No,No,No,NA
2024,P150240100,Sí,No,No,No,NA
2024,P150240101,Sí,No,No,No,NA
2024,P150240102,Sí,No,No,No,NA
2024,P150240106,Sí,No,No,No,NA
2024,P150240109,Sí,No,No,No,NA
2024,P150240110,Sí,No,No,No,NA
2024,P150240111,Sí,No,No,No,NA
2024,P150240112,Sí,No,No,No,NA
2024,P150240113,Sí,No,No,No,NA
2024,P150240114,Sí,No,No,No,NA
2024,P150240115,Sí,No,No,No,NA
2024,P150240117,Sí,No,No,No,NA
2024,P150240118,Sí,No,No,No,NA
2024,P150240119,Sí,No,No,No,NA
2024,P150240120,Sí,No,No,No,NA
2024,P150240121,Sí,No,No,No,NA
2024,P150240122,Sí,No,No,No,NA
2024,P150240123,Sí,No,No,No,NA
2024,P150240124,Sí,No,No,No,NA
2024,P150240125,Sí,No,No,No,NA
2024,P150240126,Sí,No,No,No,NA
2024,P150250001,Sí,No,No,No,NA
2024,P150250002,Sí,No,No,No,NA
2024,P150250005,Sí,No,No,No,NA
2024,P150250009,Sí,No,No,No,NA
2024,P150250010,Sí,No,No,No,NA
2024,P150250011,Sí,No,No,No,NA
2024,P150250012,Sí,No,No,No,NA
2024,P150250013,Sí,No,No,No,NA
2024,P150250014,Sí,No,No,No,NA
2024,P150250015,Sí,No,No,No,NA
2024,P150250016,Sí,No,No,No,NA
2024,P150250017,Sí,No,No,No,NA
2024,P150250019,Sí,No,No,No,NA
2024,P150250020,Sí,No,No,No,NA
2024,P150250021,Sí,No,No,No,NA
2024,P150250035,Sí,No,No,No,NA
2024,P150250043,Sí,No,No,No,NA
2024,P150250044,Sí,No,No,No,NA
2024,P150250046,Sí,No,No,No,NA
2024,P150250049,Sí,No,No,No,NA
2024,P150250052,Sí,No,No,No,NA
2024,P150250053,Sí,No,No,No,NA
2024,P150250058,Sí,No,No,No,NA
2024,P150250066,Sí,No,No,No,NA
2024,P150250069,Sí,No,No,No,NA
2024,P150250071,Sí,No,No,No,NA
2024,P150250082,Sí,No,No,No,NA
2024,P150250084,Sí,No,No,No,NA
2024,P150250095,Sí,No,No,No,NA
2024,P150250096,Sí,No,No,No,NA
2024,P150250098,Sí,No,No,No,NA
2024,P150250099,Sí,No,No,No,NA
2024,P150250101,Sí,No,No,No,NA
2024,P150250104,Sí,No,No,No,NA
2024,P150250105,Sí,No,No,No,NA
2024,P150250107,Sí,No,No,No,NA
2024,P150250109,Sí,No,No,No,NA
2024,P150250112,Sí,No,No,No,NA
2024,P150250113,Sí,No,No,No,NA
2024,P150250117,Sí,No,No,No,NA
2024,P150250119,Sí,No,No,No,NA
2024,P150250121,Sí,No,No,No,NA
2024,P150250123,Sí,No,No,No,NA
2024,P150250126,Sí,No,No,No,NA
2024,P150250138,Sí,No,No,No,NA
2024,P150250139,Sí,No,No,No,NA
2024,P150250140,Sí,No,No,No,NA
2024,P150250141,Sí,No,No,No,NA
2024,P150250142,Sí,No,No,No,NA
2024,P150250143,Sí,No,No,No,NA
2024,P150250145,Sí,No,No,No,NA
2024,P150250146,Sí,No,No,No,NA
2024,P150250147,Sí,No,No,No,NA
2024,P150250148,Sí,No,No,No,NA
2024,P150250149,Sí,No,No,No,NA
2024,P150250152,Sí,No,No,No,NA
2024,P150280001,Sí,No,No,No,NA
2024,P150280002,Sí,No,No,No,NA
2024,P150280004,Sí,No,No,No,NA
2024,P150280006,Sí,No,No,No,NA
2024,P150280014,Sí,No,No,No,NA
2024,P150280017,Sí,No,No,No,NA
2024,P150280019,Sí,No,No,No,NA
2024,P150290001,Sí,No,No,No,NA
2024,P150290034,Sí,No,No,No,NA
2024,P150290037,Sí,No,No,No,NA
2024,P150290038,Sí,No,No,No,NA
2024,P150290039,Sí,No,No,No,NA
2024,P150290040,Sí,No,No,No,NA
2024,P150290042,Sí,No,No,No,NA
2024,P150290043,Sí,No,No,No,NA
2024,P150290044,Sí,No,No,No,NA
2024,P150290045,Sí,No,No,No,NA
2024,P150290046,Sí,No,No,No,NA
2024,P150290047,Sí,No,No,No,NA
2024,P150290049,Sí,No,No,No,NA
2024,P150290050,Sí,No,No,No,NA
2024,P150290051,Sí,No,No,No,NA
2024,P150290058,Sí,No,No,No,NA
2024,P150300001,Sí,No,No,No,NA
2024,P150300009,Sí,No,No,No,NA
2024,P150310001,Sí,No,No,No,NA
2024,P150310054,Sí,No,No,No,NA
2024,P150310055,Sí,No,No,No,NA
2024,P150310057,Sí,No,No,No,NA
2024,P150310064,Sí,No,No,No,NA
2024,P150330001,Sí,No,No,No,NA
2024,P150330199,Sí,No,No,No,NA
2024,P150330206,Sí,No,No,No,NA
2024,P150330207,Sí,No,No,No,NA
2024,P150350001,Sí,No,No,No,NA
2024,P150350002,Sí,No,No,No,NA
2024,P150350003,Sí,No,No,No,NA
2024,P150350008,Sí,No,No,No,NA
2024,P150350012,Sí,No,No,No,NA
2024,P150350013,Sí,No,No,No,NA
2024,P150350015,Sí,No,No,No,NA
2024,P150350018,Sí,No,No,No,NA
2024,P150350019,Sí,No,No,No,NA
2024,P150350020,Sí,No,No,No,NA
2024,P150350027,Sí,No,No,No,NA
2024,P150350031,Sí,No,No,No,NA
2024,P150350035,Sí,No,No,No,NA
2024,P150370009,Sí,No,No,No,NA
2024,P150370071,Sí,No,No,No,NA
2024,P150370074,Sí,No,No,No,NA
2024,P150370102,Sí,No,No,No,NA
2024,P150390001,Sí,No,No,No,NA
2024,P150390003,Sí,No,No,No,NA
2024,P150390004,Sí,No,No,No,NA
2024,P150390012,Sí,No,No,No,NA
2024,P150390017,Sí,No,No,No,NA
2024,P150390064,Sí,No,No,No,NA
2024,P150390082,Sí,No,No,No,NA
2024,P150390083,Sí,No,No,No,NA
2024,P150390091,Sí,No,No,No,NA
2024,P150390095,Sí,No,No,No,NA
2024,P150390099,Sí,No,No,No,NA
2024,P150390100,Sí,No,No,No,NA
2024,P150390102,Sí,No,No,No,NA
2024,P150390114,Sí,No,No,No,NA
2024,P150390123,Sí,No,No,No,NA
2024,P150390124,Sí,No,No,No,NA
2024,P150390125,Sí,No,No,No,NA
2024,P150390132,Sí,No,No,No,NA
2024,P150390133,Sí,No,No,No,NA
2024,P150390138,Sí,No,No,No,NA
2024,P150390141,Sí,No,No,No,NA
2024,P150390145,Sí,No,No,No,NA
2024,P150390146,Sí,No,No,No,NA
2024,P150390147,Sí,No,No,No,NA
2024,P150390148,Sí,No,No,No,NA
2024,P150390150,Sí,No,No,No,NA
2024,P150390151,Sí,No,No,No,NA
2024,P150390161,Sí,No,No,No,NA
2024,P150440001,Sí,No,No,No,NA
2024,P150440020,Sí,No,No,No,NA
2024,P150510001,Sí,No,No,No,NA
2024,P150510067,Sí,No,No,No,NA
2024,P150510086,Sí,No,No,No,NA
2024,P150530001,Sí,No,No,No,NA
2024,P150530002,Sí,No,No,No,NA
2024,P150530005,Sí,No,No,No,NA
2024,P150530010,Sí,No,No,No,NA
2024,P150530017,Sí,No,No,No,NA
2024,P150530020,Sí,No,No,No,NA
2024,P150530025,Sí,No,No,No,NA
2024,P150530026,Sí,No,No,No,NA
2024,P150530027,Sí,No,No,No,NA
2024,P150530028,Sí,No,No,No,NA
2024,P150530031,Sí,No,No,No,NA
2024,P150540001,Sí,No,No,No,NA
2024,P150540034,Sí,No,No,No,NA
2024,P150540037,Sí,No,No,No,NA
2024,P150540038,Sí,No,No,No,NA
2024,P150540041,Sí,No,No,No,NA
2024,P150540047,Sí,No,No,No,NA
2024,P150540049,Sí,No,No,No,NA
2024,P150540101,Sí,No,No,No,NA
2024,P150540107,Sí,No,No,No,NA
2024,P150570001,Sí,No,No,No,NA
2024,P150570265,Sí,No,No,No,NA
2024,P150570267,Sí,No,No,No,NA
2024,P150570268,Sí,No,No,No,NA
2024,P150570288,Sí,No,No,No,NA
2024,P150570312,Sí,No,No,No,NA
2024,P150570315,Sí,No,No,No,NA
2024,P150580001,Sí,No,No,No,NA
2024,P150580002,Sí,No,No,No,NA
2024,P150580003,Sí,No,No,No,NA
2024,P150580004,Sí,No,No,No,NA
2024,P150580005,Sí,No,No,No,NA
2024,P150590001,Sí,No,No,No,NA
2024,P150590002,Sí,No,No,No,NA
2024,P150590005,Sí,No,No,No,NA
2024,P150590016,Sí,No,No,No,NA
2024,P150590017,Sí,No,No,No,NA
2024,P150590018,Sí,No,No,No,NA
2024,P150590019,Sí,No,No,No,NA
2024,P150590023,Sí,No,No,No,NA
2024,P150590031,Sí,No,No,No,NA
2024,P150590033,Sí,No,No,No,NA
2024,P150590034,Sí,No,No,No,NA
2024,P150590035,Sí,No,No,No,NA
2024,P150590046,Sí,No,No,No,NA
2024,P150590049,Sí,No,No,No,NA
2024,P150590051,Sí,No,No,No,NA
2024,P150590053,Sí,No,No,No,NA
2024,P150590056,Sí,No,No,No,NA
2024,P150590057,Sí,No,No,No,NA
2024,P150590058,Sí,No,No,No,NA
2024,P150590062,Sí,No,No,No,NA
2024,P150600001,Sí,No,No,No,NA
2024,P150600005,Sí,No,No,No,NA
2024,P150600015,Sí,No,No,No,NA
2024,P150600016,Sí,No,No,No,NA
2024,P150600022,Sí,No,No,No,NA
2024,P150600031,Sí,No,No,No,NA
2024,P150600063,Sí,No,No,No,NA
2024,P150600068,Sí,No,No,No,NA
2024,P150600069,Sí,No,No,No,NA
2024,P150600081,Sí,No,No,No,NA
2024,P150600082,Sí,No,No,No,NA
2024,P150600083,Sí,No,No,No,NA
2024,P150600100,Sí,No,No,No,NA
2024,P150670005,Sí,No,No,No,NA
2024,P150670048,Sí,No,No,No,NA
2024,P150680001,Sí,No,No,No,NA
2024,P150680007,Sí,No,No,No,NA
2024,P150690001,Sí,No,No,No,NA
2024,P150690006,Sí,No,No,No,NA
2024,P150700001,Sí,No,No,No,NA
2024,P150700005,Sí,No,No,No,NA
2024,P150700008,Sí,No,No,No,NA
2024,P150700009,Sí,No,No,No,NA
2024,P150700013,Sí,No,No,No,NA
2024,P150700017,Sí,No,No,No,NA
2024,P150700019,Sí,No,No,No,NA
2024,P150700033,Sí,No,No,No,NA
2024,P150700035,Sí,No,No,No,NA
2024,P150700036,Sí,No,No,No,NA
2024,P150700037,Sí,No,No,No,NA
2024,P150700038,Sí,No,No,No,NA
2024,P150700039,Sí,No,No,No,NA
2024,P150700040,Sí,No,No,No,NA
2024,P150700041,Sí,No,No,No,NA
2024,P150700042,Sí,No,No,No,NA
2024,P150700043,Sí,No,No,No,NA
2024,P150700044,Sí,No,No,No,NA
2024,P150700045,Sí,No,No,No,NA
2024,P150750001,Sí,No,No,No,NA
2024,P150750007,Sí,No,No,No,NA
2024,P150750024,Sí,No,No,No,NA
2024,P150750025,Sí,No,No,No,NA
2024,P150750031,Sí,No,No,No,NA
2024,P150760001,Sí,No,No,No,NA
2024,P150810001,Sí,No,No,No,NA
2024,P150810004,Sí,No,No,No,NA
2024,P150810007,Sí,No,No,No,NA
2024,P150810009,Sí,No,No,No,NA
2024,P150810019,Sí,No,No,No,NA
2024,P150810020,Sí,No,No,No,NA
2024,P150810025,Sí,No,No,No,NA
2024,P150810050,Sí,No,No,No,NA
2024,P150810060,Sí,No,No,No,NA
2024,P150810064,Sí,No,No,No,NA
2024,P150810079,Sí,No,No,No,NA
2024,P150810080,Sí,No,No,No,NA
2024,P150810082,Sí,No,No,No,NA
2024,P150810083,Sí,No,No,No,NA
2024,P150810093,Sí,No,No,No,NA
2024,P150810094,Sí,No,No,No,NA
2024,P150810095,Sí,No,No,No,NA
2024,P150810096,Sí,No,No,No,NA
2024,P150810097,Sí,No,No,No,NA
2024,P150810098,Sí,No,No,No,NA
2024,P150810109,Sí,No,No,No,NA
2024,P150810114,Sí,No,No,No,NA
2024,P150810119,Sí,No,No,No,NA
2024,P150810120,Sí,No,No,No,NA
2024,P150810121,Sí,No,No,No,NA
2024,P150810124,Sí,No,No,No,NA
2024,P150810127,Sí,No,No,No,NA
2024,P150810128,Sí,No,No,No,NA
2024,P150830001,Sí,No,No,No,NA
2024,P150830008,Sí,No,No,No,NA
2024,P150830012,Sí,No,No,No,NA
2024,P150830014,Sí,No,No,No,NA
2024,P150830018,Sí,No,No,No,NA
2024,P150830020,Sí,No,No,No,NA
2024,P150830021,Sí,No,No,No,NA
2024,P150830023,Sí,No,No,No,NA
2024,P150830024,Sí,No,No,No,NA
2024,P150830025,Sí,No,No,No,NA
2024,P150830030,Sí,No,No,No,NA
2024,P150910001,Sí,No,No,No,NA
2024,P150910010,Sí,No,No,No,NA
2024,P150910012,Sí,No,No,No,NA
2024,P150910023,Sí,No,No,No,NA
2024,P150910029,Sí,No,No,No,NA
2024,P150920001,Sí,No,No,No,NA
2024,P150920002,Sí,No,No,No,NA
2024,P150920005,Sí,No,No,No,NA
2024,P150920013,Sí,No,No,No,NA
2024,P150920018,Sí,No,No,No,NA
2024,P150920019,Sí,No,No,No,NA
2024,P150920020,Sí,No,No,No,NA
2024,P150920025,Sí,No,No,No,NA
2024,P150920033,Sí,No,No,No,NA
2024,P150920034,Sí,No,No,No,NA
2024,P150920036,Sí,No,No,No,NA
2024,P150920039,Sí,No,No,No,NA
2024,P150920040,Sí,No,No,No,NA
2024,P150920041,Sí,No,No,No,NA
2024,P150920042,Sí,No,No,No,NA
2024,P150920107,Sí,No,No,No,NA
2024,P150920108,Sí,No,No,No,NA
2024,P150930003,Sí,No,No,No,NA
2024,P150930005,Sí,No,No,No,NA
2024,P150930035,Sí,No,No,No,NA
2024,P150930036,Sí,No,No,No,NA
2024,P150950001,Sí,No,No,No,NA
2024,P150950045,Sí,No,No,No,NA
2024,P150950047,Sí,No,No,No,NA
2024,P150950055,Sí,No,No,No,NA
2024,P150950067,Sí,No,No,No,NA
2024,P150950070,Sí,No,No,No,NA
2024,P150950071,Sí,No,No,No,NA
2024,P150950072,Sí,No,No,No,NA
2024,P150950073,Sí,No,No,No,NA
2024,P150950074,Sí,No,No,No,NA
2024,P150950076,Sí,No,No,No,NA
2024,P150950077,Sí,No,No,No,NA
2024,P150990001,Sí,No,No,No,NA
2024,P150990003,Sí,No,No,No,NA
2024,P150990007,Sí,No,No,No,NA
2024,P150990008,Sí,No,No,No,NA
2024,P150990012,Sí,No,No,No,NA
2024,P150990014,Sí,No,No,No,NA
2024,P150990015,Sí,No,No,No,NA
2024,P150990017,Sí,No,No,No,NA
2024,P150990018,Sí,No,No,No,NA
2024,P150990020,Sí,No,No,No,NA
2024,P150990021,Sí,No,No,No,NA
2024,P150990023,Sí,No,No,No,NA
2024,P150990026,Sí,No,No,No,NA
2024,P150990028,Sí,No,No,No,NA
2024,P150990029,Sí,No,No,No,NA
2024,P150990033,Sí,No,No,No,NA
2024,P150990034,Sí,No,No,No,NA
2024,P150990036,Sí,No,No,No,NA
2024,P150990037,Sí,No,No,No,NA
2024,P150990042,Sí,No,No,No,NA
2024,P150990044,Sí,No,No,No,NA
2024,P150990045,Sí,No,No,No,NA
2024,P150990046,Sí,No,No,No,NA
2024,P150990047,Sí,No,No,No,NA
2024,P150990048,Sí,No,No,No,NA
2024,P150990052,Sí,No,No,No,NA
2024,P150990053,Sí,No,No,No,NA
2024,P150990062,Sí,No,No,No,NA
2024,P150990063,Sí,No,No,No,NA
2024,P150990064,Sí,No,No,No,NA
2024,P150990070,Sí,No,No,No,NA
2024,P150990078,Sí,No,No,No,NA
2024,P150990081,Sí,No,No,No,NA
2024,P150990090,Sí,No,No,No,NA
2024,P150990093,Sí,No,No,No,NA
2024,P150990096,Sí,No,No,No,NA
2024,P150990102,Sí,No,No,No,NA
2024,P150990106,Sí,No,No,No,NA
2024,P150990108,Sí,No,No,No,NA
2024,P150990109,Sí,No,No,No,NA
2024,P150990110,Sí,No,No,No,NA
2024,P150990114,Sí,No,No,No,NA
2024,P150990116,Sí,No,No,No,NA
2024,P150990120,Sí,No,No,No,NA
2024,P150990121,Sí,No,No,No,NA
2024,P150990123,Sí,No,No,No,NA
2024,P150990126,Sí,No,No,No,NA
2024,P150990130,Sí,No,No,No,NA
2024,P150990141,Sí,No,No,No,NA
2024,P150990144,Sí,No,No,No,NA
2024,P150990149,Sí,No,No,No,NA
2024,P150990150,Sí,No,No,No,NA
2024,P150990151,Sí,No,No,No,NA
2024,P150990152,Sí,No,No,No,NA
2024,P150990154,Sí,No,No,No,NA
2024,P150990157,Sí,No,No,No,NA
2024,P150990159,Sí,No,No,No,NA
2024,P150990160,Sí,No,No,No,NA
2024,P150990171,Sí,No,No,No,NA
2024,P150990172,Sí,No,No,No,NA
2024,P150990173,Sí,No,No,No,NA
2024,P150990174,Sí,No,No,No,NA
2024,P151000001,Sí,No,No,No,NA
2024,P151000002,Sí,No,No,No,NA
2024,P151000004,Sí,No,No,No,NA
2024,P151000006,Sí,No,No,No,NA
2024,P151000007,Sí,No,No,No,NA
2024,P151000008,Sí,No,No,No,NA
2024,P151000010,Sí,No,No,No,NA
2024,P151000012,Sí,No,No,No,NA
2024,P151000013,Sí,No,No,No,NA
2024,P151000014,Sí,No,No,No,NA
2024,P151000015,Sí,No,No,No,NA
2024,P151000016,Sí,No,No,No,NA
2024,P151000017,Sí,No,No,No,NA
2024,P151000019,Sí,No,No,No,NA
2024,P151030001,Sí,No,No,No,NA
2024,P151030002,Sí,No,No,No,NA
2024,P151030004,Sí,No,No,No,NA
2024,P151030005,Sí,No,No,No,NA
2024,P151030006,Sí,No,No,No,NA
2024,P151030009,Sí,No,No,No,NA
2024,P151030012,Sí,No,No,No,NA
2024,P151030018,Sí,No,No,No,NA
2024,P151030022,Sí,No,No,No,NA
2024,P151030024,Sí,No,No,No,NA
2024,P151030038,Sí,No,No,No,NA
2024,P151030042,Sí,No,No,No,NA
2024,P151030043,Sí,No,No,No,NA
2024,P151030047,Sí,No,No,No,NA
2024,P151030050,Sí,No,No,No,NA
2024,P151030069,Sí,No,No,No,NA
2024,P151030070,Sí,No,No,No,NA
2024,P151030076,Sí,No,No,No,NA
2024,P151030077,Sí,No,No,No,NA
2024,P151030085,Sí,No,No,No,NA
2024,P151030087,Sí,No,No,No,NA
2024,P151030089,Sí,No,No,No,NA
2024,P151030090,Sí,No,No,No,NA
2024,P151030091,Sí,No,No,No,NA
2024,P151030095,Sí,No,No,No,NA
2024,P151030098,Sí,No,No,No,NA
2024,P151030101,Sí,No,No,No,NA
2024,P151030103,Sí,No,No,No,NA
2024,P151030104,Sí,No,No,No,NA
2024,P151030105,Sí,No,No,No,NA
2024,P151040001,Sí,No,No,No,NA
2024,P151040105,Sí,No,No,No,NA
2024,P151040106,Sí,No,No,No,NA
2024,P151040107,Sí,No,No,No,NA
2024,P151040240,Sí,No,No,No,NA
2024,P151060001,Sí,No,No,No,NA
2024,P151060043,Sí,No,No,No,NA
2024,P151060046,Sí,No,No,No,NA
2024,P151060050,Sí,No,No,No,NA
2024,P151060063,Sí,No,No,No,NA
2024,P151060064,Sí,No,No,No,NA
2024,P151060068,Sí,No,No,No,NA
2024,P151060072,Sí,No,No,No,NA
2024,P151060075,Sí,No,No,No,NA
2024,P151060079,Sí,No,No,No,NA
2024,P151060080,Sí,No,No,No,NA
2024,P151060084,Sí,No,No,No,NA
2024,P151060086,Sí,No,No,No,NA
2024,P151060087,Sí,No,No,No,NA
2024,P151060088,Sí,No,No,No,NA
2024,P151060090,Sí,No,No,No,NA
2024,P151060092,Sí,No,No,No,NA
2024,P151060093,Sí,No,No,No,NA
2024,P151060112,Sí,No,No,No,NA
2024,P151060131,Sí,No,No,No,NA
2024,P151060134,Sí,No,No,No,NA
2024,P151060137,Sí,No,No,No,NA
2024,P151060153,Sí,No,No,No,NA
2024,P151060159,Sí,No,No,No,NA
2024,P151060177,Sí,No,No,No,NA
2024,P151060219,Sí,No,No,No,NA
2024,P151060229,Sí,No,No,No,NA
2024,P151060230,Sí,No,No,No,NA
2024,P151060232,Sí,No,No,No,NA
2024,P151060233,Sí,No,No,No,NA
2024,P151060234,Sí,No,No,No,NA
2024,P151060235,Sí,No,No,No,NA
2024,P151060236,Sí,No,No,No,NA
2024,P151060238,Sí,No,No,No,NA
2024,P151080001,Sí,No,No,No,NA
2024,P151080005,Sí,No,No,No,NA
2024,P151080009,Sí,No,No,No,NA
2024,P151080010,Sí,No,No,No,NA
2024,P151080014,Sí,No,No,No,NA
2024,P151080019,Sí,No,No,No,NA
2024,P151080039,Sí,No,No,No,NA
2024,P151080043,Sí,No,No,No,NA
2024,P151080045,Sí,No,No,No,NA
2024,P151080049,Sí,No,No,No,NA
2024,P151080052,Sí,No,No,No,NA
2024,P151080058,Sí,No,No,No,NA
2024,P151080059,Sí,No,No,No,NA
2024,P151080060,Sí,No,No,No,NA
2024,P151080061,Sí,No,No,No,NA
2024,P151080062,Sí,No,No,No,NA
2024,P151080063,Sí,No,No,No,NA
2024,P151090001,Sí,No,No,No,NA
2024,P151090003,Sí,No,No,No,NA
2024,P151090014,Sí,No,No,No,NA
2024,P151090025,Sí,No,No,No,NA
2024,P151090068,Sí,No,No,No,NA
2024,P151090069,Sí,No,No,No,NA
2024,P151090071,Sí,No,No,No,NA
2024,P151090072,Sí,No,No,No,NA
2024,P151090076,Sí,No,No,No,NA
2024,P151090080,Sí,No,No,No,NA
2024,P151090081,Sí,No,No,No,NA
2024,P151090082,Sí,No,No,No,NA
2024,P151180001,Sí,No,No,No,NA
2024,P151180060,Sí,No,No,No,NA
2024,P151180097,Sí,No,No,No,NA
2024,P151180133,Sí,No,No,No,NA
2024,P151200001,Sí,No,No,No,NA
2024,P151200006,Sí,No,No,No,NA
2024,P151200007,Sí,No,No,No,NA
2024,P151200011,Sí,No,No,No,NA
2024,P151200014,Sí,No,No,No,NA
2024,P151200019,Sí,No,No,No,NA
2024,P151200031,Sí,No,No,No,NA
2024,P151200035,Sí,No,No,No,NA
2024,P151200041,Sí,No,No,No,NA
2024,P151200045,Sí,No,No,No,NA
2024,P151200049,Sí,No,No,No,NA
2024,P151200054,Sí,No,No,No,NA
2024,P151200056,Sí,No,No,No,NA
2024,P151200057,Sí,No,No,No,NA
2024,P151200074,Sí,No,No,No,NA
2024,P151200076,Sí,No,No,No,NA
2024,P151200083,Sí,No,No,No,NA
2024,P151200106,Sí,No,No,No,NA
2024,P151200111,Sí,No,No,No,NA
2024,P151200125,Sí,No,No,No,NA
2024,P151200144,Sí,No,No,No,NA
2024,P151200148,Sí,No,No,No,NA
2024,P151200149,Sí,No,No,No,NA
2024,P151200161,Sí,No,No,No,NA
2024,P151200163,Sí,No,No,No,NA
2024,P151200164,Sí,No,No,No,NA
2024,P151200165,Sí,No,No,No,NA
2024,P151200177,Sí,No,No,No,NA
2024,P151200178,Sí,No,No,No,NA
2024,P151200179,Sí,No,No,No,NA
2024,P151200198,Sí,No,No,No,NA
2024,P151200200,Sí,No,No,No,NA
2024,P151200205,Sí,No,No,No,NA
2024,P151210001,Sí,No,No,No,NA
2024,P151210007,Sí,No,No,No,NA
2024,P151210020,Sí,No,No,No,NA
2024,P151210046,Sí,No,No,No,NA
2024,P151210062,Sí,No,No,No,NA
2024,P151210108,Sí,No,No,No,NA
2024,P151210111,Sí,No,No,No,NA
2024,P151210114,Sí,No,No,No,NA
2024,P151210117,Sí,No,No,No,NA
2024,P151210118,Sí,No,No,No,NA
2024,P151220001,Sí,No,No,No,NA
2024,P151220002,Sí,No,No,No,NA
2024,P151220003,Sí,No,No,No,NA
2024,P151220005,Sí,No,No,No,NA
2024,P151220006,Sí,No,No,No,NA
2024,P151220007,Sí,No,No,No,NA
2024,P151220008,Sí,No,No,No,NA
2024,P151250001,Sí,No,No,No,NA
2024,P151250002,Sí,No,No,No,NA
2024,P151250003,Sí,No,No,No,NA
2024,P151250004,Sí,No,No,No,NA
2024,P151250005,Sí,No,No,No,NA
2024,P151250006,Sí,No,No,No,NA
2024,P151250007,Sí,No,No,No,NA
2024,P160010001,Sí,No,No,No,NA
2024,P160010004,Sí,No,No,No,NA
2024,P160010053,Sí,No,No,No,NA
2024,P160520001,Sí,No,No,No,NA
2024,P160520525,Sí,No,No,No,NA
2024,P160530001,Sí,No,No,No,NA
2024,P160530032,Sí,No,No,No,NA
2024,P160530045,Sí,No,No,No,NA
2024,P160530059,Sí,No,No,No,NA
2024,P160530061,Sí,No,No,No,NA
2024,P160530071,Sí,No,No,No,NA
2024,P160530074,Sí,No,No,No,NA
2024,P160530086,Sí,No,No,No,NA
2024,P160530089,Sí,No,No,No,NA
2024,P160530114,Sí,No,No,No,NA
2024,P160530117,Sí,No,No,No,NA
2024,P160530141,Sí,No,No,No,NA
2024,P160530157,Sí,No,No,No,NA
2024,P160530167,Sí,No,No,No,NA
2024,P160530261,Sí,No,No,No,NA
2024,P160530271,Sí,No,No,No,NA
2024,P160530276,Sí,No,No,No,NA
2024,P160530277,Sí,No,No,No,NA
2024,P160530287,Sí,No,No,No,NA
2024,P160530289,Sí,No,No,No,NA
2024,P160530299,Sí,No,No,No,NA
2024,P160530314,Sí,No,No,No,NA
2024,P160530321,Sí,No,No,No,NA
2024,P160530353,Sí,No,No,No,NA
2024,P160530365,Sí,No,No,No,NA
2024,P160530414,Sí,No,No,No,NA
2024,P160530467,Sí,No,No,No,NA
2024,P160530483,Sí,No,No,No,NA
2024,P160530486,Sí,No,No,No,NA
2024,P160530490,Sí,No,No,No,NA
2024,P160530495,Sí,No,No,No,NA
2024,P160530507,Sí,No,No,No,NA
2024,P160530511,Sí,No,No,No,NA
2024,P160530518,Sí,No,No,No,NA
2024,P160530523,Sí,No,No,No,NA
2024,P160530551,Sí,No,No,No,NA
2024,P160880063,Sí,No,No,No,NA
2024,P160880078,Sí,No,No,No,NA
2024,P160880121,Sí,No,No,No,NA
2024,P160880123,Sí,No,No,No,NA
2024,P160880125,Sí,No,No,No,NA
2024,P160880131,Sí,No,No,No,NA
2024,P160880133,Sí,No,No,No,NA
2024,P160880136,Sí,No,No,No,NA
2024,P160880147,Sí,No,No,No,NA
2024,P170070001,Sí,No,No,No,NA
2024,P170070062,Sí,No,No,No,NA
2024,P170070087,Sí,No,No,No,NA
2024,P170070092,Sí,No,No,No,NA
2024,P170070101,Sí,No,No,No,NA
2024,P170070114,Sí,No,No,No,NA
2024,P170070115,Sí,No,No,No,NA
2024,P170070120,Sí,No,No,No,NA
2024,P170070121,Sí,No,No,No,NA
2024,P170070125,Sí,No,No,No,NA
2024,P170070126,Sí,No,No,No,NA
2024,P170070142,Sí,No,No,No,NA
2024,P170080005,Sí,No,No,No,NA
2024,P170080031,Sí,No,No,No,NA
2024,P170080052,Sí,No,No,No,NA
2024,P170080063,Sí,No,No,No,NA
2024,P170110009,Sí,No,No,No,NA
2024,P170110051,Sí,No,No,No,NA
2024,P170110076,Sí,No,No,No,NA
2024,P170110079,Sí,No,No,No,NA
2024,P170110085,Sí,No,No,No,NA
2024,P170180001,Sí,No,No,No,NA
2024,P170180029,Sí,No,No,No,NA
2024,P170180030,Sí,No,No,No,NA
2024,P170180048,Sí,No,No,No,NA
2024,P170180051,Sí,No,No,No,NA
2024,P170180067,Sí,No,No,No,NA
2024,P170180070,Sí,No,No,No,NA
2024,P170180079,Sí,No,No,No,NA
2024,P170200085,Sí,No,No,No,NA
2024,P170200097,Sí,No,No,No,NA
2024,P170200109,Sí,No,No,No,NA
2024,P170280078,Sí,No,No,No,NA
2024,P170280087,Sí,No,No,No,NA
2024,P170280113,Sí,No,No,No,NA
2024,P180170001,Sí,No,No,No,NA
2024,P180200013,Sí,No,No,No,NA
2024,P180200024,Sí,No,No,No,NA
2024,P180200043,Sí,No,No,No,NA
2024,P180200049,Sí,No,No,No,NA
2024,P180200053,Sí,No,No,No,NA
2024,P180200054,Sí,No,No,No,NA
2024,P180200059,Sí,No,No,No,NA
2024,P180200098,Sí,No,No,No,NA
2024,P180200192,Sí,No,No,No,NA
2024,P180200241,Sí,No,No,No,NA
2024,P180200254,Sí,No,No,No,NA
2024,P180200344,Sí,No,No,No,NA
2024,P180200350,Sí,No,No,No,NA
2024,P180200434,Sí,No,No,No,NA
2024,P180200459,Sí,No,No,No,NA
2024,P180200461,Sí,No,No,No,NA
2024,P180200463,Sí,No,No,No,NA
2024,P180200467,Sí,No,No,No,NA
2024,P180200476,Sí,No,No,No,NA
2024,P180200510,Sí,No,No,No,NA
2024,P180200531,Sí,No,No,No,NA
2024,P180200575,Sí,No,No,No,NA
2024,P180200596,Sí,No,No,No,NA
2024,P180200620,Sí,No,No,No,NA
2024,P190060001,Sí,No,No,No,NA
2024,P190060036,Sí,No,No,No,NA
2024,P190060039,Sí,No,No,No,NA
2024,P190060078,Sí,No,No,No,NA
2024,P190060092,Sí,No,No,No,NA
2024,P190060116,Sí,No,No,No,NA
2024,P190060133,Sí,No,No,No,NA
2024,P190060155,Sí,No,No,No,NA
2024,P190060174,Sí,No,No,No,NA
2024,P190060178,Sí,No,No,No,NA
2024,P190060185,Sí,No,No,No,NA
2024,P190060187,Sí,No,No,No,NA
2024,P190060192,Sí,No,No,No,NA
2024,P190060198,Sí,No,No,No,NA
2024,P190060204,Sí,No,No,No,NA
2024,P190060216,Sí,No,No,No,NA
2024,P190060220,Sí,No,No,No,NA
2024,P190060239,Sí,No,No,No,NA
2024,P190060242,Sí,No,No,No,NA
2024,P190060243,Sí,No,No,No,NA
2024,P190060246,Sí,No,No,No,NA
2024,P190060249,Sí,No,No,No,NA
2024,P190060258,Sí,No,No,No,NA
2024,P190060288,Sí,No,No,No,NA
2024,P190060294,Sí,No,No,No,NA
2024,P190060304,Sí,No,No,No,NA
2024,P190060313,Sí,No,No,No,NA
2024,P190060327,Sí,No,No,No,NA
2024,P190060343,Sí,No,No,No,NA
2024,P190060349,Sí,No,No,No,NA
2024,P190060357,Sí,No,No,No,NA
2024,P190060359,Sí,No,No,No,NA
2024,P190060366,Sí,No,No,No,NA
2024,P190060379,Sí,No,No,No,NA
2024,P190060385,Sí,No,No,No,NA
2024,P190060386,Sí,No,No,No,NA
2024,P190060388,Sí,No,No,No,NA
2024,P190060389,Sí,No,No,No,NA
2024,P190060391,Sí,No,No,No,NA
2024,P190060392,Sí,No,No,No,NA
2024,P190060396,Sí,No,No,No,NA
2024,P190060402,Sí,No,No,No,NA
2024,P190060403,Sí,No,No,No,NA
2024,P190060404,Sí,No,No,No,NA
2024,P190060405,Sí,No,No,No,NA
2024,P190060407,Sí,No,No,No,NA
2024,P190100030,Sí,No,No,No,NA
2024,P190100050,Sí,No,No,No,NA
2024,P190100119,Sí,No,No,No,NA
2024,P190100130,Sí,No,No,No,NA
2024,P190180001,Sí,No,No,No,NA
2024,P190180122,Sí,No,No,No,NA
2024,P190180124,Sí,No,No,No,NA
2024,P190180154,Sí,No,No,No,NA
2024,P190180184,Sí,No,No,No,NA
2024,P190180186,Sí,No,No,No,NA
2024,P190190001,Sí,No,No,No,NA
2024,P190190026,Sí,No,No,No,NA
2024,P190190029,Sí,No,No,No,NA
2024,P190190030,Sí,No,No,No,NA
2024,P190190031,Sí,No,No,No,NA
2024,P190190032,Sí,No,No,No,NA
2024,P190210001,Sí,No,No,No,NA
2024,P190210079,Sí,No,No,No,NA
2024,P190210101,Sí,No,No,No,NA
2024,P190210102,Sí,No,No,No,NA
2024,P190210149,Sí,No,No,No,NA
2024,P190210150,Sí,No,No,No,NA
2024,P190210151,Sí,No,No,No,NA
2024,P190250039,Sí,No,No,No,NA
2024,P190250130,Sí,No,No,No,NA
2024,P190250137,Sí,No,No,No,NA
2024,P190250142,Sí,No,No,No,NA
2024,P190250292,Sí,No,No,No,NA
2024,P190250297,Sí,No,No,No,NA
2024,P190250300,Sí,No,No,No,NA
2024,P190260001,Sí,No,No,No,NA
2024,P190260134,Sí,No,No,No,NA
2024,P190260146,Sí,No,No,No,NA
2024,P190260147,Sí,No,No,No,NA
2024,P190260157,Sí,No,No,No,NA
2024,P190260175,Sí,No,No,No,NA
2024,P190260176,Sí,No,No,No,NA
2024,P190260177,Sí,No,No,No,NA
2024,P190310357,Sí,No,No,No,NA
2024,P190390001,Sí,No,No,No,NA
2024,P190410001,Sí,No,No,No,NA
2024,P190410002,Sí,No,No,No,NA
2024,P190410026,Sí,No,No,No,NA
2024,P190410052,Sí,No,No,No,NA
2024,P190410075,Sí,No,No,No,NA
2024,P190410081,Sí,No,No,No,NA
2024,P190410168,Sí,No,No,No,NA
2024,P190410181,Sí,No,No,No,NA
2024,P190410189,Sí,No,No,No,NA
2024,P190410198,Sí,No,No,No,NA
2024,P190410200,Sí,No,No,No,NA
2024,P190410202,Sí,No,No,No,NA
2024,P190410206,Sí,No,No,No,NA
2024,P190410221,Sí,No,No,No,NA
2024,P190410249,Sí,No,No,No,NA
2024,P190410252,Sí,No,No,No,NA
2024,P190410268,Sí,No,No,No,NA
2024,P190410318,Sí,No,No,No,NA
2024,P190410319,Sí,No,No,No,NA
2024,P190410320,Sí,No,No,No,NA
2024,P190410335,Sí,No,No,No,NA
2024,P190410343,Sí,No,No,No,NA
2024,P190410351,Sí,No,No,No,NA
2024,P190410368,Sí,No,No,No,NA
2024,P190410402,Sí,No,No,No,NA
2024,P190410405,Sí,No,No,No,NA
2024,P190410407,Sí,No,No,No,NA
2024,P190410418,Sí,No,No,No,NA
2024,P190410419,Sí,No,No,No,NA
2024,P190410433,Sí,No,No,No,NA
2024,P190410434,Sí,No,No,No,NA
2024,P190410435,Sí,No,No,No,NA
2024,P190410449,Sí,No,No,No,NA
2024,P190410450,Sí,No,No,No,NA
2024,P190410451,Sí,No,No,No,NA
2024,P190410456,Sí,No,No,No,NA
2024,P190450239,Sí,No,No,No,NA
2024,P190450241,Sí,No,No,No,NA
2024,P190450380,Sí,No,No,No,NA
2024,P190450385,Sí,No,No,No,NA
2024,P190450405,Sí,No,No,No,NA
2024,P190450452,Sí,No,No,No,NA
2024,P190450466,Sí,No,No,No,NA
2024,P190450467,Sí,No,No,No,NA
2024,P190450550,Sí,No,No,No,NA
2024,P190450551,Sí,No,No,No,NA
2024,P190450559,Sí,No,No,No,NA
2024,P190450568,Sí,No,No,No,NA
2024,P190460001,Sí,No,No,No,NA
2024,P190480001,Sí,No,No,No,NA
2024,P190480094,Sí,No,No,No,NA
2024,P190480165,Sí,No,No,No,NA
2024,P190480171,Sí,No,No,No,NA
2024,P200670001,Sí,No,No,No,NA
2024,P210340006,Sí,No,No,No,NA
2024,P210340013,Sí,No,No,No,NA
2024,P210340016,Sí,No,No,No,NA
2024,P210340018,Sí,No,No,No,NA
2024,P210410005,Sí,No,No,No,NA
2024,P210410008,Sí,No,No,No,NA
2024,P210410013,Sí,No,No,No,NA
2024,P210410018,Sí,No,No,No,NA
2024,P210410019,Sí,No,No,No,NA
2024,P210410026,Sí,No,No,No,NA
2024,P210410029,Sí,No,No,No,NA
2024,P211140001,Sí,No,No,No,NA
2024,P211190001,Sí,No,No,No,NA
2024,P211190013,Sí,No,No,No,NA
2024,P211280001,Sí,No,No,No,NA
2024,P211280035,Sí,No,No,No,NA
2024,P211280039,Sí,No,No,No,NA
2024,P211280040,Sí,No,No,No,NA
2024,P211280045,Sí,No,No,No,NA
2024,P211280046,Sí,No,No,No,NA
2024,P211280047,Sí,No,No,No,NA
2024,P211280055,Sí,No,No,No,NA
2024,P211280056,Sí,No,No,No,NA
2024,P211280057,Sí,No,No,No,NA
2024,P211280060,Sí,No,No,No,NA
2024,P211360001,Sí,No,No,No,NA
2024,P211360002,Sí,No,No,No,NA
2024,P211360003,Sí,No,No,No,NA
2024,P211360004,Sí,No,No,No,NA
2024,P211400014,Sí,No,No,No,NA
2024,P211810005,Sí,No,No,No,NA
2024,P220050017,Sí,No,No,No,NA
2024,P220060019,Sí,No,No,No,NA
2024,P220060044,Sí,No,No,No,NA
2024,P220060140,Sí,No,No,No,NA
2024,P220060142,Sí,No,No,No,NA
2024,P220060284,Sí,No,No,No,NA
2024,P220110002,Sí,No,No,No,NA
2024,P220110012,Sí,No,No,No,NA
2024,P220110013,Sí,No,No,No,NA
2024,P220110016,Sí,No,No,No,NA
2024,P220110017,Sí,No,No,No,NA
2024,P220110021,Sí,No,No,No,NA
2024,P220110022,Sí,No,No,No,NA
2024,P220110041,Sí,No,No,No,NA
2024,P220110048,Sí,No,No,No,NA
2024,P220110049,Sí,No,No,No,NA
2024,P220110059,Sí,No,No,No,NA
2024,P220110063,Sí,No,No,No,NA
2024,P220110082,Sí,No,No,No,NA
2024,P220110121,Sí,No,No,No,NA
2024,P220110122,Sí,No,No,No,NA
2024,P220110144,Sí,No,No,No,NA
2024,P220110149,Sí,No,No,No,NA
2024,P220110161,Sí,No,No,No,NA
2024,P220110163,Sí,No,No,No,NA
2024,P220110166,Sí,No,No,No,NA
2024,P220110188,Sí,No,No,No,NA
2024,P220110196,Sí,No,No,No,NA
2024,P220110202,Sí,No,No,No,NA
2024,P220110207,Sí,No,No,No,NA
2024,P220110210,Sí,No,No,No,NA
2024,P220110217,Sí,No,No,No,NA
2024,P220110234,Sí,No,No,No,NA
2024,P220110286,Sí,No,No,No,NA
2024,P220110287,Sí,No,No,No,NA
2024,P220110346,Sí,No,No,No,NA
2024,P220110363,Sí,No,No,No,NA
2024,P220110380,Sí,No,No,No,NA
2024,P220110383,Sí,No,No,No,NA
2024,P220110386,Sí,No,No,No,NA
2024,P220110394,Sí,No,No,No,NA
2024,P220110404,Sí,No,No,No,NA
2024,P220110432,Sí,No,No,No,NA
2024,P220110433,Sí,No,No,No,NA
2024,P220110439,Sí,No,No,No,NA
2024,P220110440,Sí,No,No,No,NA
2024,P220110443,Sí,No,No,No,NA
2024,P220110445,Sí,No,No,No,NA
2024,P220110465,Sí,No,No,No,NA
2024,P220110480,Sí,No,No,No,NA
2024,P220110483,Sí,No,No,No,NA
2024,P220110498,Sí,No,No,No,NA
2024,P220110501,Sí,No,No,No,NA
2024,P220140001,Sí,No,No,No,NA
2024,P220140046,Sí,No,No,No,NA
2024,P220140082,Sí,No,No,No,NA
2024,P220140085,Sí,No,No,No,NA
2024,P220140087,Sí,No,No,No,NA
2024,P220140092,Sí,No,No,No,NA
2024,P220140095,Sí,No,No,No,NA
2024,P220140101,Sí,No,No,No,NA
2024,P220140106,Sí,No,No,No,NA
2024,P220140108,Sí,No,No,No,NA
2024,P220140181,Sí,No,No,No,NA
2024,P220140183,Sí,No,No,No,NA
2024,P220140221,Sí,No,No,No,NA
2024,P220140254,Sí,No,No,No,NA
2024,P220140281,Sí,No,No,No,NA
2024,P220140304,Sí,No,No,No,NA
2024,P220140318,Sí,No,No,No,NA
2024,P220140322,Sí,No,No,No,NA
2024,P220140350,Sí,No,No,No,NA
2024,P220140361,Sí,No,No,No,NA
2024,P220140366,Sí,No,No,No,NA
2024,P220140371,Sí,No,No,No,NA
2024,P220140406,Sí,No,No,No,NA
2024,P220140507,Sí,No,No,No,NA
2024,P220140522,Sí,No,No,No,NA
2024,P220140533,Sí,No,No,No,NA
2024,P220140569,Sí,No,No,No,NA
2024,P220140588,Sí,No,No,No,NA
2024,P220140589,Sí,No,No,No,NA
2024,P220140597,Sí,No,No,No,NA
2024,P220160001,Sí,No,No,No,NA
2024,P220160009,Sí,No,No,No,NA
2024,P220160053,Sí,No,No,No,NA
2024,P220160134,Sí,No,No,No,NA
2024,P220160284,Sí,No,No,No,NA
2024,P220160330,Sí,No,No,No,NA
2024,P220160332,Sí,No,No,No,NA
2024,P220160336,Sí,No,No,No,NA
2024,P230030092,Sí,No,No,No,NA
2024,P230030190,Sí,No,No,No,NA
2024,P230030191,Sí,No,No,No,NA
2024,P230030289,Sí,No,No,No,NA
2024,P230030290,Sí,No,No,No,NA
2024,P230030318,Sí,No,No,No,NA
2024,P230030334,Sí,No,No,No,NA
2024,P230030387,Sí,No,No,No,NA
2024,P230030391,Sí,No,No,No,NA
2024,P230030395,Sí,No,No,No,NA
2024,P230030414,Sí,No,No,No,NA
2024,P230030421,Sí,No,No,No,NA
2024,P230030467,Sí,No,No,No,NA
2024,P230030476,Sí,No,No,No,NA
2024,P230030526,Sí,No,No,No,NA
2024,P230050001,Sí,No,No,No,NA
2024,P230050002,Sí,No,No,No,NA
2024,P230050016,Sí,No,No,No,NA
2024,P230050124,Sí,No,No,No,NA
2024,P230050126,Sí,No,No,No,NA
2024,P230050158,Sí,No,No,No,NA
2024,P230050160,Sí,No,No,No,NA
2024,P230050187,Sí,No,No,No,NA
2024,P230050193,Sí,No,No,No,NA
2024,P230050201,Sí,No,No,No,NA
2024,P230050202,Sí,No,No,No,NA
2024,P230050207,Sí,No,No,No,NA
2024,P230050210,Sí,No,No,No,NA
2024,P230050229,Sí,No,No,No,NA
2024,P230050232,Sí,No,No,No,NA
2024,P230050237,Sí,No,No,No,NA
2024,P230050245,Sí,No,No,No,NA
2024,P230050261,Sí,No,No,No,NA
2024,P230050291,Sí,No,No,No,NA
2024,P230050405,Sí,No,No,No,NA
2024,P230050441,Sí,No,No,No,NA
2024,P230050472,Sí,No,No,No,NA
2024,P230050492,Sí,No,No,No,NA
2024,P230050509,Sí,No,No,No,NA
2024,P230050520,Sí,No,No,No,NA
2024,P230050521,Sí,No,No,No,NA
2024,P230050522,Sí,No,No,No,NA
2024,P230050531,Sí,No,No,No,NA
2024,P230050552,Sí,No,No,No,NA
2024,P230050587,Sí,No,No,No,NA
2024,P230050619,Sí,No,No,No,NA
2024,P230050626,Sí,No,No,No,NA
2024,P230050655,Sí,No,No,No,NA
2024,P230050718,Sí,No,No,No,NA
2024,P230050727,Sí,No,No,No,NA
2024,P230050729,Sí,No,No,No,NA
2024,P230050767,Sí,No,No,No,NA
2024,P230050784,Sí,No,No,No,NA
2024,P230050788,Sí,No,No,No,NA
2024,P230050828,Sí,No,No,No,NA
2024,P230050830,Sí,No,No,No,NA
2024,P230050927,Sí,No,No,No,NA
2024,P230050936,Sí,No,No,No,NA
2024,P230050938,Sí,No,No,No,NA
2024,P230050948,Sí,No,No,No,NA
2024,P230050952,Sí,No,No,No,NA
2024,P230050976,Sí,No,No,No,NA
2024,P230051102,Sí,No,No,No,NA
2024,P230051123,Sí,No,No,No,NA
2024,P230051144,Sí,No,No,No,NA
2024,P230051156,Sí,No,No,No,NA
2024,P230051274,Sí,No,No,No,NA
2024,P230051290,Sí,No,No,No,NA
2024,P230051303,Sí,No,No,No,NA
2024,P230051314,Sí,No,No,No,NA
2024,P230051328,Sí,No,No,No,NA
2024,P230051345,Sí,No,No,No,NA
2024,P230051373,Sí,No,No,No,NA
2024,P230051401,Sí,No,No,No,NA
2024,P230051461,Sí,No,No,No,NA
2024,P230051482,Sí,No,No,No,NA
2024,P230051503,Sí,No,No,No,NA
2024,P230051521,Sí,No,No,No,NA
2024,P230051525,Sí,No,No,No,NA
2024,P230051526,Sí,No,No,No,NA
2024,P230051528,Sí,No,No,No,NA
2024,P230051532,Sí,No,No,No,NA
2024,P230051535,Sí,No,No,No,NA
2024,P230051538,Sí,No,No,No,NA
2024,P230051540,Sí,No,No,No,NA
2024,P230051547,Sí,No,No,No,NA
2024,P230051551,Sí,No,No,No,NA
2024,P230051556,Sí,No,No,No,NA
2024,P230051560,Sí,No,No,No,NA
2024,P230051574,Sí,No,No,No,NA
2024,P230051577,Sí,No,No,No,NA
2024,P230051601,Sí,No,No,No,NA
2024,P230051610,Sí,No,No,No,NA
2024,P230051611,Sí,No,No,No,NA
2024,P230051617,Sí,No,No,No,NA
2024,P230051619,Sí,No,No,No,NA
2024,P230051621,Sí,No,No,No,NA
2024,P230051661,Sí,No,No,No,NA
2024,P230051682,Sí,No,No,No,NA
2024,P230051708,Sí,No,No,No,NA
2024,P230051711,Sí,No,No,No,NA
2024,P230051774,Sí,No,No,No,NA
2024,P230051804,Sí,No,No,No,NA
2024,P230051820,Sí,No,No,No,NA
2024,P230051821,Sí,No,No,No,NA
2024,P230051824,Sí,No,No,No,NA
2024,P230051827,Sí,No,No,No,NA
2024,P230051828,Sí,No,No,No,NA
2024,P230080001,Sí,No,No,No,NA
2024,P230080016,Sí,No,No,No,NA
2024,P230080020,Sí,No,No,No,NA
2024,P230080025,Sí,No,No,No,NA
2024,P230080052,Sí,No,No,No,NA
2024,P230080092,Sí,No,No,No,NA
2024,P230080130,Sí,No,No,No,NA
2024,P230080146,Sí,No,No,No,NA
2024,P230080162,Sí,No,No,No,NA
2024,P230080179,Sí,No,No,No,NA
2024,P230080200,Sí,No,No,No,NA
2024,P230080213,Sí,No,No,No,NA
2024,P230080230,Sí,No,No,No,NA
2024,P230080232,Sí,No,No,No,NA
2024,P230080241,Sí,No,No,No,NA
2024,P230080246,Sí,No,No,No,NA
2024,P230080248,Sí,No,No,No,NA
2024,P230080265,Sí,No,No,No,NA
2024,P230080269,Sí,No,No,No,NA
2024,P230080272,Sí,No,No,No,NA
2024,P230080274,Sí,No,No,No,NA
2024,P230080285,Sí,No,No,No,NA
2024,P230080300,Sí,No,No,No,NA
2024,P230080308,Sí,No,No,No,NA
2024,P230080314,Sí,No,No,No,NA
2024,P230080362,Sí,No,No,No,NA
2024,P230080377,Sí,No,No,No,NA
2024,P230080416,Sí,No,No,No,NA
2024,P230080428,Sí,No,No,No,NA
2024,P230080453,Sí,No,No,No,NA
2024,P230080457,Sí,No,No,No,NA
2024,P230080483,Sí,No,No,No,NA
2024,P230080495,Sí,No,No,No,NA
2024,P230080606,Sí,No,No,No,NA
2024,P230080642,Sí,No,No,No,NA
2024,P230080818,Sí,No,No,No,NA
2024,P230080835,Sí,No,No,No,NA
2024,P230080871,Sí,No,No,No,NA
2024,P230080872,Sí,No,No,No,NA
2024,P230080892,Sí,No,No,No,NA
2024,P230080920,Sí,No,No,No,NA
2024,P230080938,Sí,No,No,No,NA
2024,P230090001,Sí,No,No,No,NA
2024,P230090005,Sí,No,No,No,NA
2024,P230090007,Sí,No,No,No,NA
2024,P230090016,Sí,No,No,No,NA
2024,P230090018,Sí,No,No,No,NA
2024,P230090033,Sí,No,No,No,NA
2024,P230090053,Sí,No,No,No,NA
2024,P230090055,Sí,No,No,No,NA
2024,P230090067,Sí,No,No,No,NA
2024,P230090078,Sí,No,No,No,NA
2024,P230090293,Sí,No,No,No,NA
2024,P230090332,Sí,No,No,No,NA
2024,P230090487,Sí,No,No,No,NA
2024,P230090507,Sí,No,No,No,NA
2024,P230110003,Sí,No,No,No,NA
2024,P230110004,Sí,No,No,No,NA
2024,P230110006,Sí,No,No,No,NA
2024,P230110007,Sí,No,No,No,NA
2024,P230110016,Sí,No,No,No,NA
2024,P230110021,Sí,No,No,No,NA
2024,P230110030,Sí,No,No,No,NA
2024,P230110037,Sí,No,No,No,NA
2024,P230110041,Sí,No,No,No,NA
2024,P230110051,Sí,No,No,No,NA
2024,P230110059,Sí,No,No,No,NA
2024,P230110060,Sí,No,No,No,NA
2024,P230110073,Sí,No,No,No,NA
2024,P230110088,Sí,No,No,No,NA
2024,P230110094,Sí,No,No,No,NA
2024,P230110107,Sí,No,No,No,NA
2024,P230110115,Sí,No,No,No,NA
2024,P230110117,Sí,No,No,No,NA
2024,P230110120,Sí,No,No,No,NA
2024,P230110123,Sí,No,No,No,NA
2024,P230110126,Sí,No,No,No,NA
2024,P230110128,Sí,No,No,No,NA
2024,P230110135,Sí,No,No,No,NA
2024,P230110143,Sí,No,No,No,NA
2024,P230110145,Sí,No,No,No,NA
2024,P230110152,Sí,No,No,No,NA
2024,P230110163,Sí,No,No,No,NA
2024,P230110178,Sí,No,No,No,NA
2024,P230110185,Sí,No,No,No,NA
2024,P230110192,Sí,No,No,No,NA
2024,P230110193,Sí,No,No,No,NA
2024,P230110200,Sí,No,No,No,NA
2024,P230110206,Sí,No,No,No,NA
2024,P230110207,Sí,No,No,No,NA
2024,P230110209,Sí,No,No,No,NA
2024,P230110215,Sí,No,No,No,NA
2024,P230110224,Sí,No,No,No,NA
2024,P230110226,Sí,No,No,No,NA
2024,P230110228,Sí,No,No,No,NA
2024,P230110233,Sí,No,No,No,NA
2024,P230110239,Sí,No,No,No,NA
2024,P230110240,Sí,No,No,No,NA
2024,P230110243,Sí,No,No,No,NA
2024,P230110246,Sí,No,No,No,NA
2024,P230110247,Sí,No,No,No,NA
2024,P230110249,Sí,No,No,No,NA
2024,P230110254,Sí,No,No,No,NA
2024,P230110256,Sí,No,No,No,NA
2024,P230110266,Sí,No,No,No,NA
2024,P230110284,Sí,No,No,No,NA
2024,P230110296,Sí,No,No,No,NA
2024,P230110320,Sí,No,No,No,NA
2024,P230110341,Sí,No,No,No,NA
2024,P230110346,Sí,No,No,No,NA
2024,P230110347,Sí,No,No,No,NA
2024,P230110363,Sí,No,No,No,NA
2024,P230110364,Sí,No,No,No,NA
2024,P230110374,Sí,No,No,No,NA
2024,P230110375,Sí,No,No,No,NA
2024,P230110376,Sí,No,No,No,NA
2024,P230110380,Sí,No,No,No,NA
2024,P230110400,Sí,No,No,No,NA
2024,P230110402,Sí,No,No,No,NA
2024,P230110403,Sí,No,No,No,NA
2024,P230110409,Sí,No,No,No,NA
2024,P230110415,Sí,No,No,No,NA
2024,P230110421,Sí,No,No,No,NA
2024,P230110425,Sí,No,No,No,NA
2024,P230110438,Sí,No,No,No,NA
2024,P230110453,Sí,No,No,No,NA
2024,P240210015,Sí,No,No,No,NA
2024,P240210033,Sí,No,No,No,NA
2024,P240210041,Sí,No,No,No,NA
2024,P240210042,Sí,No,No,No,NA
2024,P240280001,Sí,No,No,No,NA
2024,P240280221,Sí,No,No,No,NA
2024,P240280258,Sí,No,No,No,NA
2024,P240280264,Sí,No,No,No,NA
2024,P240280562,Sí,No,No,No,NA
2024,P240280565,Sí,No,No,No,NA
2024,P240280568,Sí,No,No,No,NA
2024,P240280611,Sí,No,No,No,NA
2024,P240280612,Sí,No,No,No,NA
2024,P240280618,Sí,No,No,No,NA
2024,P240280626,Sí,No,No,No,NA
2024,P240280632,Sí,No,No,No,NA
2024,P240280634,Sí,No,No,No,NA
2024,P240280651,Sí,No,No,No,NA
2024,P240280662,Sí,No,No,No,NA
2024,P240350223,Sí,No,No,No,NA
2024,P240500252,Sí,No,No,No,NA
2024,P250010001,Sí,No,No,No,NA
2024,P250011186,Sí,No,No,No,NA
2024,P250011214,Sí,No,No,No,NA
2024,P250060001,Sí,No,No,No,NA
2024,P250061720,Sí,No,No,No,NA
2024,P250061825,Sí,No,No,No,NA
2024,P250062518,Sí,No,No,No,NA
2024,P250062737,Sí,No,No,No,NA
2024,P250062781,Sí,No,No,No,NA
2024,P250062793,Sí,No,No,No,NA
2024,P250062798,Sí,No,No,No,NA
2024,P250062807,Sí,No,No,No,NA
2024,P250062865,Sí,No,No,No,NA
2024,P250063122,Sí,No,No,No,NA
2024,P250063131,Sí,No,No,No,NA
2024,P250063134,Sí,No,No,No,NA
2024,P250063486,Sí,No,No,No,NA
2024,P250120001,Sí,No,No,No,NA
2024,P260180001,Sí,No,No,No,NA
2024,P260181531,Sí,No,No,No,NA
2024,P260182342,Sí,No,No,No,NA
2024,P260182495,Sí,No,No,No,NA
2024,P260182572,Sí,No,No,No,NA
2024,P260182602,Sí,No,No,No,NA
2024,P260182691,Sí,No,No,No,NA
2024,P260182865,Sí,No,No,No,NA
2024,P260300001,Sí,No,No,No,NA
2024,P260301836,Sí,No,No,No,NA
2024,P260301847,Sí,No,No,No,NA
2024,P260302095,Sí,No,No,No,NA
2024,P260302861,Sí,No,No,No,NA
2024,P260303426,Sí,No,No,No,NA
2024,P260303634,Sí,No,No,No,NA
2024,P260303787,Sí,No,No,No,NA
2024,P260303837,Sí,No,No,No,NA
2024,P260303902,Sí,No,No,No,NA
2024,P260303931,Sí,No,No,No,NA
2024,P260430001,Sí,No,No,No,NA
2024,P260430240,Sí,No,No,No,NA
2024,P260430322,Sí,No,No,No,NA
2024,P260430376,Sí,No,No,No,NA
2024,P270020001,Sí,No,No,No,NA
2024,P270020029,Sí,No,No,No,NA
2024,P270020124,Sí,No,No,No,NA
2024,P270020158,Sí,No,No,No,NA
2024,P270020172,Sí,No,No,No,NA
2024,P270040001,Sí,No,No,No,NA
2024,P270040033,Sí,No,No,No,NA
2024,P270040034,Sí,No,No,No,NA
2024,P270040036,Sí,No,No,No,NA
2024,P270040065,Sí,No,No,No,NA
2024,P270040080,Sí,No,No,No,NA
2024,P270040087,Sí,No,No,No,NA
2024,P270040098,Sí,No,No,No,NA
2024,P270040100,Sí,No,No,No,NA
2024,P270040111,Sí,No,No,No,NA
2024,P270040121,Sí,No,No,No,NA
2024,P270040122,Sí,No,No,No,NA
2024,P270040132,Sí,No,No,No,NA
2024,P270040133,Sí,No,No,No,NA
2024,P270040152,Sí,No,No,No,NA
2024,P270040182,Sí,No,No,No,NA
2024,P270040265,Sí,No,No,No,NA
2024,P270040280,Sí,No,No,No,NA
2024,P270040299,Sí,No,No,No,NA
2024,P270040311,Sí,No,No,No,NA
2024,P270060018,Sí,No,No,No,NA
2024,P270060058,Sí,No,No,No,NA
2024,P270080013,Sí,No,No,No,NA
2024,P270080084,Sí,No,No,No,NA
2024,P270080098,Sí,No,No,No,NA
2024,P270080291,Sí,No,No,No,NA
2024,P270080575,Sí,No,No,No,NA
2024,P270080650,Sí,No,No,No,NA
2024,P270130006,Sí,No,No,No,NA
2024,P270130016,Sí,No,No,No,NA
2024,P270130025,Sí,No,No,No,NA
2024,P270130027,Sí,No,No,No,NA
2024,P270130062,Sí,No,No,No,NA
2024,P270130069,Sí,No,No,No,NA
2024,P270130070,Sí,No,No,No,NA
2024,P270130071,Sí,No,No,No,NA
2024,P270130074,Sí,No,No,No,NA
2024,P270130080,Sí,No,No,No,NA
2024,P270130084,Sí,No,No,No,NA
2024,P270130086,Sí,No,No,No,NA
2024,P270130088,Sí,No,No,No,NA
2024,P270130093,Sí,No,No,No,NA
2024,P270140001,Sí,No,No,No,NA
2024,P280030001,Sí,No,No,No,NA
2024,P280030081,Sí,No,No,No,NA
2024,P280030122,Sí,No,No,No,NA
2024,P280030143,Sí,No,No,No,NA
2024,P280030176,Sí,No,No,No,NA
2024,P280030709,Sí,No,No,No,NA
2024,P280080118,Sí,No,No,No,NA
2024,P280080156,Sí,No,No,No,NA
2024,P280090001,Sí,No,No,No,NA
2024,P280130001,Sí,No,No,No,NA
2024,P280130008,Sí,No,No,No,NA
2024,P280130025,Sí,No,No,No,NA
2024,P280130028,Sí,No,No,No,NA
2024,P280130036,Sí,No,No,No,NA
2024,P280130045,Sí,No,No,No,NA
2024,P280130048,Sí,No,No,No,NA
2024,P280130054,Sí,No,No,No,NA
2024,P280130062,Sí,No,No,No,NA
2024,P280130094,Sí,No,No,No,NA
2024,P280130108,Sí,No,No,No,NA
2024,P280130112,Sí,No,No,No,NA
2024,P280130123,Sí,No,No,No,NA
2024,P280130128,Sí,No,No,No,NA
2024,P280130143,Sí,No,No,No,NA
2024,P280130160,Sí,No,No,No,NA
2024,P280130165,Sí,No,No,No,NA
2024,P280130183,Sí,No,No,No,NA
2024,P280130185,Sí,No,No,No,NA
2024,P280130199,Sí,No,No,No,NA
2024,P280130217,Sí,No,No,No,NA
2024,P280130243,Sí,No,No,No,NA
2024,P280130286,Sí,No,No,No,NA
2024,P280130301,Sí,No,No,No,NA
2024,P280130303,Sí,No,No,No,NA
2024,P280130306,Sí,No,No,No,NA
2024,P280130307,Sí,No,No,No,NA
2024,P280130310,Sí,No,No,No,NA
2024,P280130323,Sí,No,No,No,NA
2024,P280130326,Sí,No,No,No,NA
2024,P280130333,Sí,No,No,No,NA
2024,P280130346,Sí,No,No,No,NA
2024,P280130364,Sí,No,No,No,NA
2024,P280130371,Sí,No,No,No,NA
2024,P280130378,Sí,No,No,No,NA
2024,P280130387,Sí,No,No,No,NA
2024,P280130389,Sí,No,No,No,NA
2024,P280130395,Sí,No,No,No,NA
2024,P280130432,Sí,No,No,No,NA
2024,P280130433,Sí,No,No,No,NA
2024,P280130473,Sí,No,No,No,NA
2024,P280130480,Sí,No,No,No,NA
2024,P280130481,Sí,No,No,No,NA
2024,P280130487,Sí,No,No,No,NA
2024,P280130498,Sí,No,No,No,NA
2024,P280130518,Sí,No,No,No,NA
2024,P280130531,Sí,No,No,No,NA
2024,P280130539,Sí,No,No,No,NA
2024,P280130551,Sí,No,No,No,NA
2024,P280130574,Sí,No,No,No,NA
2024,P280130575,Sí,No,No,No,NA
2024,P280130580,Sí,No,No,No,NA
2024,P280130605,Sí,No,No,No,NA
2024,P280130608,Sí,No,No,No,NA
2024,P280130610,Sí,No,No,No,NA
2024,P280130624,Sí,No,No,No,NA
2024,P280130641,Sí,No,No,No,NA
2024,P280130654,Sí,No,No,No,NA
2024,P280130666,Sí,No,No,No,NA
2024,P280130674,Sí,No,No,No,NA
2024,P280130675,Sí,No,No,No,NA
2024,P280130677,Sí,No,No,No,NA
2024,P280160145,Sí,No,No,No,NA
2024,P280160404,Sí,No,No,No,NA
2024,P280190061,Sí,No,No,No,NA
2024,P280220001,Sí,No,No,No,NA
2024,P280220150,Sí,No,No,No,NA
2024,P280220159,Sí,No,No,No,NA
2024,P280220167,Sí,No,No,No,NA
2024,P280220253,Sí,No,No,No,NA
2024,P280220337,Sí,No,No,No,NA
2024,P280220338,Sí,No,No,No,NA
2024,P280220347,Sí,No,No,No,NA
2024,P280220393,Sí,No,No,No,NA
2024,P280220419,Sí,No,No,No,NA
2024,P280220422,Sí,No,No,No,NA
2024,P280220494,Sí,No,No,No,NA
2024,P280220516,Sí,No,No,No,NA
2024,P280220731,Sí,No,No,No,NA
2024,P280221004,Sí,No,No,No,NA
2024,P280221012,Sí,No,No,No,NA
2024,P280221015,Sí,No,No,No,NA
2024,P280221016,Sí,No,No,No,NA
2024,P280221019,Sí,No,No,No,NA
2024,P280221039,Sí,No,No,No,NA
2024,P280221168,Sí,No,No,No,NA
2024,P280221203,Sí,No,No,No,NA
2024,P280221225,Sí,No,No,No,NA
2024,P280221290,Sí,No,No,No,NA
2024,P280221291,Sí,No,No,No,NA
2024,P280221293,Sí,No,No,No,NA
2024,P280221380,Sí,No,No,No,NA
2024,P280221386,Sí,No,No,No,NA
2024,P280221406,Sí,No,No,No,NA
2024,P280221407,Sí,No,No,No,NA
2024,P280221412,Sí,No,No,No,NA
2024,P280221414,Sí,No,No,No,NA
2024,P280221419,Sí,No,No,No,NA
2024,P280221420,Sí,No,No,No,NA
2024,P280221421,Sí,No,No,No,NA
2024,P280221423,Sí,No,No,No,NA
2024,P280221436,Sí,No,No,No,NA
2024,P280221707,Sí,No,No,No,NA
2024,P280221711,Sí,No,No,No,NA
2024,P280221714,Sí,No,No,No,NA
2024,P280221774,Sí,No,No,No,NA
2024,P280221915,Sí,No,No,No,NA
2024,P280221923,Sí,No,No,No,NA
2024,P280221924,Sí,No,No,No,NA
2024,P280221926,Sí,No,No,No,NA
2024,P280221929,Sí,No,No,No,NA
2024,P280221932,Sí,No,No,No,NA
2024,P280221933,Sí,No,No,No,NA
2024,P280221955,Sí,No,No,No,NA
2024,P280221956,Sí,No,No,No,NA
2024,P280221957,Sí,No,No,No,NA
2024,P280222010,Sí,No,No,No,NA
2024,P280222050,Sí,No,No,No,NA
2024,P280222067,Sí,No,No,No,NA
2024,P280222074,Sí,No,No,No,NA
2024,P280222075,Sí,No,No,No,NA
2024,P280222086,Sí,No,No,No,NA
2024,P280222091,Sí,No,No,No,NA
2024,P280222099,Sí,No,No,No,NA
2024,P280222105,Sí,No,No,No,NA
2024,P280222120,Sí,No,No,No,NA
2024,P280270001,Sí,No,No,No,NA
2024,P280270105,Sí,No,No,No,NA
2024,P280270222,Sí,No,No,No,NA
2024,P280300001,Sí,No,No,No,NA
2024,P280300009,Sí,No,No,No,NA
2024,P280300190,Sí,No,No,No,NA
2024,P280320001,Sí,No,No,No,NA
2024,P280320120,Sí,No,No,No,NA
2024,P280320184,Sí,No,No,No,NA
2024,P280320238,Sí,No,No,No,NA
2024,P280320570,Sí,No,No,No,NA
2024,P280320769,Sí,No,No,No,NA
2024,P280320818,Sí,No,No,No,NA
2024,P280320828,Sí,No,No,No,NA
2024,P280320834,Sí,No,No,No,NA
2024,P280320859,Sí,No,No,No,NA
2024,P280320967,Sí,No,No,No,NA
2024,P280320968,Sí,No,No,No,NA
2024,P280321005,Sí,No,No,No,NA
2024,P280321111,Sí,No,No,No,NA
2024,P280321119,Sí,No,No,No,NA
2024,P280321277,Sí,No,No,No,NA
2024,P280321293,Sí,No,No,No,NA
2024,P280321314,Sí,No,No,No,NA
2024,P280321322,Sí,No,No,No,NA
2024,P280321326,Sí,No,No,No,NA
2024,P280330001,Sí,No,No,No,NA
2024,P280330815,Sí,No,No,No,NA
2024,P280331103,Sí,No,No,No,NA
2024,P280331356,Sí,No,No,No,NA
2024,P280380001,Sí,No,No,No,NA
2024,P280400001,Sí,No,No,No,NA
2024,P280400004,Sí,No,No,No,NA
2024,P280400136,Sí,No,No,No,NA
2024,P280400142,Sí,No,No,No,NA
2024,P280400143,Sí,No,No,No,NA
2024,P280400182,Sí,No,No,No,NA
2024,P280400210,Sí,No,No,No,NA
2024,P280400234,Sí,No,No,No,NA
2024,P280400262,Sí,No,No,No,NA
2024,P280400269,Sí,No,No,No,NA
2024,P280400289,Sí,No,No,No,NA
2024,P280400298,Sí,No,No,No,NA
2024,P280400392,Sí,No,No,No,NA
2024,P280400399,Sí,No,No,No,NA
2024,P280400409,Sí,No,No,No,NA
2024,P280400497,Sí,No,No,No,NA
2024,P280400506,Sí,No,No,No,NA
2024,P280400515,Sí,No,No,No,NA
2024,P280400549,Sí,No,No,No,NA
2024,P280400556,Sí,No,No,No,NA
2024,P280400561,Sí,No,No,No,NA
2024,P280400566,Sí,No,No,No,NA
2024,P280410001,Sí,No,No,No,NA
2024,P280410035,Sí,No,No,No,NA
2024,P280410036,Sí,No,No,No,NA
2024,P280410038,Sí,No,No,No,NA
2024,P280410044,Sí,No,No,No,NA
2024,P280410055,Sí,No,No,No,NA
2024,P280410070,Sí,No,No,No,NA
2024,P280410085,Sí,No,No,No,NA
2024,P280410094,Sí,No,No,No,NA
2024,P280410106,Sí,No,No,No,NA
2024,P280410140,Sí,No,No,No,NA
2024,P280410147,Sí,No,No,No,NA
2024,P280410166,Sí,No,No,No,NA
2024,P280410185,Sí,No,No,No,NA
2024,P280410196,Sí,No,No,No,NA
2024,P280410197,Sí,No,No,No,NA
2024,P280410200,Sí,No,No,No,NA
2024,P280410205,Sí,No,No,No,NA
2024,P280410212,Sí,No,No,No,NA
2024,P280410221,Sí,No,No,No,NA
2024,P280410291,Sí,No,No,No,NA
2024,P280410333,Sí,No,No,No,NA
2024,P280410373,Sí,No,No,No,NA
2024,P280410375,Sí,No,No,No,NA
2024,P280410404,Sí,No,No,No,NA
2024,P280410409,Sí,No,No,No,NA
2024,P280410449,Sí,No,No,No,NA
2024,P280410477,Sí,No,No,No,NA
2024,P280410484,Sí,No,No,No,NA
2024,P280410502,Sí,No,No,No,NA
2024,P280410505,Sí,No,No,No,NA
2024,P280410519,Sí,No,No,No,NA
2024,P280410579,Sí,No,No,No,NA
2024,P280410582,Sí,No,No,No,NA
2024,P280410584,Sí,No,No,No,NA
2024,P280410589,Sí,No,No,No,NA
2024,P280410591,Sí,No,No,No,NA
2024,P280410594,Sí,No,No,No,NA
2024,P280410659,Sí,No,No,No,NA
2024,P280410667,Sí,No,No,No,NA
2024,P280410669,Sí,No,No,No,NA
2024,P280410682,Sí,No,No,No,NA
2024,P280410721,Sí,No,No,No,NA
2024,P280410744,Sí,No,No,No,NA
2024,P280410745,Sí,No,No,No,NA
2024,P280410747,Sí,No,No,No,NA
2024,P280410748,Sí,No,No,No,NA
2024,P280410770,Sí,No,No,No,NA
2024,P280410772,Sí,No,No,No,NA
2024,P280410775,Sí,No,No,No,NA
2024,P280410778,Sí,No,No,No,NA
2024,P280410782,Sí,No,No,No,NA
2024,P280410786,Sí,No,No,No,NA
2024,P280410862,Sí,No,No,No,NA
2024,P280410863,Sí,No,No,No,NA
2024,P280410864,Sí,No,No,No,NA
2024,P280410876,Sí,No,No,No,NA
2024,P280410892,Sí,No,No,No,NA
2024,P280410897,Sí,No,No,No,NA
2024,P280410902,Sí,No,No,No,NA
2024,P280410923,Sí,No,No,No,NA
2024,P280410929,Sí,No,No,No,NA
2024,P280410950,Sí,No,No,No,NA
2024,P280410951,Sí,No,No,No,NA
2024,P280410954,Sí,No,No,No,NA
2024,P280410959,Sí,No,No,No,NA
2024,P280410961,Sí,No,No,No,NA
2024,P280410962,Sí,No,No,No,NA
2024,P280410963,Sí,No,No,No,NA
2024,P280410965,Sí,No,No,No,NA
2024,P280410969,Sí,No,No,No,NA
2024,P290330001,Sí,No,No,No,NA
2024,P290330008,Sí,No,No,No,NA
2024,P290330009,Sí,No,No,No,NA
2024,P290330012,Sí,No,No,No,NA
2024,P290360002,Sí,No,No,No,NA
2024,P300110009,Sí,No,No,No,NA
2024,P300110102,Sí,No,No,No,NA
2024,P300110109,Sí,No,No,No,NA
2024,P300110145,Sí,No,No,No,NA
2024,P300110235,Sí,No,No,No,NA
2024,P300110236,Sí,No,No,No,NA
2024,P300110237,Sí,No,No,No,NA
2024,P300110242,Sí,No,No,No,NA
2024,P300110244,Sí,No,No,No,NA
2024,P300110274,Sí,No,No,No,NA
2024,P300110284,Sí,No,No,No,NA
2024,P300110339,Sí,No,No,No,NA
2024,P300110364,Sí,No,No,No,NA
2024,P300110386,Sí,No,No,No,NA
2024,P300110401,Sí,No,No,No,NA
2024,P300110404,Sí,No,No,No,NA
2024,P300110432,Sí,No,No,No,NA
2024,P300110435,Sí,No,No,No,NA
2024,P300110436,Sí,No,No,No,NA
2024,P300110437,Sí,No,No,No,NA
2024,P300110438,Sí,No,No,No,NA
2024,P300110442,Sí,No,No,No,NA
2024,P300110443,Sí,No,No,No,NA
2024,P300110444,Sí,No,No,No,NA
2024,P300110445,Sí,No,No,No,NA
2024,P300110447,Sí,No,No,No,NA
2024,P300260001,Sí,No,No,No,NA
2024,P300260020,Sí,No,No,No,NA
2024,P300260029,Sí,No,No,No,NA
2024,P300260053,Sí,No,No,No,NA
2024,P300260061,Sí,No,No,No,NA
2024,P300260063,Sí,No,No,No,NA
2024,P300280001,Sí,No,No,No,NA
2024,P300280037,Sí,No,No,No,NA
2024,P300280051,Sí,No,No,No,NA
2024,P300280054,Sí,No,No,No,NA
2024,P300280055,Sí,No,No,No,NA
2024,P300280060,Sí,No,No,No,NA
2024,P300280062,Sí,No,No,No,NA
2024,P300390001,Sí,No,No,No,NA
2024,P300390070,Sí,No,No,No,NA
2024,P300390083,Sí,No,No,No,NA
2024,P300390113,Sí,No,No,No,NA
2024,P300390121,Sí,No,No,No,NA
2024,P300390131,Sí,No,No,No,NA
2024,P300390137,Sí,No,No,No,NA
2024,P300390139,Sí,No,No,No,NA
2024,P300390142,Sí,No,No,No,NA
2024,P300390169,Sí,No,No,No,NA
2024,P300390170,Sí,No,No,No,NA
2024,P300390177,Sí,No,No,No,NA
2024,P300400001,Sí,No,No,No,NA
2024,P300400006,Sí,No,No,No,NA
2024,P300400025,Sí,No,No,No,NA
2024,P300400039,Sí,No,No,No,NA
2024,P300400046,Sí,No,No,No,NA
2024,P300400072,Sí,No,No,No,NA
2024,P300400094,Sí,No,No,No,NA
2024,P300400102,Sí,No,No,No,NA
2024,P300400130,Sí,No,No,No,NA
2024,P300400132,Sí,No,No,No,NA
2024,P300400136,Sí,No,No,No,NA
2024,P300400138,Sí,No,No,No,NA
2024,P300400141,Sí,No,No,No,NA
2024,P300400147,Sí,No,No,No,NA
2024,P300400165,Sí,No,No,No,NA
2024,P300400196,Sí,No,No,No,NA
2024,P300400197,Sí,No,No,No,NA
2024,P300400198,Sí,No,No,No,NA
2024,P300400199,Sí,No,No,No,NA
2024,P300400201,Sí,No,No,No,NA
2024,P300400202,Sí,No,No,No,NA
2024,P300400203,Sí,No,No,No,NA
2024,P300440001,Sí,No,No,No,NA
2024,P300440144,Sí,No,No,No,NA
2024,P300440145,Sí,No,No,No,NA
2024,P300440146,Sí,No,No,No,NA
2024,P300440149,Sí,No,No,No,NA
2024,P300440200,Sí,No,No,No,NA
2024,P300440202,Sí,No,No,No,NA
2024,P300440210,Sí,No,No,No,NA
2024,P300480062,Sí,No,No,No,NA
2024,P300480072,Sí,No,No,No,NA
2024,P300480073,Sí,No,No,No,NA
2024,P300480271,Sí,No,No,No,NA
2024,P300650029,Sí,No,No,No,NA
2024,P300650052,Sí,No,No,No,NA
2024,P300650088,Sí,No,No,No,NA
2024,P300650091,Sí,No,No,No,NA
2024,P300650195,Sí,No,No,No,NA
2024,P300650207,Sí,No,No,No,NA
2024,P300650222,Sí,No,No,No,NA
2024,P300650224,Sí,No,No,No,NA
2024,P300650260,Sí,No,No,No,NA
2024,P300650261,Sí,No,No,No,NA
2024,P300680032,Sí,No,No,No,NA
2024,P300870001,Sí,No,No,No,NA
2024,P300870086,Sí,No,No,No,NA
2024,P301080001,Sí,No,No,No,NA
2024,P301080032,Sí,No,No,No,NA
2024,P301080547,Sí,No,No,No,NA
2024,P301240065,Sí,No,No,No,NA
2024,P301240123,Sí,No,No,No,NA
2024,P301240185,Sí,No,No,No,NA
2024,P301240275,Sí,No,No,No,NA
2024,P301240287,Sí,No,No,No,NA
2024,P301240303,Sí,No,No,No,NA
2024,P301240329,Sí,No,No,No,NA
2024,P301240331,Sí,No,No,No,NA
2024,P301240351,Sí,No,No,No,NA
2024,P301240384,Sí,No,No,No,NA
2024,P301240390,Sí,No,No,No,NA
2024,P301240400,Sí,No,No,No,NA
2024,P301240426,Sí,No,No,No,NA
2024,P301240446,Sí,No,No,No,NA
2024,P301240484,Sí,No,No,No,NA
2024,P301240502,Sí,No,No,No,NA
2024,P301310001,Sí,No,No,No,NA
2024,P301310004,Sí,No,No,No,NA
2024,P301310009,Sí,No,No,No,NA
2024,P301310017,Sí,No,No,No,NA
2024,P301310025,Sí,No,No,No,NA
2024,P301310028,Sí,No,No,No,NA
2024,P301310029,Sí,No,No,No,NA
2024,P301310031,Sí,No,No,No,NA
2024,P301310033,Sí,No,No,No,NA
2024,P301310035,Sí,No,No,No,NA
2024,P301310036,Sí,No,No,No,NA
2024,P301310040,Sí,No,No,No,NA
2024,P301310045,Sí,No,No,No,NA
2024,P301310048,Sí,No,No,No,NA
2024,P301310050,Sí,No,No,No,NA
2024,P301310052,Sí,No,No,No,NA
2024,P301310055,Sí,No,No,No,NA
2024,P301310058,Sí,No,No,No,NA
2024,P301310060,Sí,No,No,No,NA
2024,P301750015,Sí,No,No,No,NA
2024,P301750025,Sí,No,No,No,NA
2024,P301750052,Sí,No,No,No,NA
2024,P301750061,Sí,No,No,No,NA
2024,P301750065,Sí,No,No,No,NA
2024,P301750075,Sí,No,No,No,NA
2024,P301750150,Sí,No,No,No,NA
2024,P301750205,Sí,No,No,No,NA
2024,P301750206,Sí,No,No,No,NA
2024,P301750215,Sí,No,No,No,NA
2024,P301750238,Sí,No,No,No,NA
2024,P301750255,Sí,No,No,No,NA
2024,P301750266,Sí,No,No,No,NA
2024,P301750276,Sí,No,No,No,NA
2024,P301750288,Sí,No,No,No,NA
2024,P301750300,Sí,No,No,No,NA
2024,P301750301,Sí,No,No,No,NA
2024,P301750302,Sí,No,No,No,NA
2024,P301750303,Sí,No,No,No,NA
2024,P301750304,Sí,No,No,No,NA
2024,P301750309,Sí,No,No,No,NA
2024,P301750350,Sí,No,No,No,NA
2024,P301750384,Sí,No,No,No,NA
2024,P301750437,Sí,No,No,No,NA
2024,P301750464,Sí,No,No,No,NA
2024,P301750476,Sí,No,No,No,NA
2024,P301750477,Sí,No,No,No,NA
2024,P301750528,Sí,No,No,No,NA
2024,P301750531,Sí,No,No,No,NA
2024,P301930001,Sí,No,No,No,NA
2024,P301930087,Sí,No,No,No,NA
2024,P301930143,Sí,No,No,No,NA
2024,P310500001,Sí,No,No,No,NA
2024,P310500130,Sí,No,No,No,NA
2024,P310500135,Sí,No,No,No,NA
2024,P310500158,Sí,No,No,No,NA
2024,P310500414,Sí,No,No,No,NA
2024,P310500735,Sí,No,No,No,NA
2024,P310500955,Sí,No,No,No,NA
2024,P310500965,Sí,No,No,No,NA
2024,P310501019,Sí,No,No,No,NA
2024,P311010001,Sí,No,No,No,NA
2024,P311010031,Sí,No,No,No,NA
2024,P311010212,Sí,No,No,No,NA
2024,P311010279,Sí,No,No,No,NA
2024,P320100001,Sí,No,No,No,NA
2024,P320170001,Sí,No,No,No,NA
2024,P320170009,Sí,No,No,No,NA
2024,P320170145,Sí,No,No,No,NA
2024,P320170261,Sí,No,No,No,NA
2024,P320560001,Sí,No,No,No,NA
2024,P320560058,Sí,No,No,No,NA
2024,P320560192,Sí,No,No,No,NA
