C601,C602,C002,C305,C102,R014-0101
2024,P10,P01001,P04,P01,5726
2024,P10,P01001,P04,P02,18
2024,P10,P01002,P04,P01,128
2024,P10,P01002,P04,P02,1
2024,P10,P01003,P04,P01,289
2024,P10,P01004,P04,P01,67
2024,P10,P01005,P04,P01,1134
2024,P10,P01006,P04,P01,157
2024,P10,P01007,P04,P01,244
2024,P10,P01008,P04,P01,77
2024,P10,P01009,P04,P01,105
2024,P10,P01010,P04,P01,54
2024,P10,P01011,P04,P01,305
2024,P10,P02001,P04,P01,6969
2024,P10,P02001,P04,P02,18
2024,P10,P02002,P04,P01,16471
2024,P10,P02002,P04,P02,53
2024,P10,P02003,P04,P01,2346
2024,P10,P02003,P04,P02,1
2024,P10,P02004,P04,P01,18635
2024,P10,P02004,P04,P02,58
2024,P10,P02005,P04,P01,1377
2024,P10,P03001,P04,P01,917
2024,P10,P03002,P04,P01,712
2024,P10,P03002,P04,P02,4
2024,P10,P03003,P04,P01,4504
2024,P10,P03003,P04,P02,24
2024,P10,P03008,P04,P01,2915
2024,P10,P03008,P04,P02,8
2024,P10,P03009,P04,P01,167
2024,P10,P03009,P04,P02,2
2024,P10,P04001,P04,P01,100
2024,P10,P04002,P04,P01,1661
2024,P10,P04002,P04,P02,5
2024,P10,P04003,P04,P01,947
2024,P10,P04003,P04,P02,10
2024,P10,P04004,P04,P01,382
2024,P10,P04004,P04,P02,1
2024,P10,P04005,P04,P01,91
2024,P10,P04006,P04,P01,26
2024,P10,P04007,P04,P01,53
2024,P10,P04008,P04,P01,30
2024,P10,P04009,P04,P01,160
2024,P10,P04009,P04,P02,2
2024,P10,P04010,P04,P01,8
2024,P10,P04011,P04,P01,128
2024,P10,P04011,P04,P02,1
2024,P10,P05001,P04,P01,15
2024,P10,P05002,P04,P01,762
2024,P10,P05002,P04,P02,10
2024,P10,P05003,P04,P01,274
2024,P10,P05004,P04,P01,454
2024,P10,P05004,P04,P02,1
2024,P10,P05005,P04,P01,5
2024,P10,P05006,P04,P01,198
2024,P10,P05007,P04,P01,116
2024,P10,P05008,P04,P01,19
2024,P10,P05009,P04,P01,402
2024,P10,P05010,P04,P01,406
2024,P10,P05010,P04,P02,1
2024,P10,P05011,P04,P01,22
2024,P10,P05012,P04,P01,26
2024,P10,P05013,P04,P01,4
2024,P10,P05014,P04,P01,153
2024,P10,P05015,P04,P01,4
2024,P10,P05016,P04,P01,35
2024,P10,P05017,P04,P01,943
2024,P10,P05017,P04,P02,1
2024,P10,P05018,P04,P01,1315
2024,P10,P05018,P04,P02,8
2024,P10,P05019,P04,P01,110
2024,P10,P05020,P04,P01,212
2024,P10,P05021,P04,P01,102
2024,P10,P05022,P04,P01,411
2024,P10,P05022,P04,P02,1
2024,P10,P05023,P04,P01,26
2024,P10,P05024,P04,P01,216
2024,P10,P05025,P04,P01,1662
2024,P10,P05025,P04,P02,2
2024,P10,P05026,P04,P01,4
2024,P10,P05027,P04,P01,1218
2024,P10,P05027,P04,P02,9
2024,P10,P05028,P04,P01,376
2024,P10,P05028,P04,P02,2
2024,P10,P05029,P04,P01,26
2024,P10,P05030,P04,P01,8062
2024,P10,P05030,P04,P02,42
2024,P10,P05031,P04,P01,287
2024,P10,P05031,P04,P02,1
2024,P10,P05032,P04,P01,258
2024,P10,P05033,P04,P01,621
2024,P10,P05033,P04,P02,1
2024,P10,P05034,P04,P01,32
2024,P10,P05035,P04,P01,6090
2024,P10,P05035,P04,P02,10
2024,P10,P05036,P04,P01,121
2024,P10,P05037,P04,P01,85
2024,P10,P05038,P04,P01,116
2024,P10,P06001,P04,P01,175
2024,P10,P06002,P04,P01,1829
2024,P10,P06002,P04,P02,3
2024,P10,P06003,P04,P01,154
2024,P10,P06004,P04,P01,81
2024,P10,P06005,P04,P01,209
2024,P10,P06006,P04,P01,23
2024,P10,P06007,P04,P01,1577
2024,P10,P06007,P04,P02,3
2024,P10,P06008,P04,P01,100
2024,P10,P06009,P04,P01,453
2024,P10,P06010,P04,P01,1578
2024,P10,P06010,P04,P02,4
2024,P10,P07001,P04,P01,17
2024,P10,P07002,P04,P01,19
2024,P10,P07003,P04,P01,41
2024,P10,P07004,P04,P01,10
2024,P10,P07005,P04,P01,1
2024,P10,P07006,P04,P01,1
2024,P10,P07007,P04,P01,2
2024,P10,P07008,P04,P01,70
2024,P10,P07009,P04,P01,230
2024,P10,P07009,P04,P02,1
2024,P10,P07011,P04,P01,5
2024,P10,P07012,P04,P01,247
2024,P10,P07013,P04,P01,20
2024,P10,P07014,P04,P01,14
2024,P10,P07015,P04,P01,85
2024,P10,P07016,P04,P01,21
2024,P10,P07017,P04,P01,104
2024,P10,P07017,P04,P02,1
2024,P10,P07018,P04,P01,1
2024,P10,P07019,P04,P01,405
2024,P10,P07019,P04,P02,3
2024,P10,P07020,P04,P01,91
2024,P10,P07021,P04,P01,16
2024,P10,P07022,P04,P01,6
2024,P10,P07023,P04,P01,51
2024,P10,P07024,P04,P01,5
2024,P10,P07026,P04,P01,38
2024,P10,P07027,P04,P01,419
2024,P10,P07028,P04,P01,2
2024,P10,P07029,P04,P01,7
2024,P10,P07030,P04,P01,15
2024,P10,P07031,P04,P01,15
2024,P10,P07032,P04,P01,22
2024,P10,P07032,P04,P02,1
2024,P10,P07033,P04,P01,1
2024,P10,P07034,P04,P01,69
2024,P10,P07035,P04,P01,36
2024,P10,P07036,P04,P01,8
2024,P10,P07037,P04,P01,71
2024,P10,P07038,P04,P01,21
2024,P10,P07039,P04,P01,20
2024,P10,P07040,P04,P01,88
2024,P10,P07040,P04,P02,1
2024,P10,P07041,P04,P01,43
2024,P10,P07042,P04,P01,1
2024,P10,P07043,P04,P01,3
2024,P10,P07044,P04,P01,23
2024,P10,P07045,P04,P01,4
2024,P10,P07046,P04,P01,60
2024,P10,P07047,P04,P01,18
2024,P10,P07048,P04,P01,67
2024,P10,P07049,P04,P01,15
2024,P10,P07050,P04,P01,15
2024,P10,P07051,P04,P01,48
2024,P10,P07051,P04,P02,1
2024,P10,P07052,P04,P01,60
2024,P10,P07053,P04,P01,2
2024,P10,P07054,P04,P01,94
2024,P10,P07055,P04,P01,27
2024,P10,P07056,P04,P01,1
2024,P10,P07057,P04,P01,46
2024,P10,P07058,P04,P01,20
2024,P10,P07059,P04,P01,54
2024,P10,P07059,P04,P02,1
2024,P10,P07061,P04,P01,154
2024,P10,P07062,P04,P01,15
2024,P10,P07062,P04,P02,1
2024,P10,P07063,P04,P01,9
2024,P10,P07064,P04,P01,12
2024,P10,P07065,P04,P01,265
2024,P10,P07065,P04,P02,1
2024,P10,P07066,P04,P01,2
2024,P10,P07068,P04,P01,33
2024,P10,P07068,P04,P02,1
2024,P10,P07069,P04,P01,192
2024,P10,P07071,P04,P01,22
2024,P10,P07072,P04,P01,15
2024,P10,P07073,P04,P01,4
2024,P10,P07074,P04,P01,154
2024,P10,P07075,P04,P01,21
2024,P10,P07076,P04,P01,9
2024,P10,P07077,P04,P01,36
2024,P10,P07078,P04,P01,761
2024,P10,P07078,P04,P02,18
2024,P10,P07079,P04,P01,66
2024,P10,P07080,P04,P01,13
2024,P10,P07081,P04,P01,46
2024,P10,P07082,P04,P01,4
2024,P10,P07083,P04,P01,16
2024,P10,P07084,P04,P01,1
2024,P10,P07085,P04,P01,13
2024,P10,P07086,P04,P01,32
2024,P10,P07087,P04,P01,61
2024,P10,P07088,P04,P01,3
2024,P10,P07089,P04,P01,1528
2024,P10,P07089,P04,P02,10
2024,P10,P07091,P04,P01,15
2024,P10,P07092,P04,P01,32
2024,P10,P07093,P04,P01,48
2024,P10,P07094,P04,P01,41
2024,P10,P07096,P04,P01,32
2024,P10,P07097,P04,P01,348
2024,P10,P07097,P04,P02,1
2024,P10,P07099,P04,P01,111
2024,P10,P07100,P04,P01,28
2024,P10,P07101,P04,P01,3534
2024,P10,P07101,P04,P02,9
2024,P10,P07102,P04,P01,147
2024,P10,P07103,P04,P01,35
2024,P10,P07104,P04,P01,34
2024,P10,P07105,P04,P01,33
2024,P10,P07106,P04,P01,40
2024,P10,P07107,P04,P01,179
2024,P10,P07108,P04,P01,288
2024,P10,P07109,P04,P01,50
2024,P10,P07111,P04,P01,27
2024,P10,P07112,P04,P01,23
2024,P10,P07115,P04,P01,16
2024,P10,P07117,P04,P01,8
2024,P10,P07122,P04,P01,2
2024,P10,P08001,P04,P01,103
2024,P10,P08002,P04,P01,405
2024,P10,P08003,P04,P01,228
2024,P10,P08004,P04,P01,217
2024,P10,P08005,P04,P01,389
2024,P10,P08006,P04,P01,47
2024,P10,P08007,P04,P01,45
2024,P10,P08009,P04,P01,164
2024,P10,P08009,P04,P02,2
2024,P10,P08010,P04,P01,276
2024,P10,P08011,P04,P01,401
2024,P10,P08012,P04,P01,42
2024,P10,P08013,P04,P01,109
2024,P10,P08014,P04,P01,4
2024,P10,P08015,P04,P01,6
2024,P10,P08016,P04,P01,67
2024,P10,P08017,P04,P01,1950
2024,P10,P08017,P04,P02,6
2024,P10,P08018,P04,P01,44
2024,P10,P08019,P04,P01,13584
2024,P10,P08019,P04,P02,38
2024,P10,P08020,P04,P01,1
2024,P10,P08021,P04,P01,1987
2024,P10,P08021,P04,P02,5
2024,P10,P08022,P04,P01,38
2024,P10,P08023,P04,P01,67
2024,P10,P08024,P04,P01,92
2024,P10,P08025,P04,P01,81
2024,P10,P08026,P04,P01,19
2024,P10,P08027,P04,P01,68
2024,P10,P08028,P04,P01,22
2024,P10,P08029,P04,P01,39
2024,P10,P08030,P04,P01,7
2024,P10,P08031,P04,P01,306
2024,P10,P08032,P04,P01,1090
2024,P10,P08032,P04,P02,19
2024,P10,P08033,P04,P01,6
2024,P10,P08034,P04,P01,34
2024,P10,P08035,P04,P01,129
2024,P10,P08036,P04,P01,236
2024,P10,P08037,P04,P01,11786
2024,P10,P08037,P04,P02,30
2024,P10,P08038,P04,P01,83
2024,P10,P08039,P04,P01,81
2024,P10,P08040,P04,P01,138
2024,P10,P08041,P04,P01,3
2024,P10,P08042,P04,P01,10
2024,P10,P08043,P04,P01,30
2024,P10,P08044,P04,P01,74
2024,P10,P08045,P04,P01,516
2024,P10,P08046,P04,P02,4
2024,P10,P08047,P04,P01,1
2024,P10,P08048,P04,P01,354
2024,P10,P08048,P04,P02,1
2024,P10,P08049,P04,P01,4
2024,P10,P08050,P04,P01,473
2024,P10,P08050,P04,P02,2
2024,P10,P08051,P04,P01,22
2024,P10,P08051,P04,P02,15
2024,P10,P08052,P04,P01,369
2024,P10,P08053,P04,P01,49
2024,P10,P08054,P04,P01,27
2024,P10,P08055,P04,P01,163
2024,P10,P08056,P04,P01,7
2024,P10,P08057,P04,P01,9
2024,P10,P08058,P04,P01,41
2024,P10,P08059,P04,P01,90
2024,P10,P08060,P04,P01,85
2024,P10,P08061,P04,P01,26
2024,P10,P08062,P04,P01,332
2024,P10,P08063,P04,P01,42
2024,P10,P08064,P04,P01,7
2024,P10,P08065,P04,P01,34
2024,P10,P08065,P04,P02,15
2024,P10,P08066,P04,P01,9
2024,P10,P08067,P04,P01,45
2024,P10,P09002,P04,P01,6514
2024,P10,P09002,P04,P02,30
2024,P10,P09003,P04,P01,13722
2024,P10,P09003,P04,P02,54
2024,P10,P09004,P04,P01,2666
2024,P10,P09004,P04,P02,18
2024,P10,P09005,P04,P01,17755
2024,P10,P09005,P04,P02,40
2024,P10,P09006,P04,P01,7585
2024,P10,P09006,P04,P02,11
2024,P10,P09007,P04,P01,28077
2024,P10,P09007,P04,P02,67
2024,P10,P09008,P04,P01,3606
2024,P10,P09008,P04,P02,7
2024,P10,P09009,P04,P01,1590
2024,P10,P09010,P04,P01,11248
2024,P10,P09010,P04,P02,71
2024,P10,P09011,P04,P01,4609
2024,P10,P09011,P04,P02,2
2024,P10,P09012,P04,P01,11013
2024,P10,P09012,P04,P02,51
2024,P10,P09013,P04,P01,6788
2024,P10,P09013,P04,P02,7
2024,P10,P09014,P04,P01,5828
2024,P10,P09014,P04,P02,68
2024,P10,P09015,P04,P01,12791
2024,P10,P09015,P04,P02,96
2024,P10,P09016,P04,P01,5617
2024,P10,P09016,P04,P02,61
2024,P10,P09017,P04,P01,8672
2024,P10,P09017,P04,P02,24
2024,P10,P10001,P04,P01,199
2024,P10,P10002,P04,P01,1
2024,P10,P10003,P04,P01,12
2024,P10,P10004,P04,P01,167
2024,P10,P10004,P04,P02,3
2024,P10,P10005,P04,P01,4344
2024,P10,P10005,P04,P02,12
2024,P10,P10006,P04,P01,18
2024,P10,P10007,P04,P01,2342
2024,P10,P10007,P04,P02,7
2024,P10,P10008,P04,P01,202
2024,P10,P10009,P04,P01,15
2024,P10,P10010,P04,P01,6
2024,P10,P10011,P04,P01,4
2024,P10,P10012,P04,P01,1137
2024,P10,P10013,P04,P01,257
2024,P10,P10014,P04,P01,24
2024,P10,P10015,P04,P01,58
2024,P10,P10016,P04,P01,132
2024,P10,P10017,P04,P01,68
2024,P10,P10018,P04,P01,46
2024,P10,P10020,P04,P01,90
2024,P10,P10021,P04,P01,62
2024,P10,P10022,P04,P01,90
2024,P10,P10023,P04,P01,132
2024,P10,P10023,P04,P02,1
2024,P10,P10024,P04,P01,47
2024,P10,P10025,P04,P01,8
2024,P10,P10026,P04,P01,5
2024,P10,P10027,P04,P01,4
2024,P10,P10028,P04,P01,150
2024,P10,P10029,P04,P01,2
2024,P10,P10030,P04,P01,3
2024,P10,P10031,P04,P01,49
2024,P10,P10032,P04,P01,96
2024,P10,P10033,P04,P01,11
2024,P10,P10034,P04,P01,12
2024,P10,P10035,P04,P01,24
2024,P10,P10036,P04,P01,216
2024,P10,P10038,P04,P01,107
2024,P10,P10039,P04,P01,103
2024,P10,P11001,P04,P01,357
2024,P10,P11001,P04,P02,1
2024,P10,P11002,P04,P01,541
2024,P10,P11003,P04,P01,1330
2024,P10,P11003,P04,P02,7
2024,P10,P11004,P04,P01,217
2024,P10,P11005,P04,P01,600
2024,P10,P11005,P04,P02,1
2024,P10,P11006,P04,P01,9
2024,P10,P11007,P04,P01,3889
2024,P10,P11007,P04,P02,10
2024,P10,P11008,P04,P01,235
2024,P10,P11009,P04,P01,311
2024,P10,P11010,P04,P01,54
2024,P10,P11011,P04,P01,284
2024,P10,P11011,P04,P02,3
2024,P10,P11012,P04,P01,93
2024,P10,P11013,P04,P01,86
2024,P10,P11014,P04,P01,574
2024,P10,P11014,P04,P02,2
2024,P10,P11015,P04,P01,2736
2024,P10,P11015,P04,P02,5
2024,P10,P11016,P04,P01,70
2024,P10,P11017,P04,P01,3857
2024,P10,P11017,P04,P02,10
2024,P10,P11018,P04,P01,233
2024,P10,P11019,P04,P01,243
2024,P10,P11020,P04,P01,25252
2024,P10,P11020,P04,P02,31
2024,P10,P11021,P04,P01,206
2024,P10,P11021,P04,P02,1
2024,P10,P11022,P04,P01,50
2024,P10,P11022,P04,P02,1
2024,P10,P11023,P04,P01,1075
2024,P10,P11024,P04,P01,34
2024,P10,P11025,P04,P01,1222
2024,P10,P11026,P04,P01,454
2024,P10,P11027,P04,P01,1730
2024,P10,P11027,P04,P02,6
2024,P10,P11028,P04,P01,556
2024,P10,P11029,P04,P01,117
2024,P10,P11030,P04,P01,358
2024,P10,P11031,P04,P01,1767
2024,P10,P11032,P04,P01,866
2024,P10,P11032,P04,P02,3
2024,P10,P11033,P04,P01,545
2024,P10,P11033,P04,P02,1
2024,P10,P11034,P04,P01,18
2024,P10,P11035,P04,P01,201
2024,P10,P11036,P04,P01,43
2024,P10,P11037,P04,P01,2348
2024,P10,P11037,P04,P02,1
2024,P10,P11038,P04,P01,43
2024,P10,P11039,P04,P01,142
2024,P10,P11040,P04,P01,58
2024,P10,P11041,P04,P01,252
2024,P10,P11042,P04,P01,606
2024,P10,P11043,P04,P01,94
2024,P10,P11044,P04,P01,232
2024,P10,P11045,P04,P01,56
2024,P10,P11046,P04,P01,374
2024,P10,P12001,P04,P01,6275
2024,P10,P12001,P04,P02,41
2024,P10,P12002,P04,P01,15
2024,P10,P12003,P04,P01,61
2024,P10,P12004,P04,P01,32
2024,P10,P12005,P04,P01,16
2024,P10,P12006,P04,P01,64
2024,P10,P12007,P04,P01,77
2024,P10,P12008,P04,P01,35
2024,P10,P12009,P04,P01,2
2024,P10,P12010,P04,P01,45
2024,P10,P12011,P04,P01,204
2024,P10,P12012,P04,P01,87
2024,P10,P12013,P04,P01,27
2024,P10,P12014,P04,P01,90
2024,P10,P12015,P04,P01,144
2024,P10,P12016,P04,P01,25
2024,P10,P12017,P04,P01,128
2024,P10,P12017,P04,P02,1
2024,P10,P12018,P04,P01,88
2024,P10,P12019,P04,P01,6
2024,P10,P12020,P04,P01,8
2024,P10,P12021,P04,P01,384
2024,P10,P12021,P04,P02,1
2024,P10,P12022,P04,P01,90
2024,P10,P12023,P04,P01,64
2024,P10,P12024,P04,P01,6
2024,P10,P12025,P04,P01,20
2024,P10,P12026,P04,P01,33
2024,P10,P12027,P04,P01,96
2024,P10,P12028,P04,P01,313
2024,P10,P12029,P04,P01,1937
2024,P10,P12029,P04,P02,2
2024,P10,P12030,P04,P01,86
2024,P10,P12031,P04,P01,9
2024,P10,P12032,P04,P01,45
2024,P10,P12033,P04,P01,22
2024,P10,P12034,P04,P01,274
2024,P10,P12035,P04,P01,928
2024,P10,P12035,P04,P02,3
2024,P10,P12036,P04,P01,8
2024,P10,P12037,P04,P01,33
2024,P10,P12038,P04,P01,837
2024,P10,P12038,P04,P02,15
2024,P10,P12039,P04,P01,155
2024,P10,P12040,P04,P01,58
2024,P10,P12041,P04,P01,9
2024,P10,P12042,P04,P01,32
2024,P10,P12043,P04,P01,21
2024,P10,P12044,P04,P01,38
2024,P10,P12045,P04,P01,31
2024,P10,P12046,P04,P01,137
2024,P10,P12047,P04,P01,23
2024,P10,P12048,P04,P01,165
2024,P10,P12049,P04,P01,36
2024,P10,P12050,P04,P01,62
2024,P10,P12050,P04,P02,1
2024,P10,P12051,P04,P01,96
2024,P10,P12052,P04,P01,28
2024,P10,P12053,P04,P01,274
2024,P10,P12054,P04,P01,32
2024,P10,P12055,P04,P01,447
2024,P10,P12056,P04,P01,95
2024,P10,P12057,P04,P01,208
2024,P10,P12058,P04,P01,269
2024,P10,P12059,P04,P01,253
2024,P10,P12060,P04,P01,47
2024,P10,P12061,P04,P01,227
2024,P10,P12062,P04,P01,8
2024,P10,P12063,P04,P01,4
2024,P10,P12064,P04,P01,17
2024,P10,P12065,P04,P01,26
2024,P10,P12066,P04,P01,178
2024,P10,P12066,P04,P02,1
2024,P10,P12067,P04,P01,45
2024,P10,P12068,P04,P01,116
2024,P10,P12069,P04,P01,16
2024,P10,P12070,P04,P01,13
2024,P10,P12071,P04,P01,13
2024,P10,P12072,P04,P01,2
2024,P10,P12073,P04,P01,45
2024,P10,P12074,P04,P01,21
2024,P10,P12075,P04,P01,172
2024,P10,P12075,P04,P02,2
2024,P10,P12076,P04,P01,6
2024,P10,P12077,P04,P01,77
2024,P10,P12078,P04,P01,10
2024,P10,P12079,P04,P01,5
2024,P10,P12080,P04,P01,11
2024,P10,P12081,P04,P01,3
2024,P10,P13001,P04,P01,141
2024,P10,P13002,P04,P01,192
2024,P10,P13003,P04,P01,405
2024,P10,P13004,P04,P01,42
2024,P10,P13005,P04,P01,113
2024,P10,P13006,P04,P01,164
2024,P10,P13007,P04,P01,124
2024,P10,P13008,P04,P01,310
2024,P10,P13008,P04,P02,1
2024,P10,P13009,P04,P01,158
2024,P10,P13010,P04,P01,292
2024,P10,P13010,P04,P02,1
2024,P10,P13011,P04,P01,3
2024,P10,P13012,P04,P01,198
2024,P10,P13013,P04,P01,580
2024,P10,P13014,P04,P01,7
2024,P10,P13015,P04,P01,82
2024,P10,P13016,P04,P01,382
2024,P10,P13017,P04,P01,72
2024,P10,P13018,P04,P01,60
2024,P10,P13019,P04,P01,103
2024,P10,P13020,P04,P01,9
2024,P10,P13021,P04,P01,90
2024,P10,P13022,P04,P01,125
2024,P10,P13023,P04,P01,190
2024,P10,P13024,P04,P01,229
2024,P10,P13024,P04,P02,1
2024,P10,P13025,P04,P01,9
2024,P10,P13026,P04,P01,3
2024,P10,P13027,P04,P01,10
2024,P10,P13028,P04,P01,36
2024,P10,P13029,P04,P01,340
2024,P10,P13029,P04,P02,1
2024,P10,P13030,P04,P01,444
2024,P10,P13031,P04,P01,82
2024,P10,P13032,P04,P01,1
2024,P10,P13033,P04,P01,1
2024,P10,P13034,P04,P01,10
2024,P10,P13035,P04,P01,54
2024,P10,P13036,P04,P01,32
2024,P10,P13037,P04,P01,68
2024,P10,P13038,P04,P01,69
2024,P10,P13039,P04,P01,55
2024,P10,P13040,P04,P01,42
2024,P10,P13041,P04,P01,185
2024,P10,P13042,P04,P01,46
2024,P10,P13043,P04,P01,14
2024,P10,P13044,P04,P01,113
2024,P10,P13045,P04,P01,34
2024,P10,P13046,P04,P01,20
2024,P10,P13047,P04,P01,10
2024,P10,P13048,P04,P01,2374
2024,P10,P13048,P04,P02,21
2024,P10,P13049,P04,P01,36
2024,P10,P13050,P04,P01,125
2024,P10,P13051,P04,P01,1228
2024,P10,P13051,P04,P02,3
2024,P10,P13052,P04,P01,312
2024,P10,P13052,P04,P02,1
2024,P10,P13053,P04,P01,12
2024,P10,P13054,P04,P01,270
2024,P10,P13055,P04,P01,57
2024,P10,P13056,P04,P01,245
2024,P10,P13057,P04,P01,96
2024,P10,P13058,P04,P01,122
2024,P10,P13059,P04,P01,174
2024,P10,P13060,P04,P01,24
2024,P10,P13061,P04,P01,344
2024,P10,P13061,P04,P02,1
2024,P10,P13062,P04,P01,17
2024,P10,P13063,P04,P01,813
2024,P10,P13063,P04,P02,2
2024,P10,P13064,P04,P01,97
2024,P10,P13065,P04,P01,59
2024,P10,P13066,P04,P01,47
2024,P10,P13067,P04,P01,290
2024,P10,P13068,P04,P01,18
2024,P10,P13069,P04,P01,2298
2024,P10,P13069,P04,P02,4
2024,P10,P13070,P04,P01,53
2024,P10,P13071,P04,P01,17
2024,P10,P13072,P04,P01,75
2024,P10,P13073,P04,P01,28
2024,P10,P13074,P04,P01,132
2024,P10,P13075,P04,P01,142
2024,P10,P13076,P04,P01,1723
2024,P10,P13077,P04,P01,950
2024,P10,P13077,P04,P02,25
2024,P10,P13079,P04,P01,6
2024,P10,P13080,P04,P01,7
2024,P10,P13081,P04,P01,18
2024,P10,P13082,P04,P01,143
2024,P10,P13083,P04,P01,738
2024,P10,P13084,P04,P01,204
2024,P10,P13084,P04,P02,1
2024,P10,P14001,P04,P01,46
2024,P10,P14002,P04,P01,96
2024,P10,P14003,P04,P01,186
2024,P10,P14004,P04,P01,44
2024,P10,P14005,P04,P01,45
2024,P10,P14006,P04,P01,403
2024,P10,P14007,P04,P01,71
2024,P10,P14008,P04,P01,387
2024,P10,P14009,P04,P01,201
2024,P10,P14010,P04,P01,23
2024,P10,P14011,P04,P01,31
2024,P10,P14012,P04,P01,26
2024,P10,P14013,P04,P01,257
2024,P10,P14014,P04,P01,35
2024,P10,P14015,P04,P01,575
2024,P10,P14016,P04,P01,146
2024,P10,P14017,P04,P01,77
2024,P10,P14018,P04,P01,294
2024,P10,P14019,P04,P01,24
2024,P10,P14020,P04,P01,95
2024,P10,P14021,P04,P01,201
2024,P10,P14022,P04,P01,357
2024,P10,P14023,P04,P01,470
2024,P10,P14023,P04,P02,6
2024,P10,P14024,P04,P01,287
2024,P10,P14024,P04,P02,1
2024,P10,P14025,P04,P01,100
2024,P10,P14026,P04,P01,56
2024,P10,P14027,P04,P01,67
2024,P10,P14028,P04,P01,18
2024,P10,P14029,P04,P01,100
2024,P10,P14030,P04,P01,602
2024,P10,P14030,P04,P02,3
2024,P10,P14031,P04,P01,9
2024,P10,P14032,P04,P01,67
2024,P10,P14033,P04,P01,53
2024,P10,P14034,P04,P01,35
2024,P10,P14035,P04,P01,144
2024,P10,P14036,P04,P01,118
2024,P10,P14037,P04,P01,81
2024,P10,P14038,P04,P01,24
2024,P10,P14039,P04,P01,16240
2024,P10,P14039,P04,P02,83
2024,P10,P14040,P04,P01,34
2024,P10,P14041,P04,P01,21
2024,P10,P14042,P04,P01,34
2024,P10,P14042,P04,P02,1
2024,P10,P14043,P04,P01,180
2024,P10,P14044,P04,P01,559
2024,P10,P14045,P04,P01,184
2024,P10,P14046,P04,P01,125
2024,P10,P14047,P04,P01,69
2024,P10,P14048,P04,P01,107
2024,P10,P14049,P04,P01,6
2024,P10,P14050,P04,P01,363
2024,P10,P14051,P04,P01,278
2024,P10,P14052,P04,P01,63
2024,P10,P14053,P04,P01,1934
2024,P10,P14053,P04,P02,5
2024,P10,P14054,P04,P01,62
2024,P10,P14055,P04,P01,87
2024,P10,P14057,P04,P01,29
2024,P10,P14058,P04,P01,76
2024,P10,P14059,P04,P01,552
2024,P10,P14059,P04,P02,1
2024,P10,P14060,P04,P01,32
2024,P10,P14061,P04,P01,66
2024,P10,P14062,P04,P01,5
2024,P10,P14063,P04,P01,499
2024,P10,P14064,P04,P01,96
2024,P10,P14065,P04,P01,50
2024,P10,P14066,P04,P01,305
2024,P10,P14066,P04,P02,1
2024,P10,P14067,P04,P01,2185
2024,P10,P14067,P04,P02,20
2024,P10,P14068,P04,P01,57
2024,P10,P14069,P04,P01,50
2024,P10,P14070,P04,P01,3606
2024,P10,P14070,P04,P02,7
2024,P10,P14071,P04,P01,7
2024,P10,P14072,P04,P01,42
2024,P10,P14073,P04,P01,267
2024,P10,P14073,P04,P02,1
2024,P10,P14074,P04,P01,97
2024,P10,P14075,P04,P01,28
2024,P10,P14076,P04,P01,1
2024,P10,P14077,P04,P01,171
2024,P10,P14078,P04,P01,113
2024,P10,P14079,P04,P01,43
2024,P10,P14080,P04,P01,22
2024,P10,P14081,P04,P01,55
2024,P10,P14082,P04,P01,136
2024,P10,P14083,P04,P01,567
2024,P10,P14083,P04,P02,1
2024,P10,P14084,P04,P01,76
2024,P10,P14085,P04,P01,73
2024,P10,P14086,P04,P01,97
2024,P10,P14086,P04,P02,1
2024,P10,P14087,P04,P01,36
2024,P10,P14088,P04,P01,238
2024,P10,P14088,P04,P02,1
2024,P10,P14089,P04,P01,18
2024,P10,P14090,P04,P01,115
2024,P10,P14091,P04,P01,185
2024,P10,P14092,P04,P01,62
2024,P10,P14093,P04,P01,358
2024,P10,P14093,P04,P02,6
2024,P10,P14094,P04,P01,117
2024,P10,P14094,P04,P02,3
2024,P10,P14095,P04,P01,77
2024,P10,P14096,P04,P01,97
2024,P10,P14097,P04,P01,9060
2024,P10,P14097,P04,P02,17
2024,P10,P14098,P04,P01,6818
2024,P10,P14098,P04,P02,23
2024,P10,P14099,P04,P01,55
2024,P10,P14100,P04,P01,34
2024,P10,P14101,P04,P01,6250
2024,P10,P14101,P04,P02,5
2024,P10,P14102,P04,P01,38
2024,P10,P14103,P04,P01,43
2024,P10,P14104,P04,P01,16
2024,P10,P14105,P04,P01,170
2024,P10,P14106,P04,P01,29
2024,P10,P14107,P04,P01,67
2024,P10,P14108,P04,P01,200
2024,P10,P14109,P04,P01,134
2024,P10,P14110,P04,P01,48
2024,P10,P14111,P04,P01,29
2024,P10,P14112,P04,P01,18
2024,P10,P14113,P04,P01,114
2024,P10,P14114,P04,P01,86
2024,P10,P14115,P04,P01,14
2024,P10,P14116,P04,P01,52
2024,P10,P14117,P04,P01,13
2024,P10,P14118,P04,P01,164
2024,P10,P14119,P04,P01,92
2024,P10,P14120,P04,P01,26150
2024,P10,P14120,P04,P02,69
2024,P10,P14121,P04,P01,115
2024,P10,P14122,P04,P01,32
2024,P10,P14123,P04,P01,123
2024,P10,P14124,P04,P01,345
2024,P10,P14125,P04,P01,59
2024,P10,P15001,P04,P01,260
2024,P10,P15002,P04,P01,1847
2024,P10,P15003,P04,P01,357
2024,P10,P15004,P04,P01,80
2024,P10,P15005,P04,P01,1565
2024,P10,P15006,P04,P01,180
2024,P10,P15007,P04,P01,112
2024,P10,P15008,P04,P01,66
2024,P10,P15009,P04,P01,784
2024,P10,P15010,P04,P01,243
2024,P10,P15011,P04,P01,504
2024,P10,P15012,P04,P01,165
2024,P10,P15012,P04,P02,1
2024,P10,P15013,P04,P01,7378
2024,P10,P15013,P04,P02,21
2024,P10,P15014,P04,P01,588
2024,P10,P15014,P04,P02,3
2024,P10,P15015,P04,P01,272
2024,P10,P15016,P04,P01,253
2024,P10,P15017,P04,P01,134
2024,P10,P15018,P04,P01,812
2024,P10,P15019,P04,P01,429
2024,P10,P15020,P04,P01,4559
2024,P10,P15020,P04,P02,14
2024,P10,P15021,P04,P01,193
2024,P10,P15022,P04,P01,128
2024,P10,P15023,P04,P01,346
2024,P10,P15024,P04,P01,3214
2024,P10,P15024,P04,P02,3
2024,P10,P15025,P04,P01,4484
2024,P10,P15025,P04,P02,9
2024,P10,P15026,P04,P01,187
2024,P10,P15027,P04,P01,315
2024,P10,P15028,P04,P01,347
2024,P10,P15029,P04,P01,3605
2024,P10,P15029,P04,P02,2
2024,P10,P15030,P04,P01,233
2024,P10,P15031,P04,P01,4821
2024,P10,P15031,P04,P02,3
2024,P10,P15032,P04,P01,126
2024,P10,P15033,P04,P01,22549
2024,P10,P15033,P04,P02,50
2024,P10,P15034,P04,P01,66
2024,P10,P15035,P04,P01,1432
2024,P10,P15035,P04,P02,2
2024,P10,P15036,P04,P01,298
2024,P10,P15037,P04,P01,3407
2024,P10,P15037,P04,P02,28
2024,P10,P15038,P04,P01,85
2024,P10,P15039,P04,P01,7892
2024,P10,P15039,P04,P02,16
2024,P10,P15040,P04,P01,251
2024,P10,P15041,P04,P01,27
2024,P10,P15042,P04,P01,446
2024,P10,P15043,P04,P01,154
2024,P10,P15044,P04,P01,580
2024,P10,P15045,P04,P01,875
2024,P10,P15046,P04,P01,289
2024,P10,P15047,P04,P01,331
2024,P10,P15048,P04,P01,342
2024,P10,P15048,P04,P02,2
2024,P10,P15049,P04,P01,48
2024,P10,P15050,P04,P01,131
2024,P10,P15051,P04,P01,2300
2024,P10,P15051,P04,P02,7
2024,P10,P15052,P04,P01,177
2024,P10,P15053,P04,P01,588
2024,P10,P15054,P04,P01,3844
2024,P10,P15054,P04,P02,13
2024,P10,P15055,P04,P01,195
2024,P10,P15056,P04,P01,97
2024,P10,P15057,P04,P01,10661
2024,P10,P15057,P04,P02,51
2024,P10,P15058,P04,P01,11720
2024,P10,P15058,P04,P02,25
2024,P10,P15059,P04,P01,462
2024,P10,P15060,P04,P01,3382
2024,P10,P15060,P04,P02,6
2024,P10,P15061,P04,P01,134
2024,P10,P15062,P04,P01,1160
2024,P10,P15063,P04,P01,195
2024,P10,P15064,P04,P01,184
2024,P10,P15065,P04,P01,314
2024,P10,P15066,P04,P01,10
2024,P10,P15067,P04,P01,575
2024,P10,P15068,P04,P01,267
2024,P10,P15069,P04,P01,72
2024,P10,P15070,P04,P01,2580
2024,P10,P15070,P04,P02,5
2024,P10,P15071,P04,P01,171
2024,P10,P15071,P04,P02,1
2024,P10,P15072,P04,P01,155
2024,P10,P15073,P04,P01,643
2024,P10,P15074,P04,P01,250
2024,P10,P15075,P04,P01,244
2024,P10,P15076,P04,P01,863
2024,P10,P15076,P04,P02,1
2024,P10,P15077,P04,P01,43
2024,P10,P15078,P04,P01,32
2024,P10,P15079,P04,P01,162
2024,P10,P15080,P04,P01,72
2024,P10,P15081,P04,P01,8680
2024,P10,P15081,P04,P02,19
2024,P10,P15082,P04,P01,270
2024,P10,P15083,P04,P01,193
2024,P10,P15084,P04,P01,353
2024,P10,P15085,P04,P01,264
2024,P10,P15086,P04,P01,126
2024,P10,P15087,P04,P01,561
2024,P10,P15087,P04,P02,2
2024,P10,P15088,P04,P01,418
2024,P10,P15089,P04,P01,140
2024,P10,P15090,P04,P01,873
2024,P10,P15091,P04,P01,752
2024,P10,P15092,P04,P01,562
2024,P10,P15092,P04,P02,2
2024,P10,P15093,P04,P01,355
2024,P10,P15094,P04,P01,209
2024,P10,P15095,P04,P01,1164
2024,P10,P15095,P04,P02,7
2024,P10,P15096,P04,P01,381
2024,P10,P15097,P04,P01,113
2024,P10,P15098,P04,P01,90
2024,P10,P15099,P04,P01,3244
2024,P10,P15099,P04,P02,14
2024,P10,P15100,P04,P01,422
2024,P10,P15101,P04,P01,1182
2024,P10,P15102,P04,P01,141
2024,P10,P15103,P04,P01,397
2024,P10,P15104,P04,P01,9377
2024,P10,P15104,P04,P02,35
2024,P10,P15105,P04,P01,30
2024,P10,P15106,P04,P01,10321
2024,P10,P15106,P04,P02,31
2024,P10,P15107,P04,P01,94
2024,P10,P15108,P04,P01,1975
2024,P10,P15108,P04,P02,2
2024,P10,P15109,P04,P01,7231
2024,P10,P15109,P04,P02,7
2024,P10,P15110,P04,P01,760
2024,P10,P15110,P04,P02,5
2024,P10,P15111,P04,P01,161
2024,P10,P15112,P04,P01,181
2024,P10,P15113,P04,P01,301
2024,P10,P15114,P04,P01,415
2024,P10,P15115,P04,P01,310
2024,P10,P15116,P04,P01,20
2024,P10,P15117,P04,P01,77
2024,P10,P15118,P04,P01,1805
2024,P10,P15118,P04,P02,3
2024,P10,P15119,P04,P01,44
2024,P10,P15120,P04,P01,2911
2024,P10,P15120,P04,P02,7
2024,P10,P15121,P04,P01,10261
2024,P10,P15121,P04,P02,35
2024,P10,P15122,P04,P01,3911
2024,P10,P15122,P04,P02,6
2024,P10,P15123,P04,P01,36
2024,P10,P15124,P04,P01,146
2024,P10,P15125,P04,P01,106
2024,P10,P16001,P04,P01,78
2024,P10,P16002,P04,P01,15
2024,P10,P16003,P04,P01,174
2024,P10,P16004,P04,P01,62
2024,P10,P16005,P04,P01,59
2024,P10,P16006,P04,P01,564
2024,P10,P16006,P04,P02,1
2024,P10,P16007,P04,P01,22
2024,P10,P16008,P04,P01,30
2024,P10,P16008,P04,P02,1
2024,P10,P16009,P04,P01,259
2024,P10,P16010,P04,P01,94
2024,P10,P16011,P04,P01,16
2024,P10,P16012,P04,P01,115
2024,P10,P16013,P04,P01,17
2024,P10,P16014,P04,P01,19
2024,P10,P16015,P04,P01,28
2024,P10,P16016,P04,P01,166
2024,P10,P16017,P04,P01,173
2024,P10,P16018,P04,P01,33
2024,P10,P16019,P04,P01,31
2024,P10,P16020,P04,P01,87
2024,P10,P16021,P04,P01,37
2024,P10,P16022,P04,P01,223
2024,P10,P16022,P04,P02,1
2024,P10,P16023,P04,P01,32
2024,P10,P16024,P04,P01,34
2024,P10,P16025,P04,P01,51
2024,P10,P16026,P04,P01,5
2024,P10,P16027,P04,P01,30
2024,P10,P16028,P04,P01,31
2024,P10,P16029,P04,P01,14
2024,P10,P16030,P04,P01,73
2024,P10,P16031,P04,P01,30
2024,P10,P16032,P04,P01,104
2024,P10,P16033,P04,P01,29
2024,P10,P16034,P04,P01,572
2024,P10,P16034,P04,P02,1
2024,P10,P16035,P04,P01,45
2024,P10,P16036,P04,P01,33
2024,P10,P16037,P04,P01,46
2024,P10,P16038,P04,P01,76
2024,P10,P16039,P04,P01,43
2024,P10,P16040,P04,P01,76
2024,P10,P16041,P04,P01,91
2024,P10,P16042,P04,P01,43
2024,P10,P16043,P04,P01,250
2024,P10,P16044,P04,P01,74
2024,P10,P16045,P04,P01,156
2024,P10,P16046,P04,P01,71
2024,P10,P16047,P04,P01,86
2024,P10,P16048,P04,P01,50
2024,P10,P16049,P04,P01,61
2024,P10,P16050,P04,P01,353
2024,P10,P16051,P04,P01,80
2024,P10,P16052,P04,P01,2222
2024,P10,P16052,P04,P02,4
2024,P10,P16053,P04,P01,6755
2024,P10,P16053,P04,P02,22
2024,P10,P16054,P04,P01,49
2024,P10,P16055,P04,P01,159
2024,P10,P16056,P04,P01,20
2024,P10,P16057,P04,P01,7
2024,P10,P16058,P04,P01,86
2024,P10,P16059,P04,P01,44
2024,P10,P16060,P04,P01,58
2024,P10,P16061,P04,P01,82
2024,P10,P16062,P04,P01,43
2024,P10,P16063,P04,P01,55
2024,P10,P16064,P04,P01,71
2024,P10,P16065,P04,P01,144
2024,P10,P16066,P04,P01,467
2024,P10,P16066,P04,P02,1
2024,P10,P16067,P04,P01,158
2024,P10,P16068,P04,P01,97
2024,P10,P16069,P04,P01,687
2024,P10,P16069,P04,P02,2
2024,P10,P16070,P04,P01,61
2024,P10,P16071,P04,P01,228
2024,P10,P16072,P04,P01,128
2024,P10,P16073,P04,P01,55
2024,P10,P16074,P04,P01,18
2024,P10,P16075,P04,P01,297
2024,P10,P16076,P04,P01,100
2024,P10,P16077,P04,P01,37
2024,P10,P16078,P04,P01,54
2024,P10,P16079,P04,P01,287
2024,P10,P16080,P04,P01,96
2024,P10,P16081,P04,P01,17
2024,P10,P16082,P04,P01,544
2024,P10,P16083,P04,P01,65
2024,P10,P16084,P04,P01,84
2024,P10,P16085,P04,P01,217
2024,P10,P16086,P04,P01,56
2024,P10,P16087,P04,P01,67
2024,P10,P16088,P04,P01,1176
2024,P10,P16088,P04,P02,1
2024,P10,P16089,P04,P01,65
2024,P10,P16090,P04,P01,47
2024,P10,P16091,P04,P01,126
2024,P10,P16091,P04,P02,2
2024,P10,P16092,P04,P01,15
2024,P10,P16093,P04,P01,241
2024,P10,P16094,P04,P01,53
2024,P10,P16095,P04,P01,84
2024,P10,P16096,P04,P01,13
2024,P10,P16097,P04,P01,53
2024,P10,P16098,P04,P01,115
2024,P10,P16099,P04,P01,52
2024,P10,P16100,P04,P01,62
2024,P10,P16101,P04,P01,34
2024,P10,P16102,P04,P01,1455
2024,P10,P16102,P04,P02,2
2024,P10,P16103,P04,P01,126
2024,P10,P16104,P04,P01,93
2024,P10,P16105,P04,P01,94
2024,P10,P16106,P04,P01,118
2024,P10,P16107,P04,P01,360
2024,P10,P16108,P04,P01,1011
2024,P10,P16108,P04,P02,4
2024,P10,P16109,P04,P01,23
2024,P10,P16110,P04,P01,295
2024,P10,P16110,P04,P02,2
2024,P10,P16111,P04,P01,59
2024,P10,P16112,P04,P01,606
2024,P10,P16112,P04,P02,1
2024,P10,P16113,P04,P01,101
2024,P10,P17001,P04,P01,103
2024,P10,P17002,P04,P01,486
2024,P10,P17003,P04,P01,204
2024,P10,P17003,P04,P02,1
2024,P10,P17004,P04,P01,1289
2024,P10,P17004,P04,P02,2
2024,P10,P17005,P04,P01,69
2024,P10,P17006,P04,P01,2427
2024,P10,P17006,P04,P02,11
2024,P10,P17007,P04,P01,5981
2024,P10,P17007,P04,P02,43
2024,P10,P17008,P04,P01,2015
2024,P10,P17008,P04,P02,2
2024,P10,P17009,P04,P01,560
2024,P10,P17010,P04,P01,162
2024,P10,P17011,P04,P01,2906
2024,P10,P17011,P04,P02,7
2024,P10,P17012,P04,P01,648
2024,P10,P17013,P04,P01,132
2024,P10,P17014,P04,P01,72
2024,P10,P17014,P04,P02,1
2024,P10,P17015,P04,P01,199
2024,P10,P17016,P04,P01,103
2024,P10,P17017,P04,P01,461
2024,P10,P17018,P04,P01,1745
2024,P10,P17018,P04,P02,1
2024,P10,P17019,P04,P01,107
2024,P10,P17020,P04,P01,769
2024,P10,P17020,P04,P02,4
2024,P10,P17021,P04,P01,54
2024,P10,P17022,P04,P01,100
2024,P10,P17023,P04,P01,131
2024,P10,P17024,P04,P01,537
2024,P10,P17024,P04,P02,1
2024,P10,P17025,P04,P01,172
2024,P10,P17026,P04,P01,338
2024,P10,P17026,P04,P02,1
2024,P10,P17027,P04,P01,72
2024,P10,P17028,P04,P01,1439
2024,P10,P17028,P04,P02,2
2024,P10,P17029,P04,P01,2408
2024,P10,P17029,P04,P02,2
2024,P10,P17030,P04,P01,296
2024,P10,P17031,P04,P01,257
2024,P10,P17032,P04,P01,60
2024,P10,P17033,P04,P01,71
2024,P10,P18001,P04,P01,222
2024,P10,P18001,P04,P02,1
2024,P10,P18002,P04,P01,119
2024,P10,P18003,P04,P01,100
2024,P10,P18004,P04,P01,786
2024,P10,P18004,P04,P02,1
2024,P10,P18005,P04,P01,35
2024,P10,P18006,P04,P01,203
2024,P10,P18007,P04,P01,107
2024,P10,P18007,P04,P02,1
2024,P10,P18008,P04,P01,441
2024,P10,P18009,P04,P01,24
2024,P10,P18010,P04,P01,353
2024,P10,P18011,P04,P01,245
2024,P10,P18011,P04,P02,7
2024,P10,P18012,P04,P01,398
2024,P10,P18012,P04,P02,1
2024,P10,P18013,P04,P01,103
2024,P10,P18014,P04,P01,233
2024,P10,P18015,P04,P01,881
2024,P10,P18015,P04,P02,1
2024,P10,P18016,P04,P01,229
2024,P10,P18017,P04,P01,3066
2024,P10,P18017,P04,P02,5
2024,P10,P18018,P04,P01,253
2024,P10,P18019,P04,P01,15
2024,P10,P18020,P04,P01,2149
2024,P10,P18020,P04,P02,17
2024,P10,P19001,P04,P01,34
2024,P10,P19002,P04,P01,35
2024,P10,P19003,P04,P01,8
2024,P10,P19004,P04,P01,235
2024,P10,P19004,P04,P02,1
2024,P10,P19005,P04,P01,190
2024,P10,P19006,P04,P01,14254
2024,P10,P19006,P04,P02,32
2024,P10,P19007,P04,P01,19
2024,P10,P19008,P04,P01,40
2024,P10,P19009,P04,P01,960
2024,P10,P19009,P04,P02,1
2024,P10,P19010,P04,P01,306
2024,P10,P19011,P04,P01,101
2024,P10,P19012,P04,P01,861
2024,P10,P19012,P04,P02,2
2024,P10,P19013,P04,P01,49
2024,P10,P19014,P04,P01,50
2024,P10,P19015,P04,P01,4
2024,P10,P19016,P04,P01,62
2024,P10,P19017,P04,P01,54
2024,P10,P19018,P04,P01,3939
2024,P10,P19018,P04,P02,5
2024,P10,P19019,P04,P01,1718
2024,P10,P19019,P04,P02,17
2024,P10,P19020,P04,P01,33
2024,P10,P19021,P04,P01,9454
2024,P10,P19021,P04,P02,19
2024,P10,P19022,P04,P01,104
2024,P10,P19023,P04,P01,13
2024,P10,P19024,P04,P01,10
2024,P10,P19025,P04,P01,931
2024,P10,P19026,P04,P01,12009
2024,P10,P19026,P04,P02,38
2024,P10,P19027,P04,P01,12
2024,P10,P19028,P04,P01,37
2024,P10,P19029,P04,P01,50
2024,P10,P19030,P04,P01,4
2024,P10,P19031,P04,P01,7163
2024,P10,P19031,P04,P02,4
2024,P10,P19032,P04,P01,32
2024,P10,P19033,P04,P01,257
2024,P10,P19033,P04,P02,3
2024,P10,P19034,P04,P01,61
2024,P10,P19035,P04,P01,18
2024,P10,P19037,P04,P01,51
2024,P10,P19038,P04,P01,359
2024,P10,P19038,P04,P02,2
2024,P10,P19039,P04,P01,23094
2024,P10,P19039,P04,P02,89
2024,P10,P19040,P04,P01,10
2024,P10,P19041,P04,P01,860
2024,P10,P19042,P04,P01,18
2024,P10,P19043,P04,P01,4
2024,P10,P19044,P04,P01,286
2024,P10,P19045,P04,P01,649
2024,P10,P19046,P04,P01,8326
2024,P10,P19046,P04,P02,26
2024,P10,P19047,P04,P01,94
2024,P10,P19048,P04,P01,6499
2024,P10,P19048,P04,P02,20
2024,P10,P19049,P04,P01,607
2024,P10,P19050,P04,P01,38
2024,P10,P19051,P04,P01,30
2024,P10,P20001,P04,P01,5
2024,P10,P20002,P04,P01,177
2024,P10,P20002,P04,P02,1
2024,P10,P20003,P04,P01,1
2024,P10,P20004,P04,P01,33
2024,P10,P20005,P04,P01,76
2024,P10,P20006,P04,P01,162
2024,P10,P20006,P04,P02,2
2024,P10,P20007,P04,P01,8
2024,P10,P20008,P04,P01,3
2024,P10,P20009,P04,P01,2
2024,P10,P20010,P04,P01,201
2024,P10,P20011,P04,P01,13
2024,P10,P20012,P04,P01,2
2024,P10,P20013,P04,P01,5
2024,P10,P20014,P04,P01,171
2024,P10,P20015,P04,P01,14
2024,P10,P20016,P04,P01,11
2024,P10,P20017,P04,P01,9
2024,P10,P20018,P04,P01,4
2024,P10,P20020,P04,P01,8
2024,P10,P20021,P04,P01,53
2024,P10,P20022,P04,P01,9
2024,P10,P20023,P04,P01,88
2024,P10,P20024,P04,P01,1
2024,P10,P20025,P04,P01,21
2024,P10,P20026,P04,P01,32
2024,P10,P20027,P04,P01,2
2024,P10,P20028,P04,P01,148
2024,P10,P20029,P04,P01,1
2024,P10,P20030,P04,P01,62
2024,P10,P20031,P04,P01,10
2024,P10,P20032,P04,P01,5
2024,P10,P20033,P04,P01,24
2024,P10,P20034,P04,P01,6
2024,P10,P20035,P04,P01,8
2024,P10,P20036,P04,P01,3
2024,P10,P20038,P04,P01,9
2024,P10,P20039,P04,P01,622
2024,P10,P20039,P04,P02,1
2024,P10,P20040,P04,P01,2
2024,P10,P20041,P04,P01,6
2024,P10,P20041,P04,P02,1
2024,P10,P20042,P04,P01,64
2024,P10,P20043,P04,P01,256
2024,P10,P20043,P04,P02,3
2024,P10,P20044,P04,P01,154
2024,P10,P20045,P04,P01,80
2024,P10,P20046,P04,P01,13
2024,P10,P20047,P04,P01,1
2024,P10,P20049,P04,P01,3
2024,P10,P20050,P04,P01,11
2024,P10,P20051,P04,P01,2
2024,P10,P20052,P04,P01,28
2024,P10,P20053,P04,P01,18
2024,P10,P20054,P04,P01,1
2024,P10,P20055,P04,P01,28
2024,P10,P20056,P04,P01,7
2024,P10,P20057,P04,P01,191
2024,P10,P20057,P04,P02,1
2024,P10,P20058,P04,P01,11
2024,P10,P20059,P04,P01,181
2024,P10,P20061,P04,P01,6
2024,P10,P20062,P04,P01,3
2024,P10,P20063,P04,P01,42
2024,P10,P20064,P04,P01,44
2024,P10,P20065,P04,P01,4
2024,P10,P20066,P04,P01,18
2024,P10,P20067,P04,P01,1972
2024,P10,P20067,P04,P02,14
2024,P10,P20068,P04,P01,117
2024,P10,P20069,P04,P01,9
2024,P10,P20070,P04,P01,14
2024,P10,P20072,P04,P01,25
2024,P10,P20073,P04,P01,147
2024,P10,P20075,P04,P01,2
2024,P10,P20076,P04,P01,2
2024,P10,P20077,P04,P01,22
2024,P10,P20078,P04,P01,12
2024,P10,P20079,P04,P01,280
2024,P10,P20079,P04,P02,4
2024,P10,P20080,P04,P01,4
2024,P10,P20081,P04,P01,12
2024,P10,P20082,P04,P01,5
2024,P10,P20083,P04,P01,16
2024,P10,P20084,P04,P01,72
2024,P10,P20085,P04,P01,3
2024,P10,P20086,P04,P01,4
2024,P10,P20087,P04,P01,33
2024,P10,P20088,P04,P01,4
2024,P10,P20089,P04,P01,13
2024,P10,P20090,P04,P01,37
2024,P10,P20091,P04,P01,60
2024,P10,P20092,P04,P01,10
2024,P10,P20093,P04,P01,2
2024,P10,P20094,P04,P01,4
2024,P10,P20096,P04,P01,14
2024,P10,P20097,P04,P01,2
2024,P10,P20099,P04,P01,2
2024,P10,P20100,P04,P01,1
2024,P10,P20101,P04,P01,2
2024,P10,P20102,P04,P01,20
2024,P10,P20103,P04,P01,25
2024,P10,P20105,P04,P01,1
2024,P10,P20107,P04,P01,225
2024,P10,P20109,P04,P01,3
2024,P10,P20110,P04,P01,1
2024,P10,P20111,P04,P01,4
2024,P10,P20112,P04,P01,15
2024,P10,P20114,P04,P01,2
2024,P10,P20115,P04,P01,29
2024,P10,P20116,P04,P01,1
2024,P10,P20117,P04,P01,1
2024,P10,P20118,P04,P01,3
2024,P10,P20121,P04,P01,2
2024,P10,P20122,P04,P01,2
2024,P10,P20123,P04,P01,2
2024,P10,P20124,P04,P01,32
2024,P10,P20125,P04,P01,10
2024,P10,P20126,P04,P01,1
2024,P10,P20127,P04,P01,3
2024,P10,P20128,P04,P01,3
2024,P10,P20129,P04,P01,2
2024,P10,P20130,P04,P01,17
2024,P10,P20131,P04,P01,11
2024,P10,P20132,P04,P01,13
2024,P10,P20133,P04,P01,13
2024,P10,P20134,P04,P01,10
2024,P10,P20135,P04,P01,18
2024,P10,P20136,P04,P01,10
2024,P10,P20138,P04,P01,4
2024,P10,P20140,P04,P01,4
2024,P10,P20141,P04,P01,7
2024,P10,P20143,P04,P01,14
2024,P10,P20145,P04,P01,51
2024,P10,P20147,P04,P01,1
2024,P10,P20149,P04,P01,3
2024,P10,P20150,P04,P01,55
2024,P10,P20151,P04,P01,2
2024,P10,P20152,P04,P01,10
2024,P10,P20153,P04,P01,13
2024,P10,P20155,P04,P01,2
2024,P10,P20156,P04,P01,2
2024,P10,P20157,P04,P01,108
2024,P10,P20158,P04,P01,3
2024,P10,P20159,P04,P01,5
2024,P10,P20160,P04,P01,7
2024,P10,P20161,P04,P01,5
2024,P10,P20162,P04,P01,11
2024,P10,P20164,P04,P01,8
2024,P10,P20165,P04,P01,5
2024,P10,P20166,P04,P01,43
2024,P10,P20167,P04,P01,4
2024,P10,P20168,P04,P01,7
2024,P10,P20169,P04,P01,1
2024,P10,P20170,P04,P01,1
2024,P10,P20172,P04,P01,2
2024,P10,P20173,P04,P01,1
2024,P10,P20174,P04,P01,27
2024,P10,P20175,P04,P01,1
2024,P10,P20176,P04,P01,28
2024,P10,P20177,P04,P01,58
2024,P10,P20177,P04,P02,2
2024,P10,P20178,P04,P01,60
2024,P10,P20179,P04,P01,3
2024,P10,P20180,P04,P01,12
2024,P10,P20181,P04,P01,2
2024,P10,P20183,P04,P01,4
2024,P10,P20184,P04,P01,692
2024,P10,P20184,P04,P02,6
2024,P10,P20185,P04,P01,27
2024,P10,P20186,P04,P01,2
2024,P10,P20188,P04,P01,6
2024,P10,P20190,P04,P01,78
2024,P10,P20191,P04,P01,2
2024,P10,P20192,P04,P01,24
2024,P10,P20193,P04,P01,15
2024,P10,P20194,P04,P01,3
2024,P10,P20195,P04,P01,3
2024,P10,P20196,P04,P01,3
2024,P10,P20197,P04,P01,15
2024,P10,P20198,P04,P01,60
2024,P10,P20199,P04,P01,2
2024,P10,P20200,P04,P01,1
2024,P10,P20202,P04,P01,6
2024,P10,P20203,P04,P01,2
2024,P10,P20204,P04,P01,2
2024,P10,P20206,P04,P01,2
2024,P10,P20207,P04,P01,14
2024,P10,P20208,P04,P01,23
2024,P10,P20210,P04,P01,5
2024,P10,P20213,P04,P01,1
2024,P10,P20214,P04,P01,1
2024,P10,P20215,P04,P01,7
2024,P10,P20217,P04,P01,5
2024,P10,P20219,P04,P01,7
2024,P10,P20221,P04,P01,7
2024,P10,P20224,P04,P01,6
2024,P10,P20225,P04,P01,5
2024,P10,P20226,P04,P01,14
2024,P10,P20227,P04,P01,122
2024,P10,P20230,P04,P01,1
2024,P10,P20232,P04,P01,11
2024,P10,P20233,P04,P01,6
2024,P10,P20234,P04,P01,2
2024,P10,P20235,P04,P01,4
2024,P10,P20236,P04,P01,1
2024,P10,P20237,P04,P01,20
2024,P10,P20238,P04,P01,6
2024,P10,P20239,P04,P01,6
2024,P10,P20240,P04,P01,9
2024,P10,P20241,P04,P01,1
2024,P10,P20242,P04,P01,30
2024,P10,P20243,P04,P01,21
2024,P10,P20244,P04,P01,1
2024,P10,P20245,P04,P01,3
2024,P10,P20247,P04,P01,13
2024,P10,P20248,P04,P01,2
2024,P10,P20249,P04,P01,1
2024,P10,P20250,P04,P01,3
2024,P10,P20251,P04,P01,2
2024,P10,P20252,P04,P01,2
2024,P10,P20254,P04,P01,19
2024,P10,P20258,P04,P01,6
2024,P10,P20260,P04,P01,2
2024,P10,P20261,P04,P01,19
2024,P10,P20262,P04,P01,3
2024,P10,P20263,P04,P01,3
2024,P10,P20264,P04,P01,1
2024,P10,P20265,P04,P01,7
2024,P10,P20266,P04,P01,5
2024,P10,P20268,P04,P01,8
2024,P10,P20269,P04,P01,8
2024,P10,P20271,P04,P01,1
2024,P10,P20272,P04,P01,2
2024,P10,P20277,P04,P01,28
2024,P10,P20278,P04,P01,63
2024,P10,P20278,P04,P02,1
2024,P10,P20279,P04,P01,2
2024,P10,P20280,P04,P01,6
2024,P10,P20283,P04,P01,4
2024,P10,P20284,P04,P01,6
2024,P10,P20285,P04,P01,10
2024,P10,P20286,P04,P01,32
2024,P10,P20287,P04,P01,3
2024,P10,P20288,P04,P01,1
2024,P10,P20289,P04,P01,4
2024,P10,P20290,P04,P01,4
2024,P10,P20291,P04,P01,8
2024,P10,P20293,P04,P01,209
2024,P10,P20294,P04,P01,102
2024,P10,P20295,P04,P01,18
2024,P10,P20298,P04,P01,55
2024,P10,P20300,P04,P01,6
2024,P10,P20301,P04,P01,20
2024,P10,P20302,P04,P01,1
2024,P10,P20303,P04,P01,9
2024,P10,P20304,P04,P01,1
2024,P10,P20305,P04,P01,12
2024,P10,P20307,P04,P01,30
2024,P10,P20308,P04,P01,2
2024,P10,P20309,P04,P01,6
2024,P10,P20310,P04,P01,134
2024,P10,P20311,P04,P01,2
2024,P10,P20312,P04,P01,16
2024,P10,P20313,P04,P01,1
2024,P10,P20314,P04,P01,1
2024,P10,P20315,P04,P01,3
2024,P10,P20317,P04,P01,7
2024,P10,P20318,P04,P01,223
2024,P10,P20320,P04,P01,4
2024,P10,P20321,P04,P01,3
2024,P10,P20324,P04,P01,117
2024,P10,P20325,P04,P01,2
2024,P10,P20327,P04,P01,59
2024,P10,P20330,P04,P01,1
2024,P10,P20331,P04,P01,6
2024,P10,P20333,P04,P01,17
2024,P10,P20334,P04,P01,237
2024,P10,P20337,P04,P01,63
2024,P10,P20338,P04,P01,95
2024,P10,P20339,P04,P01,22
2024,P10,P20340,P04,P01,12
2024,P10,P20341,P04,P01,1
2024,P10,P20342,P04,P01,12
2024,P10,P20343,P04,P01,13
2024,P10,P20344,P04,P01,2
2024,P10,P20345,P04,P01,18
2024,P10,P20346,P04,P01,6
2024,P10,P20348,P04,P01,49
2024,P10,P20349,P04,P01,22
2024,P10,P20350,P04,P01,30
2024,P10,P20351,P04,P01,8
2024,P10,P20352,P04,P01,5
2024,P10,P20356,P04,P01,2
2024,P10,P20357,P04,P01,2
2024,P10,P20358,P04,P01,4
2024,P10,P20360,P04,P01,10
2024,P10,P20362,P04,P01,6
2024,P10,P20363,P04,P01,9
2024,P10,P20364,P04,P01,27
2024,P10,P20365,P04,P01,1
2024,P10,P20366,P04,P01,6
2024,P10,P20367,P04,P01,10
2024,P10,P20368,P04,P01,14
2024,P10,P20370,P04,P01,5
2024,P10,P20371,P04,P01,4
2024,P10,P20372,P04,P01,6
2024,P10,P20373,P04,P01,6
2024,P10,P20375,P04,P01,249
2024,P10,P20376,P04,P01,3
2024,P10,P20377,P04,P01,5
2024,P10,P20378,P04,P01,14
2024,P10,P20379,P04,P01,7
2024,P10,P20380,P04,P01,12
2024,P10,P20381,P04,P01,12
2024,P10,P20382,P04,P01,6
2024,P10,P20383,P04,P01,3
2024,P10,P20384,P04,P01,4
2024,P10,P20385,P04,P01,809
2024,P10,P20385,P04,P02,1
2024,P10,P20387,P04,P01,5
2024,P10,P20388,P04,P01,2
2024,P10,P20389,P04,P01,2
2024,P10,P20390,P04,P01,208
2024,P10,P20390,P04,P02,2
2024,P10,P20392,P04,P01,3
2024,P10,P20393,P04,P01,11
2024,P10,P20394,P04,P01,8
2024,P10,P20395,P04,P01,2
2024,P10,P20397,P04,P01,255
2024,P10,P20397,P04,P02,1
2024,P10,P20398,P04,P01,4
2024,P10,P20399,P04,P01,186
2024,P10,P20400,P04,P01,13
2024,P10,P20401,P04,P01,141
2024,P10,P20402,P04,P01,8
2024,P10,P20403,P04,P01,12
2024,P10,P20404,P04,P01,9
2024,P10,P20405,P04,P01,10
2024,P10,P20406,P04,P01,2
2024,P10,P20407,P04,P01,7
2024,P10,P20408,P04,P01,3
2024,P10,P20409,P04,P01,75
2024,P10,P20410,P04,P01,3
2024,P10,P20411,P04,P01,5
2024,P10,P20413,P04,P01,325
2024,P10,P20413,P04,P02,18
2024,P10,P20414,P04,P01,33
2024,P10,P20415,P04,P01,11
2024,P10,P20416,P04,P01,1
2024,P10,P20417,P04,P01,7
2024,P10,P20418,P04,P01,45
2024,P10,P20419,P04,P01,2
2024,P10,P20420,P04,P01,1
2024,P10,P20421,P04,P01,13
2024,P10,P20422,P04,P01,13
2024,P10,P20423,P04,P01,4
2024,P10,P20424,P04,P01,3
2024,P10,P20426,P04,P01,4
2024,P10,P20427,P04,P01,47
2024,P10,P20431,P04,P01,3
2024,P10,P20435,P04,P01,9
2024,P10,P20437,P04,P01,20
2024,P10,P20439,P04,P01,44
2024,P10,P20440,P04,P01,1
2024,P10,P20441,P04,P01,4
2024,P10,P20443,P04,P01,2
2024,P10,P20445,P04,P01,1
2024,P10,P20446,P04,P01,34
2024,P10,P20447,P04,P01,16
2024,P10,P20449,P04,P01,2
2024,P10,P20450,P04,P01,1
2024,P10,P20451,P04,P01,3
2024,P10,P20452,P04,P01,10
2024,P10,P20453,P04,P01,5
2024,P10,P20454,P04,P01,5
2024,P10,P20455,P04,P01,15
2024,P10,P20456,P04,P01,14
2024,P10,P20457,P04,P01,1
2024,P10,P20459,P04,P01,60
2024,P10,P20461,P04,P01,3
2024,P10,P20462,P04,P01,47
2024,P10,P20463,P04,P01,2
2024,P10,P20466,P04,P01,4
2024,P10,P20467,P04,P01,107
2024,P10,P20468,P04,P01,1
2024,P10,P20469,P04,P01,95
2024,P10,P20470,P04,P01,1
2024,P10,P20472,P04,P01,17
2024,P10,P20474,P04,P01,24
2024,P10,P20475,P04,P01,31
2024,P10,P20476,P04,P01,6
2024,P10,P20478,P04,P01,7
2024,P10,P20481,P04,P01,6
2024,P10,P20482,P04,P01,156
2024,P10,P20482,P04,P02,2
2024,P10,P20483,P04,P01,49
2024,P10,P20484,P04,P01,4
2024,P10,P20485,P04,P01,7
2024,P10,P20486,P04,P01,13
2024,P10,P20487,P04,P01,8
2024,P10,P20489,P04,P01,4
2024,P10,P20492,P04,P01,3
2024,P10,P20493,P04,P01,17
2024,P10,P20496,P04,P01,7
2024,P10,P20497,P04,P01,3
2024,P10,P20498,P04,P01,8
2024,P10,P20499,P04,P01,13
2024,P10,P20500,P04,P01,8
2024,P10,P20501,P04,P01,3
2024,P10,P20502,P04,P01,1
2024,P10,P20504,P04,P01,5
2024,P10,P20505,P04,P01,68
2024,P10,P20506,P04,P01,1
2024,P10,P20507,P04,P01,5
2024,P10,P20508,P04,P01,12
2024,P10,P20509,P04,P01,1
2024,P10,P20511,P04,P01,8
2024,P10,P20513,P04,P01,10
2024,P10,P20514,P04,P01,3
2024,P10,P20515,P04,P01,204
2024,P10,P20515,P04,P02,1
2024,P10,P20517,P04,P01,2
2024,P10,P20518,P04,P01,1
2024,P10,P20519,P04,P01,14
2024,P10,P20520,P04,P01,40
2024,P10,P20521,P04,P01,2
2024,P10,P20522,P04,P01,2
2024,P10,P20523,P04,P01,34
2024,P10,P20524,P04,P01,2
2024,P10,P20525,P04,P01,40
2024,P10,P20526,P04,P01,15
2024,P10,P20528,P04,P01,8
2024,P10,P20529,P04,P01,1
2024,P10,P20530,P04,P01,10
2024,P10,P20531,P04,P01,9
2024,P10,P20532,P04,P01,11
2024,P10,P20533,P04,P01,4
2024,P10,P20534,P04,P01,6
2024,P10,P20535,P04,P01,5
2024,P10,P20536,P04,P01,5
2024,P10,P20537,P04,P01,22
2024,P10,P20538,P04,P01,2
2024,P10,P20539,P04,P01,44
2024,P10,P20540,P04,P01,78
2024,P10,P20542,P04,P01,2
2024,P10,P20543,P04,P01,1
2024,P10,P20544,P04,P01,8
2024,P10,P20545,P04,P01,44
2024,P10,P20545,P04,P02,1
2024,P10,P20546,P04,P01,36
2024,P10,P20547,P04,P01,9
2024,P10,P20548,P04,P01,11
2024,P10,P20549,P04,P01,74
2024,P10,P20550,P04,P01,52
2024,P10,P20551,P04,P01,252
2024,P10,P20553,P04,P01,123
2024,P10,P20553,P04,P02,1
2024,P10,P20554,P04,P01,8
2024,P10,P20555,P04,P01,12
2024,P10,P20556,P04,P01,1
2024,P10,P20557,P04,P01,44
2024,P10,P20558,P04,P01,1
2024,P10,P20559,P04,P01,11
2024,P10,P20560,P04,P01,13
2024,P10,P20561,P04,P01,4
2024,P10,P20563,P04,P01,4
2024,P10,P20565,P04,P01,91
2024,P10,P20567,P04,P01,12
2024,P10,P20568,P04,P01,6
2024,P10,P20569,P04,P01,1
2024,P10,P20570,P04,P01,87
2024,P10,P21001,P04,P01,793
2024,P10,P21002,P04,P01,54
2024,P10,P21003,P04,P01,472
2024,P10,P21003,P04,P02,2
2024,P10,P21004,P04,P01,663
2024,P10,P21005,P04,P01,4
2024,P10,P21006,P04,P01,23
2024,P10,P21007,P04,P01,3
2024,P10,P21008,P04,P01,134
2024,P10,P21009,P04,P01,26
2024,P10,P21010,P04,P01,58
2024,P10,P21011,P04,P01,8
2024,P10,P21012,P04,P01,118
2024,P10,P21013,P04,P01,13
2024,P10,P21014,P04,P01,6
2024,P10,P21015,P04,P01,1785
2024,P10,P21016,P04,P01,118
2024,P10,P21017,P04,P01,97
2024,P10,P21018,P04,P01,42
2024,P10,P21019,P04,P01,2004
2024,P10,P21019,P04,P02,6
2024,P10,P21020,P04,P01,79
2024,P10,P21021,P04,P01,34
2024,P10,P21022,P04,P01,68
2024,P10,P21023,P04,P01,75
2024,P10,P21024,P04,P01,15
2024,P10,P21025,P04,P01,66
2024,P10,P21026,P04,P01,79
2024,P10,P21027,P04,P01,11
2024,P10,P21028,P04,P01,3
2024,P10,P21029,P04,P01,6
2024,P10,P21031,P04,P01,27
2024,P10,P21032,P04,P01,23
2024,P10,P21033,P04,P01,6
2024,P10,P21034,P04,P01,391
2024,P10,P21035,P04,P01,119
2024,P10,P21036,P04,P01,14
2024,P10,P21037,P04,P01,97
2024,P10,P21038,P04,P01,112
2024,P10,P21039,P04,P01,58
2024,P10,P21040,P04,P01,66
2024,P10,P21041,P04,P01,1666
2024,P10,P21041,P04,P02,3
2024,P10,P21042,P04,P01,45
2024,P10,P21043,P04,P01,136
2024,P10,P21043,P04,P02,1
2024,P10,P21044,P04,P01,115
2024,P10,P21045,P04,P01,425
2024,P10,P21045,P04,P02,1
2024,P10,P21046,P04,P01,16
2024,P10,P21047,P04,P01,213
2024,P10,P21047,P04,P02,1
2024,P10,P21048,P04,P01,298
2024,P10,P21049,P04,P01,9
2024,P10,P21050,P04,P01,30
2024,P10,P21051,P04,P01,348
2024,P10,P21052,P04,P01,4
2024,P10,P21053,P04,P01,362
2024,P10,P21054,P04,P01,30
2024,P10,P21055,P04,P01,23
2024,P10,P21056,P04,P01,6
2024,P10,P21057,P04,P01,14
2024,P10,P21058,P04,P01,134
2024,P10,P21059,P04,P01,41
2024,P10,P21060,P04,P01,24
2024,P10,P21061,P04,P01,8
2024,P10,P21062,P04,P01,35
2024,P10,P21063,P04,P01,85
2024,P10,P21064,P04,P01,18
2024,P10,P21065,P04,P01,204
2024,P10,P21066,P04,P01,37
2024,P10,P21067,P04,P01,229
2024,P10,P21068,P04,P01,13
2024,P10,P21069,P04,P01,300
2024,P10,P21070,P04,P01,24
2024,P10,P21071,P04,P01,586
2024,P10,P21072,P04,P01,28
2024,P10,P21073,P04,P01,61
2024,P10,P21074,P04,P01,814
2024,P10,P21074,P04,P02,3
2024,P10,P21075,P04,P01,48
2024,P10,P21076,P04,P01,146
2024,P10,P21076,P04,P02,1
2024,P10,P21077,P04,P01,4
2024,P10,P21078,P04,P01,15
2024,P10,P21079,P04,P01,103
2024,P10,P21080,P04,P01,3
2024,P10,P21081,P04,P01,56
2024,P10,P21082,P04,P01,172
2024,P10,P21083,P04,P01,177
2024,P10,P21084,P04,P01,11
2024,P10,P21085,P04,P01,877
2024,P10,P21085,P04,P02,1
2024,P10,P21086,P04,P01,8
2024,P10,P21087,P04,P01,61
2024,P10,P21088,P04,P01,27
2024,P10,P21089,P04,P01,10
2024,P10,P21090,P04,P01,378
2024,P10,P21091,P04,P01,84
2024,P10,P21092,P04,P01,25
2024,P10,P21093,P04,P01,77
2024,P10,P21094,P04,P01,261
2024,P10,P21094,P04,P02,1
2024,P10,P21095,P04,P01,7
2024,P10,P21096,P04,P01,49
2024,P10,P21097,P04,P01,33
2024,P10,P21098,P04,P01,99
2024,P10,P21099,P04,P01,109
2024,P10,P21100,P04,P01,6
2024,P10,P21101,P04,P01,26
2024,P10,P21102,P04,P01,74
2024,P10,P21103,P04,P01,34
2024,P10,P21104,P04,P01,178
2024,P10,P21105,P04,P01,53
2024,P10,P21106,P04,P01,268
2024,P10,P21107,P04,P01,5
2024,P10,P21108,P04,P01,120
2024,P10,P21108,P04,P02,1
2024,P10,P21109,P04,P01,32
2024,P10,P21110,P04,P01,243
2024,P10,P21111,P04,P01,26
2024,P10,P21112,P04,P01,67
2024,P10,P21113,P04,P01,40
2024,P10,P21114,P04,P01,26836
2024,P10,P21114,P04,P02,72
2024,P10,P21115,P04,P01,264
2024,P10,P21116,P04,P01,47
2024,P10,P21117,P04,P01,290
2024,P10,P21117,P04,P02,2
2024,P10,P21118,P04,P01,366
2024,P10,P21119,P04,P01,2589
2024,P10,P21119,P04,P02,16
2024,P10,P21120,P04,P01,3
2024,P10,P21121,P04,P01,8
2024,P10,P21122,P04,P01,68
2024,P10,P21123,P04,P01,1
2024,P10,P21124,P04,P01,63
2024,P10,P21125,P04,P01,237
2024,P10,P21126,P04,P01,42
2024,P10,P21127,P04,P01,40
2024,P10,P21128,P04,P01,146
2024,P10,P21129,P04,P01,23
2024,P10,P21130,P04,P01,43
2024,P10,P21131,P04,P01,5
2024,P10,P21132,P04,P01,1244
2024,P10,P21132,P04,P02,2
2024,P10,P21133,P04,P01,9
2024,P10,P21134,P04,P01,394
2024,P10,P21135,P04,P01,6
2024,P10,P21136,P04,P01,164
2024,P10,P21137,P04,P01,175
2024,P10,P21138,P04,P01,122
2024,P10,P21139,P04,P01,21
2024,P10,P21140,P04,P01,2189
2024,P10,P21140,P04,P02,8
2024,P10,P21141,P04,P01,45
2024,P10,P21142,P04,P01,167
2024,P10,P21143,P04,P01,536
2024,P10,P21143,P04,P02,2
2024,P10,P21144,P04,P01,116
2024,P10,P21145,P04,P01,9
2024,P10,P21146,P04,P01,6
2024,P10,P21147,P04,P01,50
2024,P10,P21148,P04,P01,90
2024,P10,P21149,P04,P01,74
2024,P10,P21150,P04,P01,91
2024,P10,P21151,P04,P01,105
2024,P10,P21152,P04,P01,200
2024,P10,P21153,P04,P01,276
2024,P10,P21154,P04,P01,985
2024,P10,P21154,P04,P02,2
2024,P10,P21155,P04,P01,54
2024,P10,P21156,P04,P01,1351
2024,P10,P21156,P04,P02,5
2024,P10,P21157,P04,P01,107
2024,P10,P21158,P04,P01,51
2024,P10,P21158,P04,P02,1
2024,P10,P21159,P04,P01,25
2024,P10,P21160,P04,P01,12
2024,P10,P21161,P04,P01,82
2024,P10,P21162,P04,P01,3
2024,P10,P21163,P04,P01,75
2024,P10,P21164,P04,P01,959
2024,P10,P21165,P04,P01,1
2024,P10,P21166,P04,P01,274
2024,P10,P21167,P04,P01,13
2024,P10,P21168,P04,P01,38
2024,P10,P21169,P04,P01,335
2024,P10,P21169,P04,P02,1
2024,P10,P21170,P04,P01,254
2024,P10,P21171,P04,P01,68
2024,P10,P21172,P04,P01,228
2024,P10,P21173,P04,P01,67
2024,P10,P21174,P04,P01,269
2024,P10,P21174,P04,P02,3
2024,P10,P21175,P04,P01,103
2024,P10,P21176,P04,P01,166
2024,P10,P21177,P04,P01,247
2024,P10,P21178,P04,P01,9
2024,P10,P21179,P04,P01,196
2024,P10,P21180,P04,P01,652
2024,P10,P21181,P04,P01,67
2024,P10,P21182,P04,P01,77
2024,P10,P21183,P04,P01,16
2024,P10,P21184,P04,P01,1
2024,P10,P21185,P04,P01,251
2024,P10,P21186,P04,P01,451
2024,P10,P21187,P04,P01,6
2024,P10,P21188,P04,P01,123
2024,P10,P21189,P04,P01,313
2024,P10,P21190,P04,P01,7
2024,P10,P21191,P04,P01,108
2024,P10,P21192,P04,P01,21
2024,P10,P21193,P04,P01,21
2024,P10,P21194,P04,P01,62
2024,P10,P21195,P04,P01,34
2024,P10,P21196,P04,P01,17
2024,P10,P21197,P04,P01,519
2024,P10,P21198,P04,P01,4
2024,P10,P21199,P04,P01,43
2024,P10,P21200,P04,P01,16
2024,P10,P21201,P04,P01,33
2024,P10,P21202,P04,P01,70
2024,P10,P21203,P04,P01,41
2024,P10,P21204,P04,P01,56
2024,P10,P21205,P04,P01,244
2024,P10,P21206,P04,P01,57
2024,P10,P21207,P04,P01,159
2024,P10,P21208,P04,P01,677
2024,P10,P21209,P04,P01,55
2024,P10,P21209,P04,P02,1
2024,P10,P21210,P04,P01,33
2024,P10,P21211,P04,P01,111
2024,P10,P21211,P04,P02,1
2024,P10,P21212,P04,P01,137
2024,P10,P21213,P04,P01,11
2024,P10,P21214,P04,P01,33
2024,P10,P21215,P04,P01,4
2024,P10,P21216,P04,P01,5
2024,P10,P21217,P04,P01,16
2024,P10,P22001,P04,P01,335
2024,P10,P22002,P04,P01,77
2024,P10,P22003,P04,P01,106
2024,P10,P22003,P04,P02,1
2024,P10,P22004,P04,P01,325
2024,P10,P22005,P04,P01,238
2024,P10,P22006,P04,P01,4299
2024,P10,P22006,P04,P02,17
2024,P10,P22007,P04,P01,240
2024,P10,P22007,P04,P02,17
2024,P10,P22008,P04,P01,288
2024,P10,P22009,P04,P01,90
2024,P10,P22010,P04,P01,89
2024,P10,P22011,P04,P01,4254
2024,P10,P22011,P04,P02,5
2024,P10,P22012,P04,P01,325
2024,P10,P22013,P04,P01,104
2024,P10,P22014,P04,P01,12614
2024,P10,P22014,P04,P02,73
2024,P10,P22015,P04,P01,30
2024,P10,P22016,P04,P01,2731
2024,P10,P22016,P04,P02,10
2024,P10,P22017,P04,P01,694
2024,P10,P22018,P04,P01,98
2024,P10,P23001,P04,P01,299
2024,P10,P23001,P04,P02,5
2024,P10,P23002,P04,P01,45
2024,P10,P23002,P04,P02,1
2024,P10,P23003,P04,P01,75
2024,P10,P23003,P04,P02,6
2024,P10,P23004,P04,P01,1446
2024,P10,P23004,P04,P02,11
2024,P10,P23005,P04,P01,10668
2024,P10,P23005,P04,P02,57
2024,P10,P23006,P04,P01,55
2024,P10,P23007,P04,P01,80
2024,P10,P23007,P04,P02,2
2024,P10,P23008,P04,P01,2894
2024,P10,P23008,P04,P02,14
2024,P10,P23009,P04,P01,221
2024,P10,P23009,P04,P02,5
2024,P10,P23010,P04,P01,114
2024,P10,P23010,P04,P02,1
2024,P10,P24001,P04,P01,129
2024,P10,P24002,P04,P01,42
2024,P10,P24003,P04,P01,91
2024,P10,P24003,P04,P02,2
2024,P10,P24004,P04,P01,27
2024,P10,P24005,P04,P01,73
2024,P10,P24006,P04,P01,26
2024,P10,P24007,P04,P01,108
2024,P10,P24008,P04,P01,250
2024,P10,P24009,P04,P01,129
2024,P10,P24010,P04,P01,116
2024,P10,P24011,P04,P01,188
2024,P10,P24012,P04,P01,40
2024,P10,P24013,P04,P01,1642
2024,P10,P24013,P04,P02,11
2024,P10,P24014,P04,P01,54
2024,P10,P24015,P04,P01,64
2024,P10,P24016,P04,P01,199
2024,P10,P24017,P04,P01,111
2024,P10,P24018,P04,P01,39
2024,P10,P24019,P04,P01,28
2024,P10,P24020,P04,P01,403
2024,P10,P24021,P04,P01,520
2024,P10,P24022,P04,P01,58
2024,P10,P24023,P04,P01,75
2024,P10,P24024,P04,P01,481
2024,P10,P24025,P04,P01,84
2024,P10,P24026,P04,P01,26
2024,P10,P24027,P04,P01,45
2024,P10,P24028,P04,P01,17579
2024,P10,P24028,P04,P02,28
2024,P10,P24029,P04,P01,24
2024,P10,P24030,P04,P01,26
2024,P10,P24031,P04,P01,14
2024,P10,P24032,P04,P01,155
2024,P10,P24033,P04,P01,38
2024,P10,P24034,P04,P01,51
2024,P10,P24035,P04,P01,6520
2024,P10,P24035,P04,P02,2
2024,P10,P24036,P04,P01,116
2024,P10,P24037,P04,P01,277
2024,P10,P24037,P04,P02,2
2024,P10,P24038,P04,P01,19
2024,P10,P24039,P04,P01,75
2024,P10,P24040,P04,P01,175
2024,P10,P24041,P04,P01,45
2024,P10,P24042,P04,P01,39
2024,P10,P24043,P04,P01,74
2024,P10,P24044,P04,P01,18
2024,P10,P24045,P04,P01,40
2024,P10,P24046,P04,P01,91
2024,P10,P24047,P04,P01,37
2024,P10,P24048,P04,P01,26
2024,P10,P24049,P04,P01,98
2024,P10,P24050,P04,P01,236
2024,P10,P24051,P04,P01,176
2024,P10,P24052,P04,P01,58
2024,P10,P24053,P04,P01,108
2024,P10,P24054,P04,P01,142
2024,P10,P24055,P04,P01,254
2024,P10,P24056,P04,P01,100
2024,P10,P24056,P04,P02,1
2024,P10,P24057,P04,P01,53
2024,P10,P24058,P04,P01,97
2024,P10,P25001,P04,P01,2538
2024,P10,P25001,P04,P02,6
2024,P10,P25002,P04,P01,148
2024,P10,P25002,P04,P02,2
2024,P10,P25003,P04,P01,45
2024,P10,P25004,P04,P01,107
2024,P10,P25005,P04,P01,67
2024,P10,P25005,P04,P02,62
2024,P10,P25006,P04,P01,6961
2024,P10,P25006,P04,P02,24
2024,P10,P25007,P04,P01,47
2024,P10,P25008,P04,P01,155
2024,P10,P25008,P04,P02,3
2024,P10,P25009,P04,P01,166
2024,P10,P25009,P04,P02,10
2024,P10,P25010,P04,P01,434
2024,P10,P25010,P04,P02,2
2024,P10,P25011,P04,P01,958
2024,P10,P25012,P04,P01,5597
2024,P10,P25012,P04,P02,10
2024,P10,P25013,P04,P01,121
2024,P10,P25014,P04,P01,273
2024,P10,P25014,P04,P02,1
2024,P10,P25015,P04,P01,233
2024,P10,P25016,P04,P01,128
2024,P10,P25017,P04,P01,193
2024,P10,P25018,P04,P01,974
2024,P10,P26001,P04,P01,3
2024,P10,P26002,P04,P01,308
2024,P10,P26003,P04,P01,125
2024,P10,P26003,P04,P02,1
2024,P10,P26004,P04,P01,39
2024,P10,P26005,P04,P01,4
2024,P10,P26006,P04,P01,53
2024,P10,P26008,P04,P01,1
2024,P10,P26010,P04,P01,8
2024,P10,P26011,P04,P01,19
2024,P10,P26012,P04,P01,128
2024,P10,P26014,P04,P01,1
2024,P10,P26016,P04,P01,30
2024,P10,P26017,P04,P01,416
2024,P10,P26017,P04,P02,1
2024,P10,P26018,P04,P01,3413
2024,P10,P26018,P04,P02,5
2024,P10,P26019,P04,P01,365
2024,P10,P26019,P04,P02,3
2024,P10,P26020,P04,P01,38
2024,P10,P26021,P04,P01,19
2024,P10,P26022,P04,P01,3
2024,P10,P26023,P04,P01,4
2024,P10,P26024,P04,P01,9
2024,P10,P26025,P04,P01,329
2024,P10,P26025,P04,P02,1
2024,P10,P26026,P04,P01,190
2024,P10,P26027,P04,P01,5
2024,P10,P26028,P04,P01,1
2024,P10,P26029,P04,P01,1410
2024,P10,P26029,P04,P02,6
2024,P10,P26030,P04,P01,10458
2024,P10,P26030,P04,P02,21
2024,P10,P26031,P04,P01,9
2024,P10,P26032,P04,P01,2
2024,P10,P26033,P04,P01,469
2024,P10,P26034,P04,P01,5
2024,P10,P26035,P04,P01,80
2024,P10,P26036,P04,P01,273
2024,P10,P26037,P04,P01,7
2024,P10,P26038,P04,P01,10
2024,P10,P26039,P04,P01,40
2024,P10,P26041,P04,P01,49
2024,P10,P26042,P04,P01,924
2024,P10,P26042,P04,P02,3
2024,P10,P26043,P04,P01,1303
2024,P10,P26043,P04,P02,8
2024,P10,P26045,P04,P01,16
2024,P10,P26046,P04,P01,4
2024,P10,P26047,P04,P01,131
2024,P10,P26048,P04,P01,364
2024,P10,P26049,P04,P01,11
2024,P10,P26050,P04,P01,2
2024,P10,P26051,P04,P01,12
2024,P10,P26052,P04,P01,12
2024,P10,P26053,P04,P01,1
2024,P10,P26054,P04,P01,2
2024,P10,P26055,P04,P01,1712
2024,P10,P26055,P04,P02,4
2024,P10,P26056,P04,P01,42
2024,P10,P26057,P04,P01,3
2024,P10,P26058,P04,P01,81
2024,P10,P26059,P04,P01,33
2024,P10,P26060,P04,P01,1
2024,P10,P26062,P04,P01,3
2024,P10,P26063,P04,P01,2
2024,P10,P26064,P04,P01,13
2024,P10,P26066,P04,P01,107
2024,P10,P26067,P04,P01,2
2024,P10,P26068,P04,P01,5
2024,P10,P26069,P04,P01,23
2024,P10,P26070,P04,P01,28
2024,P10,P26071,P04,P01,145
2024,P10,P26072,P04,P01,72
2024,P10,P27001,P04,P01,139
2024,P10,P27002,P04,P01,638
2024,P10,P27002,P04,P02,6
2024,P10,P27003,P04,P01,166
2024,P10,P27004,P04,P01,5196
2024,P10,P27004,P04,P02,19
2024,P10,P27005,P04,P01,598
2024,P10,P27005,P04,P02,5
2024,P10,P27006,P04,P01,387
2024,P10,P27007,P04,P01,98
2024,P10,P27008,P04,P01,337
2024,P10,P27009,P04,P01,188
2024,P10,P27010,P04,P01,268
2024,P10,P27011,P04,P01,36
2024,P10,P27012,P04,P01,429
2024,P10,P27013,P04,P01,1000
2024,P10,P27014,P04,P01,503
2024,P10,P27014,P04,P02,4
2024,P10,P27015,P04,P01,104
2024,P10,P27016,P04,P01,307
2024,P10,P27017,P04,P01,149
2024,P10,P28001,P04,P01,24
2024,P10,P28002,P04,P01,243
2024,P10,P28003,P04,P01,1863
2024,P10,P28003,P04,P02,7
2024,P10,P28004,P04,P01,35
2024,P10,P28005,P04,P01,21
2024,P10,P28007,P04,P01,201
2024,P10,P28008,P04,P01,7
2024,P10,P28009,P04,P01,2525
2024,P10,P28009,P04,P02,2
2024,P10,P28010,P04,P01,1
2024,P10,P28011,P04,P01,54
2024,P10,P28012,P04,P01,174
2024,P10,P28013,P04,P01,76
2024,P10,P28014,P04,P01,21
2024,P10,P28015,P04,P01,204
2024,P10,P28016,P04,P01,118
2024,P10,P28017,P04,P01,108
2024,P10,P28018,P04,P01,23
2024,P10,P28019,P04,P01,81
2024,P10,P28020,P04,P01,2
2024,P10,P28021,P04,P01,865
2024,P10,P28022,P04,P01,5690
2024,P10,P28022,P04,P02,3
2024,P10,P28023,P04,P01,15
2024,P10,P28024,P04,P01,12
2024,P10,P28025,P04,P01,372
2024,P10,P28025,P04,P02,1
2024,P10,P28026,P04,P01,6
2024,P10,P28027,P04,P01,4185
2024,P10,P28027,P04,P02,11
2024,P10,P28028,P04,P01,2
2024,P10,P28029,P04,P01,83
2024,P10,P28030,P04,P01,92
2024,P10,P28031,P04,P01,3
2024,P10,P28032,P04,P01,6494
2024,P10,P28032,P04,P02,13
2024,P10,P28033,P04,P01,1639
2024,P10,P28034,P04,P01,9
2024,P10,P28035,P04,P01,307
2024,P10,P28037,P04,P01,141
2024,P10,P28037,P04,P02,1
2024,P10,P28038,P04,P01,2981
2024,P10,P28038,P04,P02,14
2024,P10,P28039,P04,P01,75
2024,P10,P28040,P04,P01,426
2024,P10,P28041,P04,P01,1868
2024,P10,P28041,P04,P02,3
2024,P10,P28042,P04,P01,25
2024,P10,P28043,P04,P01,148
2024,P10,P29001,P04,P01,192
2024,P10,P29002,P04,P01,251
2024,P10,P29002,P04,P02,1
2024,P10,P29003,P04,P01,146
2024,P10,P29004,P04,P01,271
2024,P10,P29005,P04,P01,1119
2024,P10,P29005,P04,P02,4
2024,P10,P29006,P04,P01,313
2024,P10,P29006,P04,P02,1
2024,P10,P29007,P04,P01,80
2024,P10,P29007,P04,P02,1
2024,P10,P29008,P04,P01,294
2024,P10,P29009,P04,P01,195
2024,P10,P29010,P04,P01,535
2024,P10,P29011,P04,P01,272
2024,P10,P29012,P04,P01,155
2024,P10,P29013,P04,P01,431
2024,P10,P29013,P04,P02,32
2024,P10,P29014,P04,P01,456
2024,P10,P29015,P04,P01,494
2024,P10,P29016,P04,P01,102
2024,P10,P29017,P04,P01,37
2024,P10,P29018,P04,P01,175
2024,P10,P29019,P04,P01,219
2024,P10,P29020,P04,P01,164
2024,P10,P29021,P04,P01,130
2024,P10,P29022,P04,P01,75
2024,P10,P29023,P04,P01,245
2024,P10,P29024,P04,P01,332
2024,P10,P29025,P04,P01,492
2024,P10,P29026,P04,P01,300
2024,P10,P29027,P04,P01,139
2024,P10,P29028,P04,P01,139
2024,P10,P29029,P04,P01,260
2024,P10,P29029,P04,P02,1
2024,P10,P29030,P04,P01,206
2024,P10,P29031,P04,P01,1080
2024,P10,P29032,P04,P01,171
2024,P10,P29033,P04,P01,1429
2024,P10,P29033,P04,P02,9
2024,P10,P29034,P04,P01,658
2024,P10,P29035,P04,P01,37
2024,P10,P29036,P04,P01,255
2024,P10,P29037,P04,P01,106
2024,P10,P29038,P04,P01,417
2024,P10,P29039,P04,P01,171
2024,P10,P29040,P04,P01,343
2024,P10,P29041,P04,P01,311
2024,P10,P29042,P04,P01,151
2024,P10,P29043,P04,P01,1004
2024,P10,P29044,P04,P01,673
2024,P10,P29045,P04,P01,17
2024,P10,P29046,P04,P01,86
2024,P10,P29047,P04,P01,118
2024,P10,P29048,P04,P01,112
2024,P10,P29049,P04,P01,196
2024,P10,P29050,P04,P01,44
2024,P10,P29051,P04,P01,88
2024,P10,P29052,P04,P01,110
2024,P10,P29053,P04,P01,238
2024,P10,P29054,P04,P01,43
2024,P10,P29055,P04,P01,81
2024,P10,P29056,P04,P01,95
2024,P10,P29057,P04,P01,26
2024,P10,P29058,P04,P01,42
2024,P10,P29059,P04,P01,52
2024,P10,P29060,P04,P01,17
2024,P10,P30001,P04,P01,55
2024,P10,P30002,P04,P01,4
2024,P10,P30003,P04,P01,258
2024,P10,P30003,P04,P02,1
2024,P10,P30004,P04,P01,439
2024,P10,P30005,P04,P01,33
2024,P10,P30006,P04,P01,57
2024,P10,P30007,P04,P01,34
2024,P10,P30008,P04,P01,21
2024,P10,P30009,P04,P01,158
2024,P10,P30010,P04,P01,169
2024,P10,P30010,P04,P02,1
2024,P10,P30011,P04,P01,605
2024,P10,P30011,P04,P02,1
2024,P10,P30012,P04,P01,51
2024,P10,P30013,P04,P01,220
2024,P10,P30014,P04,P01,181
2024,P10,P30015,P04,P01,105
2024,P10,P30016,P04,P01,400
2024,P10,P30017,P04,P01,53
2024,P10,P30018,P04,P01,1
2024,P10,P30019,P04,P01,2
2024,P10,P30020,P04,P01,2
2024,P10,P30021,P04,P01,35
2024,P10,P30022,P04,P01,57
2024,P10,P30023,P04,P01,91
2024,P10,P30024,P04,P01,19
2024,P10,P30025,P04,P01,33
2024,P10,P30026,P04,P01,134
2024,P10,P30027,P04,P01,5
2024,P10,P30028,P04,P01,2027
2024,P10,P30028,P04,P02,28
2024,P10,P30029,P04,P01,14
2024,P10,P30030,P04,P01,78
2024,P10,P30030,P04,P02,2
2024,P10,P30031,P04,P01,62
2024,P10,P30032,P04,P01,170
2024,P10,P30032,P04,P02,1
2024,P10,P30033,P04,P01,76
2024,P10,P30034,P04,P01,220
2024,P10,P30035,P04,P01,9
2024,P10,P30036,P04,P01,21
2024,P10,P30037,P04,P01,2
2024,P10,P30038,P04,P01,880
2024,P10,P30039,P04,P01,1757
2024,P10,P30039,P04,P02,10
2024,P10,P30040,P04,P01,257
2024,P10,P30041,P04,P01,1
2024,P10,P30042,P04,P01,30
2024,P10,P30043,P04,P01,29
2024,P10,P30044,P04,P01,1085
2024,P10,P30044,P04,P02,9
2024,P10,P30045,P04,P01,384
2024,P10,P30045,P04,P02,2
2024,P10,P30046,P04,P01,26
2024,P10,P30047,P04,P01,78
2024,P10,P30048,P04,P01,490
2024,P10,P30049,P04,P01,162
2024,P10,P30050,P04,P01,26
2024,P10,P30051,P04,P01,66
2024,P10,P30052,P04,P01,78
2024,P10,P30053,P04,P01,206
2024,P10,P30054,P04,P01,66
2024,P10,P30055,P04,P01,19
2024,P10,P30056,P04,P01,11
2024,P10,P30057,P04,P01,8
2024,P10,P30058,P04,P01,117
2024,P10,P30059,P04,P01,85
2024,P10,P30060,P04,P01,39
2024,P10,P30061,P04,P01,308
2024,P10,P30062,P04,P01,29
2024,P10,P30063,P04,P01,34
2024,P10,P30064,P04,P01,2
2024,P10,P30065,P04,P01,961
2024,P10,P30065,P04,P02,1
2024,P10,P30066,P04,P01,137
2024,P10,P30067,P04,P01,3
2024,P10,P30068,P04,P01,480
2024,P10,P30068,P04,P02,1
2024,P10,P30069,P04,P01,106
2024,P10,P30070,P04,P01,26
2024,P10,P30071,P04,P01,192
2024,P10,P30072,P04,P01,41
2024,P10,P30073,P04,P01,215
2024,P10,P30074,P04,P01,34
2024,P10,P30075,P04,P01,35
2024,P10,P30076,P04,P01,3
2024,P10,P30077,P04,P01,150
2024,P10,P30078,P04,P01,23
2024,P10,P30079,P04,P01,20
2024,P10,P30080,P04,P01,28
2024,P10,P30081,P04,P01,72
2024,P10,P30082,P04,P01,58
2024,P10,P30082,P04,P02,1
2024,P10,P30083,P04,P01,17
2024,P10,P30084,P04,P01,30
2024,P10,P30085,P04,P01,286
2024,P10,P30086,P04,P01,53
2024,P10,P30087,P04,P01,4558
2024,P10,P30087,P04,P02,18
2024,P10,P30088,P04,P01,34
2024,P10,P30089,P04,P01,178
2024,P10,P30089,P04,P02,1
2024,P10,P30090,P04,P01,85
2024,P10,P30091,P04,P01,96
2024,P10,P30092,P04,P01,126
2024,P10,P30093,P04,P01,65
2024,P10,P30094,P04,P01,81
2024,P10,P30095,P04,P01,45
2024,P10,P30096,P04,P01,6
2024,P10,P30097,P04,P01,101
2024,P10,P30099,P04,P01,39
2024,P10,P30100,P04,P01,157
2024,P10,P30101,P04,P01,73
2024,P10,P30102,P04,P01,503
2024,P10,P30102,P04,P02,4
2024,P10,P30103,P04,P01,12
2024,P10,P30104,P04,P01,20
2024,P10,P30105,P04,P01,1020
2024,P10,P30105,P04,P02,1
2024,P10,P30106,P04,P01,8
2024,P10,P30107,P04,P01,3
2024,P10,P30108,P04,P01,786
2024,P10,P30108,P04,P02,3
2024,P10,P30109,P04,P01,197
2024,P10,P30110,P04,P01,3
2024,P10,P30111,P04,P01,92
2024,P10,P30112,P04,P01,49
2024,P10,P30113,P04,P01,14
2024,P10,P30114,P04,P01,51
2024,P10,P30114,P04,P02,1
2024,P10,P30115,P04,P01,140
2024,P10,P30116,P04,P01,66
2024,P10,P30117,P04,P01,157
2024,P10,P30118,P04,P01,616
2024,P10,P30118,P04,P02,4
2024,P10,P30119,P04,P01,48
2024,P10,P30120,P04,P01,44
2024,P10,P30121,P04,P01,213
2024,P10,P30122,P04,P01,13
2024,P10,P30123,P04,P01,516
2024,P10,P30124,P04,P01,507
2024,P10,P30124,P04,P02,1
2024,P10,P30125,P04,P01,152
2024,P10,P30126,P04,P01,293
2024,P10,P30127,P04,P01,17
2024,P10,P30128,P04,P01,298
2024,P10,P30128,P04,P02,3
2024,P10,P30129,P04,P01,23
2024,P10,P30130,P04,P01,129
2024,P10,P30131,P04,P01,1167
2024,P10,P30131,P04,P02,11
2024,P10,P30132,P04,P01,48
2024,P10,P30133,P04,P01,318
2024,P10,P30134,P04,P01,222
2024,P10,P30135,P04,P01,86
2024,P10,P30136,P04,P01,38
2024,P10,P30137,P04,P01,7
2024,P10,P30138,P04,P01,125
2024,P10,P30138,P04,P02,1
2024,P10,P30139,P04,P01,25
2024,P10,P30140,P04,P01,2
2024,P10,P30141,P04,P01,282
2024,P10,P30141,P04,P02,1
2024,P10,P30142,P04,P01,52
2024,P10,P30143,P04,P01,95
2024,P10,P30144,P04,P01,77
2024,P10,P30145,P04,P01,32
2024,P10,P30146,P04,P01,8
2024,P10,P30147,P04,P01,9
2024,P10,P30148,P04,P01,106
2024,P10,P30149,P04,P01,19
2024,P10,P30150,P04,P01,40
2024,P10,P30151,P04,P01,132
2024,P10,P30152,P04,P01,83
2024,P10,P30153,P04,P01,23
2024,P10,P30154,P04,P01,40
2024,P10,P30155,P04,P01,202
2024,P10,P30156,P04,P01,7
2024,P10,P30157,P04,P01,20
2024,P10,P30158,P04,P01,157
2024,P10,P30158,P04,P02,3
2024,P10,P30159,P04,P01,9
2024,P10,P30160,P04,P01,298
2024,P10,P30161,P04,P01,20
2024,P10,P30162,P04,P01,9
2024,P10,P30163,P04,P01,3
2024,P10,P30164,P04,P01,118
2024,P10,P30165,P04,P01,31
2024,P10,P30166,P04,P01,13
2024,P10,P30167,P04,P01,35
2024,P10,P30168,P04,P01,21
2024,P10,P30169,P04,P01,95
2024,P10,P30171,P04,P01,3
2024,P10,P30172,P04,P01,32
2024,P10,P30173,P04,P01,147
2024,P10,P30174,P04,P01,541
2024,P10,P30174,P04,P02,2
2024,P10,P30175,P04,P01,249
2024,P10,P30175,P04,P02,6
2024,P10,P30176,P04,P01,20
2024,P10,P30177,P04,P01,31
2024,P10,P30178,P04,P01,74
2024,P10,P30179,P04,P01,8
2024,P10,P30180,P04,P01,6
2024,P10,P30181,P04,P01,218
2024,P10,P30182,P04,P01,70
2024,P10,P30183,P04,P01,205
2024,P10,P30183,P04,P02,1
2024,P10,P30184,P04,P01,7
2024,P10,P30185,P04,P01,12
2024,P10,P30186,P04,P01,10
2024,P10,P30187,P04,P01,3
2024,P10,P30188,P04,P01,40
2024,P10,P30189,P04,P01,820
2024,P10,P30189,P04,P02,2
2024,P10,P30190,P04,P01,16
2024,P10,P30191,P04,P01,422
2024,P10,P30192,P04,P01,216
2024,P10,P30193,P04,P01,8038
2024,P10,P30193,P04,P02,47
2024,P10,P30194,P04,P01,28
2024,P10,P30195,P04,P01,1
2024,P10,P30196,P04,P01,191
2024,P10,P30197,P04,P01,12
2024,P10,P30198,P04,P01,7
2024,P10,P30199,P04,P01,8
2024,P10,P30200,P04,P01,46
2024,P10,P30201,P04,P01,22
2024,P10,P30202,P04,P01,1
2024,P10,P30203,P04,P01,28
2024,P10,P30204,P04,P01,554
2024,P10,P30205,P04,P01,27
2024,P10,P30206,P04,P01,245
2024,P10,P30207,P04,P01,167
2024,P10,P30207,P04,P02,1
2024,P10,P30208,P04,P01,157
2024,P10,P30209,P04,P01,16
2024,P10,P30210,P04,P01,59
2024,P10,P30211,P04,P01,93
2024,P10,P30211,P04,P02,1
2024,P10,P30212,P04,P01,6
2024,P10,P31001,P04,P01,13
2024,P10,P31002,P04,P01,76
2024,P10,P31003,P04,P01,8
2024,P10,P31004,P04,P01,65
2024,P10,P31005,P04,P01,12
2024,P10,P31006,P04,P01,8
2024,P10,P31007,P04,P01,13
2024,P10,P31008,P04,P01,14
2024,P10,P31009,P04,P01,20
2024,P10,P31010,P04,P01,4
2024,P10,P31011,P04,P01,106
2024,P10,P31012,P04,P01,11
2024,P10,P31013,P04,P01,384
2024,P10,P31014,P04,P01,10
2024,P10,P31015,P04,P01,14
2024,P10,P31017,P04,P01,9
2024,P10,P31018,P04,P01,8
2024,P10,P31019,P04,P01,55
2024,P10,P31020,P04,P01,101
2024,P10,P31021,P04,P01,14
2024,P10,P31022,P04,P01,3
2024,P10,P31023,P04,P01,44
2024,P10,P31024,P04,P01,5
2024,P10,P31025,P04,P01,17
2024,P10,P31026,P04,P01,29
2024,P10,P31027,P04,P01,39
2024,P10,P31027,P04,P02,1
2024,P10,P31028,P04,P01,12
2024,P10,P31029,P04,P01,4
2024,P10,P31030,P04,P01,5
2024,P10,P31031,P04,P01,3
2024,P10,P31032,P04,P01,16
2024,P10,P31033,P04,P01,36
2024,P10,P31034,P04,P01,22
2024,P10,P31035,P04,P01,32
2024,P10,P31036,P04,P01,20
2024,P10,P31037,P04,P01,12
2024,P10,P31038,P04,P01,276
2024,P10,P31038,P04,P02,1
2024,P10,P31039,P04,P01,32
2024,P10,P31040,P04,P01,125
2024,P10,P31040,P04,P02,1
2024,P10,P31041,P04,P01,1267
2024,P10,P31041,P04,P02,2
2024,P10,P31042,P04,P01,31
2024,P10,P31043,P04,P01,13
2024,P10,P31044,P04,P01,16
2024,P10,P31045,P04,P01,9
2024,P10,P31046,P04,P01,4
2024,P10,P31047,P04,P01,9
2024,P10,P31048,P04,P01,108
2024,P10,P31049,P04,P01,2
2024,P10,P31050,P04,P01,13338
2024,P10,P31050,P04,P02,76
2024,P10,P31051,P04,P01,41
2024,P10,P31052,P04,P01,152
2024,P10,P31053,P04,P01,34
2024,P10,P31054,P04,P01,12
2024,P10,P31055,P04,P01,7
2024,P10,P31056,P04,P01,58
2024,P10,P31056,P04,P02,1
2024,P10,P31057,P04,P01,23
2024,P10,P31058,P04,P01,34
2024,P10,P31058,P04,P02,1
2024,P10,P31059,P04,P01,814
2024,P10,P31059,P04,P02,3
2024,P10,P31061,P04,P01,10
2024,P10,P31062,P04,P01,9
2024,P10,P31063,P04,P01,44
2024,P10,P31064,P04,P01,8
2024,P10,P31065,P04,P01,10
2024,P10,P31066,P04,P01,9
2024,P10,P31067,P04,P01,31
2024,P10,P31068,P04,P01,38
2024,P10,P31069,P04,P01,6
2024,P10,P31070,P04,P01,9
2024,P10,P31071,P04,P01,4
2024,P10,P31072,P04,P01,23
2024,P10,P31074,P04,P01,10
2024,P10,P31075,P04,P01,1
2024,P10,P31076,P04,P01,65
2024,P10,P31077,P04,P01,16
2024,P10,P31078,P04,P01,10
2024,P10,P31079,P04,P01,49
2024,P10,P31079,P04,P02,1
2024,P10,P31080,P04,P01,10
2024,P10,P31081,P04,P01,1
2024,P10,P31082,P04,P01,18
2024,P10,P31083,P04,P01,74
2024,P10,P31084,P04,P01,11
2024,P10,P31085,P04,P01,18
2024,P10,P31086,P04,P01,7
2024,P10,P31087,P04,P01,20
2024,P10,P31088,P04,P01,10
2024,P10,P31089,P04,P01,123
2024,P10,P31089,P04,P02,1
2024,P10,P31090,P04,P01,40
2024,P10,P31091,P04,P01,47
2024,P10,P31092,P04,P01,14
2024,P10,P31093,P04,P01,131
2024,P10,P31094,P04,P01,6
2024,P10,P31095,P04,P01,86
2024,P10,P31096,P04,P01,329
2024,P10,P31096,P04,P02,3
2024,P10,P31097,P04,P01,13
2024,P10,P31098,P04,P01,29
2024,P10,P31098,P04,P02,1
2024,P10,P31099,P04,P01,19
2024,P10,P31100,P04,P01,62
2024,P10,P31101,P04,P01,608
2024,P10,P31102,P04,P01,247
2024,P10,P31102,P04,P02,4
2024,P10,P31103,P04,P01,14
2024,P10,P31104,P04,P01,12
2024,P10,P31105,P04,P01,31
2024,P10,P31106,P04,P01,22
2024,P10,P32001,P04,P01,20
2024,P10,P32002,P04,P01,21
2024,P10,P32003,P04,P01,12
2024,P10,P32004,P04,P01,12
2024,P10,P32005,P04,P01,223
2024,P10,P32006,P04,P01,27
2024,P10,P32007,P04,P01,13
2024,P10,P32008,P04,P01,38
2024,P10,P32009,P04,P01,47
2024,P10,P32010,P04,P01,535
2024,P10,P32011,P04,P01,23
2024,P10,P32012,P04,P01,52
2024,P10,P32013,P04,P01,28
2024,P10,P32014,P04,P01,123
2024,P10,P32015,P04,P01,9
2024,P10,P32016,P04,P01,106
2024,P10,P32017,P04,P01,784
2024,P10,P32018,P04,P01,15
2024,P10,P32019,P04,P01,101
2024,P10,P32020,P04,P01,127
2024,P10,P32021,P04,P01,15
2024,P10,P32022,P04,P01,119
2024,P10,P32023,P04,P01,45
2024,P10,P32024,P04,P01,155
2024,P10,P32025,P04,P01,61
2024,P10,P32026,P04,P01,31
2024,P10,P32027,P04,P01,3
2024,P10,P32028,P04,P01,2
2024,P10,P32029,P04,P01,84
2024,P10,P32030,P04,P01,8
2024,P10,P32031,P04,P01,90
2024,P10,P32032,P04,P01,39
2024,P10,P32033,P04,P01,22
2024,P10,P32034,P04,P01,84
2024,P10,P32035,P04,P01,66
2024,P10,P32036,P04,P01,165
2024,P10,P32037,P04,P01,47
2024,P10,P32038,P04,P01,132
2024,P10,P32039,P04,P01,326
2024,P10,P32040,P04,P01,90
2024,P10,P32041,P04,P01,2
2024,P10,P32042,P04,P01,259
2024,P10,P32043,P04,P01,13
2024,P10,P32044,P04,P01,60
2024,P10,P32045,P04,P01,23
2024,P10,P32046,P04,P01,63
2024,P10,P32047,P04,P01,25
2024,P10,P32047,P04,P02,1
2024,P10,P32048,P04,P01,95
2024,P10,P32049,P04,P01,136
2024,P10,P32050,P04,P01,39
2024,P10,P32051,P04,P01,171
2024,P10,P32052,P04,P01,75
2024,P10,P32053,P04,P01,107
2024,P10,P32054,P04,P01,27
2024,P10,P32055,P04,P01,172
2024,P10,P32056,P04,P01,586
2024,P10,P32056,P04,P02,5
2024,P10,P32057,P04,P01,48
2024,P10,P32058,P04,P01,14
2024,P10,ZZZ,P04,P01,94
2024,P10,ZZZ,P04,P02,536
2024,P11,P01001,P04,P01,5653
2024,P11,P01001,P04,P02,18
2024,P11,P01002,P04,P01,128
2024,P11,P01003,P04,P01,287
2024,P11,P01004,P04,P01,67
2024,P11,P01005,P04,P01,1109
2024,P11,P01006,P04,P01,151
2024,P11,P01007,P04,P01,242
2024,P11,P01008,P04,P01,76
2024,P11,P01009,P04,P01,108
2024,P11,P01010,P04,P01,51
2024,P11,P01011,P04,P01,295
2024,P11,P02001,P04,P01,6803
2024,P11,P02001,P04,P02,18
2024,P11,P02002,P04,P01,16074
2024,P11,P02002,P04,P02,52
2024,P11,P02003,P04,P01,2311
2024,P11,P02003,P04,P02,1
2024,P11,P02004,P04,P01,18107
2024,P11,P02004,P04,P02,58
2024,P11,P02005,P04,P01,1324
2024,P11,P03001,P04,P01,908
2024,P11,P03002,P04,P01,697
2024,P11,P03002,P04,P02,4
2024,P11,P03003,P04,P01,4343
2024,P11,P03003,P04,P02,24
2024,P11,P03008,P04,P01,2863
2024,P11,P03008,P04,P02,8
2024,P11,P03009,P04,P01,165
2024,P11,P03009,P04,P02,2
2024,P11,P04001,P04,P01,91
2024,P11,P04002,P04,P01,1626
2024,P11,P04002,P04,P02,5
2024,P11,P04003,P04,P01,930
2024,P11,P04003,P04,P02,10
2024,P11,P04004,P04,P01,369
2024,P11,P04004,P04,P02,1
2024,P11,P04005,P04,P01,84
2024,P11,P04006,P04,P01,26
2024,P11,P04007,P04,P01,53
2024,P11,P04008,P04,P01,31
2024,P11,P04009,P04,P01,162
2024,P11,P04009,P04,P02,2
2024,P11,P04010,P04,P01,7
2024,P11,P04011,P04,P01,123
2024,P11,P04011,P04,P02,1
2024,P11,P05001,P04,P01,14
2024,P11,P05002,P04,P01,748
2024,P11,P05002,P04,P02,10
2024,P11,P05003,P04,P01,272
2024,P11,P05004,P04,P01,456
2024,P11,P05004,P04,P02,1
2024,P11,P05005,P04,P01,5
2024,P11,P05006,P04,P01,188
2024,P11,P05007,P04,P01,117
2024,P11,P05008,P04,P01,20
2024,P11,P05009,P04,P01,399
2024,P11,P05010,P04,P01,394
2024,P11,P05010,P04,P02,1
2024,P11,P05011,P04,P01,26
2024,P11,P05012,P04,P01,26
2024,P11,P05013,P04,P01,4
2024,P11,P05014,P04,P01,148
2024,P11,P05015,P04,P01,4
2024,P11,P05016,P04,P01,34
2024,P11,P05017,P04,P01,915
2024,P11,P05017,P04,P02,1
2024,P11,P05018,P04,P01,1276
2024,P11,P05018,P04,P02,8
2024,P11,P05019,P04,P01,109
2024,P11,P05020,P04,P01,205
2024,P11,P05021,P04,P01,101
2024,P11,P05022,P04,P01,400
2024,P11,P05022,P04,P02,1
2024,P11,P05023,P04,P01,26
2024,P11,P05024,P04,P01,203
2024,P11,P05025,P04,P01,1619
2024,P11,P05025,P04,P02,2
2024,P11,P05026,P04,P01,5
2024,P11,P05027,P04,P01,1187
2024,P11,P05027,P04,P02,9
2024,P11,P05028,P04,P01,362
2024,P11,P05028,P04,P02,2
2024,P11,P05029,P04,P01,25
2024,P11,P05030,P04,P01,7929
2024,P11,P05030,P04,P02,42
2024,P11,P05031,P04,P01,281
2024,P11,P05031,P04,P02,1
2024,P11,P05032,P04,P01,242
2024,P11,P05033,P04,P01,618
2024,P11,P05033,P04,P02,1
2024,P11,P05034,P04,P01,29
2024,P11,P05035,P04,P01,5948
2024,P11,P05035,P04,P02,9
2024,P11,P05036,P04,P01,122
2024,P11,P05037,P04,P01,81
2024,P11,P05038,P04,P01,109
2024,P11,P06001,P04,P01,173
2024,P11,P06002,P04,P01,1807
2024,P11,P06002,P04,P02,3
2024,P11,P06003,P04,P01,153
2024,P11,P06004,P04,P01,80
2024,P11,P06005,P04,P01,210
2024,P11,P06006,P04,P01,21
2024,P11,P06007,P04,P01,1544
2024,P11,P06007,P04,P02,4
2024,P11,P06008,P04,P01,93
2024,P11,P06009,P04,P01,438
2024,P11,P06010,P04,P01,1548
2024,P11,P06010,P04,P02,4
2024,P11,P07001,P04,P01,16
2024,P11,P07002,P04,P01,17
2024,P11,P07003,P04,P01,40
2024,P11,P07004,P04,P01,10
2024,P11,P07005,P04,P01,1
2024,P11,P07006,P04,P01,2
2024,P11,P07007,P04,P01,2
2024,P11,P07008,P04,P01,69
2024,P11,P07009,P04,P01,229
2024,P11,P07009,P04,P02,1
2024,P11,P07011,P04,P01,4
2024,P11,P07012,P04,P01,243
2024,P11,P07013,P04,P01,21
2024,P11,P07014,P04,P01,14
2024,P11,P07015,P04,P01,80
2024,P11,P07016,P04,P01,20
2024,P11,P07017,P04,P01,102
2024,P11,P07017,P04,P02,1
2024,P11,P07018,P04,P01,1
2024,P11,P07019,P04,P01,403
2024,P11,P07019,P04,P02,3
2024,P11,P07020,P04,P01,85
2024,P11,P07021,P04,P01,16
2024,P11,P07022,P04,P01,6
2024,P11,P07023,P04,P01,48
2024,P11,P07024,P04,P01,5
2024,P11,P07026,P04,P01,38
2024,P11,P07027,P04,P01,409
2024,P11,P07028,P04,P01,2
2024,P11,P07029,P04,P01,7
2024,P11,P07030,P04,P01,17
2024,P11,P07031,P04,P01,15
2024,P11,P07032,P04,P01,22
2024,P11,P07032,P04,P02,1
2024,P11,P07033,P04,P01,1
2024,P11,P07034,P04,P01,68
2024,P11,P07035,P04,P01,37
2024,P11,P07036,P04,P01,7
2024,P11,P07037,P04,P01,72
2024,P11,P07038,P04,P01,19
2024,P11,P07039,P04,P01,18
2024,P11,P07040,P04,P01,79
2024,P11,P07040,P04,P02,1
2024,P11,P07041,P04,P01,39
2024,P11,P07042,P04,P01,1
2024,P11,P07043,P04,P01,3
2024,P11,P07044,P04,P01,23
2024,P11,P07045,P04,P01,4
2024,P11,P07046,P04,P01,59
2024,P11,P07047,P04,P01,17
2024,P11,P07048,P04,P01,65
2024,P11,P07049,P04,P01,15
2024,P11,P07050,P04,P01,14
2024,P11,P07051,P04,P01,45
2024,P11,P07051,P04,P02,1
2024,P11,P07052,P04,P01,58
2024,P11,P07053,P04,P01,2
2024,P11,P07054,P04,P01,92
2024,P11,P07055,P04,P01,26
2024,P11,P07056,P04,P01,1
2024,P11,P07057,P04,P01,44
2024,P11,P07058,P04,P01,20
2024,P11,P07059,P04,P01,56
2024,P11,P07059,P04,P02,1
2024,P11,P07061,P04,P01,140
2024,P11,P07062,P04,P01,15
2024,P11,P07062,P04,P02,1
2024,P11,P07063,P04,P01,9
2024,P11,P07064,P04,P01,12
2024,P11,P07065,P04,P01,259
2024,P11,P07065,P04,P02,1
2024,P11,P07066,P04,P01,2
2024,P11,P07067,P04,P01,1
2024,P11,P07068,P04,P01,30
2024,P11,P07068,P04,P02,1
2024,P11,P07069,P04,P01,187
2024,P11,P07071,P04,P01,20
2024,P11,P07072,P04,P01,16
2024,P11,P07073,P04,P01,4
2024,P11,P07074,P04,P01,147
2024,P11,P07075,P04,P01,22
2024,P11,P07076,P04,P01,6
2024,P11,P07077,P04,P01,33
2024,P11,P07078,P04,P01,728
2024,P11,P07078,P04,P02,18
2024,P11,P07079,P04,P01,66
2024,P11,P07080,P04,P01,13
2024,P11,P07081,P04,P01,46
2024,P11,P07082,P04,P01,4
2024,P11,P07083,P04,P01,16
2024,P11,P07084,P04,P01,1
2024,P11,P07085,P04,P01,14
2024,P11,P07086,P04,P01,32
2024,P11,P07087,P04,P01,54
2024,P11,P07088,P04,P01,3
2024,P11,P07089,P04,P01,1476
2024,P11,P07089,P04,P02,10
2024,P11,P07091,P04,P01,15
2024,P11,P07092,P04,P01,31
2024,P11,P07093,P04,P01,48
2024,P11,P07094,P04,P01,41
2024,P11,P07096,P04,P01,26
2024,P11,P07097,P04,P01,347
2024,P11,P07097,P04,P02,1
2024,P11,P07099,P04,P01,108
2024,P11,P07100,P04,P01,27
2024,P11,P07101,P04,P01,3454
2024,P11,P07101,P04,P02,9
2024,P11,P07102,P04,P01,138
2024,P11,P07103,P04,P01,29
2024,P11,P07104,P04,P01,34
2024,P11,P07105,P04,P01,31
2024,P11,P07106,P04,P01,39
2024,P11,P07107,P04,P01,176
2024,P11,P07108,P04,P01,285
2024,P11,P07109,P04,P01,47
2024,P11,P07111,P04,P01,27
2024,P11,P07112,P04,P01,23
2024,P11,P07115,P04,P01,16
2024,P11,P07117,P04,P01,8
2024,P11,P07122,P04,P01,2
2024,P11,P08001,P04,P01,90
2024,P11,P08002,P04,P01,395
2024,P11,P08003,P04,P01,219
2024,P11,P08004,P04,P01,207
2024,P11,P08005,P04,P01,382
2024,P11,P08006,P04,P01,46
2024,P11,P08007,P04,P01,47
2024,P11,P08009,P04,P01,163
2024,P11,P08009,P04,P02,2
2024,P11,P08010,P04,P01,264
2024,P11,P08011,P04,P01,394
2024,P11,P08012,P04,P01,42
2024,P11,P08013,P04,P01,108
2024,P11,P08014,P04,P01,4
2024,P11,P08015,P04,P01,7
2024,P11,P08016,P04,P01,65
2024,P11,P08017,P04,P01,1896
2024,P11,P08017,P04,P02,6
2024,P11,P08018,P04,P01,43
2024,P11,P08019,P04,P01,13357
2024,P11,P08019,P04,P02,38
2024,P11,P08020,P04,P01,1
2024,P11,P08021,P04,P01,1930
2024,P11,P08021,P04,P02,5
2024,P11,P08022,P04,P01,34
2024,P11,P08023,P04,P01,65
2024,P11,P08024,P04,P01,89
2024,P11,P08025,P04,P01,80
2024,P11,P08026,P04,P01,20
2024,P11,P08027,P04,P01,73
2024,P11,P08028,P04,P01,19
2024,P11,P08029,P04,P01,39
2024,P11,P08030,P04,P01,6
2024,P11,P08031,P04,P01,289
2024,P11,P08032,P04,P01,1083
2024,P11,P08032,P04,P02,19
2024,P11,P08033,P04,P01,6
2024,P11,P08034,P04,P01,34
2024,P11,P08035,P04,P01,126
2024,P11,P08036,P04,P01,234
2024,P11,P08037,P04,P01,11480
2024,P11,P08037,P04,P02,30
2024,P11,P08038,P04,P01,82
2024,P11,P08039,P04,P01,83
2024,P11,P08040,P04,P01,139
2024,P11,P08041,P04,P01,3
2024,P11,P08042,P04,P01,13
2024,P11,P08043,P04,P01,30
2024,P11,P08044,P04,P01,73
2024,P11,P08045,P04,P01,493
2024,P11,P08046,P04,P02,4
2024,P11,P08047,P04,P01,1
2024,P11,P08048,P04,P01,344
2024,P11,P08048,P04,P02,1
2024,P11,P08049,P04,P01,4
2024,P11,P08050,P04,P01,448
2024,P11,P08050,P04,P02,2
2024,P11,P08051,P04,P01,21
2024,P11,P08051,P04,P02,15
2024,P11,P08052,P04,P01,359
2024,P11,P08053,P04,P01,44
2024,P11,P08054,P04,P01,26
2024,P11,P08055,P04,P01,153
2024,P11,P08056,P04,P01,6
2024,P11,P08057,P04,P01,6
2024,P11,P08058,P04,P01,41
2024,P11,P08059,P04,P01,90
2024,P11,P08060,P04,P01,82
2024,P11,P08061,P04,P01,26
2024,P11,P08062,P04,P01,327
2024,P11,P08063,P04,P01,44
2024,P11,P08064,P04,P01,8
2024,P11,P08065,P04,P01,33
2024,P11,P08065,P04,P02,15
2024,P11,P08066,P04,P01,9
2024,P11,P08067,P04,P01,43
2024,P11,P09002,P04,P01,6435
2024,P11,P09002,P04,P02,30
2024,P11,P09003,P04,P01,13513
2024,P11,P09003,P04,P02,53
2024,P11,P09004,P04,P01,2636
2024,P11,P09004,P04,P02,18
2024,P11,P09005,P04,P01,17591
2024,P11,P09005,P04,P02,40
2024,P11,P09006,P04,P01,7515
2024,P11,P09006,P04,P02,11
2024,P11,P09007,P04,P01,27749
2024,P11,P09007,P04,P02,67
2024,P11,P09008,P04,P01,3602
2024,P11,P09008,P04,P02,7
2024,P11,P09009,P04,P01,1565
2024,P11,P09010,P04,P01,11147
2024,P11,P09010,P04,P02,71
2024,P11,P09011,P04,P01,4546
2024,P11,P09011,P04,P02,2
2024,P11,P09012,P04,P01,10817
2024,P11,P09012,P04,P02,51
2024,P11,P09013,P04,P01,6691
2024,P11,P09013,P04,P02,7
2024,P11,P09014,P04,P01,5745
2024,P11,P09014,P04,P02,67
2024,P11,P09015,P04,P01,12643
2024,P11,P09015,P04,P02,92
2024,P11,P09016,P04,P01,5551
2024,P11,P09016,P04,P02,60
2024,P11,P09017,P04,P01,8576
2024,P11,P09017,P04,P02,24
2024,P11,P10001,P04,P01,194
2024,P11,P10002,P04,P01,1
2024,P11,P10003,P04,P01,10
2024,P11,P10004,P04,P01,160
2024,P11,P10004,P04,P02,3
2024,P11,P10005,P04,P01,4273
2024,P11,P10005,P04,P02,11
2024,P11,P10006,P04,P01,19
2024,P11,P10007,P04,P01,2317
2024,P11,P10007,P04,P02,7
2024,P11,P10008,P04,P01,200
2024,P11,P10009,P04,P01,14
2024,P11,P10010,P04,P01,6
2024,P11,P10011,P04,P01,5
2024,P11,P10012,P04,P01,1130
2024,P11,P10013,P04,P01,243
2024,P11,P10014,P04,P01,25
2024,P11,P10015,P04,P01,59
2024,P11,P10016,P04,P01,132
2024,P11,P10017,P04,P01,68
2024,P11,P10018,P04,P01,38
2024,P11,P10020,P04,P01,91
2024,P11,P10021,P04,P01,62
2024,P11,P10022,P04,P01,86
2024,P11,P10023,P04,P01,130
2024,P11,P10023,P04,P02,1
2024,P11,P10024,P04,P01,44
2024,P11,P10025,P04,P01,8
2024,P11,P10026,P04,P01,5
2024,P11,P10027,P04,P01,4
2024,P11,P10028,P04,P01,143
2024,P11,P10029,P04,P01,2
2024,P11,P10030,P04,P01,3
2024,P11,P10031,P04,P01,47
2024,P11,P10032,P04,P01,95
2024,P11,P10033,P04,P01,10
2024,P11,P10034,P04,P01,11
2024,P11,P10035,P04,P01,24
2024,P11,P10036,P04,P01,204
2024,P11,P10038,P04,P01,106
2024,P11,P10039,P04,P01,100
2024,P11,P11001,P04,P01,347
2024,P11,P11001,P04,P02,1
2024,P11,P11002,P04,P01,524
2024,P11,P11003,P04,P01,1292
2024,P11,P11003,P04,P02,7
2024,P11,P11004,P04,P01,214
2024,P11,P11005,P04,P01,573
2024,P11,P11005,P04,P02,1
2024,P11,P11006,P04,P01,8
2024,P11,P11007,P04,P01,3789
2024,P11,P11007,P04,P02,10
2024,P11,P11008,P04,P01,234
2024,P11,P11009,P04,P01,309
2024,P11,P11010,P04,P01,57
2024,P11,P11011,P04,P01,279
2024,P11,P11011,P04,P02,3
2024,P11,P11012,P04,P01,89
2024,P11,P11013,P04,P01,89
2024,P11,P11014,P04,P01,565
2024,P11,P11014,P04,P02,2
2024,P11,P11015,P04,P01,2701
2024,P11,P11015,P04,P02,5
2024,P11,P11016,P04,P01,69
2024,P11,P11017,P04,P01,3754
2024,P11,P11017,P04,P02,10
2024,P11,P11018,P04,P01,222
2024,P11,P11019,P04,P01,242
2024,P11,P11020,P04,P01,25061
2024,P11,P11020,P04,P02,31
2024,P11,P11021,P04,P01,196
2024,P11,P11021,P04,P02,1
2024,P11,P11022,P04,P01,51
2024,P11,P11022,P04,P02,1
2024,P11,P11023,P04,P01,1051
2024,P11,P11024,P04,P01,36
2024,P11,P11025,P04,P01,1223
2024,P11,P11026,P04,P01,442
2024,P11,P11027,P04,P01,1708
2024,P11,P11027,P04,P02,6
2024,P11,P11028,P04,P01,537
2024,P11,P11029,P04,P01,117
2024,P11,P11030,P04,P01,352
2024,P11,P11031,P04,P01,1759
2024,P11,P11032,P04,P01,839
2024,P11,P11032,P04,P02,2
2024,P11,P11033,P04,P01,531
2024,P11,P11033,P04,P02,1
2024,P11,P11034,P04,P01,17
2024,P11,P11035,P04,P01,195
2024,P11,P11036,P04,P01,40
2024,P11,P11037,P04,P01,2324
2024,P11,P11037,P04,P02,1
2024,P11,P11038,P04,P01,43
2024,P11,P11039,P04,P01,132
2024,P11,P11040,P04,P01,59
2024,P11,P11041,P04,P01,243
2024,P11,P11042,P04,P01,586
2024,P11,P11043,P04,P01,92
2024,P11,P11044,P04,P01,223
2024,P11,P11045,P04,P01,55
2024,P11,P11046,P04,P01,365
2024,P11,P12001,P04,P01,6162
2024,P11,P12001,P04,P02,41
2024,P11,P12002,P04,P01,8
2024,P11,P12003,P04,P01,64
2024,P11,P12004,P04,P01,32
2024,P11,P12005,P04,P01,16
2024,P11,P12006,P04,P01,62
2024,P11,P12007,P04,P01,75
2024,P11,P12008,P04,P01,33
2024,P11,P12009,P04,P01,2
2024,P11,P12010,P04,P01,44
2024,P11,P12011,P04,P01,200
2024,P11,P12012,P04,P01,83
2024,P11,P12013,P04,P01,25
2024,P11,P12014,P04,P01,84
2024,P11,P12015,P04,P01,145
2024,P11,P12016,P04,P01,25
2024,P11,P12017,P04,P01,125
2024,P11,P12017,P04,P02,1
2024,P11,P12018,P04,P01,89
2024,P11,P12019,P04,P01,6
2024,P11,P12020,P04,P01,8
2024,P11,P12021,P04,P01,383
2024,P11,P12021,P04,P02,1
2024,P11,P12022,P04,P01,87
2024,P11,P12023,P04,P01,62
2024,P11,P12024,P04,P01,6
2024,P11,P12025,P04,P01,19
2024,P11,P12026,P04,P01,33
2024,P11,P12027,P04,P01,99
2024,P11,P12028,P04,P01,311
2024,P11,P12029,P04,P01,1895
2024,P11,P12029,P04,P02,2
2024,P11,P12030,P04,P01,81
2024,P11,P12031,P04,P01,9
2024,P11,P12032,P04,P01,42
2024,P11,P12033,P04,P01,25
2024,P11,P12034,P04,P01,272
2024,P11,P12035,P04,P01,896
2024,P11,P12035,P04,P02,3
2024,P11,P12036,P04,P01,8
2024,P11,P12037,P04,P01,31
2024,P11,P12038,P04,P01,827
2024,P11,P12038,P04,P02,15
2024,P11,P12039,P04,P01,156
2024,P11,P12040,P04,P01,56
2024,P11,P12041,P04,P01,9
2024,P11,P12042,P04,P01,32
2024,P11,P12043,P04,P01,21
2024,P11,P12044,P04,P01,38
2024,P11,P12045,P04,P01,32
2024,P11,P12046,P04,P01,133
2024,P11,P12047,P04,P01,24
2024,P11,P12048,P04,P01,162
2024,P11,P12049,P04,P01,37
2024,P11,P12050,P04,P01,59
2024,P11,P12050,P04,P02,1
2024,P11,P12051,P04,P01,96
2024,P11,P12052,P04,P01,28
2024,P11,P12053,P04,P01,257
2024,P11,P12054,P04,P01,31
2024,P11,P12055,P04,P01,437
2024,P11,P12056,P04,P01,93
2024,P11,P12057,P04,P01,203
2024,P11,P12058,P04,P01,272
2024,P11,P12059,P04,P01,242
2024,P11,P12060,P04,P01,45
2024,P11,P12061,P04,P01,218
2024,P11,P12062,P04,P01,2
2024,P11,P12063,P04,P01,4
2024,P11,P12064,P04,P01,17
2024,P11,P12065,P04,P01,25
2024,P11,P12066,P04,P01,174
2024,P11,P12066,P04,P02,1
2024,P11,P12067,P04,P01,47
2024,P11,P12068,P04,P01,115
2024,P11,P12069,P04,P01,16
2024,P11,P12070,P04,P01,13
2024,P11,P12071,P04,P01,15
2024,P11,P12072,P04,P01,2
2024,P11,P12073,P04,P01,44
2024,P11,P12074,P04,P01,21
2024,P11,P12075,P04,P01,169
2024,P11,P12075,P04,P02,2
2024,P11,P12076,P04,P01,6
2024,P11,P12077,P04,P01,77
2024,P11,P12078,P04,P01,10
2024,P11,P12079,P04,P01,5
2024,P11,P12080,P04,P01,11
2024,P11,P12081,P04,P01,3
2024,P11,P13001,P04,P01,138
2024,P11,P13002,P04,P01,188
2024,P11,P13003,P04,P01,396
2024,P11,P13004,P04,P01,40
2024,P11,P13005,P04,P01,111
2024,P11,P13006,P04,P01,158
2024,P11,P13007,P04,P01,120
2024,P11,P13008,P04,P01,300
2024,P11,P13008,P04,P02,1
2024,P11,P13009,P04,P01,151
2024,P11,P13010,P04,P01,290
2024,P11,P13010,P04,P02,1
2024,P11,P13011,P04,P01,4
2024,P11,P13012,P04,P01,188
2024,P11,P13013,P04,P01,559
2024,P11,P13014,P04,P01,7
2024,P11,P13015,P04,P01,83
2024,P11,P13016,P04,P01,372
2024,P11,P13017,P04,P01,71
2024,P11,P13018,P04,P01,59
2024,P11,P13019,P04,P01,100
2024,P11,P13020,P04,P01,6
2024,P11,P13021,P04,P01,83
2024,P11,P13022,P04,P01,124
2024,P11,P13023,P04,P01,179
2024,P11,P13024,P04,P01,230
2024,P11,P13024,P04,P02,1
2024,P11,P13025,P04,P01,15
2024,P11,P13026,P04,P01,3
2024,P11,P13027,P04,P01,10
2024,P11,P13028,P04,P01,34
2024,P11,P13029,P04,P01,333
2024,P11,P13029,P04,P02,1
2024,P11,P13030,P04,P01,434
2024,P11,P13031,P04,P01,81
2024,P11,P13032,P04,P01,1
2024,P11,P13033,P04,P01,1
2024,P11,P13034,P04,P01,9
2024,P11,P13035,P04,P01,54
2024,P11,P13036,P04,P01,33
2024,P11,P13037,P04,P01,65
2024,P11,P13038,P04,P01,67
2024,P11,P13039,P04,P01,54
2024,P11,P13040,P04,P01,42
2024,P11,P13041,P04,P01,180
2024,P11,P13042,P04,P01,45
2024,P11,P13043,P04,P01,14
2024,P11,P13044,P04,P01,115
2024,P11,P13045,P04,P01,31
2024,P11,P13046,P04,P01,19
2024,P11,P13047,P04,P01,10
2024,P11,P13048,P04,P01,2322
2024,P11,P13048,P04,P02,21
2024,P11,P13049,P04,P01,33
2024,P11,P13050,P04,P01,123
2024,P11,P13051,P04,P01,1206
2024,P11,P13051,P04,P02,3
2024,P11,P13052,P04,P01,303
2024,P11,P13052,P04,P02,1
2024,P11,P13053,P04,P01,11
2024,P11,P13054,P04,P01,271
2024,P11,P13055,P04,P01,54
2024,P11,P13056,P04,P01,235
2024,P11,P13057,P04,P01,88
2024,P11,P13058,P04,P01,122
2024,P11,P13059,P04,P01,174
2024,P11,P13060,P04,P01,23
2024,P11,P13061,P04,P01,341
2024,P11,P13061,P04,P02,1
2024,P11,P13062,P04,P01,18
2024,P11,P13063,P04,P01,799
2024,P11,P13063,P04,P02,2
2024,P11,P13064,P04,P01,92
2024,P11,P13065,P04,P01,61
2024,P11,P13066,P04,P01,47
2024,P11,P13067,P04,P01,284
2024,P11,P13068,P04,P01,20
2024,P11,P13069,P04,P01,2231
2024,P11,P13069,P04,P02,4
2024,P11,P13070,P04,P01,51
2024,P11,P13071,P04,P01,17
2024,P11,P13072,P04,P01,71
2024,P11,P13073,P04,P01,28
2024,P11,P13074,P04,P01,131
2024,P11,P13075,P04,P01,140
2024,P11,P13076,P04,P01,1690
2024,P11,P13077,P04,P01,938
2024,P11,P13077,P04,P02,25
2024,P11,P13078,P04,P01,1
2024,P11,P13079,P04,P01,5
2024,P11,P13080,P04,P01,2
2024,P11,P13081,P04,P01,18
2024,P11,P13082,P04,P01,141
2024,P11,P13083,P04,P01,712
2024,P11,P13084,P04,P01,201
2024,P11,P13084,P04,P02,1
2024,P11,P14001,P04,P01,41
2024,P11,P14002,P04,P01,95
2024,P11,P14003,P04,P01,184
2024,P11,P14004,P04,P01,45
2024,P11,P14005,P04,P01,45
2024,P11,P14006,P04,P01,399
2024,P11,P14007,P04,P01,68
2024,P11,P14008,P04,P01,376
2024,P11,P14009,P04,P01,187
2024,P11,P14010,P04,P01,23
2024,P11,P14011,P04,P01,32
2024,P11,P14012,P04,P01,25
2024,P11,P14013,P04,P01,254
2024,P11,P14014,P04,P01,37
2024,P11,P14015,P04,P01,564
2024,P11,P14016,P04,P01,144
2024,P11,P14017,P04,P01,71
2024,P11,P14018,P04,P01,289
2024,P11,P14019,P04,P01,23
2024,P11,P14020,P04,P01,94
2024,P11,P14021,P04,P01,190
2024,P11,P14022,P04,P01,342
2024,P11,P14023,P04,P01,468
2024,P11,P14023,P04,P02,6
2024,P11,P14024,P04,P01,274
2024,P11,P14024,P04,P02,1
2024,P11,P14025,P04,P01,101
2024,P11,P14026,P04,P01,59
2024,P11,P14027,P04,P01,65
2024,P11,P14028,P04,P01,18
2024,P11,P14029,P04,P01,96
2024,P11,P14030,P04,P01,596
2024,P11,P14030,P04,P02,3
2024,P11,P14031,P04,P01,8
2024,P11,P14032,P04,P01,69
2024,P11,P14033,P04,P01,56
2024,P11,P14034,P04,P01,34
2024,P11,P14035,P04,P01,142
2024,P11,P14036,P04,P01,116
2024,P11,P14037,P04,P01,82
2024,P11,P14038,P04,P01,24
2024,P11,P14039,P04,P01,16042
2024,P11,P14039,P04,P02,83
2024,P11,P14040,P04,P01,29
2024,P11,P14041,P04,P01,23
2024,P11,P14042,P04,P01,34
2024,P11,P14042,P04,P02,1
2024,P11,P14043,P04,P01,169
2024,P11,P14044,P04,P01,544
2024,P11,P14045,P04,P01,175
2024,P11,P14046,P04,P01,123
2024,P11,P14047,P04,P01,72
2024,P11,P14048,P04,P01,105
2024,P11,P14049,P04,P01,6
2024,P11,P14050,P04,P01,350
2024,P11,P14051,P04,P01,277
2024,P11,P14052,P04,P01,64
2024,P11,P14053,P04,P01,1915
2024,P11,P14053,P04,P02,5
2024,P11,P14054,P04,P01,60
2024,P11,P14055,P04,P01,86
2024,P11,P14057,P04,P01,28
2024,P11,P14058,P04,P01,72
2024,P11,P14059,P04,P01,540
2024,P11,P14059,P04,P02,2
2024,P11,P14060,P04,P01,32
2024,P11,P14061,P04,P01,67
2024,P11,P14062,P04,P01,8
2024,P11,P14063,P04,P01,497
2024,P11,P14064,P04,P01,95
2024,P11,P14065,P04,P01,49
2024,P11,P14066,P04,P01,300
2024,P11,P14066,P04,P02,1
2024,P11,P14067,P04,P01,2136
2024,P11,P14067,P04,P02,20
2024,P11,P14068,P04,P01,52
2024,P11,P14069,P04,P01,49
2024,P11,P14070,P04,P01,3545
2024,P11,P14070,P04,P02,7
2024,P11,P14071,P04,P01,7
2024,P11,P14072,P04,P01,42
2024,P11,P14073,P04,P01,259
2024,P11,P14073,P04,P02,1
2024,P11,P14074,P04,P01,91
2024,P11,P14075,P04,P01,30
2024,P11,P14076,P04,P01,1
2024,P11,P14077,P04,P01,168
2024,P11,P14078,P04,P01,110
2024,P11,P14079,P04,P01,43
2024,P11,P14080,P04,P01,22
2024,P11,P14081,P04,P01,52
2024,P11,P14082,P04,P01,128
2024,P11,P14083,P04,P01,554
2024,P11,P14083,P04,P02,1
2024,P11,P14084,P04,P01,76
2024,P11,P14085,P04,P01,70
2024,P11,P14086,P04,P01,100
2024,P11,P14086,P04,P02,1
2024,P11,P14087,P04,P01,37
2024,P11,P14088,P04,P01,229
2024,P11,P14088,P04,P02,1
2024,P11,P14089,P04,P01,18
2024,P11,P14090,P04,P01,115
2024,P11,P14091,P04,P01,181
2024,P11,P14092,P04,P01,63
2024,P11,P14093,P04,P01,358
2024,P11,P14093,P04,P02,6
2024,P11,P14094,P04,P01,120
2024,P11,P14094,P04,P02,3
2024,P11,P14095,P04,P01,79
2024,P11,P14096,P04,P01,92
2024,P11,P14097,P04,P01,8901
2024,P11,P14097,P04,P02,17
2024,P11,P14098,P04,P01,6738
2024,P11,P14098,P04,P02,23
2024,P11,P14099,P04,P01,54
2024,P11,P14100,P04,P01,34
2024,P11,P14101,P04,P01,6154
2024,P11,P14101,P04,P02,5
2024,P11,P14102,P04,P01,33
2024,P11,P14103,P04,P01,43
2024,P11,P14104,P04,P01,16
2024,P11,P14105,P04,P01,167
2024,P11,P14106,P04,P01,26
2024,P11,P14107,P04,P01,63
2024,P11,P14108,P04,P01,187
2024,P11,P14109,P04,P01,131
2024,P11,P14110,P04,P01,50
2024,P11,P14111,P04,P01,32
2024,P11,P14112,P04,P01,16
2024,P11,P14113,P04,P01,117
2024,P11,P14114,P04,P01,82
2024,P11,P14115,P04,P01,14
2024,P11,P14116,P04,P01,53
2024,P11,P14117,P04,P01,14
2024,P11,P14118,P04,P01,164
2024,P11,P14119,P04,P01,90
2024,P11,P14120,P04,P01,25878
2024,P11,P14120,P04,P02,69
2024,P11,P14121,P04,P01,104
2024,P11,P14122,P04,P01,32
2024,P11,P14123,P04,P01,124
2024,P11,P14124,P04,P01,339
2024,P11,P14125,P04,P01,56
2024,P11,P15001,P04,P01,257
2024,P11,P15002,P04,P01,1824
2024,P11,P15003,P04,P01,349
2024,P11,P15004,P04,P01,75
2024,P11,P15005,P04,P01,1552
2024,P11,P15006,P04,P01,176
2024,P11,P15007,P04,P01,110
2024,P11,P15008,P04,P01,64
2024,P11,P15009,P04,P01,773
2024,P11,P15010,P04,P01,243
2024,P11,P15011,P04,P01,492
2024,P11,P15012,P04,P01,165
2024,P11,P15012,P04,P02,1
2024,P11,P15013,P04,P01,7290
2024,P11,P15013,P04,P02,21
2024,P11,P15014,P04,P01,574
2024,P11,P15014,P04,P02,3
2024,P11,P15015,P04,P01,256
2024,P11,P15016,P04,P01,248
2024,P11,P15017,P04,P01,131
2024,P11,P15018,P04,P01,803
2024,P11,P15019,P04,P01,425
2024,P11,P15020,P04,P01,4488
2024,P11,P15020,P04,P02,14
2024,P11,P15021,P04,P01,188
2024,P11,P15022,P04,P01,123
2024,P11,P15023,P04,P01,339
2024,P11,P15024,P04,P01,3165
2024,P11,P15024,P04,P02,3
2024,P11,P15025,P04,P01,4413
2024,P11,P15025,P04,P02,9
2024,P11,P15026,P04,P01,188
2024,P11,P15027,P04,P01,315
2024,P11,P15028,P04,P01,344
2024,P11,P15029,P04,P01,3580
2024,P11,P15029,P04,P02,2
2024,P11,P15030,P04,P01,233
2024,P11,P15031,P04,P01,4764
2024,P11,P15031,P04,P02,3
2024,P11,P15032,P04,P01,126
2024,P11,P15033,P04,P01,22339
2024,P11,P15033,P04,P02,49
2024,P11,P15034,P04,P01,64
2024,P11,P15035,P04,P01,1413
2024,P11,P15035,P04,P02,2
2024,P11,P15036,P04,P01,296
2024,P11,P15037,P04,P01,3397
2024,P11,P15037,P04,P02,28
2024,P11,P15038,P04,P01,83
2024,P11,P15039,P04,P01,7787
2024,P11,P15039,P04,P02,16
2024,P11,P15040,P04,P01,240
2024,P11,P15041,P04,P01,27
2024,P11,P15042,P04,P01,434
2024,P11,P15043,P04,P01,160
2024,P11,P15044,P04,P01,577
2024,P11,P15045,P04,P01,863
2024,P11,P15046,P04,P01,283
2024,P11,P15047,P04,P01,325
2024,P11,P15048,P04,P01,337
2024,P11,P15048,P04,P02,2
2024,P11,P15049,P04,P01,49
2024,P11,P15050,P04,P01,132
2024,P11,P15051,P04,P01,2267
2024,P11,P15051,P04,P02,7
2024,P11,P15052,P04,P01,175
2024,P11,P15053,P04,P01,574
2024,P11,P15054,P04,P01,3794
2024,P11,P15054,P04,P02,15
2024,P11,P15055,P04,P01,192
2024,P11,P15056,P04,P01,97
2024,P11,P15057,P04,P01,10525
2024,P11,P15057,P04,P02,51
2024,P11,P15058,P04,P01,11559
2024,P11,P15058,P04,P02,24
2024,P11,P15059,P04,P01,454
2024,P11,P15060,P04,P01,3326
2024,P11,P15060,P04,P02,6
2024,P11,P15061,P04,P01,133
2024,P11,P15062,P04,P01,1160
2024,P11,P15063,P04,P01,191
2024,P11,P15064,P04,P01,179
2024,P11,P15065,P04,P01,309
2024,P11,P15066,P04,P01,11
2024,P11,P15067,P04,P01,556
2024,P11,P15068,P04,P01,266
2024,P11,P15069,P04,P01,68
2024,P11,P15070,P04,P01,2521
2024,P11,P15070,P04,P02,5
2024,P11,P15071,P04,P01,175
2024,P11,P15071,P04,P02,1
2024,P11,P15072,P04,P01,152
2024,P11,P15073,P04,P01,641
2024,P11,P15074,P04,P01,238
2024,P11,P15075,P04,P01,239
2024,P11,P15076,P04,P01,850
2024,P11,P15076,P04,P02,1
2024,P11,P15077,P04,P01,39
2024,P11,P15078,P04,P01,31
2024,P11,P15079,P04,P01,161
2024,P11,P15080,P04,P01,73
2024,P11,P15081,P04,P01,8595
2024,P11,P15081,P04,P02,20
2024,P11,P15082,P04,P01,262
2024,P11,P15083,P04,P01,192
2024,P11,P15084,P04,P01,348
2024,P11,P15085,P04,P01,256
2024,P11,P15086,P04,P01,123
2024,P11,P15087,P04,P01,553
2024,P11,P15087,P04,P02,2
2024,P11,P15088,P04,P01,403
2024,P11,P15089,P04,P01,136
2024,P11,P15090,P04,P01,871
2024,P11,P15091,P04,P01,735
2024,P11,P15092,P04,P01,554
2024,P11,P15092,P04,P02,2
2024,P11,P15093,P04,P01,355
2024,P11,P15094,P04,P01,206
2024,P11,P15095,P04,P01,1149
2024,P11,P15095,P04,P02,7
2024,P11,P15096,P04,P01,381
2024,P11,P15097,P04,P01,109
2024,P11,P15098,P04,P01,90
2024,P11,P15099,P04,P01,3187
2024,P11,P15099,P04,P02,14
2024,P11,P15100,P04,P01,412
2024,P11,P15101,P04,P01,1187
2024,P11,P15102,P04,P01,136
2024,P11,P15103,P04,P01,393
2024,P11,P15104,P04,P01,9275
2024,P11,P15104,P04,P02,35
2024,P11,P15105,P04,P01,30
2024,P11,P15106,P04,P01,10205
2024,P11,P15106,P04,P02,34
2024,P11,P15107,P04,P01,96
2024,P11,P15108,P04,P01,1945
2024,P11,P15108,P04,P02,2
2024,P11,P15109,P04,P01,7159
2024,P11,P15109,P04,P02,7
2024,P11,P15110,P04,P01,755
2024,P11,P15110,P04,P02,5
2024,P11,P15111,P04,P01,157
2024,P11,P15112,P04,P01,174
2024,P11,P15113,P04,P01,295
2024,P11,P15114,P04,P01,415
2024,P11,P15115,P04,P01,302
2024,P11,P15116,P04,P01,23
2024,P11,P15117,P04,P01,73
2024,P11,P15118,P04,P01,1803
2024,P11,P15118,P04,P02,3
2024,P11,P15119,P04,P01,42
2024,P11,P15120,P04,P01,2884
2024,P11,P15120,P04,P02,7
2024,P11,P15121,P04,P01,10141
2024,P11,P15121,P04,P02,35
2024,P11,P15122,P04,P01,3863
2024,P11,P15122,P04,P02,6
2024,P11,P15123,P04,P01,37
2024,P11,P15124,P04,P01,142
2024,P11,P15125,P04,P01,106
2024,P11,P16001,P04,P01,72
2024,P11,P16002,P04,P01,15
2024,P11,P16003,P04,P01,174
2024,P11,P16004,P04,P01,58
2024,P11,P16005,P04,P01,58
2024,P11,P16006,P04,P01,524
2024,P11,P16006,P04,P02,1
2024,P11,P16007,P04,P01,21
2024,P11,P16008,P04,P01,30
2024,P11,P16009,P04,P01,244
2024,P11,P16010,P04,P01,91
2024,P11,P16011,P04,P01,16
2024,P11,P16012,P04,P01,109
2024,P11,P16013,P04,P01,15
2024,P11,P16014,P04,P01,19
2024,P11,P16015,P04,P01,27
2024,P11,P16016,P04,P01,164
2024,P11,P16017,P04,P01,172
2024,P11,P16018,P04,P01,35
2024,P11,P16019,P04,P01,30
2024,P11,P16020,P04,P01,83
2024,P11,P16021,P04,P01,32
2024,P11,P16022,P04,P01,220
2024,P11,P16022,P04,P02,1
2024,P11,P16023,P04,P01,32
2024,P11,P16024,P04,P01,35
2024,P11,P16025,P04,P01,44
2024,P11,P16026,P04,P01,5
2024,P11,P16027,P04,P01,33
2024,P11,P16028,P04,P01,30
2024,P11,P16029,P04,P01,1
2024,P11,P16030,P04,P01,73
2024,P11,P16031,P04,P01,27
2024,P11,P16032,P04,P01,96
2024,P11,P16033,P04,P01,30
2024,P11,P16034,P04,P01,554
2024,P11,P16034,P04,P02,1
2024,P11,P16035,P04,P01,44
2024,P11,P16036,P04,P01,34
2024,P11,P16037,P04,P01,46
2024,P11,P16038,P04,P01,67
2024,P11,P16039,P04,P01,43
2024,P11,P16040,P04,P01,73
2024,P11,P16041,P04,P01,91
2024,P11,P16042,P04,P01,42
2024,P11,P16043,P04,P01,242
2024,P11,P16044,P04,P01,73
2024,P11,P16045,P04,P01,152
2024,P11,P16046,P04,P01,68
2024,P11,P16047,P04,P01,87
2024,P11,P16048,P04,P01,49
2024,P11,P16049,P04,P01,55
2024,P11,P16050,P04,P01,346
2024,P11,P16051,P04,P01,74
2024,P11,P16052,P04,P01,2163
2024,P11,P16052,P04,P02,4
2024,P11,P16053,P04,P01,6661
2024,P11,P16053,P04,P02,22
2024,P11,P16054,P04,P01,49
2024,P11,P16055,P04,P01,157
2024,P11,P16056,P04,P01,21
2024,P11,P16057,P04,P01,7
2024,P11,P16058,P04,P01,85
2024,P11,P16059,P04,P01,42
2024,P11,P16060,P04,P01,53
2024,P11,P16061,P04,P01,83
2024,P11,P16062,P04,P01,41
2024,P11,P16063,P04,P01,53
2024,P11,P16064,P04,P01,71
2024,P11,P16065,P04,P01,142
2024,P11,P16066,P04,P01,454
2024,P11,P16066,P04,P02,1
2024,P11,P16067,P04,P01,153
2024,P11,P16068,P04,P01,96
2024,P11,P16069,P04,P01,671
2024,P11,P16069,P04,P02,2
2024,P11,P16070,P04,P01,64
2024,P11,P16071,P04,P01,228
2024,P11,P16072,P04,P01,132
2024,P11,P16073,P04,P01,54
2024,P11,P16074,P04,P01,19
2024,P11,P16075,P04,P01,287
2024,P11,P16076,P04,P01,100
2024,P11,P16077,P04,P01,35
2024,P11,P16078,P04,P01,54
2024,P11,P16079,P04,P01,288
2024,P11,P16080,P04,P01,93
2024,P11,P16081,P04,P01,17
2024,P11,P16082,P04,P01,514
2024,P11,P16083,P04,P01,62
2024,P11,P16084,P04,P01,83
2024,P11,P16085,P04,P01,215
2024,P11,P16086,P04,P01,52
2024,P11,P16087,P04,P01,66
2024,P11,P16088,P04,P01,1157
2024,P11,P16088,P04,P02,1
2024,P11,P16089,P04,P01,67
2024,P11,P16090,P04,P01,47
2024,P11,P16091,P04,P01,126
2024,P11,P16091,P04,P02,2
2024,P11,P16092,P04,P01,15
2024,P11,P16093,P04,P01,236
2024,P11,P16094,P04,P01,51
2024,P11,P16095,P04,P01,84
2024,P11,P16096,P04,P01,12
2024,P11,P16097,P04,P01,51
2024,P11,P16098,P04,P01,114
2024,P11,P16099,P04,P01,50
2024,P11,P16100,P04,P01,57
2024,P11,P16101,P04,P01,34
2024,P11,P16102,P04,P01,1394
2024,P11,P16102,P04,P02,2
2024,P11,P16103,P04,P01,131
2024,P11,P16104,P04,P01,90
2024,P11,P16105,P04,P01,85
2024,P11,P16106,P04,P01,113
2024,P11,P16107,P04,P01,351
2024,P11,P16108,P04,P01,995
2024,P11,P16108,P04,P02,4
2024,P11,P16109,P04,P01,26
2024,P11,P16110,P04,P01,280
2024,P11,P16110,P04,P02,2
2024,P11,P16111,P04,P01,57
2024,P11,P16112,P04,P01,594
2024,P11,P16112,P04,P02,1
2024,P11,P16113,P04,P01,97
2024,P11,P17001,P04,P01,104
2024,P11,P17002,P04,P01,484
2024,P11,P17003,P04,P01,200
2024,P11,P17003,P04,P02,1
2024,P11,P17004,P04,P01,1279
2024,P11,P17004,P04,P02,2
2024,P11,P17005,P04,P01,68
2024,P11,P17006,P04,P01,2372
2024,P11,P17006,P04,P02,11
2024,P11,P17007,P04,P01,5947
2024,P11,P17007,P04,P02,43
2024,P11,P17008,P04,P01,1978
2024,P11,P17008,P04,P02,2
2024,P11,P17009,P04,P01,555
2024,P11,P17010,P04,P01,157
2024,P11,P17011,P04,P01,2875
2024,P11,P17011,P04,P02,7
2024,P11,P17012,P04,P01,638
2024,P11,P17013,P04,P01,130
2024,P11,P17014,P04,P01,69
2024,P11,P17014,P04,P02,1
2024,P11,P17015,P04,P01,196
2024,P11,P17016,P04,P01,104
2024,P11,P17017,P04,P01,468
2024,P11,P17018,P04,P01,1717
2024,P11,P17018,P04,P02,1
2024,P11,P17019,P04,P01,107
2024,P11,P17020,P04,P01,767
2024,P11,P17020,P04,P02,4
2024,P11,P17021,P04,P01,53
2024,P11,P17022,P04,P01,97
2024,P11,P17023,P04,P01,129
2024,P11,P17024,P04,P01,534
2024,P11,P17024,P04,P02,1
2024,P11,P17025,P04,P01,164
2024,P11,P17026,P04,P01,331
2024,P11,P17026,P04,P02,1
2024,P11,P17027,P04,P01,72
2024,P11,P17028,P04,P01,1412
2024,P11,P17028,P04,P02,2
2024,P11,P17029,P04,P01,2372
2024,P11,P17029,P04,P02,2
2024,P11,P17030,P04,P01,294
2024,P11,P17031,P04,P01,246
2024,P11,P17032,P04,P01,58
2024,P11,P17033,P04,P01,70
2024,P11,P18001,P04,P01,220
2024,P11,P18001,P04,P02,1
2024,P11,P18002,P04,P01,113
2024,P11,P18003,P04,P01,96
2024,P11,P18004,P04,P01,781
2024,P11,P18004,P04,P02,1
2024,P11,P18005,P04,P01,35
2024,P11,P18006,P04,P01,202
2024,P11,P18007,P04,P01,107
2024,P11,P18007,P04,P02,1
2024,P11,P18008,P04,P01,427
2024,P11,P18009,P04,P01,24
2024,P11,P18010,P04,P01,336
2024,P11,P18011,P04,P01,236
2024,P11,P18011,P04,P02,7
2024,P11,P18012,P04,P01,389
2024,P11,P18012,P04,P02,1
2024,P11,P18013,P04,P01,97
2024,P11,P18014,P04,P01,229
2024,P11,P18015,P04,P01,874
2024,P11,P18015,P04,P02,1
2024,P11,P18016,P04,P01,232
2024,P11,P18017,P04,P01,3010
2024,P11,P18017,P04,P02,5
2024,P11,P18018,P04,P01,250
2024,P11,P18019,P04,P01,14
2024,P11,P18020,P04,P01,2095
2024,P11,P18020,P04,P02,17
2024,P11,P19001,P04,P01,31
2024,P11,P19002,P04,P01,33
2024,P11,P19003,P04,P01,8
2024,P11,P19004,P04,P01,228
2024,P11,P19004,P04,P02,1
2024,P11,P19005,P04,P01,184
2024,P11,P19006,P04,P01,14144
2024,P11,P19006,P04,P02,29
2024,P11,P19007,P04,P01,20
2024,P11,P19008,P04,P01,39
2024,P11,P19009,P04,P01,957
2024,P11,P19009,P04,P02,1
2024,P11,P19010,P04,P01,305
2024,P11,P19011,P04,P01,100
2024,P11,P19012,P04,P01,850
2024,P11,P19012,P04,P02,2
2024,P11,P19013,P04,P01,47
2024,P11,P19014,P04,P01,52
2024,P11,P19015,P04,P01,4
2024,P11,P19016,P04,P01,57
2024,P11,P19017,P04,P01,52
2024,P11,P19018,P04,P01,3902
2024,P11,P19018,P04,P02,5
2024,P11,P19019,P04,P01,1702
2024,P11,P19019,P04,P02,17
2024,P11,P19020,P04,P01,34
2024,P11,P19021,P04,P01,9401
2024,P11,P19021,P04,P02,19
2024,P11,P19022,P04,P01,104
2024,P11,P19023,P04,P01,15
2024,P11,P19024,P04,P01,10
2024,P11,P19025,P04,P01,921
2024,P11,P19026,P04,P01,11893
2024,P11,P19026,P04,P02,38
2024,P11,P19027,P04,P01,12
2024,P11,P19028,P04,P01,36
2024,P11,P19029,P04,P01,51
2024,P11,P19030,P04,P01,6
2024,P11,P19031,P04,P01,7135
2024,P11,P19031,P04,P02,4
2024,P11,P19032,P04,P01,32
2024,P11,P19033,P04,P01,247
2024,P11,P19033,P04,P02,3
2024,P11,P19034,P04,P01,58
2024,P11,P19035,P04,P01,16
2024,P11,P19037,P04,P01,49
2024,P11,P19038,P04,P01,356
2024,P11,P19038,P04,P02,1
2024,P11,P19039,P04,P01,22834
2024,P11,P19039,P04,P02,89
2024,P11,P19040,P04,P01,10
2024,P11,P19041,P04,P01,814
2024,P11,P19042,P04,P01,18
2024,P11,P19043,P04,P01,4
2024,P11,P19044,P04,P01,283
2024,P11,P19045,P04,P01,638
2024,P11,P19046,P04,P01,8248
2024,P11,P19046,P04,P02,26
2024,P11,P19047,P04,P01,88
2024,P11,P19048,P04,P01,6438
2024,P11,P19048,P04,P02,20
2024,P11,P19049,P04,P01,603
2024,P11,P19050,P04,P01,37
2024,P11,P19051,P04,P01,31
2024,P11,P20001,P04,P01,5
2024,P11,P20002,P04,P01,178
2024,P11,P20002,P04,P02,1
2024,P11,P20003,P04,P01,1
2024,P11,P20004,P04,P01,30
2024,P11,P20005,P04,P01,73
2024,P11,P20006,P04,P01,155
2024,P11,P20006,P04,P02,2
2024,P11,P20007,P04,P01,8
2024,P11,P20008,P04,P01,2
2024,P11,P20009,P04,P01,2
2024,P11,P20010,P04,P01,200
2024,P11,P20011,P04,P01,14
2024,P11,P20012,P04,P01,3
2024,P11,P20013,P04,P01,5
2024,P11,P20014,P04,P01,171
2024,P11,P20015,P04,P01,13
2024,P11,P20016,P04,P01,10
2024,P11,P20017,P04,P01,8
2024,P11,P20018,P04,P01,4
2024,P11,P20020,P04,P01,8
2024,P11,P20021,P04,P01,53
2024,P11,P20022,P04,P01,9
2024,P11,P20023,P04,P01,90
2024,P11,P20024,P04,P01,1
2024,P11,P20025,P04,P01,21
2024,P11,P20026,P04,P01,31
2024,P11,P20027,P04,P01,1
2024,P11,P20028,P04,P01,144
2024,P11,P20029,P04,P01,1
2024,P11,P20030,P04,P01,57
2024,P11,P20031,P04,P01,8
2024,P11,P20032,P04,P01,5
2024,P11,P20033,P04,P01,22
2024,P11,P20034,P04,P01,6
2024,P11,P20035,P04,P01,8
2024,P11,P20036,P04,P01,3
2024,P11,P20038,P04,P01,8
2024,P11,P20039,P04,P01,613
2024,P11,P20039,P04,P02,1
2024,P11,P20040,P04,P01,2
2024,P11,P20041,P04,P01,7
2024,P11,P20041,P04,P02,1
2024,P11,P20042,P04,P01,64
2024,P11,P20043,P04,P01,248
2024,P11,P20043,P04,P02,3
2024,P11,P20044,P04,P01,148
2024,P11,P20045,P04,P01,75
2024,P11,P20046,P04,P01,13
2024,P11,P20047,P04,P01,1
2024,P11,P20049,P04,P01,3
2024,P11,P20050,P04,P01,10
2024,P11,P20051,P04,P01,2
2024,P11,P20052,P04,P01,27
2024,P11,P20053,P04,P01,18
2024,P11,P20054,P04,P01,1
2024,P11,P20055,P04,P01,27
2024,P11,P20056,P04,P01,7
2024,P11,P20057,P04,P01,184
2024,P11,P20057,P04,P02,1
2024,P11,P20058,P04,P01,11
2024,P11,P20059,P04,P01,169
2024,P11,P20061,P04,P01,6
2024,P11,P20062,P04,P01,3
2024,P11,P20063,P04,P01,42
2024,P11,P20064,P04,P01,44
2024,P11,P20065,P04,P01,3
2024,P11,P20066,P04,P01,17
2024,P11,P20067,P04,P01,1921
2024,P11,P20067,P04,P02,14
2024,P11,P20068,P04,P01,112
2024,P11,P20069,P04,P01,11
2024,P11,P20070,P04,P01,13
2024,P11,P20072,P04,P01,22
2024,P11,P20073,P04,P01,146
2024,P11,P20075,P04,P01,2
2024,P11,P20076,P04,P01,2
2024,P11,P20077,P04,P01,19
2024,P11,P20078,P04,P01,12
2024,P11,P20079,P04,P01,267
2024,P11,P20079,P04,P02,4
2024,P11,P20080,P04,P01,3
2024,P11,P20081,P04,P01,12
2024,P11,P20082,P04,P01,5
2024,P11,P20083,P04,P01,15
2024,P11,P20084,P04,P01,72
2024,P11,P20085,P04,P01,2
2024,P11,P20086,P04,P01,4
2024,P11,P20087,P04,P01,34
2024,P11,P20088,P04,P01,4
2024,P11,P20089,P04,P01,13
2024,P11,P20090,P04,P01,34
2024,P11,P20091,P04,P01,51
2024,P11,P20092,P04,P01,10
2024,P11,P20093,P04,P01,3
2024,P11,P20094,P04,P01,3
2024,P11,P20096,P04,P01,14
2024,P11,P20097,P04,P01,2
2024,P11,P20099,P04,P01,2
2024,P11,P20100,P04,P01,1
2024,P11,P20101,P04,P01,2
2024,P11,P20102,P04,P01,24
2024,P11,P20103,P04,P01,23
2024,P11,P20105,P04,P01,1
2024,P11,P20107,P04,P01,212
2024,P11,P20109,P04,P01,3
2024,P11,P20111,P04,P01,4
2024,P11,P20112,P04,P01,16
2024,P11,P20114,P04,P01,2
2024,P11,P20115,P04,P01,30
2024,P11,P20116,P04,P01,1
2024,P11,P20117,P04,P01,1
2024,P11,P20118,P04,P01,4
2024,P11,P20121,P04,P01,2
2024,P11,P20122,P04,P01,1
2024,P11,P20123,P04,P01,3
2024,P11,P20124,P04,P01,31
2024,P11,P20125,P04,P01,10
2024,P11,P20126,P04,P01,1
2024,P11,P20127,P04,P01,4
2024,P11,P20128,P04,P01,3
2024,P11,P20129,P04,P01,2
2024,P11,P20130,P04,P01,17
2024,P11,P20131,P04,P01,10
2024,P11,P20132,P04,P01,13
2024,P11,P20133,P04,P01,13
2024,P11,P20134,P04,P01,10
2024,P11,P20135,P04,P01,18
2024,P11,P20136,P04,P01,10
2024,P11,P20138,P04,P01,4
2024,P11,P20140,P04,P01,4
2024,P11,P20141,P04,P01,7
2024,P11,P20143,P04,P01,14
2024,P11,P20145,P04,P01,52
2024,P11,P20147,P04,P01,1
2024,P11,P20149,P04,P01,3
2024,P11,P20150,P04,P01,58
2024,P11,P20151,P04,P01,1
2024,P11,P20152,P04,P01,10
2024,P11,P20153,P04,P01,13
2024,P11,P20155,P04,P01,2
2024,P11,P20156,P04,P01,2
2024,P11,P20157,P04,P01,104
2024,P11,P20158,P04,P01,3
2024,P11,P20159,P04,P01,5
2024,P11,P20160,P04,P01,8
2024,P11,P20161,P04,P01,5
2024,P11,P20162,P04,P01,9
2024,P11,P20164,P04,P01,8
2024,P11,P20165,P04,P01,5
2024,P11,P20166,P04,P01,43
2024,P11,P20167,P04,P01,6
2024,P11,P20168,P04,P01,7
2024,P11,P20169,P04,P01,1
2024,P11,P20170,P04,P01,1
2024,P11,P20172,P04,P01,2
2024,P11,P20173,P04,P01,1
2024,P11,P20174,P04,P01,29
2024,P11,P20175,P04,P01,1
2024,P11,P20176,P04,P01,28
2024,P11,P20177,P04,P01,53
2024,P11,P20177,P04,P02,2
2024,P11,P20178,P04,P01,61
2024,P11,P20179,P04,P01,3
2024,P11,P20180,P04,P01,11
2024,P11,P20181,P04,P01,2
2024,P11,P20183,P04,P01,4
2024,P11,P20184,P04,P01,666
2024,P11,P20184,P04,P02,6
2024,P11,P20185,P04,P01,25
2024,P11,P20186,P04,P01,2
2024,P11,P20188,P04,P01,7
2024,P11,P20190,P04,P01,76
2024,P11,P20191,P04,P01,2
2024,P11,P20192,P04,P01,27
2024,P11,P20193,P04,P01,13
2024,P11,P20194,P04,P01,3
2024,P11,P20195,P04,P01,3
2024,P11,P20196,P04,P01,2
2024,P11,P20197,P04,P01,13
2024,P11,P20198,P04,P01,58
2024,P11,P20199,P04,P01,2
2024,P11,P20200,P04,P01,1
2024,P11,P20202,P04,P01,6
2024,P11,P20203,P04,P01,2
2024,P11,P20204,P04,P01,2
2024,P11,P20206,P04,P01,2
2024,P11,P20207,P04,P01,14
2024,P11,P20208,P04,P01,22
2024,P11,P20210,P04,P01,4
2024,P11,P20213,P04,P01,1
2024,P11,P20214,P04,P01,1
2024,P11,P20215,P04,P01,7
2024,P11,P20217,P04,P01,5
2024,P11,P20219,P04,P01,7
2024,P11,P20221,P04,P01,7
2024,P11,P20224,P04,P01,6
2024,P11,P20225,P04,P01,5
2024,P11,P20226,P04,P01,13
2024,P11,P20227,P04,P01,114
2024,P11,P20230,P04,P01,1
2024,P11,P20232,P04,P01,9
2024,P11,P20233,P04,P01,6
2024,P11,P20234,P04,P01,2
2024,P11,P20235,P04,P01,3
2024,P11,P20236,P04,P01,1
2024,P11,P20237,P04,P01,22
2024,P11,P20238,P04,P01,5
2024,P11,P20239,P04,P01,5
2024,P11,P20240,P04,P01,9
2024,P11,P20242,P04,P01,29
2024,P11,P20243,P04,P01,21
2024,P11,P20244,P04,P01,1
2024,P11,P20245,P04,P01,3
2024,P11,P20247,P04,P01,13
2024,P11,P20248,P04,P01,2
2024,P11,P20249,P04,P01,1
2024,P11,P20250,P04,P01,3
2024,P11,P20251,P04,P01,2
2024,P11,P20252,P04,P01,2
2024,P11,P20254,P04,P01,19
2024,P11,P20258,P04,P01,6
2024,P11,P20260,P04,P01,2
2024,P11,P20261,P04,P01,18
2024,P11,P20262,P04,P01,3
2024,P11,P20263,P04,P01,3
2024,P11,P20264,P04,P01,1
2024,P11,P20265,P04,P01,7
2024,P11,P20266,P04,P01,5
2024,P11,P20268,P04,P01,9
2024,P11,P20269,P04,P01,8
2024,P11,P20271,P04,P01,1
2024,P11,P20272,P04,P01,1
2024,P11,P20277,P04,P01,26
2024,P11,P20278,P04,P01,57
2024,P11,P20278,P04,P02,1
2024,P11,P20279,P04,P01,2
2024,P11,P20280,P04,P01,6
2024,P11,P20283,P04,P01,4
2024,P11,P20284,P04,P01,6
2024,P11,P20285,P04,P01,9
2024,P11,P20286,P04,P01,31
2024,P11,P20287,P04,P01,3
2024,P11,P20288,P04,P01,1
2024,P11,P20289,P04,P01,4
2024,P11,P20290,P04,P01,4
2024,P11,P20291,P04,P01,8
2024,P11,P20293,P04,P01,213
2024,P11,P20294,P04,P01,98
2024,P11,P20295,P04,P01,18
2024,P11,P20298,P04,P01,55
2024,P11,P20300,P04,P01,7
2024,P11,P20301,P04,P01,20
2024,P11,P20302,P04,P01,1
2024,P11,P20303,P04,P01,9
2024,P11,P20304,P04,P01,1
2024,P11,P20305,P04,P01,12
2024,P11,P20307,P04,P01,29
2024,P11,P20308,P04,P01,1
2024,P11,P20309,P04,P01,6
2024,P11,P20310,P04,P01,129
2024,P11,P20311,P04,P01,2
2024,P11,P20312,P04,P01,17
2024,P11,P20313,P04,P01,1
2024,P11,P20314,P04,P01,1
2024,P11,P20315,P04,P01,3
2024,P11,P20317,P04,P01,8
2024,P11,P20318,P04,P01,229
2024,P11,P20320,P04,P01,4
2024,P11,P20321,P04,P01,3
2024,P11,P20324,P04,P01,113
2024,P11,P20325,P04,P01,3
2024,P11,P20327,P04,P01,52
2024,P11,P20331,P04,P01,6
2024,P11,P20333,P04,P01,15
2024,P11,P20334,P04,P01,227
2024,P11,P20337,P04,P01,56
2024,P11,P20338,P04,P01,94
2024,P11,P20339,P04,P01,23
2024,P11,P20340,P04,P01,12
2024,P11,P20341,P04,P01,1
2024,P11,P20342,P04,P01,12
2024,P11,P20343,P04,P01,13
2024,P11,P20344,P04,P01,2
2024,P11,P20345,P04,P01,19
2024,P11,P20346,P04,P01,6
2024,P11,P20348,P04,P01,50
2024,P11,P20349,P04,P01,21
2024,P11,P20350,P04,P01,31
2024,P11,P20351,P04,P01,8
2024,P11,P20352,P04,P01,5
2024,P11,P20356,P04,P01,2
2024,P11,P20357,P04,P01,2
2024,P11,P20358,P04,P01,4
2024,P11,P20360,P04,P01,8
2024,P11,P20362,P04,P01,5
2024,P11,P20363,P04,P01,9
2024,P11,P20364,P04,P01,29
2024,P11,P20366,P04,P01,8
2024,P11,P20367,P04,P01,7
2024,P11,P20368,P04,P01,15
2024,P11,P20370,P04,P01,3
2024,P11,P20371,P04,P01,4
2024,P11,P20372,P04,P01,5
2024,P11,P20373,P04,P01,6
2024,P11,P20375,P04,P01,246
2024,P11,P20376,P04,P01,3
2024,P11,P20377,P04,P01,5
2024,P11,P20378,P04,P01,14
2024,P11,P20379,P04,P01,8
2024,P11,P20380,P04,P01,12
2024,P11,P20381,P04,P01,12
2024,P11,P20382,P04,P01,6
2024,P11,P20383,P04,P01,3
2024,P11,P20384,P04,P01,4
2024,P11,P20385,P04,P01,785
2024,P11,P20385,P04,P02,1
2024,P11,P20387,P04,P01,5
2024,P11,P20388,P04,P01,2
2024,P11,P20389,P04,P01,2
2024,P11,P20390,P04,P01,208
2024,P11,P20390,P04,P02,2
2024,P11,P20392,P04,P01,3
2024,P11,P20393,P04,P01,10
2024,P11,P20394,P04,P01,8
2024,P11,P20395,P04,P01,2
2024,P11,P20397,P04,P01,254
2024,P11,P20397,P04,P02,1
2024,P11,P20398,P04,P01,3
2024,P11,P20399,P04,P01,188
2024,P11,P20400,P04,P01,17
2024,P11,P20401,P04,P01,145
2024,P11,P20402,P04,P01,3
2024,P11,P20403,P04,P01,11
2024,P11,P20404,P04,P01,8
2024,P11,P20405,P04,P01,10
2024,P11,P20406,P04,P01,2
2024,P11,P20407,P04,P01,7
2024,P11,P20408,P04,P01,3
2024,P11,P20409,P04,P01,74
2024,P11,P20410,P04,P01,3
2024,P11,P20411,P04,P01,5
2024,P11,P20413,P04,P01,321
2024,P11,P20413,P04,P02,18
2024,P11,P20414,P04,P01,33
2024,P11,P20415,P04,P01,10
2024,P11,P20416,P04,P01,1
2024,P11,P20417,P04,P01,7
2024,P11,P20418,P04,P01,42
2024,P11,P20419,P04,P01,2
2024,P11,P20420,P04,P01,1
2024,P11,P20421,P04,P01,12
2024,P11,P20422,P04,P01,13
2024,P11,P20423,P04,P01,4
2024,P11,P20424,P04,P01,3
2024,P11,P20426,P04,P01,4
2024,P11,P20427,P04,P01,44
2024,P11,P20431,P04,P01,3
2024,P11,P20435,P04,P01,8
2024,P11,P20437,P04,P01,18
2024,P11,P20439,P04,P01,44
2024,P11,P20440,P04,P01,1
2024,P11,P20441,P04,P01,4
2024,P11,P20443,P04,P01,2
2024,P11,P20445,P04,P01,1
2024,P11,P20446,P04,P01,35
2024,P11,P20447,P04,P01,17
2024,P11,P20449,P04,P01,3
2024,P11,P20450,P04,P01,1
2024,P11,P20451,P04,P01,3
2024,P11,P20452,P04,P01,10
2024,P11,P20453,P04,P01,5
2024,P11,P20454,P04,P01,5
2024,P11,P20455,P04,P01,15
2024,P11,P20456,P04,P01,14
2024,P11,P20457,P04,P01,1
2024,P11,P20459,P04,P01,58
2024,P11,P20461,P04,P01,3
2024,P11,P20462,P04,P01,47
2024,P11,P20463,P04,P01,1
2024,P11,P20466,P04,P01,3
2024,P11,P20467,P04,P01,100
2024,P11,P20468,P04,P01,1
2024,P11,P20469,P04,P01,96
2024,P11,P20470,P04,P01,1
2024,P11,P20472,P04,P01,16
2024,P11,P20474,P04,P01,23
2024,P11,P20475,P04,P01,32
2024,P11,P20476,P04,P01,6
2024,P11,P20478,P04,P01,7
2024,P11,P20479,P04,P01,2
2024,P11,P20481,P04,P01,6
2024,P11,P20482,P04,P01,155
2024,P11,P20482,P04,P02,2
2024,P11,P20483,P04,P01,49
2024,P11,P20484,P04,P01,3
2024,P11,P20485,P04,P01,7
2024,P11,P20486,P04,P01,17
2024,P11,P20487,P04,P01,8
2024,P11,P20489,P04,P01,3
2024,P11,P20492,P04,P01,3
2024,P11,P20493,P04,P01,16
2024,P11,P20496,P04,P01,6
2024,P11,P20497,P04,P01,3
2024,P11,P20498,P04,P01,6
2024,P11,P20499,P04,P01,13
2024,P11,P20500,P04,P01,8
2024,P11,P20501,P04,P01,3
2024,P11,P20502,P04,P01,1
2024,P11,P20504,P04,P01,5
2024,P11,P20505,P04,P01,70
2024,P11,P20506,P04,P01,1
2024,P11,P20507,P04,P01,6
2024,P11,P20508,P04,P01,11
2024,P11,P20509,P04,P01,1
2024,P11,P20511,P04,P01,7
2024,P11,P20513,P04,P01,8
2024,P11,P20514,P04,P01,3
2024,P11,P20515,P04,P01,190
2024,P11,P20515,P04,P02,1
2024,P11,P20517,P04,P01,2
2024,P11,P20518,P04,P01,1
2024,P11,P20519,P04,P01,13
2024,P11,P20520,P04,P01,39
2024,P11,P20521,P04,P01,2
2024,P11,P20522,P04,P01,2
2024,P11,P20523,P04,P01,33
2024,P11,P20524,P04,P01,2
2024,P11,P20525,P04,P01,42
2024,P11,P20526,P04,P01,14
2024,P11,P20528,P04,P01,8
2024,P11,P20529,P04,P01,1
2024,P11,P20530,P04,P01,10
2024,P11,P20531,P04,P01,10
2024,P11,P20532,P04,P01,11
2024,P11,P20533,P04,P01,4
2024,P11,P20534,P04,P01,6
2024,P11,P20535,P04,P01,5
2024,P11,P20536,P04,P01,5
2024,P11,P20537,P04,P01,22
2024,P11,P20538,P04,P01,2
2024,P11,P20539,P04,P01,44
2024,P11,P20540,P04,P01,75
2024,P11,P20542,P04,P01,2
2024,P11,P20543,P04,P01,1
2024,P11,P20544,P04,P01,7
2024,P11,P20545,P04,P01,41
2024,P11,P20545,P04,P02,1
2024,P11,P20546,P04,P01,34
2024,P11,P20547,P04,P01,9
2024,P11,P20548,P04,P01,12
2024,P11,P20549,P04,P01,75
2024,P11,P20550,P04,P01,49
2024,P11,P20551,P04,P01,251
2024,P11,P20552,P04,P01,1
2024,P11,P20553,P04,P01,127
2024,P11,P20553,P04,P02,1
2024,P11,P20554,P04,P01,8
2024,P11,P20555,P04,P01,10
2024,P11,P20556,P04,P01,1
2024,P11,P20557,P04,P01,43
2024,P11,P20558,P04,P01,1
2024,P11,P20559,P04,P01,11
2024,P11,P20560,P04,P01,13
2024,P11,P20561,P04,P01,5
2024,P11,P20562,P04,P01,1
2024,P11,P20563,P04,P01,4
2024,P11,P20565,P04,P01,89
2024,P11,P20567,P04,P01,10
2024,P11,P20568,P04,P01,6
2024,P11,P20569,P04,P01,1
2024,P11,P20570,P04,P01,79
2024,P11,P21001,P04,P01,784
2024,P11,P21002,P04,P01,54
2024,P11,P21003,P04,P01,456
2024,P11,P21003,P04,P02,2
2024,P11,P21004,P04,P01,664
2024,P11,P21005,P04,P01,4
2024,P11,P21006,P04,P01,22
2024,P11,P21007,P04,P01,3
2024,P11,P21008,P04,P01,131
2024,P11,P21009,P04,P01,25
2024,P11,P21010,P04,P01,56
2024,P11,P21011,P04,P01,9
2024,P11,P21012,P04,P01,119
2024,P11,P21013,P04,P01,15
2024,P11,P21014,P04,P01,6
2024,P11,P21015,P04,P01,1774
2024,P11,P21016,P04,P01,117
2024,P11,P21017,P04,P01,98
2024,P11,P21018,P04,P01,41
2024,P11,P21019,P04,P01,1976
2024,P11,P21019,P04,P02,6
2024,P11,P21020,P04,P01,80
2024,P11,P21021,P04,P01,33
2024,P11,P21022,P04,P01,71
2024,P11,P21023,P04,P01,74
2024,P11,P21024,P04,P01,15
2024,P11,P21025,P04,P01,66
2024,P11,P21026,P04,P01,75
2024,P11,P21027,P04,P01,11
2024,P11,P21028,P04,P01,3
2024,P11,P21029,P04,P01,6
2024,P11,P21031,P04,P01,26
2024,P11,P21032,P04,P01,23
2024,P11,P21033,P04,P01,6
2024,P11,P21034,P04,P01,389
2024,P11,P21035,P04,P01,116
2024,P11,P21036,P04,P01,14
2024,P11,P21037,P04,P01,99
2024,P11,P21038,P04,P01,112
2024,P11,P21039,P04,P01,57
2024,P11,P21040,P04,P01,65
2024,P11,P21041,P04,P01,1653
2024,P11,P21041,P04,P02,3
2024,P11,P21042,P04,P01,45
2024,P11,P21043,P04,P01,132
2024,P11,P21043,P04,P02,1
2024,P11,P21044,P04,P01,114
2024,P11,P21045,P04,P01,425
2024,P11,P21045,P04,P02,1
2024,P11,P21046,P04,P01,16
2024,P11,P21047,P04,P01,213
2024,P11,P21047,P04,P02,1
2024,P11,P21048,P04,P01,298
2024,P11,P21049,P04,P01,9
2024,P11,P21050,P04,P01,28
2024,P11,P21051,P04,P01,347
2024,P11,P21052,P04,P01,4
2024,P11,P21053,P04,P01,355
2024,P11,P21054,P04,P01,29
2024,P11,P21055,P04,P01,23
2024,P11,P21056,P04,P01,6
2024,P11,P21057,P04,P01,14
2024,P11,P21058,P04,P01,135
2024,P11,P21059,P04,P01,39
2024,P11,P21060,P04,P01,24
2024,P11,P21061,P04,P01,8
2024,P11,P21062,P04,P01,36
2024,P11,P21063,P04,P01,81
2024,P11,P21064,P04,P01,18
2024,P11,P21065,P04,P01,203
2024,P11,P21066,P04,P01,37
2024,P11,P21067,P04,P01,229
2024,P11,P21068,P04,P01,13
2024,P11,P21069,P04,P01,300
2024,P11,P21070,P04,P01,24
2024,P11,P21071,P04,P01,575
2024,P11,P21072,P04,P01,27
2024,P11,P21073,P04,P01,61
2024,P11,P21074,P04,P01,813
2024,P11,P21074,P04,P02,3
2024,P11,P21075,P04,P01,49
2024,P11,P21076,P04,P01,144
2024,P11,P21076,P04,P02,1
2024,P11,P21077,P04,P01,4
2024,P11,P21078,P04,P01,14
2024,P11,P21079,P04,P01,103
2024,P11,P21080,P04,P01,2
2024,P11,P21081,P04,P01,55
2024,P11,P21082,P04,P01,179
2024,P11,P21083,P04,P01,179
2024,P11,P21084,P04,P01,11
2024,P11,P21085,P04,P01,863
2024,P11,P21085,P04,P02,1
2024,P11,P21086,P04,P01,7
2024,P11,P21087,P04,P01,59
2024,P11,P21088,P04,P01,27
2024,P11,P21089,P04,P01,7
2024,P11,P21090,P04,P01,376
2024,P11,P21091,P04,P01,82
2024,P11,P21092,P04,P01,24
2024,P11,P21093,P04,P01,78
2024,P11,P21094,P04,P01,261
2024,P11,P21094,P04,P02,1
2024,P11,P21095,P04,P01,7
2024,P11,P21096,P04,P01,48
2024,P11,P21097,P04,P01,33
2024,P11,P21098,P04,P01,101
2024,P11,P21099,P04,P01,109
2024,P11,P21100,P04,P01,5
2024,P11,P21101,P04,P01,26
2024,P11,P21102,P04,P01,73
2024,P11,P21103,P04,P01,34
2024,P11,P21104,P04,P01,177
2024,P11,P21105,P04,P01,54
2024,P11,P21106,P04,P01,274
2024,P11,P21107,P04,P01,5
2024,P11,P21108,P04,P01,120
2024,P11,P21108,P04,P02,1
2024,P11,P21109,P04,P01,31
2024,P11,P21110,P04,P01,242
2024,P11,P21111,P04,P01,25
2024,P11,P21112,P04,P01,66
2024,P11,P21113,P04,P01,38
2024,P11,P21114,P04,P01,26618
2024,P11,P21114,P04,P02,72
2024,P11,P21115,P04,P01,268
2024,P11,P21116,P04,P01,48
2024,P11,P21117,P04,P01,288
2024,P11,P21117,P04,P02,2
2024,P11,P21118,P04,P01,367
2024,P11,P21119,P04,P01,2560
2024,P11,P21119,P04,P02,16
2024,P11,P21120,P04,P01,3
2024,P11,P21121,P04,P01,8
2024,P11,P21122,P04,P01,66
2024,P11,P21123,P04,P01,1
2024,P11,P21124,P04,P01,61
2024,P11,P21125,P04,P01,233
2024,P11,P21126,P04,P01,42
2024,P11,P21127,P04,P01,40
2024,P11,P21128,P04,P01,147
2024,P11,P21129,P04,P01,23
2024,P11,P21130,P04,P01,43
2024,P11,P21131,P04,P01,5
2024,P11,P21132,P04,P01,1228
2024,P11,P21132,P04,P02,2
2024,P11,P21133,P04,P01,9
2024,P11,P21134,P04,P01,384
2024,P11,P21135,P04,P01,6
2024,P11,P21136,P04,P01,163
2024,P11,P21137,P04,P01,173
2024,P11,P21138,P04,P01,122
2024,P11,P21139,P04,P01,20
2024,P11,P21140,P04,P01,2172
2024,P11,P21140,P04,P02,8
2024,P11,P21141,P04,P01,42
2024,P11,P21142,P04,P01,161
2024,P11,P21143,P04,P01,534
2024,P11,P21143,P04,P02,2
2024,P11,P21144,P04,P01,116
2024,P11,P21145,P04,P01,9
2024,P11,P21146,P04,P01,6
2024,P11,P21147,P04,P01,51
2024,P11,P21148,P04,P01,90
2024,P11,P21149,P04,P01,73
2024,P11,P21150,P04,P01,91
2024,P11,P21151,P04,P01,103
2024,P11,P21152,P04,P01,199
2024,P11,P21153,P04,P01,274
2024,P11,P21154,P04,P01,976
2024,P11,P21154,P04,P02,2
2024,P11,P21155,P04,P01,54
2024,P11,P21156,P04,P01,1301
2024,P11,P21156,P04,P02,5
2024,P11,P21157,P04,P01,106
2024,P11,P21158,P04,P01,52
2024,P11,P21158,P04,P02,1
2024,P11,P21159,P04,P01,24
2024,P11,P21160,P04,P01,13
2024,P11,P21161,P04,P01,83
2024,P11,P21162,P04,P01,3
2024,P11,P21163,P04,P01,75
2024,P11,P21164,P04,P01,955
2024,P11,P21165,P04,P01,1
2024,P11,P21166,P04,P01,278
2024,P11,P21167,P04,P01,13
2024,P11,P21168,P04,P01,38
2024,P11,P21169,P04,P01,335
2024,P11,P21169,P04,P02,1
2024,P11,P21170,P04,P01,254
2024,P11,P21171,P04,P01,68
2024,P11,P21172,P04,P01,220
2024,P11,P21173,P04,P01,68
2024,P11,P21174,P04,P01,268
2024,P11,P21174,P04,P02,3
2024,P11,P21175,P04,P01,103
2024,P11,P21176,P04,P01,163
2024,P11,P21177,P04,P01,246
2024,P11,P21178,P04,P01,9
2024,P11,P21179,P04,P01,188
2024,P11,P21180,P04,P01,651
2024,P11,P21181,P04,P01,71
2024,P11,P21182,P04,P01,77
2024,P11,P21183,P04,P01,15
2024,P11,P21184,P04,P01,1
2024,P11,P21185,P04,P01,250
2024,P11,P21186,P04,P01,447
2024,P11,P21187,P04,P01,6
2024,P11,P21188,P04,P01,121
2024,P11,P21189,P04,P01,314
2024,P11,P21190,P04,P01,7
2024,P11,P21191,P04,P01,108
2024,P11,P21192,P04,P01,19
2024,P11,P21193,P04,P01,22
2024,P11,P21194,P04,P01,62
2024,P11,P21195,P04,P01,35
2024,P11,P21196,P04,P01,16
2024,P11,P21197,P04,P01,502
2024,P11,P21198,P04,P01,4
2024,P11,P21199,P04,P01,43
2024,P11,P21200,P04,P01,15
2024,P11,P21201,P04,P01,31
2024,P11,P21202,P04,P01,71
2024,P11,P21203,P04,P01,41
2024,P11,P21204,P04,P01,57
2024,P11,P21205,P04,P01,247
2024,P11,P21206,P04,P01,57
2024,P11,P21207,P04,P01,154
2024,P11,P21208,P04,P01,679
2024,P11,P21209,P04,P01,54
2024,P11,P21209,P04,P02,1
2024,P11,P21210,P04,P01,33
2024,P11,P21211,P04,P01,112
2024,P11,P21211,P04,P02,1
2024,P11,P21212,P04,P01,136
2024,P11,P21213,P04,P01,11
2024,P11,P21214,P04,P01,33
2024,P11,P21215,P04,P01,4
2024,P11,P21216,P04,P01,5
2024,P11,P21217,P04,P01,17
2024,P11,P22001,P04,P01,320
2024,P11,P22002,P04,P01,68
2024,P11,P22003,P04,P01,109
2024,P11,P22003,P04,P02,1
2024,P11,P22004,P04,P01,315
2024,P11,P22005,P04,P01,233
2024,P11,P22006,P04,P01,4267
2024,P11,P22006,P04,P02,17
2024,P11,P22007,P04,P01,238
2024,P11,P22007,P04,P02,17
2024,P11,P22008,P04,P01,284
2024,P11,P22009,P04,P01,87
2024,P11,P22010,P04,P01,86
2024,P11,P22011,P04,P01,4222
2024,P11,P22011,P04,P02,5
2024,P11,P22012,P04,P01,322
2024,P11,P22013,P04,P01,106
2024,P11,P22014,P04,P01,12492
2024,P11,P22014,P04,P02,73
2024,P11,P22015,P04,P01,29
2024,P11,P22016,P04,P01,2682
2024,P11,P22016,P04,P02,10
2024,P11,P22017,P04,P01,695
2024,P11,P22018,P04,P01,94
2024,P11,P23001,P04,P01,294
2024,P11,P23001,P04,P02,5
2024,P11,P23002,P04,P01,42
2024,P11,P23002,P04,P02,1
2024,P11,P23003,P04,P01,67
2024,P11,P23003,P04,P02,6
2024,P11,P23004,P04,P01,1415
2024,P11,P23004,P04,P02,11
2024,P11,P23005,P04,P01,10412
2024,P11,P23005,P04,P02,57
2024,P11,P23006,P04,P01,54
2024,P11,P23007,P04,P01,77
2024,P11,P23007,P04,P02,2
2024,P11,P23008,P04,P01,2806
2024,P11,P23008,P04,P02,14
2024,P11,P23009,P04,P01,220
2024,P11,P23009,P04,P02,5
2024,P11,P23010,P04,P01,108
2024,P11,P23010,P04,P02,1
2024,P11,P24001,P04,P01,126
2024,P11,P24002,P04,P01,37
2024,P11,P24003,P04,P01,90
2024,P11,P24003,P04,P02,2
2024,P11,P24004,P04,P01,25
2024,P11,P24005,P04,P01,67
2024,P11,P24006,P04,P01,26
2024,P11,P24007,P04,P01,105
2024,P11,P24008,P04,P01,248
2024,P11,P24009,P04,P01,125
2024,P11,P24010,P04,P01,113
2024,P11,P24011,P04,P01,188
2024,P11,P24012,P04,P01,41
2024,P11,P24013,P04,P01,1573
2024,P11,P24013,P04,P02,11
2024,P11,P24014,P04,P01,50
2024,P11,P24015,P04,P01,60
2024,P11,P24016,P04,P01,195
2024,P11,P24017,P04,P01,107
2024,P11,P24018,P04,P01,39
2024,P11,P24019,P04,P01,28
2024,P11,P24020,P04,P01,385
2024,P11,P24021,P04,P01,517
2024,P11,P24022,P04,P01,55
2024,P11,P24023,P04,P01,71
2024,P11,P24024,P04,P01,453
2024,P11,P24025,P04,P01,84
2024,P11,P24026,P04,P01,24
2024,P11,P24027,P04,P01,41
2024,P11,P24028,P04,P01,17382
2024,P11,P24028,P04,P02,28
2024,P11,P24029,P04,P01,24
2024,P11,P24030,P04,P01,26
2024,P11,P24031,P04,P01,13
2024,P11,P24032,P04,P01,147
2024,P11,P24033,P04,P01,35
2024,P11,P24034,P04,P01,49
2024,P11,P24035,P04,P01,6498
2024,P11,P24035,P04,P02,2
2024,P11,P24036,P04,P01,110
2024,P11,P24037,P04,P01,264
2024,P11,P24037,P04,P02,2
2024,P11,P24038,P04,P01,20
2024,P11,P24039,P04,P01,76
2024,P11,P24040,P04,P01,168
2024,P11,P24041,P04,P01,45
2024,P11,P24042,P04,P01,34
2024,P11,P24043,P04,P01,76
2024,P11,P24044,P04,P01,18
2024,P11,P24045,P04,P01,36
2024,P11,P24046,P04,P01,90
2024,P11,P24047,P04,P01,35
2024,P11,P24048,P04,P01,25
2024,P11,P24049,P04,P01,90
2024,P11,P24050,P04,P01,224
2024,P11,P24051,P04,P01,172
2024,P11,P24052,P04,P01,57
2024,P11,P24053,P04,P01,108
2024,P11,P24054,P04,P01,143
2024,P11,P24055,P04,P01,253
2024,P11,P24056,P04,P01,102
2024,P11,P24056,P04,P02,1
2024,P11,P24057,P04,P01,53
2024,P11,P24058,P04,P01,93
2024,P11,P25001,P04,P01,2482
2024,P11,P25001,P04,P02,6
2024,P11,P25002,P04,P01,140
2024,P11,P25002,P04,P02,2
2024,P11,P25003,P04,P01,45
2024,P11,P25004,P04,P01,102
2024,P11,P25005,P04,P01,67
2024,P11,P25005,P04,P02,65
2024,P11,P25006,P04,P01,6752
2024,P11,P25006,P04,P02,24
2024,P11,P25007,P04,P01,46
2024,P11,P25008,P04,P01,144
2024,P11,P25008,P04,P02,3
2024,P11,P25009,P04,P01,160
2024,P11,P25009,P04,P02,10
2024,P11,P25010,P04,P01,428
2024,P11,P25010,P04,P02,2
2024,P11,P25011,P04,P01,932
2024,P11,P25012,P04,P01,5467
2024,P11,P25012,P04,P02,10
2024,P11,P25013,P04,P01,119
2024,P11,P25014,P04,P01,274
2024,P11,P25014,P04,P02,1
2024,P11,P25015,P04,P01,227
2024,P11,P25016,P04,P01,126
2024,P11,P25017,P04,P01,186
2024,P11,P25018,P04,P01,952
2024,P11,P26001,P04,P01,3
2024,P11,P26002,P04,P01,291
2024,P11,P26003,P04,P01,126
2024,P11,P26003,P04,P02,1
2024,P11,P26004,P04,P01,36
2024,P11,P26005,P04,P01,4
2024,P11,P26006,P04,P01,51
2024,P11,P26008,P04,P01,1
2024,P11,P26010,P04,P01,8
2024,P11,P26011,P04,P01,19
2024,P11,P26012,P04,P01,124
2024,P11,P26014,P04,P01,2
2024,P11,P26016,P04,P01,30
2024,P11,P26017,P04,P01,414
2024,P11,P26017,P04,P02,1
2024,P11,P26018,P04,P01,3348
2024,P11,P26018,P04,P02,5
2024,P11,P26019,P04,P01,349
2024,P11,P26019,P04,P02,3
2024,P11,P26020,P04,P01,37
2024,P11,P26021,P04,P01,17
2024,P11,P26022,P04,P01,3
2024,P11,P26023,P04,P01,4
2024,P11,P26024,P04,P01,9
2024,P11,P26025,P04,P01,314
2024,P11,P26025,P04,P02,1
2024,P11,P26026,P04,P01,182
2024,P11,P26027,P04,P01,6
2024,P11,P26028,P04,P01,1
2024,P11,P26029,P04,P01,1376
2024,P11,P26029,P04,P02,6
2024,P11,P26030,P04,P01,10148
2024,P11,P26030,P04,P02,21
2024,P11,P26031,P04,P01,9
2024,P11,P26032,P04,P01,2
2024,P11,P26033,P04,P01,454
2024,P11,P26034,P04,P01,5
2024,P11,P26035,P04,P01,79
2024,P11,P26036,P04,P01,270
2024,P11,P26037,P04,P01,5
2024,P11,P26038,P04,P01,10
2024,P11,P26039,P04,P01,36
2024,P11,P26041,P04,P01,49
2024,P11,P26042,P04,P01,872
2024,P11,P26042,P04,P02,3
2024,P11,P26043,P04,P01,1251
2024,P11,P26043,P04,P02,8
2024,P11,P26045,P04,P01,16
2024,P11,P26046,P04,P01,4
2024,P11,P26047,P04,P01,121
2024,P11,P26048,P04,P01,363
2024,P11,P26049,P04,P01,11
2024,P11,P26050,P04,P01,2
2024,P11,P26051,P04,P01,11
2024,P11,P26052,P04,P01,11
2024,P11,P26053,P04,P01,1
2024,P11,P26055,P04,P01,1676
2024,P11,P26055,P04,P02,4
2024,P11,P26056,P04,P01,39
2024,P11,P26057,P04,P01,2
2024,P11,P26058,P04,P01,80
2024,P11,P26059,P04,P01,31
2024,P11,P26060,P04,P01,1
2024,P11,P26062,P04,P01,3
2024,P11,P26063,P04,P01,2
2024,P11,P26064,P04,P01,13
2024,P11,P26066,P04,P01,108
2024,P11,P26067,P04,P01,2
2024,P11,P26068,P04,P01,5
2024,P11,P26069,P04,P01,23
2024,P11,P26070,P04,P01,28
2024,P11,P26071,P04,P01,144
2024,P11,P26072,P04,P01,69
2024,P11,P27001,P04,P01,132
2024,P11,P27002,P04,P01,628
2024,P11,P27002,P04,P02,6
2024,P11,P27003,P04,P01,147
2024,P11,P27004,P04,P01,5099
2024,P11,P27004,P04,P02,19
2024,P11,P27005,P04,P01,578
2024,P11,P27005,P04,P02,5
2024,P11,P27006,P04,P01,376
2024,P11,P27007,P04,P01,96
2024,P11,P27008,P04,P01,314
2024,P11,P27009,P04,P01,180
2024,P11,P27010,P04,P01,257
2024,P11,P27011,P04,P01,34
2024,P11,P27012,P04,P01,417
2024,P11,P27013,P04,P01,968
2024,P11,P27014,P04,P01,481
2024,P11,P27014,P04,P02,4
2024,P11,P27015,P04,P01,101
2024,P11,P27016,P04,P01,300
2024,P11,P27017,P04,P01,133
2024,P11,P28001,P04,P01,26
2024,P11,P28002,P04,P01,233
2024,P11,P28003,P04,P01,1814
2024,P11,P28003,P04,P02,7
2024,P11,P28004,P04,P01,37
2024,P11,P28005,P04,P01,21
2024,P11,P28007,P04,P01,193
2024,P11,P28008,P04,P01,7
2024,P11,P28009,P04,P01,2460
2024,P11,P28009,P04,P02,2
2024,P11,P28010,P04,P01,1
2024,P11,P28011,P04,P01,53
2024,P11,P28012,P04,P01,169
2024,P11,P28013,P04,P01,71
2024,P11,P28014,P04,P01,13
2024,P11,P28015,P04,P01,196
2024,P11,P28016,P04,P01,113
2024,P11,P28017,P04,P01,104
2024,P11,P28018,P04,P01,22
2024,P11,P28019,P04,P01,78
2024,P11,P28020,P04,P01,1
2024,P11,P28021,P04,P01,848
2024,P11,P28022,P04,P01,5567
2024,P11,P28022,P04,P02,3
2024,P11,P28023,P04,P01,13
2024,P11,P28024,P04,P01,12
2024,P11,P28025,P04,P01,358
2024,P11,P28025,P04,P02,1
2024,P11,P28026,P04,P01,6
2024,P11,P28027,P04,P01,4070
2024,P11,P28027,P04,P02,11
2024,P11,P28028,P04,P01,2
2024,P11,P28029,P04,P01,81
2024,P11,P28030,P04,P01,94
2024,P11,P28031,P04,P01,3
2024,P11,P28032,P04,P01,6307
2024,P11,P28032,P04,P02,13
2024,P11,P28033,P04,P01,1604
2024,P11,P28034,P04,P01,9
2024,P11,P28035,P04,P01,300
2024,P11,P28037,P04,P01,135
2024,P11,P28037,P04,P02,1
2024,P11,P28038,P04,P01,2938
2024,P11,P28038,P04,P02,14
2024,P11,P28039,P04,P01,73
2024,P11,P28040,P04,P01,407
2024,P11,P28041,P04,P01,1821
2024,P11,P28041,P04,P02,3
2024,P11,P28042,P04,P01,24
2024,P11,P28043,P04,P01,144
2024,P11,P29001,P04,P01,191
2024,P11,P29002,P04,P01,248
2024,P11,P29002,P04,P02,1
2024,P11,P29003,P04,P01,145
2024,P11,P29004,P04,P01,265
2024,P11,P29005,P04,P01,1110
2024,P11,P29005,P04,P02,4
2024,P11,P29006,P04,P01,307
2024,P11,P29006,P04,P02,1
2024,P11,P29007,P04,P01,78
2024,P11,P29007,P04,P02,1
2024,P11,P29008,P04,P01,292
2024,P11,P29009,P04,P01,192
2024,P11,P29010,P04,P01,528
2024,P11,P29011,P04,P01,271
2024,P11,P29012,P04,P01,155
2024,P11,P29013,P04,P01,428
2024,P11,P29013,P04,P02,32
2024,P11,P29014,P04,P01,456
2024,P11,P29015,P04,P01,490
2024,P11,P29016,P04,P01,101
2024,P11,P29017,P04,P01,36
2024,P11,P29018,P04,P01,174
2024,P11,P29019,P04,P01,215
2024,P11,P29020,P04,P01,160
2024,P11,P29021,P04,P01,127
2024,P11,P29022,P04,P01,76
2024,P11,P29023,P04,P01,243
2024,P11,P29024,P04,P01,328
2024,P11,P29025,P04,P01,490
2024,P11,P29026,P04,P01,299
2024,P11,P29027,P04,P01,138
2024,P11,P29028,P04,P01,137
2024,P11,P29029,P04,P01,257
2024,P11,P29029,P04,P02,1
2024,P11,P29030,P04,P01,207
2024,P11,P29031,P04,P01,1062
2024,P11,P29032,P04,P01,170
2024,P11,P29033,P04,P01,1403
2024,P11,P29033,P04,P02,9
2024,P11,P29034,P04,P01,644
2024,P11,P29035,P04,P01,36
2024,P11,P29036,P04,P01,253
2024,P11,P29037,P04,P01,105
2024,P11,P29038,P04,P01,414
2024,P11,P29039,P04,P01,171
2024,P11,P29040,P04,P01,342
2024,P11,P29041,P04,P01,310
2024,P11,P29042,P04,P01,149
2024,P11,P29043,P04,P01,996
2024,P11,P29044,P04,P01,670
2024,P11,P29045,P04,P01,15
2024,P11,P29046,P04,P01,84
2024,P11,P29047,P04,P01,118
2024,P11,P29048,P04,P01,114
2024,P11,P29049,P04,P01,195
2024,P11,P29050,P04,P01,42
2024,P11,P29051,P04,P01,88
2024,P11,P29052,P04,P01,110
2024,P11,P29053,P04,P01,239
2024,P11,P29054,P04,P01,41
2024,P11,P29055,P04,P01,81
2024,P11,P29056,P04,P01,96
2024,P11,P29057,P04,P01,27
2024,P11,P29058,P04,P01,42
2024,P11,P29059,P04,P01,51
2024,P11,P29060,P04,P01,17
2024,P11,P30001,P04,P01,52
2024,P11,P30002,P04,P01,3
2024,P11,P30003,P04,P01,252
2024,P11,P30003,P04,P02,1
2024,P11,P30004,P04,P01,427
2024,P11,P30005,P04,P01,32
2024,P11,P30006,P04,P01,57
2024,P11,P30007,P04,P01,32
2024,P11,P30008,P04,P01,20
2024,P11,P30009,P04,P01,151
2024,P11,P30010,P04,P01,157
2024,P11,P30010,P04,P02,1
2024,P11,P30011,P04,P01,594
2024,P11,P30011,P04,P02,1
2024,P11,P30012,P04,P01,52
2024,P11,P30013,P04,P01,214
2024,P11,P30014,P04,P01,169
2024,P11,P30015,P04,P01,106
2024,P11,P30016,P04,P01,383
2024,P11,P30017,P04,P01,53
2024,P11,P30018,P04,P01,1
2024,P11,P30019,P04,P01,1
2024,P11,P30020,P04,P01,3
2024,P11,P30021,P04,P01,35
2024,P11,P30022,P04,P01,57
2024,P11,P30023,P04,P01,88
2024,P11,P30024,P04,P01,18
2024,P11,P30025,P04,P01,30
2024,P11,P30026,P04,P01,127
2024,P11,P30027,P04,P01,5
2024,P11,P30028,P04,P01,1966
2024,P11,P30028,P04,P02,28
2024,P11,P30029,P04,P01,13
2024,P11,P30030,P04,P01,78
2024,P11,P30030,P04,P02,2
2024,P11,P30031,P04,P01,61
2024,P11,P30032,P04,P01,160
2024,P11,P30032,P04,P02,1
2024,P11,P30033,P04,P01,76
2024,P11,P30034,P04,P01,216
2024,P11,P30035,P04,P01,8
2024,P11,P30036,P04,P01,21
2024,P11,P30037,P04,P01,2
2024,P11,P30038,P04,P01,878
2024,P11,P30039,P04,P01,1718
2024,P11,P30039,P04,P02,7
2024,P11,P30040,P04,P01,249
2024,P11,P30041,P04,P01,1
2024,P11,P30042,P04,P01,30
2024,P11,P30043,P04,P01,29
2024,P11,P30044,P04,P01,1062
2024,P11,P30044,P04,P02,9
2024,P11,P30045,P04,P01,381
2024,P11,P30045,P04,P02,2
2024,P11,P30046,P04,P01,25
2024,P11,P30047,P04,P01,71
2024,P11,P30048,P04,P01,463
2024,P11,P30049,P04,P01,151
2024,P11,P30050,P04,P01,26
2024,P11,P30051,P04,P01,66
2024,P11,P30052,P04,P01,77
2024,P11,P30053,P04,P01,212
2024,P11,P30054,P04,P01,67
2024,P11,P30055,P04,P01,18
2024,P11,P30056,P04,P01,10
2024,P11,P30057,P04,P01,8
2024,P11,P30058,P04,P01,114
2024,P11,P30059,P04,P01,77
2024,P11,P30060,P04,P01,35
2024,P11,P30061,P04,P01,301
2024,P11,P30062,P04,P01,28
2024,P11,P30063,P04,P01,32
2024,P11,P30064,P04,P01,2
2024,P11,P30065,P04,P01,952
2024,P11,P30065,P04,P02,1
2024,P11,P30066,P04,P01,132
2024,P11,P30067,P04,P01,3
2024,P11,P30068,P04,P01,463
2024,P11,P30068,P04,P02,1
2024,P11,P30069,P04,P01,104
2024,P11,P30070,P04,P01,24
2024,P11,P30071,P04,P01,190
2024,P11,P30072,P04,P01,40
2024,P11,P30073,P04,P01,211
2024,P11,P30074,P04,P01,34
2024,P11,P30075,P04,P01,36
2024,P11,P30076,P04,P01,3
2024,P11,P30077,P04,P01,149
2024,P11,P30078,P04,P01,23
2024,P11,P30079,P04,P01,17
2024,P11,P30080,P04,P01,26
2024,P11,P30081,P04,P01,71
2024,P11,P30082,P04,P01,59
2024,P11,P30082,P04,P02,1
2024,P11,P30083,P04,P01,18
2024,P11,P30084,P04,P01,29
2024,P11,P30085,P04,P01,280
2024,P11,P30086,P04,P01,53
2024,P11,P30087,P04,P01,4468
2024,P11,P30087,P04,P02,18
2024,P11,P30088,P04,P01,34
2024,P11,P30089,P04,P01,172
2024,P11,P30089,P04,P02,1
2024,P11,P30090,P04,P01,83
2024,P11,P30091,P04,P01,98
2024,P11,P30092,P04,P01,125
2024,P11,P30093,P04,P01,63
2024,P11,P30094,P04,P01,80
2024,P11,P30095,P04,P01,42
2024,P11,P30096,P04,P01,6
2024,P11,P30097,P04,P01,95
2024,P11,P30099,P04,P01,38
2024,P11,P30100,P04,P01,149
2024,P11,P30101,P04,P01,74
2024,P11,P30102,P04,P01,487
2024,P11,P30102,P04,P02,3
2024,P11,P30103,P04,P01,11
2024,P11,P30104,P04,P01,21
2024,P11,P30105,P04,P01,995
2024,P11,P30105,P04,P02,1
2024,P11,P30106,P04,P01,8
2024,P11,P30107,P04,P01,3
2024,P11,P30108,P04,P01,756
2024,P11,P30108,P04,P02,3
2024,P11,P30109,P04,P01,180
2024,P11,P30110,P04,P01,3
2024,P11,P30111,P04,P01,91
2024,P11,P30112,P04,P01,48
2024,P11,P30113,P04,P01,13
2024,P11,P30114,P04,P01,49
2024,P11,P30114,P04,P02,1
2024,P11,P30115,P04,P01,135
2024,P11,P30116,P04,P01,58
2024,P11,P30117,P04,P01,151
2024,P11,P30118,P04,P01,607
2024,P11,P30118,P04,P02,4
2024,P11,P30119,P04,P01,46
2024,P11,P30120,P04,P01,42
2024,P11,P30121,P04,P01,208
2024,P11,P30122,P04,P01,11
2024,P11,P30123,P04,P01,503
2024,P11,P30124,P04,P01,508
2024,P11,P30124,P04,P02,1
2024,P11,P30125,P04,P01,149
2024,P11,P30126,P04,P01,285
2024,P11,P30127,P04,P01,18
2024,P11,P30128,P04,P01,288
2024,P11,P30128,P04,P02,3
2024,P11,P30129,P04,P01,22
2024,P11,P30130,P04,P01,124
2024,P11,P30131,P04,P01,1144
2024,P11,P30131,P04,P02,11
2024,P11,P30132,P04,P01,48
2024,P11,P30133,P04,P01,307
2024,P11,P30134,P04,P01,220
2024,P11,P30135,P04,P01,86
2024,P11,P30136,P04,P01,35
2024,P11,P30137,P04,P01,5
2024,P11,P30138,P04,P01,122
2024,P11,P30138,P04,P02,1
2024,P11,P30139,P04,P01,25
2024,P11,P30140,P04,P01,2
2024,P11,P30141,P04,P01,269
2024,P11,P30141,P04,P02,1
2024,P11,P30142,P04,P01,54
2024,P11,P30143,P04,P01,91
2024,P11,P30144,P04,P01,74
2024,P11,P30145,P04,P01,27
2024,P11,P30146,P04,P01,9
2024,P11,P30147,P04,P01,9
2024,P11,P30148,P04,P01,104
2024,P11,P30149,P04,P01,17
2024,P11,P30150,P04,P01,38
2024,P11,P30151,P04,P01,130
2024,P11,P30152,P04,P01,78
2024,P11,P30153,P04,P01,24
2024,P11,P30154,P04,P01,40
2024,P11,P30155,P04,P01,206
2024,P11,P30156,P04,P01,7
2024,P11,P30157,P04,P01,17
2024,P11,P30158,P04,P01,147
2024,P11,P30158,P04,P02,3
2024,P11,P30159,P04,P01,9
2024,P11,P30160,P04,P01,285
2024,P11,P30161,P04,P01,17
2024,P11,P30162,P04,P01,9
2024,P11,P30163,P04,P01,3
2024,P11,P30164,P04,P01,117
2024,P11,P30165,P04,P01,31
2024,P11,P30166,P04,P01,13
2024,P11,P30167,P04,P01,35
2024,P11,P30168,P04,P01,20
2024,P11,P30169,P04,P01,85
2024,P11,P30171,P04,P01,3
2024,P11,P30172,P04,P01,34
2024,P11,P30173,P04,P01,144
2024,P11,P30174,P04,P01,528
2024,P11,P30174,P04,P02,2
2024,P11,P30175,P04,P01,251
2024,P11,P30175,P04,P02,6
2024,P11,P30176,P04,P01,17
2024,P11,P30177,P04,P01,31
2024,P11,P30178,P04,P01,70
2024,P11,P30179,P04,P01,8
2024,P11,P30180,P04,P01,6
2024,P11,P30181,P04,P01,214
2024,P11,P30182,P04,P01,70
2024,P11,P30183,P04,P01,209
2024,P11,P30183,P04,P02,1
2024,P11,P30184,P04,P01,7
2024,P11,P30185,P04,P01,12
2024,P11,P30186,P04,P01,11
2024,P11,P30187,P04,P01,2
2024,P11,P30188,P04,P01,41
2024,P11,P30189,P04,P01,806
2024,P11,P30189,P04,P02,2
2024,P11,P30190,P04,P01,16
2024,P11,P30191,P04,P01,411
2024,P11,P30192,P04,P01,215
2024,P11,P30193,P04,P01,7834
2024,P11,P30193,P04,P02,45
2024,P11,P30194,P04,P01,28
2024,P11,P30195,P04,P01,1
2024,P11,P30196,P04,P01,185
2024,P11,P30197,P04,P01,12
2024,P11,P30198,P04,P01,6
2024,P11,P30199,P04,P01,8
2024,P11,P30200,P04,P01,45
2024,P11,P30201,P04,P01,22
2024,P11,P30202,P04,P01,1
2024,P11,P30203,P04,P01,27
2024,P11,P30204,P04,P01,538
2024,P11,P30205,P04,P01,27
2024,P11,P30206,P04,P01,240
2024,P11,P30207,P04,P01,158
2024,P11,P30207,P04,P02,1
2024,P11,P30208,P04,P01,159
2024,P11,P30209,P04,P01,15
2024,P11,P30210,P04,P01,54
2024,P11,P30211,P04,P01,90
2024,P11,P30211,P04,P02,1
2024,P11,P30212,P04,P01,6
2024,P11,P31001,P04,P01,13
2024,P11,P31002,P04,P01,71
2024,P11,P31003,P04,P01,8
2024,P11,P31004,P04,P01,66
2024,P11,P31005,P04,P01,12
2024,P11,P31006,P04,P01,8
2024,P11,P31007,P04,P01,12
2024,P11,P31008,P04,P01,16
2024,P11,P31009,P04,P01,20
2024,P11,P31010,P04,P01,4
2024,P11,P31011,P04,P01,105
2024,P11,P31012,P04,P01,11
2024,P11,P31013,P04,P01,376
2024,P11,P31014,P04,P01,10
2024,P11,P31015,P04,P01,14
2024,P11,P31017,P04,P01,8
2024,P11,P31018,P04,P01,8
2024,P11,P31019,P04,P01,52
2024,P11,P31020,P04,P01,106
2024,P11,P31021,P04,P01,14
2024,P11,P31022,P04,P01,3
2024,P11,P31023,P04,P01,41
2024,P11,P31024,P04,P01,5
2024,P11,P31025,P04,P01,16
2024,P11,P31026,P04,P01,28
2024,P11,P31027,P04,P01,39
2024,P11,P31027,P04,P02,1
2024,P11,P31028,P04,P01,11
2024,P11,P31029,P04,P01,4
2024,P11,P31030,P04,P01,5
2024,P11,P31031,P04,P01,3
2024,P11,P31032,P04,P01,15
2024,P11,P31033,P04,P01,35
2024,P11,P31034,P04,P01,17
2024,P11,P31035,P04,P01,32
2024,P11,P31036,P04,P01,20
2024,P11,P31037,P04,P01,11
2024,P11,P31038,P04,P01,267
2024,P11,P31038,P04,P02,1
2024,P11,P31039,P04,P01,30
2024,P11,P31040,P04,P01,122
2024,P11,P31040,P04,P02,1
2024,P11,P31041,P04,P01,1241
2024,P11,P31041,P04,P02,2
2024,P11,P31042,P04,P01,30
2024,P11,P31043,P04,P01,13
2024,P11,P31044,P04,P01,14
2024,P11,P31045,P04,P01,10
2024,P11,P31046,P04,P01,4
2024,P11,P31047,P04,P01,9
2024,P11,P31048,P04,P01,105
2024,P11,P31049,P04,P01,2
2024,P11,P31050,P04,P01,13135
2024,P11,P31050,P04,P02,76
2024,P11,P31051,P04,P01,40
2024,P11,P31052,P04,P01,149
2024,P11,P31053,P04,P01,34
2024,P11,P31054,P04,P01,12
2024,P11,P31055,P04,P01,7
2024,P11,P31056,P04,P01,56
2024,P11,P31056,P04,P02,1
2024,P11,P31057,P04,P01,15
2024,P11,P31058,P04,P01,36
2024,P11,P31058,P04,P02,1
2024,P11,P31059,P04,P01,803
2024,P11,P31059,P04,P02,3
2024,P11,P31061,P04,P01,9
2024,P11,P31062,P04,P01,9
2024,P11,P31063,P04,P01,45
2024,P11,P31064,P04,P01,8
2024,P11,P31065,P04,P01,10
2024,P11,P31066,P04,P01,9
2024,P11,P31067,P04,P01,27
2024,P11,P31068,P04,P01,37
2024,P11,P31069,P04,P01,6
2024,P11,P31070,P04,P01,7
2024,P11,P31071,P04,P01,4
2024,P11,P31072,P04,P01,23
2024,P11,P31074,P04,P01,10
2024,P11,P31075,P04,P01,1
2024,P11,P31076,P04,P01,58
2024,P11,P31077,P04,P01,15
2024,P11,P31078,P04,P01,10
2024,P11,P31079,P04,P01,48
2024,P11,P31079,P04,P02,1
2024,P11,P31080,P04,P01,12
2024,P11,P31081,P04,P01,1
2024,P11,P31082,P04,P01,19
2024,P11,P31083,P04,P01,72
2024,P11,P31084,P04,P01,11
2024,P11,P31085,P04,P01,16
2024,P11,P31086,P04,P01,7
2024,P11,P31087,P04,P01,20
2024,P11,P31088,P04,P01,9
2024,P11,P31089,P04,P01,120
2024,P11,P31089,P04,P02,1
2024,P11,P31090,P04,P01,42
2024,P11,P31091,P04,P01,46
2024,P11,P31092,P04,P01,14
2024,P11,P31093,P04,P01,127
2024,P11,P31094,P04,P01,5
2024,P11,P31095,P04,P01,84
2024,P11,P31096,P04,P01,317
2024,P11,P31096,P04,P02,3
2024,P11,P31097,P04,P01,13
2024,P11,P31098,P04,P01,29
2024,P11,P31098,P04,P02,1
2024,P11,P31099,P04,P01,19
2024,P11,P31100,P04,P01,60
2024,P11,P31101,P04,P01,588
2024,P11,P31102,P04,P01,237
2024,P11,P31102,P04,P02,4
2024,P11,P31103,P04,P01,12
2024,P11,P31104,P04,P01,13
2024,P11,P31105,P04,P01,32
2024,P11,P31106,P04,P01,20
2024,P11,P32001,P04,P01,20
2024,P11,P32002,P04,P01,22
2024,P11,P32003,P04,P01,15
2024,P11,P32004,P04,P01,12
2024,P11,P32005,P04,P01,219
2024,P11,P32006,P04,P01,25
2024,P11,P32007,P04,P01,13
2024,P11,P32008,P04,P01,38
2024,P11,P32009,P04,P01,46
2024,P11,P32010,P04,P01,515
2024,P11,P32011,P04,P01,21
2024,P11,P32012,P04,P01,52
2024,P11,P32013,P04,P01,28
2024,P11,P32014,P04,P01,122
2024,P11,P32015,P04,P01,10
2024,P11,P32016,P04,P01,101
2024,P11,P32017,P04,P01,773
2024,P11,P32018,P04,P01,15
2024,P11,P32019,P04,P01,100
2024,P11,P32020,P04,P01,121
2024,P11,P32021,P04,P01,15
2024,P11,P32022,P04,P01,116
2024,P11,P32023,P04,P01,44
2024,P11,P32024,P04,P01,149
2024,P11,P32025,P04,P01,60
2024,P11,P32026,P04,P01,31
2024,P11,P32027,P04,P01,3
2024,P11,P32028,P04,P01,2
2024,P11,P32029,P04,P01,83
2024,P11,P32030,P04,P01,8
2024,P11,P32031,P04,P01,91
2024,P11,P32032,P04,P01,37
2024,P11,P32033,P04,P01,20
2024,P11,P32034,P04,P01,82
2024,P11,P32035,P04,P01,65
2024,P11,P32036,P04,P01,163
2024,P11,P32037,P04,P01,48
2024,P11,P32038,P04,P01,125
2024,P11,P32039,P04,P01,319
2024,P11,P32040,P04,P01,88
2024,P11,P32041,P04,P01,2
2024,P11,P32042,P04,P01,258
2024,P11,P32043,P04,P01,12
2024,P11,P32044,P04,P01,61
2024,P11,P32045,P04,P01,21
2024,P11,P32046,P04,P01,60
2024,P11,P32047,P04,P01,24
2024,P11,P32047,P04,P02,1
2024,P11,P32048,P04,P01,91
2024,P11,P32049,P04,P01,132
2024,P11,P32050,P04,P01,38
2024,P11,P32051,P04,P01,170
2024,P11,P32052,P04,P01,67
2024,P11,P32053,P04,P01,107
2024,P11,P32054,P04,P01,25
2024,P11,P32055,P04,P01,169
2024,P11,P32056,P04,P01,583
2024,P11,P32056,P04,P02,5
2024,P11,P32057,P04,P01,49
2024,P11,P32058,P04,P01,14
2024,P11,ZZZ,P04,P01,1114
2024,P11,ZZZ,P04,P02,537
2024,P12,P01001,P04,P01,5572
2024,P12,P01001,P04,P02,17
2024,P12,P01002,P04,P01,124
2024,P12,P01003,P04,P01,288
2024,P12,P01004,P04,P01,67
2024,P12,P01005,P04,P01,1089
2024,P12,P01006,P04,P01,147
2024,P12,P01007,P04,P01,237
2024,P12,P01008,P04,P01,73
2024,P12,P01009,P04,P01,105
2024,P12,P01010,P04,P01,50
2024,P12,P01011,P04,P01,293
2024,P12,P02001,P04,P01,6683
2024,P12,P02001,P04,P02,18
2024,P12,P02002,P04,P01,15860
2024,P12,P02002,P04,P02,51
2024,P12,P02003,P04,P01,2253
2024,P12,P02003,P04,P02,1
2024,P12,P02004,P04,P01,17804
2024,P12,P02004,P04,P02,58
2024,P12,P02005,P04,P01,1306
2024,P12,P03001,P04,P01,884
2024,P12,P03002,P04,P01,666
2024,P12,P03002,P04,P02,4
2024,P12,P03003,P04,P01,4329
2024,P12,P03003,P04,P02,24
2024,P12,P03008,P04,P01,2816
2024,P12,P03008,P04,P02,8
2024,P12,P03009,P04,P01,164
2024,P12,P03009,P04,P02,2
2024,P12,P04001,P04,P01,91
2024,P12,P04002,P04,P01,1590
2024,P12,P04002,P04,P02,5
2024,P12,P04003,P04,P01,905
2024,P12,P04003,P04,P02,10
2024,P12,P04004,P04,P01,361
2024,P12,P04004,P04,P02,1
2024,P12,P04005,P04,P01,87
2024,P12,P04006,P04,P01,24
2024,P12,P04007,P04,P01,56
2024,P12,P04008,P04,P01,31
2024,P12,P04009,P04,P01,155
2024,P12,P04009,P04,P02,2
2024,P12,P04010,P04,P01,7
2024,P12,P04011,P04,P01,122
2024,P12,P04011,P04,P02,1
2024,P12,P05001,P04,P01,14
2024,P12,P05002,P04,P01,719
2024,P12,P05002,P04,P02,10
2024,P12,P05003,P04,P01,274
2024,P12,P05004,P04,P01,440
2024,P12,P05004,P04,P02,1
2024,P12,P05005,P04,P01,5
2024,P12,P05006,P04,P01,186
2024,P12,P05007,P04,P01,116
2024,P12,P05008,P04,P01,19
2024,P12,P05009,P04,P01,394
2024,P12,P05010,P04,P01,390
2024,P12,P05010,P04,P02,1
2024,P12,P05011,P04,P01,25
2024,P12,P05012,P04,P01,25
2024,P12,P05013,P04,P01,4
2024,P12,P05014,P04,P01,150
2024,P12,P05015,P04,P01,4
2024,P12,P05016,P04,P01,32
2024,P12,P05017,P04,P01,908
2024,P12,P05017,P04,P02,1
2024,P12,P05018,P04,P01,1259
2024,P12,P05018,P04,P02,8
2024,P12,P05019,P04,P01,104
2024,P12,P05020,P04,P01,199
2024,P12,P05021,P04,P01,101
2024,P12,P05022,P04,P01,398
2024,P12,P05022,P04,P02,1
2024,P12,P05023,P04,P01,26
2024,P12,P05024,P04,P01,199
2024,P12,P05025,P04,P01,1610
2024,P12,P05025,P04,P02,2
2024,P12,P05026,P04,P01,6
2024,P12,P05027,P04,P01,1165
2024,P12,P05027,P04,P02,9
2024,P12,P05028,P04,P01,343
2024,P12,P05028,P04,P02,2
2024,P12,P05029,P04,P01,24
2024,P12,P05030,P04,P01,7829
2024,P12,P05030,P04,P02,42
2024,P12,P05031,P04,P01,272
2024,P12,P05032,P04,P01,241
2024,P12,P05033,P04,P01,607
2024,P12,P05033,P04,P02,1
2024,P12,P05034,P04,P01,29
2024,P12,P05035,P04,P01,5907
2024,P12,P05035,P04,P02,9
2024,P12,P05036,P04,P01,122
2024,P12,P05037,P04,P01,81
2024,P12,P05038,P04,P01,113
2024,P12,P06001,P04,P01,169
2024,P12,P06002,P04,P01,1775
2024,P12,P06002,P04,P02,3
2024,P12,P06003,P04,P01,151
2024,P12,P06004,P04,P01,77
2024,P12,P06005,P04,P01,203
2024,P12,P06006,P04,P01,20
2024,P12,P06007,P04,P01,1522
2024,P12,P06007,P04,P02,3
2024,P12,P06008,P04,P01,86
2024,P12,P06009,P04,P01,430
2024,P12,P06010,P04,P01,1520
2024,P12,P06010,P04,P02,4
2024,P12,P07001,P04,P01,15
2024,P12,P07002,P04,P01,17
2024,P12,P07003,P04,P01,40
2024,P12,P07004,P04,P01,9
2024,P12,P07005,P04,P01,1
2024,P12,P07006,P04,P01,2
2024,P12,P07007,P04,P01,2
2024,P12,P07008,P04,P01,67
2024,P12,P07009,P04,P01,227
2024,P12,P07009,P04,P02,1
2024,P12,P07011,P04,P01,5
2024,P12,P07012,P04,P01,241
2024,P12,P07013,P04,P01,21
2024,P12,P07014,P04,P01,14
2024,P12,P07015,P04,P01,70
2024,P12,P07016,P04,P01,21
2024,P12,P07017,P04,P01,101
2024,P12,P07017,P04,P02,1
2024,P12,P07018,P04,P01,1
2024,P12,P07019,P04,P01,403
2024,P12,P07019,P04,P02,3
2024,P12,P07020,P04,P01,80
2024,P12,P07021,P04,P01,15
2024,P12,P07022,P04,P01,6
2024,P12,P07023,P04,P01,49
2024,P12,P07024,P04,P01,5
2024,P12,P07026,P04,P01,37
2024,P12,P07027,P04,P01,403
2024,P12,P07028,P04,P01,2
2024,P12,P07029,P04,P01,7
2024,P12,P07030,P04,P01,20
2024,P12,P07031,P04,P01,15
2024,P12,P07032,P04,P01,22
2024,P12,P07032,P04,P02,1
2024,P12,P07033,P04,P01,1
2024,P12,P07034,P04,P01,67
2024,P12,P07035,P04,P01,39
2024,P12,P07036,P04,P01,8
2024,P12,P07037,P04,P01,63
2024,P12,P07038,P04,P01,15
2024,P12,P07039,P04,P01,18
2024,P12,P07040,P04,P01,80
2024,P12,P07040,P04,P02,1
2024,P12,P07041,P04,P01,39
2024,P12,P07042,P04,P01,1
2024,P12,P07043,P04,P01,3
2024,P12,P07044,P04,P01,21
2024,P12,P07045,P04,P01,4
2024,P12,P07046,P04,P01,57
2024,P12,P07047,P04,P01,17
2024,P12,P07048,P04,P01,65
2024,P12,P07049,P04,P01,15
2024,P12,P07050,P04,P01,13
2024,P12,P07051,P04,P01,44
2024,P12,P07051,P04,P02,1
2024,P12,P07052,P04,P01,58
2024,P12,P07053,P04,P01,2
2024,P12,P07054,P04,P01,86
2024,P12,P07055,P04,P01,24
2024,P12,P07056,P04,P01,1
2024,P12,P07057,P04,P01,41
2024,P12,P07058,P04,P01,20
2024,P12,P07059,P04,P01,58
2024,P12,P07059,P04,P02,1
2024,P12,P07061,P04,P01,133
2024,P12,P07062,P04,P01,15
2024,P12,P07063,P04,P01,9
2024,P12,P07064,P04,P01,11
2024,P12,P07065,P04,P01,260
2024,P12,P07065,P04,P02,1
2024,P12,P07066,P04,P01,2
2024,P12,P07067,P04,P01,1
2024,P12,P07068,P04,P01,31
2024,P12,P07068,P04,P02,1
2024,P12,P07069,P04,P01,183
2024,P12,P07071,P04,P01,20
2024,P12,P07072,P04,P01,16
2024,P12,P07073,P04,P01,4
2024,P12,P07074,P04,P01,140
2024,P12,P07075,P04,P01,22
2024,P12,P07076,P04,P01,6
2024,P12,P07077,P04,P01,32
2024,P12,P07078,P04,P01,716
2024,P12,P07078,P04,P02,18
2024,P12,P07079,P04,P01,63
2024,P12,P07080,P04,P01,13
2024,P12,P07081,P04,P01,46
2024,P12,P07082,P04,P01,4
2024,P12,P07083,P04,P01,15
2024,P12,P07084,P04,P01,1
2024,P12,P07085,P04,P01,14
2024,P12,P07086,P04,P01,31
2024,P12,P07087,P04,P01,56
2024,P12,P07088,P04,P01,3
2024,P12,P07089,P04,P01,1474
2024,P12,P07089,P04,P02,10
2024,P12,P07091,P04,P01,14
2024,P12,P07092,P04,P01,31
2024,P12,P07093,P04,P01,48
2024,P12,P07094,P04,P01,40
2024,P12,P07096,P04,P01,26
2024,P12,P07097,P04,P01,341
2024,P12,P07097,P04,P02,1
2024,P12,P07099,P04,P01,101
2024,P12,P07100,P04,P01,27
2024,P12,P07101,P04,P01,3410
2024,P12,P07101,P04,P02,9
2024,P12,P07102,P04,P01,141
2024,P12,P07103,P04,P01,29
2024,P12,P07104,P04,P01,34
2024,P12,P07105,P04,P01,31
2024,P12,P07106,P04,P01,37
2024,P12,P07107,P04,P01,159
2024,P12,P07108,P04,P01,268
2024,P12,P07109,P04,P01,44
2024,P12,P07111,P04,P01,27
2024,P12,P07112,P04,P01,23
2024,P12,P07115,P04,P01,16
2024,P12,P07117,P04,P01,8
2024,P12,P07122,P04,P01,2
2024,P12,P08001,P04,P01,87
2024,P12,P08002,P04,P01,389
2024,P12,P08003,P04,P01,216
2024,P12,P08004,P04,P01,203
2024,P12,P08005,P04,P01,371
2024,P12,P08006,P04,P01,45
2024,P12,P08007,P04,P01,47
2024,P12,P08009,P04,P01,152
2024,P12,P08009,P04,P02,2
2024,P12,P08010,P04,P01,265
2024,P12,P08011,P04,P01,383
2024,P12,P08012,P04,P01,42
2024,P12,P08013,P04,P01,107
2024,P12,P08014,P04,P01,4
2024,P12,P08015,P04,P01,5
2024,P12,P08016,P04,P01,66
2024,P12,P08017,P04,P01,1853
2024,P12,P08017,P04,P02,6
2024,P12,P08018,P04,P01,42
2024,P12,P08019,P04,P01,13126
2024,P12,P08019,P04,P02,37
2024,P12,P08020,P04,P01,1
2024,P12,P08021,P04,P01,1916
2024,P12,P08021,P04,P02,5
2024,P12,P08022,P04,P01,37
2024,P12,P08023,P04,P01,66
2024,P12,P08024,P04,P01,91
2024,P12,P08025,P04,P01,82
2024,P12,P08026,P04,P01,20
2024,P12,P08027,P04,P01,72
2024,P12,P08028,P04,P01,19
2024,P12,P08029,P04,P01,39
2024,P12,P08030,P04,P01,6
2024,P12,P08031,P04,P01,285
2024,P12,P08032,P04,P01,1069
2024,P12,P08032,P04,P02,19
2024,P12,P08033,P04,P01,6
2024,P12,P08034,P04,P01,33
2024,P12,P08035,P04,P01,124
2024,P12,P08036,P04,P01,221
2024,P12,P08037,P04,P01,11306
2024,P12,P08037,P04,P02,30
2024,P12,P08038,P04,P01,77
2024,P12,P08039,P04,P01,79
2024,P12,P08040,P04,P01,137
2024,P12,P08041,P04,P01,3
2024,P12,P08042,P04,P01,11
2024,P12,P08043,P04,P01,29
2024,P12,P08044,P04,P01,65
2024,P12,P08045,P04,P01,483
2024,P12,P08046,P04,P02,4
2024,P12,P08047,P04,P01,1
2024,P12,P08048,P04,P01,337
2024,P12,P08048,P04,P02,1
2024,P12,P08049,P04,P01,4
2024,P12,P08050,P04,P01,440
2024,P12,P08050,P04,P02,2
2024,P12,P08051,P04,P01,21
2024,P12,P08051,P04,P02,15
2024,P12,P08052,P04,P01,352
2024,P12,P08053,P04,P01,38
2024,P12,P08054,P04,P01,25
2024,P12,P08055,P04,P01,150
2024,P12,P08056,P04,P01,7
2024,P12,P08057,P04,P01,5
2024,P12,P08058,P04,P01,40
2024,P12,P08059,P04,P01,90
2024,P12,P08060,P04,P01,80
2024,P12,P08061,P04,P01,26
2024,P12,P08062,P04,P01,314
2024,P12,P08063,P04,P01,42
2024,P12,P08064,P04,P01,7
2024,P12,P08065,P04,P01,32
2024,P12,P08065,P04,P02,15
2024,P12,P08066,P04,P01,9
2024,P12,P08067,P04,P01,44
2024,P12,P09002,P04,P01,6338
2024,P12,P09002,P04,P02,30
2024,P12,P09003,P04,P01,13322
2024,P12,P09003,P04,P02,53
2024,P12,P09004,P04,P01,2610
2024,P12,P09004,P04,P02,18
2024,P12,P09005,P04,P01,17286
2024,P12,P09005,P04,P02,40
2024,P12,P09006,P04,P01,7400
2024,P12,P09006,P04,P02,11
2024,P12,P09007,P04,P01,27367
2024,P12,P09007,P04,P02,67
2024,P12,P09008,P04,P01,3480
2024,P12,P09008,P04,P02,7
2024,P12,P09009,P04,P01,1546
2024,P12,P09010,P04,P01,10859
2024,P12,P09010,P04,P02,70
2024,P12,P09011,P04,P01,4465
2024,P12,P09011,P04,P02,2
2024,P12,P09012,P04,P01,10654
2024,P12,P09012,P04,P02,51
2024,P12,P09013,P04,P01,6606
2024,P12,P09013,P04,P02,7
2024,P12,P09014,P04,P01,5649
2024,P12,P09014,P04,P02,67
2024,P12,P09015,P04,P01,12465
2024,P12,P09015,P04,P02,92
2024,P12,P09016,P04,P01,5483
2024,P12,P09016,P04,P02,59
2024,P12,P09017,P04,P01,8419
2024,P12,P09017,P04,P02,24
2024,P12,P10001,P04,P01,190
2024,P12,P10002,P04,P01,1
2024,P12,P10003,P04,P01,10
2024,P12,P10004,P04,P01,162
2024,P12,P10004,P04,P02,3
2024,P12,P10005,P04,P01,4226
2024,P12,P10005,P04,P02,10
2024,P12,P10006,P04,P01,19
2024,P12,P10007,P04,P01,2292
2024,P12,P10007,P04,P02,7
2024,P12,P10008,P04,P01,200
2024,P12,P10009,P04,P01,14
2024,P12,P10010,P04,P01,6
2024,P12,P10011,P04,P01,4
2024,P12,P10012,P04,P01,1116
2024,P12,P10013,P04,P01,239
2024,P12,P10014,P04,P01,27
2024,P12,P10015,P04,P01,59
2024,P12,P10016,P04,P01,127
2024,P12,P10017,P04,P01,63
2024,P12,P10018,P04,P01,37
2024,P12,P10020,P04,P01,90
2024,P12,P10021,P04,P01,62
2024,P12,P10022,P04,P01,84
2024,P12,P10023,P04,P01,126
2024,P12,P10023,P04,P02,1
2024,P12,P10024,P04,P01,40
2024,P12,P10025,P04,P01,8
2024,P12,P10026,P04,P01,5
2024,P12,P10027,P04,P01,5
2024,P12,P10028,P04,P01,140
2024,P12,P10029,P04,P01,2
2024,P12,P10030,P04,P01,3
2024,P12,P10031,P04,P01,46
2024,P12,P10032,P04,P01,92
2024,P12,P10033,P04,P01,11
2024,P12,P10034,P04,P01,11
2024,P12,P10035,P04,P01,25
2024,P12,P10036,P04,P01,195
2024,P12,P10038,P04,P01,104
2024,P12,P10039,P04,P01,99
2024,P12,P11001,P04,P01,341
2024,P12,P11001,P04,P02,1
2024,P12,P11002,P04,P01,511
2024,P12,P11003,P04,P01,1248
2024,P12,P11003,P04,P02,7
2024,P12,P11004,P04,P01,209
2024,P12,P11005,P04,P01,560
2024,P12,P11005,P04,P02,1
2024,P12,P11006,P04,P01,12
2024,P12,P11007,P04,P01,3720
2024,P12,P11007,P04,P02,10
2024,P12,P11008,P04,P01,227
2024,P12,P11009,P04,P01,298
2024,P12,P11010,P04,P01,58
2024,P12,P11011,P04,P01,269
2024,P12,P11011,P04,P02,3
2024,P12,P11012,P04,P01,87
2024,P12,P11013,P04,P01,86
2024,P12,P11014,P04,P01,552
2024,P12,P11014,P04,P02,2
2024,P12,P11015,P04,P01,2641
2024,P12,P11015,P04,P02,5
2024,P12,P11016,P04,P01,68
2024,P12,P11017,P04,P01,3717
2024,P12,P11017,P04,P02,10
2024,P12,P11018,P04,P01,219
2024,P12,P11019,P04,P01,237
2024,P12,P11020,P04,P01,24783
2024,P12,P11020,P04,P02,31
2024,P12,P11021,P04,P01,197
2024,P12,P11021,P04,P02,1
2024,P12,P11022,P04,P01,49
2024,P12,P11022,P04,P02,1
2024,P12,P11023,P04,P01,1032
2024,P12,P11024,P04,P01,35
2024,P12,P11025,P04,P01,1209
2024,P12,P11026,P04,P01,435
2024,P12,P11027,P04,P01,1671
2024,P12,P11027,P04,P02,6
2024,P12,P11028,P04,P01,530
2024,P12,P11029,P04,P01,117
2024,P12,P11030,P04,P01,342
2024,P12,P11031,P04,P01,1747
2024,P12,P11032,P04,P01,831
2024,P12,P11032,P04,P02,2
2024,P12,P11033,P04,P01,523
2024,P12,P11033,P04,P02,1
2024,P12,P11034,P04,P01,16
2024,P12,P11035,P04,P01,188
2024,P12,P11036,P04,P01,38
2024,P12,P11037,P04,P01,2305
2024,P12,P11037,P04,P02,1
2024,P12,P11038,P04,P01,43
2024,P12,P11039,P04,P01,130
2024,P12,P11040,P04,P01,55
2024,P12,P11041,P04,P01,236
2024,P12,P11042,P04,P01,584
2024,P12,P11043,P04,P01,89
2024,P12,P11044,P04,P01,221
2024,P12,P11045,P04,P01,56
2024,P12,P11046,P04,P01,359
2024,P12,P12001,P04,P01,6095
2024,P12,P12001,P04,P02,41
2024,P12,P12002,P04,P01,7
2024,P12,P12003,P04,P01,63
2024,P12,P12004,P04,P01,29
2024,P12,P12005,P04,P01,16
2024,P12,P12006,P04,P01,62
2024,P12,P12007,P04,P01,76
2024,P12,P12008,P04,P01,33
2024,P12,P12009,P04,P01,2
2024,P12,P12010,P04,P01,42
2024,P12,P12011,P04,P01,198
2024,P12,P12012,P04,P01,85
2024,P12,P12013,P04,P01,25
2024,P12,P12014,P04,P01,80
2024,P12,P12015,P04,P01,142
2024,P12,P12016,P04,P01,24
2024,P12,P12017,P04,P01,124
2024,P12,P12017,P04,P02,1
2024,P12,P12018,P04,P01,93
2024,P12,P12019,P04,P01,6
2024,P12,P12020,P04,P01,8
2024,P12,P12021,P04,P01,360
2024,P12,P12021,P04,P02,1
2024,P12,P12022,P04,P01,89
2024,P12,P12023,P04,P01,61
2024,P12,P12024,P04,P01,6
2024,P12,P12025,P04,P01,19
2024,P12,P12026,P04,P01,30
2024,P12,P12027,P04,P01,97
2024,P12,P12028,P04,P01,301
2024,P12,P12029,P04,P01,1869
2024,P12,P12029,P04,P02,2
2024,P12,P12030,P04,P01,78
2024,P12,P12031,P04,P01,9
2024,P12,P12032,P04,P01,43
2024,P12,P12033,P04,P01,25
2024,P12,P12034,P04,P01,266
2024,P12,P12035,P04,P01,875
2024,P12,P12035,P04,P02,3
2024,P12,P12036,P04,P01,8
2024,P12,P12037,P04,P01,33
2024,P12,P12038,P04,P01,810
2024,P12,P12038,P04,P02,15
2024,P12,P12039,P04,P01,147
2024,P12,P12040,P04,P01,56
2024,P12,P12041,P04,P01,9
2024,P12,P12042,P04,P01,32
2024,P12,P12043,P04,P01,21
2024,P12,P12044,P04,P01,37
2024,P12,P12045,P04,P01,30
2024,P12,P12046,P04,P01,131
2024,P12,P12047,P04,P01,23
2024,P12,P12048,P04,P01,158
2024,P12,P12049,P04,P01,34
2024,P12,P12050,P04,P01,57
2024,P12,P12050,P04,P02,1
2024,P12,P12051,P04,P01,92
2024,P12,P12052,P04,P01,26
2024,P12,P12053,P04,P01,255
2024,P12,P12054,P04,P01,30
2024,P12,P12055,P04,P01,413
2024,P12,P12056,P04,P01,91
2024,P12,P12057,P04,P01,198
2024,P12,P12058,P04,P01,265
2024,P12,P12059,P04,P01,237
2024,P12,P12060,P04,P01,47
2024,P12,P12061,P04,P01,214
2024,P12,P12062,P04,P01,2
2024,P12,P12063,P04,P01,4
2024,P12,P12064,P04,P01,16
2024,P12,P12065,P04,P01,24
2024,P12,P12066,P04,P01,173
2024,P12,P12066,P04,P02,1
2024,P12,P12067,P04,P01,45
2024,P12,P12068,P04,P01,110
2024,P12,P12069,P04,P01,16
2024,P12,P12070,P04,P01,11
2024,P12,P12071,P04,P01,15
2024,P12,P12072,P04,P01,2
2024,P12,P12073,P04,P01,47
2024,P12,P12074,P04,P01,19
2024,P12,P12075,P04,P01,173
2024,P12,P12075,P04,P02,2
2024,P12,P12076,P04,P01,6
2024,P12,P12077,P04,P01,76
2024,P12,P12078,P04,P01,10
2024,P12,P12079,P04,P01,5
2024,P12,P12080,P04,P01,11
2024,P12,P12081,P04,P01,3
2024,P12,P13001,P04,P01,137
2024,P12,P13002,P04,P01,191
2024,P12,P13003,P04,P01,397
2024,P12,P13004,P04,P01,39
2024,P12,P13005,P04,P01,111
2024,P12,P13006,P04,P01,161
2024,P12,P13007,P04,P01,120
2024,P12,P13008,P04,P01,295
2024,P12,P13008,P04,P02,1
2024,P12,P13009,P04,P01,151
2024,P12,P13010,P04,P01,285
2024,P12,P13010,P04,P02,1
2024,P12,P13011,P04,P01,3
2024,P12,P13012,P04,P01,183
2024,P12,P13013,P04,P01,553
2024,P12,P13014,P04,P01,8
2024,P12,P13015,P04,P01,77
2024,P12,P13016,P04,P01,367
2024,P12,P13017,P04,P01,72
2024,P12,P13018,P04,P01,55
2024,P12,P13019,P04,P01,98
2024,P12,P13020,P04,P01,6
2024,P12,P13021,P04,P01,85
2024,P12,P13022,P04,P01,125
2024,P12,P13023,P04,P01,178
2024,P12,P13024,P04,P01,228
2024,P12,P13024,P04,P02,1
2024,P12,P13025,P04,P01,11
2024,P12,P13026,P04,P01,3
2024,P12,P13027,P04,P01,9
2024,P12,P13028,P04,P01,35
2024,P12,P13029,P04,P01,331
2024,P12,P13029,P04,P02,1
2024,P12,P13030,P04,P01,430
2024,P12,P13031,P04,P01,77
2024,P12,P13032,P04,P01,1
2024,P12,P13033,P04,P01,1
2024,P12,P13034,P04,P01,8
2024,P12,P13035,P04,P01,51
2024,P12,P13036,P04,P01,31
2024,P12,P13037,P04,P01,64
2024,P12,P13038,P04,P01,68
2024,P12,P13039,P04,P01,52
2024,P12,P13040,P04,P01,39
2024,P12,P13041,P04,P01,177
2024,P12,P13042,P04,P01,43
2024,P12,P13043,P04,P01,14
2024,P12,P13044,P04,P01,111
2024,P12,P13045,P04,P01,32
2024,P12,P13046,P04,P01,19
2024,P12,P13047,P04,P01,10
2024,P12,P13048,P04,P01,2281
2024,P12,P13048,P04,P02,21
2024,P12,P13049,P04,P01,32
2024,P12,P13050,P04,P01,124
2024,P12,P13051,P04,P01,1197
2024,P12,P13051,P04,P02,3
2024,P12,P13052,P04,P01,296
2024,P12,P13052,P04,P02,1
2024,P12,P13053,P04,P01,11
2024,P12,P13054,P04,P01,268
2024,P12,P13055,P04,P01,55
2024,P12,P13056,P04,P01,239
2024,P12,P13057,P04,P01,87
2024,P12,P13058,P04,P01,115
2024,P12,P13059,P04,P01,163
2024,P12,P13060,P04,P01,22
2024,P12,P13061,P04,P01,328
2024,P12,P13061,P04,P02,1
2024,P12,P13062,P04,P01,18
2024,P12,P13063,P04,P01,777
2024,P12,P13063,P04,P02,2
2024,P12,P13064,P04,P01,87
2024,P12,P13065,P04,P01,59
2024,P12,P13066,P04,P01,47
2024,P12,P13067,P04,P01,274
2024,P12,P13068,P04,P01,19
2024,P12,P13069,P04,P01,2204
2024,P12,P13069,P04,P02,4
2024,P12,P13070,P04,P01,50
2024,P12,P13071,P04,P01,15
2024,P12,P13072,P04,P01,71
2024,P12,P13073,P04,P01,25
2024,P12,P13074,P04,P01,134
2024,P12,P13075,P04,P01,137
2024,P12,P13076,P04,P01,1651
2024,P12,P13077,P04,P01,911
2024,P12,P13077,P04,P02,25
2024,P12,P13079,P04,P01,5
2024,P12,P13080,P04,P01,6
2024,P12,P13081,P04,P01,17
2024,P12,P13082,P04,P01,134
2024,P12,P13083,P04,P01,706
2024,P12,P13084,P04,P01,198
2024,P12,P13084,P04,P02,1
2024,P12,P14001,P04,P01,47
2024,P12,P14002,P04,P01,92
2024,P12,P14003,P04,P01,179
2024,P12,P14004,P04,P01,44
2024,P12,P14005,P04,P01,44
2024,P12,P14006,P04,P01,390
2024,P12,P14007,P04,P01,67
2024,P12,P14008,P04,P01,371
2024,P12,P14009,P04,P01,185
2024,P12,P14010,P04,P01,23
2024,P12,P14011,P04,P01,31
2024,P12,P14012,P04,P01,24
2024,P12,P14013,P04,P01,254
2024,P12,P14014,P04,P01,40
2024,P12,P14015,P04,P01,547
2024,P12,P14016,P04,P01,144
2024,P12,P14017,P04,P01,70
2024,P12,P14018,P04,P01,286
2024,P12,P14019,P04,P01,23
2024,P12,P14020,P04,P01,93
2024,P12,P14021,P04,P01,186
2024,P12,P14022,P04,P01,336
2024,P12,P14023,P04,P01,450
2024,P12,P14023,P04,P02,6
2024,P12,P14024,P04,P01,264
2024,P12,P14024,P04,P02,1
2024,P12,P14025,P04,P01,95
2024,P12,P14026,P04,P01,57
2024,P12,P14027,P04,P01,62
2024,P12,P14028,P04,P01,17
2024,P12,P14029,P04,P01,92
2024,P12,P14030,P04,P01,583
2024,P12,P14030,P04,P02,3
2024,P12,P14031,P04,P01,9
2024,P12,P14032,P04,P01,70
2024,P12,P14033,P04,P01,53
2024,P12,P14034,P04,P01,34
2024,P12,P14035,P04,P01,144
2024,P12,P14036,P04,P01,111
2024,P12,P14037,P04,P01,80
2024,P12,P14038,P04,P01,23
2024,P12,P14039,P04,P01,15766
2024,P12,P14039,P04,P02,83
2024,P12,P14040,P04,P01,32
2024,P12,P14041,P04,P01,21
2024,P12,P14042,P04,P01,32
2024,P12,P14042,P04,P02,1
2024,P12,P14043,P04,P01,160
2024,P12,P14044,P04,P01,536
2024,P12,P14045,P04,P01,166
2024,P12,P14046,P04,P01,119
2024,P12,P14047,P04,P01,73
2024,P12,P14048,P04,P01,98
2024,P12,P14049,P04,P01,5
2024,P12,P14050,P04,P01,339
2024,P12,P14051,P04,P01,272
2024,P12,P14052,P04,P01,59
2024,P12,P14053,P04,P01,1880
2024,P12,P14053,P04,P02,5
2024,P12,P14054,P04,P01,58
2024,P12,P14055,P04,P01,87
2024,P12,P14057,P04,P01,29
2024,P12,P14058,P04,P01,70
2024,P12,P14059,P04,P01,526
2024,P12,P14059,P04,P02,2
2024,P12,P14060,P04,P01,29
2024,P12,P14061,P04,P01,66
2024,P12,P14062,P04,P01,6
2024,P12,P14063,P04,P01,494
2024,P12,P14064,P04,P01,94
2024,P12,P14065,P04,P01,47
2024,P12,P14066,P04,P01,285
2024,P12,P14066,P04,P02,1
2024,P12,P14067,P04,P01,2090
2024,P12,P14067,P04,P02,20
2024,P12,P14068,P04,P01,51
2024,P12,P14069,P04,P01,48
2024,P12,P14070,P04,P01,3504
2024,P12,P14070,P04,P02,7
2024,P12,P14071,P04,P01,6
2024,P12,P14072,P04,P01,41
2024,P12,P14073,P04,P01,252
2024,P12,P14073,P04,P02,1
2024,P12,P14074,P04,P01,89
2024,P12,P14075,P04,P01,29
2024,P12,P14076,P04,P01,1
2024,P12,P14077,P04,P01,166
2024,P12,P14078,P04,P01,110
2024,P12,P14079,P04,P01,43
2024,P12,P14080,P04,P01,22
2024,P12,P14081,P04,P01,52
2024,P12,P14082,P04,P01,117
2024,P12,P14083,P04,P01,544
2024,P12,P14083,P04,P02,1
2024,P12,P14084,P04,P01,78
2024,P12,P14085,P04,P01,70
2024,P12,P14086,P04,P01,99
2024,P12,P14086,P04,P02,1
2024,P12,P14087,P04,P01,37
2024,P12,P14088,P04,P01,221
2024,P12,P14088,P04,P02,1
2024,P12,P14089,P04,P01,18
2024,P12,P14090,P04,P01,111
2024,P12,P14091,P04,P01,175
2024,P12,P14092,P04,P01,62
2024,P12,P14093,P04,P01,340
2024,P12,P14093,P04,P02,6
2024,P12,P14094,P04,P01,113
2024,P12,P14094,P04,P02,3
2024,P12,P14095,P04,P01,77
2024,P12,P14096,P04,P01,91
2024,P12,P14097,P04,P01,8707
2024,P12,P14097,P04,P02,17
2024,P12,P14098,P04,P01,6617
2024,P12,P14098,P04,P02,23
2024,P12,P14099,P04,P01,53
2024,P12,P14100,P04,P01,34
2024,P12,P14101,P04,P01,6014
2024,P12,P14101,P04,P02,5
2024,P12,P14102,P04,P01,34
2024,P12,P14103,P04,P01,39
2024,P12,P14104,P04,P01,16
2024,P12,P14105,P04,P01,161
2024,P12,P14106,P04,P01,26
2024,P12,P14107,P04,P01,61
2024,P12,P14108,P04,P01,187
2024,P12,P14109,P04,P01,123
2024,P12,P14110,P04,P01,48
2024,P12,P14111,P04,P01,29
2024,P12,P14112,P04,P01,19
2024,P12,P14113,P04,P01,111
2024,P12,P14114,P04,P01,85
2024,P12,P14115,P04,P01,14
2024,P12,P14116,P04,P01,56
2024,P12,P14117,P04,P01,14
2024,P12,P14118,P04,P01,162
2024,P12,P14119,P04,P01,86
2024,P12,P14120,P04,P01,25508
2024,P12,P14120,P04,P02,68
2024,P12,P14121,P04,P01,101
2024,P12,P14122,P04,P01,30
2024,P12,P14123,P04,P01,119
2024,P12,P14124,P04,P01,329
2024,P12,P14125,P04,P01,58
2024,P12,P15001,P04,P01,248
2024,P12,P15002,P04,P01,1802
2024,P12,P15003,P04,P01,339
2024,P12,P15004,P04,P01,71
2024,P12,P15005,P04,P01,1528
2024,P12,P15006,P04,P01,174
2024,P12,P15007,P04,P01,108
2024,P12,P15008,P04,P01,65
2024,P12,P15009,P04,P01,748
2024,P12,P15010,P04,P01,240
2024,P12,P15011,P04,P01,484
2024,P12,P15012,P04,P01,164
2024,P12,P15012,P04,P02,1
2024,P12,P15013,P04,P01,7180
2024,P12,P15013,P04,P02,21
2024,P12,P15014,P04,P01,574
2024,P12,P15014,P04,P02,3
2024,P12,P15015,P04,P01,256
2024,P12,P15016,P04,P01,245
2024,P12,P15017,P04,P01,126
2024,P12,P15018,P04,P01,786
2024,P12,P15019,P04,P01,421
2024,P12,P15020,P04,P01,4428
2024,P12,P15020,P04,P02,14
2024,P12,P15021,P04,P01,176
2024,P12,P15022,P04,P01,126
2024,P12,P15023,P04,P01,341
2024,P12,P15024,P04,P01,3125
2024,P12,P15024,P04,P02,3
2024,P12,P15025,P04,P01,4330
2024,P12,P15025,P04,P02,9
2024,P12,P15026,P04,P01,184
2024,P12,P15027,P04,P01,309
2024,P12,P15028,P04,P01,337
2024,P12,P15029,P04,P01,3484
2024,P12,P15029,P04,P02,2
2024,P12,P15030,P04,P01,238
2024,P12,P15031,P04,P01,4678
2024,P12,P15031,P04,P02,3
2024,P12,P15032,P04,P01,117
2024,P12,P15033,P04,P01,21830
2024,P12,P15033,P04,P02,49
2024,P12,P15034,P04,P01,60
2024,P12,P15035,P04,P01,1387
2024,P12,P15035,P04,P02,2
2024,P12,P15036,P04,P01,298
2024,P12,P15037,P04,P01,3323
2024,P12,P15037,P04,P02,27
2024,P12,P15038,P04,P01,81
2024,P12,P15039,P04,P01,7609
2024,P12,P15039,P04,P02,16
2024,P12,P15040,P04,P01,238
2024,P12,P15041,P04,P01,27
2024,P12,P15042,P04,P01,432
2024,P12,P15043,P04,P01,153
2024,P12,P15044,P04,P01,573
2024,P12,P15045,P04,P01,858
2024,P12,P15046,P04,P01,281
2024,P12,P15047,P04,P01,320
2024,P12,P15048,P04,P01,327
2024,P12,P15048,P04,P02,2
2024,P12,P15049,P04,P01,48
2024,P12,P15050,P04,P01,125
2024,P12,P15051,P04,P01,2235
2024,P12,P15051,P04,P02,7
2024,P12,P15052,P04,P01,173
2024,P12,P15053,P04,P01,571
2024,P12,P15054,P04,P01,3746
2024,P12,P15054,P04,P02,15
2024,P12,P15055,P04,P01,189
2024,P12,P15056,P04,P01,97
2024,P12,P15057,P04,P01,10344
2024,P12,P15057,P04,P02,51
2024,P12,P15058,P04,P01,11435
2024,P12,P15058,P04,P02,24
2024,P12,P15059,P04,P01,443
2024,P12,P15060,P04,P01,3255
2024,P12,P15060,P04,P02,6
2024,P12,P15061,P04,P01,134
2024,P12,P15062,P04,P01,1143
2024,P12,P15063,P04,P01,186
2024,P12,P15064,P04,P01,180
2024,P12,P15065,P04,P01,297
2024,P12,P15066,P04,P01,9
2024,P12,P15067,P04,P01,531
2024,P12,P15068,P04,P01,262
2024,P12,P15069,P04,P01,70
2024,P12,P15070,P04,P01,2474
2024,P12,P15070,P04,P02,5
2024,P12,P15071,P04,P01,166
2024,P12,P15071,P04,P02,1
2024,P12,P15072,P04,P01,152
2024,P12,P15073,P04,P01,640
2024,P12,P15074,P04,P01,238
2024,P12,P15075,P04,P01,237
2024,P12,P15076,P04,P01,829
2024,P12,P15076,P04,P02,1
2024,P12,P15077,P04,P01,41
2024,P12,P15078,P04,P01,32
2024,P12,P15079,P04,P01,160
2024,P12,P15080,P04,P01,69
2024,P12,P15081,P04,P01,8388
2024,P12,P15081,P04,P02,20
2024,P12,P15082,P04,P01,261
2024,P12,P15083,P04,P01,190
2024,P12,P15084,P04,P01,336
2024,P12,P15085,P04,P01,249
2024,P12,P15086,P04,P01,123
2024,P12,P15087,P04,P01,548
2024,P12,P15087,P04,P02,2
2024,P12,P15088,P04,P01,389
2024,P12,P15089,P04,P01,136
2024,P12,P15090,P04,P01,857
2024,P12,P15091,P04,P01,734
2024,P12,P15092,P04,P01,544
2024,P12,P15092,P04,P02,2
2024,P12,P15093,P04,P01,344
2024,P12,P15094,P04,P01,203
2024,P12,P15095,P04,P01,1128
2024,P12,P15095,P04,P02,7
2024,P12,P15096,P04,P01,372
2024,P12,P15097,P04,P01,103
2024,P12,P15098,P04,P01,90
2024,P12,P15099,P04,P01,3134
2024,P12,P15099,P04,P02,14
2024,P12,P15100,P04,P01,399
2024,P12,P15101,P04,P01,1165
2024,P12,P15102,P04,P01,138
2024,P12,P15103,P04,P01,387
2024,P12,P15104,P04,P01,9130
2024,P12,P15104,P04,P02,35
2024,P12,P15105,P04,P01,28
2024,P12,P15106,P04,P01,10052
2024,P12,P15106,P04,P02,34
2024,P12,P15107,P04,P01,93
2024,P12,P15108,P04,P01,1924
2024,P12,P15108,P04,P02,2
2024,P12,P15109,P04,P01,7033
2024,P12,P15109,P04,P02,7
2024,P12,P15110,P04,P01,752
2024,P12,P15110,P04,P02,5
2024,P12,P15111,P04,P01,155
2024,P12,P15112,P04,P01,172
2024,P12,P15113,P04,P01,288
2024,P12,P15114,P04,P01,404
2024,P12,P15115,P04,P01,291
2024,P12,P15116,P04,P01,22
2024,P12,P15117,P04,P01,71
2024,P12,P15118,P04,P01,1762
2024,P12,P15118,P04,P02,3
2024,P12,P15119,P04,P01,41
2024,P12,P15120,P04,P01,2844
2024,P12,P15120,P04,P02,7
2024,P12,P15121,P04,P01,9946
2024,P12,P15121,P04,P02,35
2024,P12,P15122,P04,P01,3775
2024,P12,P15122,P04,P02,6
2024,P12,P15123,P04,P01,35
2024,P12,P15124,P04,P01,141
2024,P12,P15125,P04,P01,105
2024,P12,P16001,P04,P01,74
2024,P12,P16002,P04,P01,13
2024,P12,P16003,P04,P01,171
2024,P12,P16004,P04,P01,58
2024,P12,P16005,P04,P01,60
2024,P12,P16006,P04,P01,516
2024,P12,P16006,P04,P02,1
2024,P12,P16007,P04,P01,19
2024,P12,P16008,P04,P01,30
2024,P12,P16009,P04,P01,246
2024,P12,P16010,P04,P01,88
2024,P12,P16011,P04,P01,17
2024,P12,P16012,P04,P01,102
2024,P12,P16013,P04,P01,16
2024,P12,P16014,P04,P01,16
2024,P12,P16015,P04,P01,27
2024,P12,P16016,P04,P01,165
2024,P12,P16017,P04,P01,172
2024,P12,P16018,P04,P01,34
2024,P12,P16019,P04,P01,29
2024,P12,P16020,P04,P01,87
2024,P12,P16021,P04,P01,33
2024,P12,P16022,P04,P01,212
2024,P12,P16022,P04,P02,1
2024,P12,P16023,P04,P01,31
2024,P12,P16024,P04,P01,34
2024,P12,P16025,P04,P01,45
2024,P12,P16026,P04,P01,5
2024,P12,P16027,P04,P01,28
2024,P12,P16028,P04,P01,29
2024,P12,P16029,P04,P01,1
2024,P12,P16030,P04,P01,72
2024,P12,P16031,P04,P01,27
2024,P12,P16032,P04,P01,91
2024,P12,P16033,P04,P01,29
2024,P12,P16034,P04,P01,541
2024,P12,P16034,P04,P02,1
2024,P12,P16035,P04,P01,45
2024,P12,P16036,P04,P01,32
2024,P12,P16037,P04,P01,49
2024,P12,P16038,P04,P01,66
2024,P12,P16039,P04,P01,44
2024,P12,P16040,P04,P01,71
2024,P12,P16041,P04,P01,90
2024,P12,P16042,P04,P01,44
2024,P12,P16043,P04,P01,235
2024,P12,P16044,P04,P01,72
2024,P12,P16045,P04,P01,144
2024,P12,P16046,P04,P01,66
2024,P12,P16047,P04,P01,89
2024,P12,P16048,P04,P01,49
2024,P12,P16049,P04,P01,58
2024,P12,P16050,P04,P01,341
2024,P12,P16051,P04,P01,75
2024,P12,P16052,P04,P01,2120
2024,P12,P16052,P04,P02,4
2024,P12,P16053,P04,P01,6567
2024,P12,P16053,P04,P02,22
2024,P12,P16054,P04,P01,47
2024,P12,P16055,P04,P01,152
2024,P12,P16056,P04,P01,21
2024,P12,P16057,P04,P01,5
2024,P12,P16058,P04,P01,78
2024,P12,P16059,P04,P01,46
2024,P12,P16060,P04,P01,52
2024,P12,P16061,P04,P01,82
2024,P12,P16062,P04,P01,41
2024,P12,P16063,P04,P01,56
2024,P12,P16064,P04,P01,69
2024,P12,P16065,P04,P01,140
2024,P12,P16066,P04,P01,446
2024,P12,P16066,P04,P02,1
2024,P12,P16067,P04,P01,153
2024,P12,P16068,P04,P01,97
2024,P12,P16069,P04,P01,662
2024,P12,P16069,P04,P02,2
2024,P12,P16070,P04,P01,60
2024,P12,P16071,P04,P01,226
2024,P12,P16072,P04,P01,132
2024,P12,P16073,P04,P01,51
2024,P12,P16074,P04,P01,20
2024,P12,P16075,P04,P01,278
2024,P12,P16076,P04,P01,94
2024,P12,P16077,P04,P01,35
2024,P12,P16078,P04,P01,51
2024,P12,P16079,P04,P01,276
2024,P12,P16080,P04,P01,92
2024,P12,P16081,P04,P01,16
2024,P12,P16082,P04,P01,516
2024,P12,P16083,P04,P01,60
2024,P12,P16084,P04,P01,81
2024,P12,P16085,P04,P01,221
2024,P12,P16086,P04,P01,53
2024,P12,P16087,P04,P01,65
2024,P12,P16088,P04,P01,1135
2024,P12,P16088,P04,P02,1
2024,P12,P16089,P04,P01,57
2024,P12,P16090,P04,P01,45
2024,P12,P16091,P04,P01,125
2024,P12,P16091,P04,P02,2
2024,P12,P16092,P04,P01,14
2024,P12,P16093,P04,P01,237
2024,P12,P16094,P04,P01,52
2024,P12,P16095,P04,P01,84
2024,P12,P16096,P04,P01,12
2024,P12,P16097,P04,P01,52
2024,P12,P16098,P04,P01,110
2024,P12,P16099,P04,P01,50
2024,P12,P16100,P04,P01,58
2024,P12,P16101,P04,P01,30
2024,P12,P16102,P04,P01,1374
2024,P12,P16102,P04,P02,2
2024,P12,P16103,P04,P01,131
2024,P12,P16104,P04,P01,89
2024,P12,P16105,P04,P01,83
2024,P12,P16106,P04,P01,114
2024,P12,P16107,P04,P01,343
2024,P12,P16108,P04,P01,978
2024,P12,P16108,P04,P02,4
2024,P12,P16109,P04,P01,23
2024,P12,P16110,P04,P01,279
2024,P12,P16110,P04,P02,2
2024,P12,P16111,P04,P01,57
2024,P12,P16112,P04,P01,575
2024,P12,P16112,P04,P02,1
2024,P12,P16113,P04,P01,95
2024,P12,P17001,P04,P01,103
2024,P12,P17002,P04,P01,483
2024,P12,P17003,P04,P01,198
2024,P12,P17003,P04,P02,1
2024,P12,P17004,P04,P01,1260
2024,P12,P17004,P04,P02,2
2024,P12,P17005,P04,P01,68
2024,P12,P17006,P04,P01,2343
2024,P12,P17006,P04,P02,11
2024,P12,P17007,P04,P01,5852
2024,P12,P17007,P04,P02,43
2024,P12,P17008,P04,P01,1963
2024,P12,P17008,P04,P02,2
2024,P12,P17009,P04,P01,548
2024,P12,P17010,P04,P01,153
2024,P12,P17011,P04,P01,2852
2024,P12,P17011,P04,P02,7
2024,P12,P17012,P04,P01,625
2024,P12,P17013,P04,P01,134
2024,P12,P17014,P04,P01,68
2024,P12,P17014,P04,P02,1
2024,P12,P17015,P04,P01,197
2024,P12,P17016,P04,P01,100
2024,P12,P17017,P04,P01,457
2024,P12,P17018,P04,P01,1700
2024,P12,P17018,P04,P02,1
2024,P12,P17019,P04,P01,106
2024,P12,P17020,P04,P01,741
2024,P12,P17020,P04,P02,4
2024,P12,P17021,P04,P01,53
2024,P12,P17022,P04,P01,97
2024,P12,P17023,P04,P01,131
2024,P12,P17024,P04,P01,531
2024,P12,P17024,P04,P02,1
2024,P12,P17025,P04,P01,166
2024,P12,P17026,P04,P01,327
2024,P12,P17026,P04,P02,1
2024,P12,P17027,P04,P01,73
2024,P12,P17028,P04,P01,1402
2024,P12,P17028,P04,P02,2
2024,P12,P17029,P04,P01,2334
2024,P12,P17029,P04,P02,2
2024,P12,P17030,P04,P01,293
2024,P12,P17031,P04,P01,242
2024,P12,P17032,P04,P01,60
2024,P12,P17033,P04,P01,70
2024,P12,P18001,P04,P01,216
2024,P12,P18001,P04,P02,1
2024,P12,P18002,P04,P01,111
2024,P12,P18003,P04,P01,94
2024,P12,P18004,P04,P01,775
2024,P12,P18004,P04,P02,1
2024,P12,P18005,P04,P01,37
2024,P12,P18006,P04,P01,192
2024,P12,P18007,P04,P01,102
2024,P12,P18007,P04,P02,1
2024,P12,P18008,P04,P01,424
2024,P12,P18009,P04,P01,24
2024,P12,P18010,P04,P01,334
2024,P12,P18011,P04,P01,231
2024,P12,P18011,P04,P02,7
2024,P12,P18012,P04,P01,381
2024,P12,P18012,P04,P02,1
2024,P12,P18013,P04,P01,96
2024,P12,P18014,P04,P01,231
2024,P12,P18015,P04,P01,863
2024,P12,P18015,P04,P02,1
2024,P12,P18016,P04,P01,231
2024,P12,P18017,P04,P01,2962
2024,P12,P18017,P04,P02,5
2024,P12,P18018,P04,P01,249
2024,P12,P18019,P04,P01,14
2024,P12,P18020,P04,P01,2021
2024,P12,P18020,P04,P02,17
2024,P12,P19001,P04,P01,32
2024,P12,P19002,P04,P01,34
2024,P12,P19003,P04,P01,8
2024,P12,P19004,P04,P01,225
2024,P12,P19004,P04,P02,1
2024,P12,P19005,P04,P01,176
2024,P12,P19006,P04,P01,13981
2024,P12,P19006,P04,P02,28
2024,P12,P19007,P04,P01,19
2024,P12,P19008,P04,P01,39
2024,P12,P19009,P04,P01,950
2024,P12,P19009,P04,P02,1
2024,P12,P19010,P04,P01,295
2024,P12,P19011,P04,P01,97
2024,P12,P19012,P04,P01,840
2024,P12,P19012,P04,P02,2
2024,P12,P19013,P04,P01,45
2024,P12,P19014,P04,P01,46
2024,P12,P19015,P04,P01,4
2024,P12,P19016,P04,P01,55
2024,P12,P19017,P04,P01,53
2024,P12,P19018,P04,P01,3883
2024,P12,P19018,P04,P02,5
2024,P12,P19019,P04,P01,1676
2024,P12,P19019,P04,P02,17
2024,P12,P19020,P04,P01,32
2024,P12,P19021,P04,P01,9282
2024,P12,P19021,P04,P02,19
2024,P12,P19022,P04,P01,102
2024,P12,P19023,P04,P01,14
2024,P12,P19024,P04,P01,10
2024,P12,P19025,P04,P01,920
2024,P12,P19026,P04,P01,11670
2024,P12,P19026,P04,P02,38
2024,P12,P19027,P04,P01,12
2024,P12,P19028,P04,P01,35
2024,P12,P19029,P04,P01,48
2024,P12,P19030,P04,P01,5
2024,P12,P19031,P04,P01,7045
2024,P12,P19031,P04,P02,4
2024,P12,P19032,P04,P01,32
2024,P12,P19033,P04,P01,246
2024,P12,P19033,P04,P02,3
2024,P12,P19034,P04,P01,57
2024,P12,P19035,P04,P01,18
2024,P12,P19037,P04,P01,41
2024,P12,P19038,P04,P01,351
2024,P12,P19038,P04,P02,1
2024,P12,P19039,P04,P01,22496
2024,P12,P19039,P04,P02,88
2024,P12,P19040,P04,P01,10
2024,P12,P19041,P04,P01,787
2024,P12,P19042,P04,P01,17
2024,P12,P19043,P04,P01,4
2024,P12,P19044,P04,P01,282
2024,P12,P19045,P04,P01,626
2024,P12,P19046,P04,P01,8144
2024,P12,P19046,P04,P02,26
2024,P12,P19047,P04,P01,84
2024,P12,P19048,P04,P01,6373
2024,P12,P19048,P04,P02,20
2024,P12,P19049,P04,P01,599
2024,P12,P19050,P04,P01,37
2024,P12,P19051,P04,P01,31
2024,P12,P20001,P04,P01,5
2024,P12,P20002,P04,P01,169
2024,P12,P20002,P04,P02,1
2024,P12,P20003,P04,P01,1
2024,P12,P20004,P04,P01,29
2024,P12,P20005,P04,P01,73
2024,P12,P20006,P04,P01,149
2024,P12,P20006,P04,P02,2
2024,P12,P20007,P04,P01,10
2024,P12,P20008,P04,P01,2
2024,P12,P20009,P04,P01,2
2024,P12,P20010,P04,P01,196
2024,P12,P20011,P04,P01,14
2024,P12,P20012,P04,P01,2
2024,P12,P20013,P04,P01,5
2024,P12,P20014,P04,P01,170
2024,P12,P20015,P04,P01,13
2024,P12,P20016,P04,P01,10
2024,P12,P20017,P04,P01,10
2024,P12,P20018,P04,P01,4
2024,P12,P20020,P04,P01,8
2024,P12,P20021,P04,P01,51
2024,P12,P20022,P04,P01,9
2024,P12,P20023,P04,P01,91
2024,P12,P20024,P04,P01,1
2024,P12,P20025,P04,P01,20
2024,P12,P20026,P04,P01,30
2024,P12,P20027,P04,P01,1
2024,P12,P20028,P04,P01,140
2024,P12,P20029,P04,P01,1
2024,P12,P20030,P04,P01,59
2024,P12,P20031,P04,P01,9
2024,P12,P20032,P04,P01,5
2024,P12,P20033,P04,P01,21
2024,P12,P20034,P04,P01,6
2024,P12,P20035,P04,P01,5
2024,P12,P20036,P04,P01,3
2024,P12,P20038,P04,P01,8
2024,P12,P20039,P04,P01,606
2024,P12,P20039,P04,P02,1
2024,P12,P20040,P04,P01,2
2024,P12,P20041,P04,P01,7
2024,P12,P20041,P04,P02,1
2024,P12,P20042,P04,P01,64
2024,P12,P20043,P04,P01,245
2024,P12,P20043,P04,P02,3
2024,P12,P20044,P04,P01,144
2024,P12,P20045,P04,P01,73
2024,P12,P20046,P04,P01,11
2024,P12,P20047,P04,P01,1
2024,P12,P20049,P04,P01,3
2024,P12,P20050,P04,P01,10
2024,P12,P20051,P04,P01,2
2024,P12,P20052,P04,P01,29
2024,P12,P20053,P04,P01,17
2024,P12,P20054,P04,P01,1
2024,P12,P20055,P04,P01,27
2024,P12,P20056,P04,P01,7
2024,P12,P20057,P04,P01,185
2024,P12,P20057,P04,P02,1
2024,P12,P20058,P04,P01,11
2024,P12,P20059,P04,P01,163
2024,P12,P20061,P04,P01,6
2024,P12,P20062,P04,P01,3
2024,P12,P20063,P04,P01,42
2024,P12,P20064,P04,P01,43
2024,P12,P20065,P04,P01,3
2024,P12,P20066,P04,P01,18
2024,P12,P20067,P04,P01,1894
2024,P12,P20067,P04,P02,14
2024,P12,P20068,P04,P01,107
2024,P12,P20069,P04,P01,10
2024,P12,P20070,P04,P01,14
2024,P12,P20072,P04,P01,21
2024,P12,P20073,P04,P01,147
2024,P12,P20075,P04,P01,2
2024,P12,P20076,P04,P01,2
2024,P12,P20077,P04,P01,22
2024,P12,P20078,P04,P01,13
2024,P12,P20079,P04,P01,268
2024,P12,P20079,P04,P02,4
2024,P12,P20080,P04,P01,3
2024,P12,P20081,P04,P01,12
2024,P12,P20082,P04,P01,5
2024,P12,P20083,P04,P01,13
2024,P12,P20084,P04,P01,69
2024,P12,P20085,P04,P01,2
2024,P12,P20086,P04,P01,4
2024,P12,P20087,P04,P01,33
2024,P12,P20088,P04,P01,4
2024,P12,P20089,P04,P01,13
2024,P12,P20090,P04,P01,32
2024,P12,P20091,P04,P01,55
2024,P12,P20092,P04,P01,10
2024,P12,P20093,P04,P01,3
2024,P12,P20094,P04,P01,3
2024,P12,P20096,P04,P01,13
2024,P12,P20097,P04,P01,2
2024,P12,P20099,P04,P01,2
2024,P12,P20100,P04,P01,1
2024,P12,P20101,P04,P01,2
2024,P12,P20102,P04,P01,22
2024,P12,P20103,P04,P01,24
2024,P12,P20105,P04,P01,1
2024,P12,P20107,P04,P01,208
2024,P12,P20109,P04,P01,3
2024,P12,P20111,P04,P01,4
2024,P12,P20112,P04,P01,15
2024,P12,P20114,P04,P01,2
2024,P12,P20115,P04,P01,28
2024,P12,P20116,P04,P01,1
2024,P12,P20117,P04,P01,1
2024,P12,P20118,P04,P01,4
2024,P12,P20121,P04,P01,2
2024,P12,P20122,P04,P01,1
2024,P12,P20123,P04,P01,3
2024,P12,P20124,P04,P01,31
2024,P12,P20125,P04,P01,9
2024,P12,P20126,P04,P01,1
2024,P12,P20127,P04,P01,4
2024,P12,P20128,P04,P01,3
2024,P12,P20129,P04,P01,2
2024,P12,P20130,P04,P01,17
2024,P12,P20131,P04,P01,9
2024,P12,P20132,P04,P01,12
2024,P12,P20133,P04,P01,14
2024,P12,P20134,P04,P01,9
2024,P12,P20135,P04,P01,18
2024,P12,P20136,P04,P01,10
2024,P12,P20138,P04,P01,4
2024,P12,P20140,P04,P01,4
2024,P12,P20141,P04,P01,7
2024,P12,P20143,P04,P01,14
2024,P12,P20145,P04,P01,50
2024,P12,P20147,P04,P01,1
2024,P12,P20149,P04,P01,3
2024,P12,P20150,P04,P01,59
2024,P12,P20151,P04,P01,2
2024,P12,P20152,P04,P01,10
2024,P12,P20153,P04,P01,11
2024,P12,P20155,P04,P01,2
2024,P12,P20156,P04,P01,2
2024,P12,P20157,P04,P01,102
2024,P12,P20158,P04,P01,3
2024,P12,P20159,P04,P01,5
2024,P12,P20160,P04,P01,7
2024,P12,P20161,P04,P01,5
2024,P12,P20162,P04,P01,10
2024,P12,P20164,P04,P01,8
2024,P12,P20165,P04,P01,5
2024,P12,P20166,P04,P01,39
2024,P12,P20167,P04,P01,6
2024,P12,P20168,P04,P01,5
2024,P12,P20169,P04,P01,1
2024,P12,P20170,P04,P01,1
2024,P12,P20172,P04,P01,2
2024,P12,P20173,P04,P01,1
2024,P12,P20174,P04,P01,28
2024,P12,P20175,P04,P01,1
2024,P12,P20176,P04,P01,28
2024,P12,P20177,P04,P01,51
2024,P12,P20177,P04,P02,2
2024,P12,P20178,P04,P01,61
2024,P12,P20179,P04,P01,3
2024,P12,P20180,P04,P01,10
2024,P12,P20181,P04,P01,2
2024,P12,P20183,P04,P01,4
2024,P12,P20184,P04,P01,652
2024,P12,P20184,P04,P02,6
2024,P12,P20185,P04,P01,25
2024,P12,P20186,P04,P01,2
2024,P12,P20188,P04,P01,7
2024,P12,P20190,P04,P01,76
2024,P12,P20191,P04,P01,2
2024,P12,P20192,P04,P01,26
2024,P12,P20193,P04,P01,13
2024,P12,P20194,P04,P01,3
2024,P12,P20195,P04,P01,3
2024,P12,P20196,P04,P01,2
2024,P12,P20197,P04,P01,15
2024,P12,P20198,P04,P01,59
2024,P12,P20199,P04,P01,2
2024,P12,P20200,P04,P01,1
2024,P12,P20202,P04,P01,6
2024,P12,P20203,P04,P01,2
2024,P12,P20204,P04,P01,2
2024,P12,P20206,P04,P01,2
2024,P12,P20207,P04,P01,13
2024,P12,P20208,P04,P01,21
2024,P12,P20210,P04,P01,5
2024,P12,P20213,P04,P01,1
2024,P12,P20214,P04,P01,1
2024,P12,P20215,P04,P01,7
2024,P12,P20217,P04,P01,5
2024,P12,P20219,P04,P01,7
2024,P12,P20221,P04,P01,8
2024,P12,P20224,P04,P01,6
2024,P12,P20225,P04,P01,4
2024,P12,P20226,P04,P01,13
2024,P12,P20227,P04,P01,107
2024,P12,P20230,P04,P01,1
2024,P12,P20232,P04,P01,10
2024,P12,P20233,P04,P01,6
2024,P12,P20234,P04,P01,2
2024,P12,P20235,P04,P01,3
2024,P12,P20236,P04,P01,1
2024,P12,P20237,P04,P01,21
2024,P12,P20238,P04,P01,5
2024,P12,P20239,P04,P01,5
2024,P12,P20240,P04,P01,7
2024,P12,P20242,P04,P01,28
2024,P12,P20243,P04,P01,20
2024,P12,P20244,P04,P01,1
2024,P12,P20245,P04,P01,3
2024,P12,P20247,P04,P01,12
2024,P12,P20248,P04,P01,2
2024,P12,P20249,P04,P01,1
2024,P12,P20250,P04,P01,3
2024,P12,P20251,P04,P01,2
2024,P12,P20252,P04,P01,2
2024,P12,P20254,P04,P01,15
2024,P12,P20258,P04,P01,6
2024,P12,P20260,P04,P01,2
2024,P12,P20261,P04,P01,18
2024,P12,P20262,P04,P01,3
2024,P12,P20263,P04,P01,3
2024,P12,P20264,P04,P01,1
2024,P12,P20265,P04,P01,7
2024,P12,P20266,P04,P01,2
2024,P12,P20268,P04,P01,8
2024,P12,P20269,P04,P01,8
2024,P12,P20271,P04,P01,1
2024,P12,P20272,P04,P01,2
2024,P12,P20277,P04,P01,26
2024,P12,P20278,P04,P01,57
2024,P12,P20278,P04,P02,1
2024,P12,P20279,P04,P01,1
2024,P12,P20280,P04,P01,6
2024,P12,P20283,P04,P01,4
2024,P12,P20284,P04,P01,4
2024,P12,P20285,P04,P01,11
2024,P12,P20286,P04,P01,33
2024,P12,P20287,P04,P01,3
2024,P12,P20288,P04,P01,1
2024,P12,P20289,P04,P01,4
2024,P12,P20290,P04,P01,4
2024,P12,P20291,P04,P01,8
2024,P12,P20293,P04,P01,203
2024,P12,P20294,P04,P01,99
2024,P12,P20295,P04,P01,17
2024,P12,P20298,P04,P01,53
2024,P12,P20300,P04,P01,7
2024,P12,P20301,P04,P01,19
2024,P12,P20302,P04,P01,2
2024,P12,P20303,P04,P01,9
2024,P12,P20305,P04,P01,12
2024,P12,P20307,P04,P01,28
2024,P12,P20308,P04,P01,2
2024,P12,P20309,P04,P01,5
2024,P12,P20310,P04,P01,128
2024,P12,P20311,P04,P01,2
2024,P12,P20312,P04,P01,18
2024,P12,P20313,P04,P01,1
2024,P12,P20314,P04,P01,1
2024,P12,P20315,P04,P01,3
2024,P12,P20317,P04,P01,7
2024,P12,P20318,P04,P01,214
2024,P12,P20320,P04,P01,4
2024,P12,P20321,P04,P01,3
2024,P12,P20324,P04,P01,103
2024,P12,P20325,P04,P01,3
2024,P12,P20327,P04,P01,53
2024,P12,P20331,P04,P01,6
2024,P12,P20333,P04,P01,17
2024,P12,P20334,P04,P01,229
2024,P12,P20337,P04,P01,56
2024,P12,P20338,P04,P01,90
2024,P12,P20339,P04,P01,22
2024,P12,P20340,P04,P01,11
2024,P12,P20341,P04,P01,1
2024,P12,P20342,P04,P01,13
2024,P12,P20343,P04,P01,13
2024,P12,P20344,P04,P01,2
2024,P12,P20345,P04,P01,20
2024,P12,P20346,P04,P01,6
2024,P12,P20348,P04,P01,48
2024,P12,P20349,P04,P01,21
2024,P12,P20350,P04,P01,30
2024,P12,P20351,P04,P01,8
2024,P12,P20352,P04,P01,5
2024,P12,P20356,P04,P01,2
2024,P12,P20357,P04,P01,2
2024,P12,P20358,P04,P01,5
2024,P12,P20360,P04,P01,8
2024,P12,P20362,P04,P01,4
2024,P12,P20363,P04,P01,9
2024,P12,P20364,P04,P01,39
2024,P12,P20366,P04,P01,6
2024,P12,P20367,P04,P01,9
2024,P12,P20368,P04,P01,14
2024,P12,P20370,P04,P01,3
2024,P12,P20371,P04,P01,3
2024,P12,P20372,P04,P01,5
2024,P12,P20373,P04,P01,6
2024,P12,P20375,P04,P01,236
2024,P12,P20376,P04,P01,3
2024,P12,P20377,P04,P01,4
2024,P12,P20378,P04,P01,14
2024,P12,P20379,P04,P01,8
2024,P12,P20380,P04,P01,12
2024,P12,P20381,P04,P01,12
2024,P12,P20382,P04,P01,6
2024,P12,P20383,P04,P01,3
2024,P12,P20384,P04,P01,4
2024,P12,P20385,P04,P01,783
2024,P12,P20385,P04,P02,1
2024,P12,P20387,P04,P01,4
2024,P12,P20388,P04,P01,2
2024,P12,P20389,P04,P01,2
2024,P12,P20390,P04,P01,204
2024,P12,P20390,P04,P02,2
2024,P12,P20392,P04,P01,3
2024,P12,P20393,P04,P01,11
2024,P12,P20394,P04,P01,9
2024,P12,P20395,P04,P01,2
2024,P12,P20397,P04,P01,238
2024,P12,P20397,P04,P02,1
2024,P12,P20398,P04,P01,3
2024,P12,P20399,P04,P01,179
2024,P12,P20400,P04,P01,16
2024,P12,P20401,P04,P01,131
2024,P12,P20402,P04,P01,3
2024,P12,P20403,P04,P01,11
2024,P12,P20404,P04,P01,8
2024,P12,P20405,P04,P01,9
2024,P12,P20406,P04,P01,2
2024,P12,P20407,P04,P01,6
2024,P12,P20408,P04,P01,3
2024,P12,P20409,P04,P01,68
2024,P12,P20410,P04,P01,3
2024,P12,P20411,P04,P01,5
2024,P12,P20413,P04,P01,315
2024,P12,P20413,P04,P02,18
2024,P12,P20414,P04,P01,33
2024,P12,P20415,P04,P01,11
2024,P12,P20416,P04,P01,1
2024,P12,P20417,P04,P01,7
2024,P12,P20418,P04,P01,36
2024,P12,P20419,P04,P01,2
2024,P12,P20420,P04,P01,1
2024,P12,P20421,P04,P01,12
2024,P12,P20422,P04,P01,13
2024,P12,P20423,P04,P01,4
2024,P12,P20424,P04,P01,2
2024,P12,P20426,P04,P01,4
2024,P12,P20427,P04,P01,43
2024,P12,P20431,P04,P01,3
2024,P12,P20435,P04,P01,9
2024,P12,P20437,P04,P01,18
2024,P12,P20439,P04,P01,41
2024,P12,P20440,P04,P01,1
2024,P12,P20441,P04,P01,3
2024,P12,P20443,P04,P01,2
2024,P12,P20445,P04,P01,1
2024,P12,P20446,P04,P01,34
2024,P12,P20447,P04,P01,18
2024,P12,P20449,P04,P01,1
2024,P12,P20450,P04,P01,1
2024,P12,P20451,P04,P01,3
2024,P12,P20452,P04,P01,10
2024,P12,P20453,P04,P01,5
2024,P12,P20454,P04,P01,5
2024,P12,P20455,P04,P01,15
2024,P12,P20456,P04,P01,14
2024,P12,P20457,P04,P01,1
2024,P12,P20459,P04,P01,58
2024,P12,P20461,P04,P01,3
2024,P12,P20462,P04,P01,47
2024,P12,P20463,P04,P01,1
2024,P12,P20466,P04,P01,4
2024,P12,P20467,P04,P01,100
2024,P12,P20468,P04,P01,1
2024,P12,P20469,P04,P01,91
2024,P12,P20470,P04,P01,1
2024,P12,P20472,P04,P01,14
2024,P12,P20474,P04,P01,22
2024,P12,P20475,P04,P01,31
2024,P12,P20476,P04,P01,6
2024,P12,P20478,P04,P01,7
2024,P12,P20481,P04,P01,6
2024,P12,P20482,P04,P01,153
2024,P12,P20482,P04,P02,2
2024,P12,P20483,P04,P01,56
2024,P12,P20484,P04,P01,3
2024,P12,P20485,P04,P01,7
2024,P12,P20486,P04,P01,18
2024,P12,P20487,P04,P01,9
2024,P12,P20489,P04,P01,3
2024,P12,P20492,P04,P01,3
2024,P12,P20493,P04,P01,16
2024,P12,P20496,P04,P01,6
2024,P12,P20497,P04,P01,3
2024,P12,P20498,P04,P01,6
2024,P12,P20499,P04,P01,13
2024,P12,P20500,P04,P01,8
2024,P12,P20501,P04,P01,3
2024,P12,P20502,P04,P01,1
2024,P12,P20504,P04,P01,5
2024,P12,P20505,P04,P01,62
2024,P12,P20506,P04,P01,1
2024,P12,P20507,P04,P01,6
2024,P12,P20508,P04,P01,11
2024,P12,P20509,P04,P01,1
2024,P12,P20511,P04,P01,7
2024,P12,P20513,P04,P01,9
2024,P12,P20514,P04,P01,3
2024,P12,P20515,P04,P01,195
2024,P12,P20515,P04,P02,1
2024,P12,P20517,P04,P01,2
2024,P12,P20518,P04,P01,1
2024,P12,P20519,P04,P01,15
2024,P12,P20520,P04,P01,40
2024,P12,P20521,P04,P01,2
2024,P12,P20522,P04,P01,2
2024,P12,P20523,P04,P01,33
2024,P12,P20524,P04,P01,2
2024,P12,P20525,P04,P01,40
2024,P12,P20526,P04,P01,14
2024,P12,P20528,P04,P01,8
2024,P12,P20530,P04,P01,10
2024,P12,P20531,P04,P01,10
2024,P12,P20532,P04,P01,10
2024,P12,P20533,P04,P01,4
2024,P12,P20534,P04,P01,6
2024,P12,P20535,P04,P01,5
2024,P12,P20536,P04,P01,5
2024,P12,P20537,P04,P01,22
2024,P12,P20538,P04,P01,2
2024,P12,P20539,P04,P01,45
2024,P12,P20540,P04,P01,76
2024,P12,P20542,P04,P01,1
2024,P12,P20543,P04,P01,1
2024,P12,P20544,P04,P01,7
2024,P12,P20545,P04,P01,41
2024,P12,P20545,P04,P02,1
2024,P12,P20546,P04,P01,35
2024,P12,P20547,P04,P01,9
2024,P12,P20548,P04,P01,11
2024,P12,P20549,P04,P01,76
2024,P12,P20550,P04,P01,50
2024,P12,P20551,P04,P01,252
2024,P12,P20552,P04,P01,1
2024,P12,P20553,P04,P01,114
2024,P12,P20553,P04,P02,1
2024,P12,P20554,P04,P01,8
2024,P12,P20555,P04,P01,11
2024,P12,P20556,P04,P01,1
2024,P12,P20557,P04,P01,43
2024,P12,P20558,P04,P01,1
2024,P12,P20559,P04,P01,12
2024,P12,P20560,P04,P01,12
2024,P12,P20561,P04,P01,5
2024,P12,P20563,P04,P01,4
2024,P12,P20565,P04,P01,89
2024,P12,P20567,P04,P01,10
2024,P12,P20568,P04,P01,6
2024,P12,P20569,P04,P01,1
2024,P12,P20570,P04,P01,76
2024,P12,P21001,P04,P01,778
2024,P12,P21002,P04,P01,53
2024,P12,P21003,P04,P01,452
2024,P12,P21003,P04,P02,2
2024,P12,P21004,P04,P01,660
2024,P12,P21005,P04,P01,4
2024,P12,P21006,P04,P01,22
2024,P12,P21007,P04,P01,3
2024,P12,P21008,P04,P01,125
2024,P12,P21009,P04,P01,25
2024,P12,P21010,P04,P01,55
2024,P12,P21011,P04,P01,9
2024,P12,P21012,P04,P01,114
2024,P12,P21013,P04,P01,15
2024,P12,P21014,P04,P01,6
2024,P12,P21015,P04,P01,1756
2024,P12,P21016,P04,P01,116
2024,P12,P21017,P04,P01,96
2024,P12,P21018,P04,P01,41
2024,P12,P21019,P04,P01,1946
2024,P12,P21019,P04,P02,6
2024,P12,P21020,P04,P01,79
2024,P12,P21021,P04,P01,34
2024,P12,P21022,P04,P01,67
2024,P12,P21023,P04,P01,74
2024,P12,P21024,P04,P01,15
2024,P12,P21025,P04,P01,68
2024,P12,P21026,P04,P01,77
2024,P12,P21027,P04,P01,11
2024,P12,P21028,P04,P01,3
2024,P12,P21029,P04,P01,6
2024,P12,P21031,P04,P01,24
2024,P12,P21032,P04,P01,23
2024,P12,P21033,P04,P01,6
2024,P12,P21034,P04,P01,387
2024,P12,P21035,P04,P01,112
2024,P12,P21036,P04,P01,13
2024,P12,P21037,P04,P01,101
2024,P12,P21038,P04,P01,112
2024,P12,P21039,P04,P01,55
2024,P12,P21040,P04,P01,66
2024,P12,P21041,P04,P01,1641
2024,P12,P21041,P04,P02,3
2024,P12,P21042,P04,P01,45
2024,P12,P21043,P04,P01,129
2024,P12,P21043,P04,P02,1
2024,P12,P21044,P04,P01,111
2024,P12,P21045,P04,P01,421
2024,P12,P21045,P04,P02,1
2024,P12,P21046,P04,P01,16
2024,P12,P21047,P04,P01,211
2024,P12,P21047,P04,P02,1
2024,P12,P21048,P04,P01,291
2024,P12,P21049,P04,P01,9
2024,P12,P21050,P04,P01,28
2024,P12,P21051,P04,P01,345
2024,P12,P21052,P04,P01,4
2024,P12,P21053,P04,P01,351
2024,P12,P21054,P04,P01,31
2024,P12,P21055,P04,P01,21
2024,P12,P21056,P04,P01,6
2024,P12,P21057,P04,P01,14
2024,P12,P21058,P04,P01,135
2024,P12,P21059,P04,P01,42
2024,P12,P21060,P04,P01,24
2024,P12,P21061,P04,P01,8
2024,P12,P21062,P04,P01,36
2024,P12,P21063,P04,P01,81
2024,P12,P21064,P04,P01,18
2024,P12,P21065,P04,P01,199
2024,P12,P21066,P04,P01,36
2024,P12,P21067,P04,P01,229
2024,P12,P21068,P04,P01,13
2024,P12,P21069,P04,P01,296
2024,P12,P21070,P04,P01,24
2024,P12,P21071,P04,P01,561
2024,P12,P21072,P04,P01,25
2024,P12,P21073,P04,P01,61
2024,P12,P21074,P04,P01,800
2024,P12,P21074,P04,P02,3
2024,P12,P21075,P04,P01,48
2024,P12,P21076,P04,P01,144
2024,P12,P21076,P04,P02,1
2024,P12,P21077,P04,P01,4
2024,P12,P21078,P04,P01,14
2024,P12,P21079,P04,P01,106
2024,P12,P21080,P04,P01,2
2024,P12,P21081,P04,P01,54
2024,P12,P21082,P04,P01,173
2024,P12,P21083,P04,P01,178
2024,P12,P21084,P04,P01,11
2024,P12,P21085,P04,P01,831
2024,P12,P21085,P04,P02,1
2024,P12,P21086,P04,P01,6
2024,P12,P21087,P04,P01,59
2024,P12,P21088,P04,P01,27
2024,P12,P21089,P04,P01,7
2024,P12,P21090,P04,P01,372
2024,P12,P21091,P04,P01,83
2024,P12,P21092,P04,P01,24
2024,P12,P21093,P04,P01,78
2024,P12,P21094,P04,P01,252
2024,P12,P21094,P04,P02,1
2024,P12,P21095,P04,P01,7
2024,P12,P21096,P04,P01,47
2024,P12,P21097,P04,P01,32
2024,P12,P21098,P04,P01,99
2024,P12,P21099,P04,P01,110
2024,P12,P21100,P04,P01,5
2024,P12,P21101,P04,P01,26
2024,P12,P21102,P04,P01,72
2024,P12,P21103,P04,P01,32
2024,P12,P21104,P04,P01,176
2024,P12,P21105,P04,P01,54
2024,P12,P21106,P04,P01,267
2024,P12,P21107,P04,P01,5
2024,P12,P21108,P04,P01,115
2024,P12,P21108,P04,P02,1
2024,P12,P21109,P04,P01,32
2024,P12,P21110,P04,P01,238
2024,P12,P21111,P04,P01,30
2024,P12,P21112,P04,P01,66
2024,P12,P21113,P04,P01,40
2024,P12,P21114,P04,P01,26354
2024,P12,P21114,P04,P02,72
2024,P12,P21115,P04,P01,264
2024,P12,P21116,P04,P01,48
2024,P12,P21117,P04,P01,286
2024,P12,P21117,P04,P02,2
2024,P12,P21118,P04,P01,362
2024,P12,P21119,P04,P01,2514
2024,P12,P21119,P04,P02,16
2024,P12,P21120,P04,P01,3
2024,P12,P21121,P04,P01,8
2024,P12,P21122,P04,P01,64
2024,P12,P21123,P04,P01,1
2024,P12,P21124,P04,P01,63
2024,P12,P21125,P04,P01,231
2024,P12,P21126,P04,P01,42
2024,P12,P21127,P04,P01,39
2024,P12,P21128,P04,P01,144
2024,P12,P21129,P04,P01,23
2024,P12,P21130,P04,P01,42
2024,P12,P21131,P04,P01,5
2024,P12,P21132,P04,P01,1199
2024,P12,P21132,P04,P02,2
2024,P12,P21133,P04,P01,9
2024,P12,P21134,P04,P01,384
2024,P12,P21135,P04,P01,6
2024,P12,P21136,P04,P01,158
2024,P12,P21137,P04,P01,165
2024,P12,P21138,P04,P01,122
2024,P12,P21139,P04,P01,19
2024,P12,P21140,P04,P01,2134
2024,P12,P21140,P04,P02,8
2024,P12,P21141,P04,P01,40
2024,P12,P21142,P04,P01,157
2024,P12,P21143,P04,P01,529
2024,P12,P21143,P04,P02,2
2024,P12,P21144,P04,P01,109
2024,P12,P21145,P04,P01,9
2024,P12,P21146,P04,P01,6
2024,P12,P21147,P04,P01,51
2024,P12,P21148,P04,P01,87
2024,P12,P21149,P04,P01,73
2024,P12,P21150,P04,P01,91
2024,P12,P21151,P04,P01,102
2024,P12,P21152,P04,P01,198
2024,P12,P21153,P04,P01,273
2024,P12,P21154,P04,P01,968
2024,P12,P21154,P04,P02,2
2024,P12,P21155,P04,P01,52
2024,P12,P21156,P04,P01,1287
2024,P12,P21156,P04,P02,5
2024,P12,P21157,P04,P01,108
2024,P12,P21158,P04,P01,51
2024,P12,P21158,P04,P02,1
2024,P12,P21159,P04,P01,24
2024,P12,P21160,P04,P01,13
2024,P12,P21161,P04,P01,79
2024,P12,P21162,P04,P01,3
2024,P12,P21163,P04,P01,76
2024,P12,P21164,P04,P01,944
2024,P12,P21165,P04,P01,1
2024,P12,P21166,P04,P01,272
2024,P12,P21167,P04,P01,12
2024,P12,P21168,P04,P01,38
2024,P12,P21169,P04,P01,321
2024,P12,P21170,P04,P01,253
2024,P12,P21171,P04,P01,67
2024,P12,P21172,P04,P01,221
2024,P12,P21173,P04,P01,68
2024,P12,P21174,P04,P01,255
2024,P12,P21174,P04,P02,3
2024,P12,P21175,P04,P01,103
2024,P12,P21176,P04,P01,164
2024,P12,P21177,P04,P01,236
2024,P12,P21178,P04,P01,9
2024,P12,P21179,P04,P01,185
2024,P12,P21180,P04,P01,641
2024,P12,P21181,P04,P01,67
2024,P12,P21182,P04,P01,76
2024,P12,P21183,P04,P01,15
2024,P12,P21184,P04,P01,1
2024,P12,P21185,P04,P01,246
2024,P12,P21186,P04,P01,439
2024,P12,P21187,P04,P01,6
2024,P12,P21188,P04,P01,122
2024,P12,P21189,P04,P01,307
2024,P12,P21190,P04,P01,7
2024,P12,P21191,P04,P01,107
2024,P12,P21192,P04,P01,19
2024,P12,P21193,P04,P01,21
2024,P12,P21194,P04,P01,63
2024,P12,P21195,P04,P01,34
2024,P12,P21196,P04,P01,17
2024,P12,P21197,P04,P01,499
2024,P12,P21198,P04,P01,4
2024,P12,P21199,P04,P01,43
2024,P12,P21200,P04,P01,13
2024,P12,P21201,P04,P01,31
2024,P12,P21202,P04,P01,67
2024,P12,P21203,P04,P01,38
2024,P12,P21204,P04,P01,55
2024,P12,P21205,P04,P01,238
2024,P12,P21206,P04,P01,56
2024,P12,P21207,P04,P01,154
2024,P12,P21208,P04,P01,647
2024,P12,P21209,P04,P01,52
2024,P12,P21209,P04,P02,1
2024,P12,P21210,P04,P01,32
2024,P12,P21211,P04,P01,113
2024,P12,P21211,P04,P02,1
2024,P12,P21212,P04,P01,133
2024,P12,P21213,P04,P01,10
2024,P12,P21214,P04,P01,33
2024,P12,P21215,P04,P01,4
2024,P12,P21216,P04,P01,5
2024,P12,P21217,P04,P01,16
2024,P12,P22001,P04,P01,314
2024,P12,P22002,P04,P01,67
2024,P12,P22003,P04,P01,105
2024,P12,P22003,P04,P02,1
2024,P12,P22004,P04,P01,308
2024,P12,P22005,P04,P01,230
2024,P12,P22006,P04,P01,4205
2024,P12,P22006,P04,P02,17
2024,P12,P22007,P04,P01,234
2024,P12,P22007,P04,P02,17
2024,P12,P22008,P04,P01,272
2024,P12,P22009,P04,P01,88
2024,P12,P22010,P04,P01,82
2024,P12,P22011,P04,P01,4174
2024,P12,P22011,P04,P02,5
2024,P12,P22012,P04,P01,307
2024,P12,P22013,P04,P01,101
2024,P12,P22014,P04,P01,12310
2024,P12,P22014,P04,P02,73
2024,P12,P22015,P04,P01,30
2024,P12,P22016,P04,P01,2642
2024,P12,P22016,P04,P02,10
2024,P12,P22017,P04,P01,682
2024,P12,P22018,P04,P01,92
2024,P12,P23001,P04,P01,287
2024,P12,P23001,P04,P02,5
2024,P12,P23002,P04,P01,40
2024,P12,P23002,P04,P02,1
2024,P12,P23003,P04,P01,68
2024,P12,P23003,P04,P02,6
2024,P12,P23004,P04,P01,1388
2024,P12,P23004,P04,P02,11
2024,P12,P23005,P04,P01,10212
2024,P12,P23005,P04,P02,57
2024,P12,P23006,P04,P01,54
2024,P12,P23007,P04,P01,73
2024,P12,P23007,P04,P02,2
2024,P12,P23008,P04,P01,2745
2024,P12,P23008,P04,P02,14
2024,P12,P23009,P04,P01,219
2024,P12,P23009,P04,P02,5
2024,P12,P23010,P04,P01,105
2024,P12,P23010,P04,P02,1
2024,P12,P24001,P04,P01,121
2024,P12,P24002,P04,P01,34
2024,P12,P24003,P04,P01,89
2024,P12,P24003,P04,P02,2
2024,P12,P24004,P04,P01,25
2024,P12,P24005,P04,P01,66
2024,P12,P24006,P04,P01,26
2024,P12,P24007,P04,P01,101
2024,P12,P24008,P04,P01,241
2024,P12,P24009,P04,P01,124
2024,P12,P24010,P04,P01,108
2024,P12,P24011,P04,P01,182
2024,P12,P24012,P04,P01,37
2024,P12,P24013,P04,P01,1555
2024,P12,P24013,P04,P02,11
2024,P12,P24014,P04,P01,48
2024,P12,P24015,P04,P01,57
2024,P12,P24016,P04,P01,192
2024,P12,P24017,P04,P01,109
2024,P12,P24018,P04,P01,39
2024,P12,P24019,P04,P01,29
2024,P12,P24020,P04,P01,389
2024,P12,P24021,P04,P01,513
2024,P12,P24022,P04,P01,57
2024,P12,P24023,P04,P01,68
2024,P12,P24024,P04,P01,459
2024,P12,P24025,P04,P01,74
2024,P12,P24026,P04,P01,24
2024,P12,P24027,P04,P01,41
2024,P12,P24028,P04,P01,17093
2024,P12,P24028,P04,P02,28
2024,P12,P24029,P04,P01,25
2024,P12,P24030,P04,P01,26
2024,P12,P24031,P04,P01,11
2024,P12,P24032,P04,P01,148
2024,P12,P24033,P04,P01,35
2024,P12,P24034,P04,P01,48
2024,P12,P24035,P04,P01,6386
2024,P12,P24035,P04,P02,2
2024,P12,P24036,P04,P01,101
2024,P12,P24037,P04,P01,259
2024,P12,P24037,P04,P02,2
2024,P12,P24038,P04,P01,20
2024,P12,P24039,P04,P01,73
2024,P12,P24040,P04,P01,168
2024,P12,P24041,P04,P01,44
2024,P12,P24042,P04,P01,36
2024,P12,P24043,P04,P01,72
2024,P12,P24044,P04,P01,18
2024,P12,P24045,P04,P01,38
2024,P12,P24046,P04,P01,86
2024,P12,P24047,P04,P01,38
2024,P12,P24048,P04,P01,20
2024,P12,P24049,P04,P01,89
2024,P12,P24050,P04,P01,216
2024,P12,P24051,P04,P01,173
2024,P12,P24052,P04,P01,55
2024,P12,P24053,P04,P01,104
2024,P12,P24054,P04,P01,142
2024,P12,P24055,P04,P01,246
2024,P12,P24056,P04,P01,99
2024,P12,P24056,P04,P02,1
2024,P12,P24057,P04,P01,52
2024,P12,P24058,P04,P01,93
2024,P12,P25001,P04,P01,2452
2024,P12,P25001,P04,P02,6
2024,P12,P25002,P04,P01,140
2024,P12,P25002,P04,P02,2
2024,P12,P25003,P04,P01,42
2024,P12,P25004,P04,P01,100
2024,P12,P25005,P04,P01,67
2024,P12,P25005,P04,P02,52
2024,P12,P25006,P04,P01,6636
2024,P12,P25006,P04,P02,24
2024,P12,P25007,P04,P01,45
2024,P12,P25008,P04,P01,144
2024,P12,P25008,P04,P02,3
2024,P12,P25009,P04,P01,160
2024,P12,P25009,P04,P02,10
2024,P12,P25010,P04,P01,423
2024,P12,P25010,P04,P02,2
2024,P12,P25011,P04,P01,886
2024,P12,P25012,P04,P01,5404
2024,P12,P25012,P04,P02,10
2024,P12,P25013,P04,P01,115
2024,P12,P25014,P04,P01,264
2024,P12,P25014,P04,P02,1
2024,P12,P25015,P04,P01,227
2024,P12,P25016,P04,P01,123
2024,P12,P25017,P04,P01,181
2024,P12,P25018,P04,P01,944
2024,P12,P26001,P04,P01,2
2024,P12,P26002,P04,P01,282
2024,P12,P26003,P04,P01,127
2024,P12,P26003,P04,P02,1
2024,P12,P26004,P04,P01,35
2024,P12,P26005,P04,P01,4
2024,P12,P26006,P04,P01,52
2024,P12,P26008,P04,P01,1
2024,P12,P26010,P04,P01,7
2024,P12,P26011,P04,P01,19
2024,P12,P26012,P04,P01,124
2024,P12,P26014,P04,P01,1
2024,P12,P26016,P04,P01,30
2024,P12,P26017,P04,P01,410
2024,P12,P26017,P04,P02,1
2024,P12,P26018,P04,P01,3311
2024,P12,P26018,P04,P02,5
2024,P12,P26019,P04,P01,340
2024,P12,P26019,P04,P02,3
2024,P12,P26020,P04,P01,37
2024,P12,P26021,P04,P01,17
2024,P12,P26022,P04,P01,2
2024,P12,P26023,P04,P01,4
2024,P12,P26024,P04,P01,9
2024,P12,P26025,P04,P01,312
2024,P12,P26025,P04,P02,1
2024,P12,P26026,P04,P01,176
2024,P12,P26027,P04,P01,6
2024,P12,P26028,P04,P01,1
2024,P12,P26029,P04,P01,1355
2024,P12,P26029,P04,P02,6
2024,P12,P26030,P04,P01,10024
2024,P12,P26030,P04,P02,21
2024,P12,P26031,P04,P01,9
2024,P12,P26032,P04,P01,2
2024,P12,P26033,P04,P01,443
2024,P12,P26034,P04,P01,5
2024,P12,P26035,P04,P01,74
2024,P12,P26036,P04,P01,267
2024,P12,P26037,P04,P01,5
2024,P12,P26038,P04,P01,10
2024,P12,P26039,P04,P01,36
2024,P12,P26041,P04,P01,48
2024,P12,P26042,P04,P01,846
2024,P12,P26042,P04,P02,3
2024,P12,P26043,P04,P01,1233
2024,P12,P26043,P04,P02,8
2024,P12,P26045,P04,P01,16
2024,P12,P26046,P04,P01,3
2024,P12,P26047,P04,P01,123
2024,P12,P26048,P04,P01,345
2024,P12,P26049,P04,P01,11
2024,P12,P26050,P04,P01,2
2024,P12,P26051,P04,P01,11
2024,P12,P26052,P04,P01,11
2024,P12,P26053,P04,P01,1
2024,P12,P26054,P04,P01,1
2024,P12,P26055,P04,P01,1655
2024,P12,P26055,P04,P02,4
2024,P12,P26056,P04,P01,44
2024,P12,P26057,P04,P01,2
2024,P12,P26058,P04,P01,83
2024,P12,P26059,P04,P01,30
2024,P12,P26060,P04,P01,1
2024,P12,P26062,P04,P01,3
2024,P12,P26063,P04,P01,2
2024,P12,P26064,P04,P01,17
2024,P12,P26066,P04,P01,107
2024,P12,P26067,P04,P01,2
2024,P12,P26068,P04,P01,5
2024,P12,P26069,P04,P01,24
2024,P12,P26070,P04,P01,27
2024,P12,P26071,P04,P01,144
2024,P12,P26072,P04,P01,70
2024,P12,P27001,P04,P01,127
2024,P12,P27002,P04,P01,611
2024,P12,P27002,P04,P02,6
2024,P12,P27003,P04,P01,146
2024,P12,P27004,P04,P01,4996
2024,P12,P27004,P04,P02,19
2024,P12,P27005,P04,P01,569
2024,P12,P27005,P04,P02,5
2024,P12,P27006,P04,P01,369
2024,P12,P27007,P04,P01,95
2024,P12,P27008,P04,P01,304
2024,P12,P27009,P04,P01,178
2024,P12,P27010,P04,P01,243
2024,P12,P27011,P04,P01,35
2024,P12,P27012,P04,P01,419
2024,P12,P27013,P04,P01,958
2024,P12,P27014,P04,P01,473
2024,P12,P27014,P04,P02,4
2024,P12,P27015,P04,P01,99
2024,P12,P27016,P04,P01,293
2024,P12,P27017,P04,P01,132
2024,P12,P28001,P04,P01,26
2024,P12,P28002,P04,P01,226
2024,P12,P28003,P04,P01,1768
2024,P12,P28003,P04,P02,7
2024,P12,P28004,P04,P01,36
2024,P12,P28005,P04,P01,20
2024,P12,P28007,P04,P01,192
2024,P12,P28008,P04,P01,6
2024,P12,P28009,P04,P01,2453
2024,P12,P28009,P04,P02,2
2024,P12,P28010,P04,P01,1
2024,P12,P28011,P04,P01,53
2024,P12,P28012,P04,P01,173
2024,P12,P28013,P04,P01,68
2024,P12,P28014,P04,P01,12
2024,P12,P28015,P04,P01,197
2024,P12,P28016,P04,P01,117
2024,P12,P28017,P04,P01,104
2024,P12,P28018,P04,P01,22
2024,P12,P28019,P04,P01,77
2024,P12,P28020,P04,P01,1
2024,P12,P28021,P04,P01,822
2024,P12,P28022,P04,P01,5505
2024,P12,P28022,P04,P02,3
2024,P12,P28023,P04,P01,12
2024,P12,P28024,P04,P01,12
2024,P12,P28025,P04,P01,354
2024,P12,P28025,P04,P02,1
2024,P12,P28026,P04,P01,6
2024,P12,P28027,P04,P01,4000
2024,P12,P28027,P04,P02,11
2024,P12,P28028,P04,P01,2
2024,P12,P28029,P04,P01,69
2024,P12,P28030,P04,P01,88
2024,P12,P28031,P04,P01,3
2024,P12,P28032,P04,P01,6227
2024,P12,P28032,P04,P02,13
2024,P12,P28033,P04,P01,1585
2024,P12,P28034,P04,P01,9
2024,P12,P28035,P04,P01,293
2024,P12,P28037,P04,P01,132
2024,P12,P28037,P04,P02,1
2024,P12,P28038,P04,P01,2917
2024,P12,P28038,P04,P02,14
2024,P12,P28039,P04,P01,72
2024,P12,P28040,P04,P01,405
2024,P12,P28041,P04,P01,1780
2024,P12,P28041,P04,P02,3
2024,P12,P28042,P04,P01,24
2024,P12,P28043,P04,P01,145
2024,P12,P29001,P04,P01,189
2024,P12,P29002,P04,P01,246
2024,P12,P29002,P04,P02,1
2024,P12,P29003,P04,P01,147
2024,P12,P29004,P04,P01,258
2024,P12,P29005,P04,P01,1086
2024,P12,P29005,P04,P02,4
2024,P12,P29006,P04,P01,299
2024,P12,P29006,P04,P02,1
2024,P12,P29007,P04,P01,76
2024,P12,P29007,P04,P02,1
2024,P12,P29008,P04,P01,292
2024,P12,P29009,P04,P01,187
2024,P12,P29010,P04,P01,517
2024,P12,P29011,P04,P01,272
2024,P12,P29012,P04,P01,154
2024,P12,P29013,P04,P01,416
2024,P12,P29013,P04,P02,32
2024,P12,P29014,P04,P01,450
2024,P12,P29015,P04,P01,489
2024,P12,P29016,P04,P01,101
2024,P12,P29017,P04,P01,35
2024,P12,P29018,P04,P01,172
2024,P12,P29019,P04,P01,208
2024,P12,P29020,P04,P01,161
2024,P12,P29021,P04,P01,118
2024,P12,P29022,P04,P01,75
2024,P12,P29023,P04,P01,239
2024,P12,P29024,P04,P01,322
2024,P12,P29025,P04,P01,488
2024,P12,P29026,P04,P01,298
2024,P12,P29027,P04,P01,136
2024,P12,P29028,P04,P01,134
2024,P12,P29029,P04,P01,253
2024,P12,P29029,P04,P02,1
2024,P12,P29030,P04,P01,200
2024,P12,P29031,P04,P01,1037
2024,P12,P29032,P04,P01,171
2024,P12,P29033,P04,P01,1386
2024,P12,P29033,P04,P02,9
2024,P12,P29034,P04,P01,640
2024,P12,P29035,P04,P01,35
2024,P12,P29036,P04,P01,250
2024,P12,P29037,P04,P01,104
2024,P12,P29038,P04,P01,405
2024,P12,P29039,P04,P01,169
2024,P12,P29040,P04,P01,339
2024,P12,P29041,P04,P01,302
2024,P12,P29042,P04,P01,149
2024,P12,P29043,P04,P01,979
2024,P12,P29044,P04,P01,665
2024,P12,P29045,P04,P01,16
2024,P12,P29046,P04,P01,84
2024,P12,P29047,P04,P01,117
2024,P12,P29048,P04,P01,112
2024,P12,P29049,P04,P01,194
2024,P12,P29050,P04,P01,46
2024,P12,P29051,P04,P01,87
2024,P12,P29052,P04,P01,110
2024,P12,P29053,P04,P01,238
2024,P12,P29054,P04,P01,41
2024,P12,P29055,P04,P01,81
2024,P12,P29056,P04,P01,95
2024,P12,P29057,P04,P01,27
2024,P12,P29058,P04,P01,40
2024,P12,P29059,P04,P01,53
2024,P12,P29060,P04,P01,17
2024,P12,P30001,P04,P01,50
2024,P12,P30002,P04,P01,3
2024,P12,P30003,P04,P01,240
2024,P12,P30003,P04,P02,1
2024,P12,P30004,P04,P01,412
2024,P12,P30005,P04,P01,29
2024,P12,P30006,P04,P01,54
2024,P12,P30007,P04,P01,29
2024,P12,P30008,P04,P01,20
2024,P12,P30009,P04,P01,142
2024,P12,P30010,P04,P01,153
2024,P12,P30010,P04,P02,1
2024,P12,P30011,P04,P01,585
2024,P12,P30011,P04,P02,1
2024,P12,P30012,P04,P01,50
2024,P12,P30013,P04,P01,210
2024,P12,P30014,P04,P01,162
2024,P12,P30015,P04,P01,104
2024,P12,P30016,P04,P01,379
2024,P12,P30017,P04,P01,50
2024,P12,P30018,P04,P01,1
2024,P12,P30019,P04,P01,1
2024,P12,P30020,P04,P01,2
2024,P12,P30021,P04,P01,32
2024,P12,P30022,P04,P01,55
2024,P12,P30023,P04,P01,84
2024,P12,P30024,P04,P01,17
2024,P12,P30025,P04,P01,29
2024,P12,P30026,P04,P01,125
2024,P12,P30027,P04,P01,5
2024,P12,P30028,P04,P01,1932
2024,P12,P30028,P04,P02,28
2024,P12,P30029,P04,P01,12
2024,P12,P30030,P04,P01,76
2024,P12,P30030,P04,P02,2
2024,P12,P30031,P04,P01,61
2024,P12,P30032,P04,P01,150
2024,P12,P30032,P04,P02,1
2024,P12,P30033,P04,P01,75
2024,P12,P30034,P04,P01,213
2024,P12,P30035,P04,P01,8
2024,P12,P30036,P04,P01,21
2024,P12,P30037,P04,P01,2
2024,P12,P30038,P04,P01,863
2024,P12,P30039,P04,P01,1670
2024,P12,P30039,P04,P02,7
2024,P12,P30040,P04,P01,252
2024,P12,P30041,P04,P01,1
2024,P12,P30042,P04,P01,30
2024,P12,P30043,P04,P01,25
2024,P12,P30044,P04,P01,1036
2024,P12,P30044,P04,P02,9
2024,P12,P30045,P04,P01,376
2024,P12,P30045,P04,P02,2
2024,P12,P30046,P04,P01,25
2024,P12,P30047,P04,P01,73
2024,P12,P30048,P04,P01,455
2024,P12,P30049,P04,P01,153
2024,P12,P30050,P04,P01,26
2024,P12,P30051,P04,P01,65
2024,P12,P30052,P04,P01,75
2024,P12,P30053,P04,P01,198
2024,P12,P30054,P04,P01,67
2024,P12,P30055,P04,P01,16
2024,P12,P30056,P04,P01,10
2024,P12,P30057,P04,P01,8
2024,P12,P30058,P04,P01,111
2024,P12,P30059,P04,P01,73
2024,P12,P30060,P04,P01,33
2024,P12,P30061,P04,P01,283
2024,P12,P30062,P04,P01,26
2024,P12,P30063,P04,P01,34
2024,P12,P30064,P04,P01,2
2024,P12,P30065,P04,P01,922
2024,P12,P30065,P04,P02,1
2024,P12,P30066,P04,P01,124
2024,P12,P30067,P04,P01,3
2024,P12,P30068,P04,P01,462
2024,P12,P30068,P04,P02,1
2024,P12,P30069,P04,P01,100
2024,P12,P30070,P04,P01,25
2024,P12,P30071,P04,P01,187
2024,P12,P30072,P04,P01,39
2024,P12,P30073,P04,P01,208
2024,P12,P30074,P04,P01,34
2024,P12,P30075,P04,P01,34
2024,P12,P30076,P04,P01,2
2024,P12,P30077,P04,P01,152
2024,P12,P30078,P04,P01,21
2024,P12,P30079,P04,P01,17
2024,P12,P30080,P04,P01,26
2024,P12,P30081,P04,P01,71
2024,P12,P30082,P04,P01,51
2024,P12,P30082,P04,P02,1
2024,P12,P30083,P04,P01,17
2024,P12,P30084,P04,P01,28
2024,P12,P30085,P04,P01,274
2024,P12,P30086,P04,P01,53
2024,P12,P30087,P04,P01,4384
2024,P12,P30087,P04,P02,17
2024,P12,P30088,P04,P01,34
2024,P12,P30089,P04,P01,170
2024,P12,P30089,P04,P02,1
2024,P12,P30090,P04,P01,79
2024,P12,P30091,P04,P01,91
2024,P12,P30092,P04,P01,122
2024,P12,P30093,P04,P01,58
2024,P12,P30094,P04,P01,77
2024,P12,P30095,P04,P01,41
2024,P12,P30096,P04,P01,6
2024,P12,P30097,P04,P01,94
2024,P12,P30099,P04,P01,36
2024,P12,P30100,P04,P01,144
2024,P12,P30101,P04,P01,73
2024,P12,P30102,P04,P01,480
2024,P12,P30102,P04,P02,3
2024,P12,P30103,P04,P01,11
2024,P12,P30104,P04,P01,19
2024,P12,P30105,P04,P01,981
2024,P12,P30105,P04,P02,1
2024,P12,P30106,P04,P01,8
2024,P12,P30107,P04,P01,2
2024,P12,P30108,P04,P01,748
2024,P12,P30108,P04,P02,3
2024,P12,P30109,P04,P01,183
2024,P12,P30110,P04,P01,3
2024,P12,P30111,P04,P01,91
2024,P12,P30112,P04,P01,45
2024,P12,P30113,P04,P01,12
2024,P12,P30114,P04,P01,49
2024,P12,P30114,P04,P02,1
2024,P12,P30115,P04,P01,136
2024,P12,P30116,P04,P01,59
2024,P12,P30117,P04,P01,151
2024,P12,P30118,P04,P01,591
2024,P12,P30118,P04,P02,4
2024,P12,P30119,P04,P01,44
2024,P12,P30120,P04,P01,42
2024,P12,P30121,P04,P01,205
2024,P12,P30122,P04,P01,10
2024,P12,P30123,P04,P01,489
2024,P12,P30124,P04,P01,492
2024,P12,P30124,P04,P02,1
2024,P12,P30125,P04,P01,140
2024,P12,P30126,P04,P01,280
2024,P12,P30127,P04,P01,17
2024,P12,P30128,P04,P01,289
2024,P12,P30128,P04,P02,3
2024,P12,P30129,P04,P01,21
2024,P12,P30130,P04,P01,118
2024,P12,P30131,P04,P01,1117
2024,P12,P30131,P04,P02,11
2024,P12,P30132,P04,P01,47
2024,P12,P30133,P04,P01,294
2024,P12,P30134,P04,P01,220
2024,P12,P30135,P04,P01,85
2024,P12,P30136,P04,P01,35
2024,P12,P30137,P04,P01,6
2024,P12,P30138,P04,P01,119
2024,P12,P30138,P04,P02,1
2024,P12,P30139,P04,P01,25
2024,P12,P30140,P04,P01,2
2024,P12,P30141,P04,P01,262
2024,P12,P30141,P04,P02,1
2024,P12,P30142,P04,P01,53
2024,P12,P30143,P04,P01,89
2024,P12,P30144,P04,P01,76
2024,P12,P30145,P04,P01,27
2024,P12,P30146,P04,P01,9
2024,P12,P30147,P04,P01,9
2024,P12,P30148,P04,P01,104
2024,P12,P30149,P04,P01,18
2024,P12,P30150,P04,P01,39
2024,P12,P30151,P04,P01,127
2024,P12,P30152,P04,P01,79
2024,P12,P30153,P04,P01,24
2024,P12,P30154,P04,P01,37
2024,P12,P30155,P04,P01,199
2024,P12,P30156,P04,P01,7
2024,P12,P30157,P04,P01,16
2024,P12,P30158,P04,P01,147
2024,P12,P30158,P04,P02,3
2024,P12,P30159,P04,P01,9
2024,P12,P30160,P04,P01,283
2024,P12,P30161,P04,P01,18
2024,P12,P30162,P04,P01,9
2024,P12,P30163,P04,P01,3
2024,P12,P30164,P04,P01,115
2024,P12,P30165,P04,P01,29
2024,P12,P30166,P04,P01,13
2024,P12,P30167,P04,P01,34
2024,P12,P30168,P04,P01,20
2024,P12,P30169,P04,P01,81
2024,P12,P30171,P04,P01,3
2024,P12,P30172,P04,P01,35
2024,P12,P30173,P04,P01,137
2024,P12,P30174,P04,P01,511
2024,P12,P30174,P04,P02,2
2024,P12,P30175,P04,P01,240
2024,P12,P30175,P04,P02,6
2024,P12,P30176,P04,P01,16
2024,P12,P30177,P04,P01,31
2024,P12,P30178,P04,P01,70
2024,P12,P30179,P04,P01,8
2024,P12,P30180,P04,P01,6
2024,P12,P30181,P04,P01,211
2024,P12,P30182,P04,P01,70
2024,P12,P30183,P04,P01,208
2024,P12,P30183,P04,P02,1
2024,P12,P30184,P04,P01,7
2024,P12,P30185,P04,P01,11
2024,P12,P30186,P04,P01,11
2024,P12,P30187,P04,P01,2
2024,P12,P30188,P04,P01,37
2024,P12,P30189,P04,P01,785
2024,P12,P30189,P04,P02,1
2024,P12,P30190,P04,P01,17
2024,P12,P30191,P04,P01,390
2024,P12,P30192,P04,P01,210
2024,P12,P30193,P04,P01,7726
2024,P12,P30193,P04,P02,45
2024,P12,P30194,P04,P01,28
2024,P12,P30195,P04,P01,1
2024,P12,P30196,P04,P01,184
2024,P12,P30197,P04,P01,11
2024,P12,P30198,P04,P01,6
2024,P12,P30199,P04,P01,8
2024,P12,P30200,P04,P01,42
2024,P12,P30201,P04,P01,21
2024,P12,P30202,P04,P01,1
2024,P12,P30203,P04,P01,27
2024,P12,P30204,P04,P01,525
2024,P12,P30205,P04,P01,27
2024,P12,P30206,P04,P01,242
2024,P12,P30207,P04,P01,157
2024,P12,P30207,P04,P02,1
2024,P12,P30208,P04,P01,153
2024,P12,P30209,P04,P01,15
2024,P12,P30210,P04,P01,53
2024,P12,P30211,P04,P01,90
2024,P12,P30211,P04,P02,1
2024,P12,P30212,P04,P01,6
2024,P12,P31001,P04,P01,13
2024,P12,P31002,P04,P01,70
2024,P12,P31003,P04,P01,8
2024,P12,P31004,P04,P01,66
2024,P12,P31005,P04,P01,12
2024,P12,P31006,P04,P01,8
2024,P12,P31007,P04,P01,12
2024,P12,P31008,P04,P01,15
2024,P12,P31009,P04,P01,20
2024,P12,P31010,P04,P01,4
2024,P12,P31011,P04,P01,97
2024,P12,P31012,P04,P01,11
2024,P12,P31013,P04,P01,375
2024,P12,P31014,P04,P01,7
2024,P12,P31015,P04,P01,14
2024,P12,P31017,P04,P01,8
2024,P12,P31018,P04,P01,7
2024,P12,P31019,P04,P01,53
2024,P12,P31020,P04,P01,105
2024,P12,P31021,P04,P01,14
2024,P12,P31022,P04,P01,3
2024,P12,P31023,P04,P01,42
2024,P12,P31024,P04,P01,5
2024,P12,P31025,P04,P01,16
2024,P12,P31026,P04,P01,26
2024,P12,P31027,P04,P01,39
2024,P12,P31027,P04,P02,1
2024,P12,P31028,P04,P01,11
2024,P12,P31029,P04,P01,4
2024,P12,P31030,P04,P01,4
2024,P12,P31031,P04,P01,3
2024,P12,P31032,P04,P01,14
2024,P12,P31033,P04,P01,35
2024,P12,P31034,P04,P01,16
2024,P12,P31035,P04,P01,30
2024,P12,P31036,P04,P01,20
2024,P12,P31037,P04,P01,12
2024,P12,P31038,P04,P01,266
2024,P12,P31038,P04,P02,1
2024,P12,P31039,P04,P01,30
2024,P12,P31040,P04,P01,118
2024,P12,P31040,P04,P02,1
2024,P12,P31041,P04,P01,1232
2024,P12,P31041,P04,P02,2
2024,P12,P31042,P04,P01,30
2024,P12,P31043,P04,P01,13
2024,P12,P31044,P04,P01,14
2024,P12,P31045,P04,P01,10
2024,P12,P31046,P04,P01,4
2024,P12,P31047,P04,P01,9
2024,P12,P31048,P04,P01,108
2024,P12,P31049,P04,P01,2
2024,P12,P31050,P04,P01,12954
2024,P12,P31050,P04,P02,76
2024,P12,P31051,P04,P01,39
2024,P12,P31052,P04,P01,146
2024,P12,P31053,P04,P01,35
2024,P12,P31054,P04,P01,13
2024,P12,P31055,P04,P01,7
2024,P12,P31056,P04,P01,56
2024,P12,P31056,P04,P02,1
2024,P12,P31057,P04,P01,14
2024,P12,P31058,P04,P01,32
2024,P12,P31058,P04,P02,1
2024,P12,P31059,P04,P01,792
2024,P12,P31059,P04,P02,3
2024,P12,P31061,P04,P01,9
2024,P12,P31062,P04,P01,9
2024,P12,P31063,P04,P01,42
2024,P12,P31064,P04,P01,8
2024,P12,P31065,P04,P01,10
2024,P12,P31066,P04,P01,9
2024,P12,P31067,P04,P01,28
2024,P12,P31068,P04,P01,38
2024,P12,P31069,P04,P01,6
2024,P12,P31070,P04,P01,8
2024,P12,P31071,P04,P01,4
2024,P12,P31072,P04,P01,23
2024,P12,P31074,P04,P01,10
2024,P12,P31075,P04,P01,1
2024,P12,P31076,P04,P01,56
2024,P12,P31077,P04,P01,13
2024,P12,P31078,P04,P01,7
2024,P12,P31079,P04,P01,48
2024,P12,P31079,P04,P02,1
2024,P12,P31080,P04,P01,9
2024,P12,P31081,P04,P01,1
2024,P12,P31082,P04,P01,19
2024,P12,P31083,P04,P01,66
2024,P12,P31084,P04,P01,10
2024,P12,P31085,P04,P01,16
2024,P12,P31086,P04,P01,7
2024,P12,P31087,P04,P01,19
2024,P12,P31088,P04,P01,10
2024,P12,P31089,P04,P01,116
2024,P12,P31089,P04,P02,1
2024,P12,P31090,P04,P01,39
2024,P12,P31091,P04,P01,46
2024,P12,P31092,P04,P01,14
2024,P12,P31093,P04,P01,128
2024,P12,P31094,P04,P01,5
2024,P12,P31095,P04,P01,84
2024,P12,P31096,P04,P01,309
2024,P12,P31096,P04,P02,3
2024,P12,P31097,P04,P01,13
2024,P12,P31098,P04,P01,29
2024,P12,P31098,P04,P02,1
2024,P12,P31099,P04,P01,17
2024,P12,P31100,P04,P01,59
2024,P12,P31101,P04,P01,583
2024,P12,P31102,P04,P01,236
2024,P12,P31102,P04,P02,4
2024,P12,P31103,P04,P01,12
2024,P12,P31104,P04,P01,12
2024,P12,P31105,P04,P01,32
2024,P12,P31106,P04,P01,18
2024,P12,P32001,P04,P01,20
2024,P12,P32002,P04,P01,21
2024,P12,P32003,P04,P01,12
2024,P12,P32004,P04,P01,11
2024,P12,P32005,P04,P01,220
2024,P12,P32006,P04,P01,25
2024,P12,P32007,P04,P01,14
2024,P12,P32008,P04,P01,37
2024,P12,P32009,P04,P01,45
2024,P12,P32010,P04,P01,514
2024,P12,P32011,P04,P01,20
2024,P12,P32012,P04,P01,52
2024,P12,P32013,P04,P01,28
2024,P12,P32014,P04,P01,121
2024,P12,P32015,P04,P01,10
2024,P12,P32016,P04,P01,101
2024,P12,P32017,P04,P01,766
2024,P12,P32018,P04,P01,15
2024,P12,P32019,P04,P01,97
2024,P12,P32020,P04,P01,122
2024,P12,P32021,P04,P01,14
2024,P12,P32022,P04,P01,116
2024,P12,P32023,P04,P01,45
2024,P12,P32024,P04,P01,147
2024,P12,P32025,P04,P01,58
2024,P12,P32026,P04,P01,31
2024,P12,P32027,P04,P01,3
2024,P12,P32028,P04,P01,2
2024,P12,P32029,P04,P01,84
2024,P12,P32030,P04,P01,8
2024,P12,P32031,P04,P01,89
2024,P12,P32032,P04,P01,39
2024,P12,P32033,P04,P01,20
2024,P12,P32034,P04,P01,80
2024,P12,P32035,P04,P01,64
2024,P12,P32036,P04,P01,164
2024,P12,P32037,P04,P01,48
2024,P12,P32038,P04,P01,127
2024,P12,P32039,P04,P01,316
2024,P12,P32040,P04,P01,84
2024,P12,P32041,P04,P01,2
2024,P12,P32042,P04,P01,249
2024,P12,P32043,P04,P01,11
2024,P12,P32044,P04,P01,60
2024,P12,P32045,P04,P01,19
2024,P12,P32046,P04,P01,60
2024,P12,P32047,P04,P01,24
2024,P12,P32047,P04,P02,1
2024,P12,P32048,P04,P01,91
2024,P12,P32049,P04,P01,133
2024,P12,P32050,P04,P01,39
2024,P12,P32051,P04,P01,166
2024,P12,P32052,P04,P01,66
2024,P12,P32053,P04,P01,106
2024,P12,P32054,P04,P01,26
2024,P12,P32055,P04,P01,167
2024,P12,P32056,P04,P01,572
2024,P12,P32056,P04,P02,5
2024,P12,P32057,P04,P01,49
2024,P12,P32058,P04,P01,12
2024,P12,ZZZ,P04,P01,2107
2024,P12,ZZZ,P04,P02,544
