C601,C602,R024-0301,R024-0302,R024-0303,R024-0304
2024,P10,"ALVISION, S.A. DE C.V.",MULTICINEMA,SI,NO
2024,P10,"ALVISION, S.A. DE C.V.",ANTENA 3,SI,NO
2024,P10,"ALVISION, S.A. DE C.V.",MVSTV,SI,NO
2024,P10,"ALVISION, S.A. DE C.V.",EXA TV,SI,NO
2024,P10,"ALVISION, S.A. DE C.V.",MULTIPREMIER,SI,NO
2024,P10,"ALVISION, S.A. DE C.V.",LA MEJOR TV,SI,NO
2024,P10,"ALVISION, S.A. DE C.V.",CINELATINO,SI,NO
2024,P10,JOSE MANUEL CRISTOBAL CRUZ,EXA TV,SI,NO
2024,P10,JOSE MANUEL CRISTOBAL CRUZ,MVSTV,SI,NO
2024,P10,JOSE MANUEL CRISTOBAL CRUZ,CINELATINO,SI,NO
2024,P10,JOSE MANUEL CRISTOBAL CRUZ,MULTIPREMIER,SI,NO
2024,P10,JOSE MANUEL CRISTOBAL CRUZ,MULTICINEMA,SI,NO
2024,P10,JOSE MANUEL CRISTOBAL CRUZ,LA MEJOR TV,SI,NO
2024,P10,JOSE MANUEL CRISTOBAL CRUZ,ANTENA 3,SI,NO
2024,P10,ROBERTO LOPEZ BRAVO,MVSTV,SI,NO
2024,P10,"CABLEVISION DE APATZINGAN, S.A. DE C.V.",MULTIPREMIER,SI,NO
2024,P10,"CABLEVISION DE APATZINGAN, S.A. DE C.V.",MULTICINEMA,SI,NO
2024,P10,"CABLEVISION DE APATZINGAN, S.A. DE C.V.",CINELATINO,SI,NO
2024,P10,JOSE MANUEL QUINTERO BARRERA,CINELATINO,SI,NO
2024,P10,JOSE MANUEL QUINTERO BARRERA,MVSTV,SI,NO
2024,P10,JOSE MANUEL QUINTERO BARRERA,LA MEJOR TV,SI,NO
2024,P10,JOSE MANUEL QUINTERO BARRERA,EXA TV,SI,NO
2024,P10,JOSE MANUEL QUINTERO BARRERA,MULTIPREMIER,SI,NO
2024,P10,JOSE MANUEL QUINTERO BARRERA,ANTENA 3,SI,NO
2024,P10,JOSE MANUEL QUINTERO BARRERA,MULTICINEMA,SI,NO
2024,P10,GERARDO FIGUEROA MANZO,CINELATINO,SI,NO
2024,P10,GERARDO FIGUEROA MANZO,MULTICINEMA,SI,NO
2024,P10,GERARDO FIGUEROA MANZO,MULTIPREMIER,SI,NO
2024,P10,GERARDO FIGUEROA MANZO,MVSTV,SI,NO
2024,P10,GERARDO FIGUEROA MANZO,EXA TV,SI,NO
2024,P10,GERARDO FIGUEROA MANZO,ANTENA 3,SI,NO
2024,P10,"TELECABLE DE COENEO, S.A. DE C.V.",MULTIPREMIER HD,SI,NO
2024,P10,"TELECABLE DE COENEO, S.A. DE C.V.",MULTICINEMA HD,SI,NO
2024,P10,"TELECABLE DE COENEO, S.A. DE C.V.",CINELATINO,SI,NO
2024,P10,"TELECABLE DE COENEO, S.A. DE C.V.",MVSTV,SI,NO
2024,P10,"TELECABLE DE COENEO, S.A. DE C.V.",ANTENA 3,SI,NO
2024,P10,ESTRUCTURAS METALICAS E INSTALACIONES ESPECIALIZADAS SA DE CV,MULTIPREMIER,SI,NO
2024,P10,ESTRUCTURAS METALICAS E INSTALACIONES ESPECIALIZADAS SA DE CV,EXA TV,SI,NO
2024,P10,ESTRUCTURAS METALICAS E INSTALACIONES ESPECIALIZADAS SA DE CV,MVSTV,SI,NO
2024,P10,ESTRUCTURAS METALICAS E INSTALACIONES ESPECIALIZADAS SA DE CV,LA MEJOR TV,SI,NO
2024,P10,ESTRUCTURAS METALICAS E INSTALACIONES ESPECIALIZADAS SA DE CV,ANTENA 3,SI,NO
2024,P10,ESTRUCTURAS METALICAS E INSTALACIONES ESPECIALIZADAS SA DE CV,MULTICINEMA,SI,NO
2024,P10,ESTRUCTURAS METALICAS E INSTALACIONES ESPECIALIZADAS SA DE CV,CINELATINO,SI,NO
2024,P10,JESUS MIGUEL FERNANDEZ GUERRERO,MULTICINEMA,SI,NO
2024,P10,JESUS MIGUEL FERNANDEZ GUERRERO,ANTENA 3,SI,NO
2024,P10,JESUS MIGUEL FERNANDEZ GUERRERO,MULTIPREMIER,SI,NO
2024,P10,JESUS MIGUEL FERNANDEZ GUERRERO,MVSTV,SI,NO
2024,P10,JESUS MIGUEL FERNANDEZ GUERRERO,CINELATINO,SI,NO
2024,P10,JESUS MIGUEL FERNANDEZ GUERRERO,EXA TV,SI,NO
2024,P10,"IMPACTO TELECOMUNICACIONES, S.A. DE C.V.",ANTENA 3,SI,NO
2024,P10,"IMPACTO TELECOMUNICACIONES, S.A. DE C.V.",CINELATINO,SI,NO
2024,P10,"IMPACTO TELECOMUNICACIONES, S.A. DE C.V.",MULTICINEMA,SI,NO
2024,P10,"IMPACTO TELECOMUNICACIONES, S.A. DE C.V.",MULTIPREMIER,SI,NO
2024,P10,"IMPACTO TELECOMUNICACIONES, S.A. DE C.V.",EXA TV,SI,NO
2024,P10,"IMPACTO TELECOMUNICACIONES, S.A. DE C.V.",MVSTV,SI,NO
2024,P10,JOSE HOMERO TREVINO VILLASENOR,MULTIPREMIER,SI,NO
2024,P10,JOSE HOMERO TREVINO VILLASENOR,MULTICINEMA,SI,NO
2024,P10,JOSE HOMERO TREVINO VILLASENOR,CINELATINO,SI,NO
2024,P10,JOSE HOMERO TREVINO VILLASENOR,MVSTV,SI,NO
2024,P10,JOSE HOMERO TREVINO VILLASENOR,ANTENA 3,SI,NO
2024,P10,JOSE HOMERO TREVINO VILLASENOR,EXA TV,SI,NO
2024,P10,"MAXICABLE DE MEXICO, S.A. DE C.V.",MVSTV,SI,NO
2024,P10,"MAYA CABLE DE CARRILLO PUERTO,S.A. DE C.V.",EXA TV,SI,NO
2024,P10,"MAYA CABLE DE CARRILLO PUERTO,S.A. DE C.V.",MULTIPREMIER,SI,NO
2024,P10,"MAYA CABLE DE CARRILLO PUERTO,S.A. DE C.V.",MULTICINEMA,SI,NO
2024,P10,"MAYA CABLE DE CARRILLO PUERTO,S.A. DE C.V.",CINELATINO,SI,NO
2024,P10,"MAYA CABLE DE CARRILLO PUERTO,S.A. DE C.V.",ANTENA 3,SI,NO
2024,P10,"MAYA CABLE DE CARRILLO PUERTO,S.A. DE C.V.",MVSTV,SI,NO
2024,P10,ALEJANDRO MELGAREJO CORTES,EXA TV,SI,NO
2024,P10,ALEJANDRO MELGAREJO CORTES,MVSTV,SI,NO
2024,P10,ALEJANDRO MELGAREJO CORTES,LA MEJOR TV,SI,NO
2024,P10,ALEJANDRO MELGAREJO CORTES,MULTIPREMIER,SI,NO
2024,P10,ALEJANDRO MELGAREJO CORTES,MULTICINEMA,SI,NO
2024,P10,ALEJANDRO MELGAREJO CORTES,ANTENA 3,SI,NO
2024,P10,ALEJANDRO MELGAREJO CORTES,CINELATINO,SI,NO
2024,P10,MERCEDES JAVIER ALMEIDA,MVSTV,SI,NO
2024,P10,MERCEDES JAVIER ALMEIDA,ANTENA 3,SI,NO
2024,P10,MERCEDES JAVIER ALMEIDA,CINELATINO,SI,NO
2024,P10,MERCEDES JAVIER ALMEIDA,MULTICINEMA,SI,NO
2024,P10,MERCEDES JAVIER ALMEIDA,MULTIPREMIER,SI,NO
2024,P10,MERCEDES JAVIER ALMEIDA,EXA TV,SI,NO
2024,P10,JOSE LUIS OLIVA CANO,MULTICINEMA,SI,NO
2024,P10,JOSE LUIS OLIVA CANO,CINELATINO,SI,NO
2024,P10,JOSE LUIS OLIVA CANO,ANTENA 3,SI,NO
2024,P10,JOSE LUIS OLIVA CANO,MULTIPREMIER,SI,NO
2024,P10,JOSE LUIS OLIVA CANO,MVSTV,SI,NO
2024,P10,MARIA GUADALUPE RAMIREZ APARICIO,ANTENA 3,SI,NO
2024,P10,MARIA GUADALUPE RAMIREZ APARICIO,MVSTV,SI,NO
2024,P10,MARIA GUADALUPE RAMIREZ APARICIO,CINELATINO,SI,NO
2024,P10,MARIA GUADALUPE RAMIREZ APARICIO,MULTIPREMIER,SI,NO
2024,P10,MARIA GUADALUPE RAMIREZ APARICIO,MULTICINEMA,SI,NO
2024,P10,FERNANDO CUERVO AMILPAS,EXA TV,SI,NO
2024,P10,FERNANDO CUERVO AMILPAS,ANTENA 3,SI,NO
2024,P10,FERNANDO CUERVO AMILPAS,MULTICINEMA,SI,NO
2024,P10,FERNANDO CUERVO AMILPAS,CINELATINO,SI,NO
2024,P10,FERNANDO CUERVO AMILPAS,MULTIPREMIER,SI,NO
2024,P10,FERNANDO CUERVO AMILPAS,LA MEJOR TV,SI,NO
2024,P10,FERNANDO CUERVO AMILPAS,MVSTV,SI,NO
2024,P10,SANDRA LIZETH CHAVEZ TOVAR,MVSTV,SI,NO
2024,P10,SANDRA LIZETH CHAVEZ TOVAR,LA MEJOR TV,SI,NO
2024,P10,SANDRA LIZETH CHAVEZ TOVAR,MULTIPREMIER,SI,NO
2024,P10,SANDRA LIZETH CHAVEZ TOVAR,MULTICINEMA,SI,NO
2024,P10,SANDRA LIZETH CHAVEZ TOVAR,CINELATINO,SI,NO
2024,P10,SANDRA LIZETH CHAVEZ TOVAR,ANTENA 3,SI,NO
2024,P10,SANDRA LIZETH CHAVEZ TOVAR,EXA TV,SI,NO
2024,P10,SARA QUIROZ CHAPA,MVSTV,SI,NO
2024,P10,"SIERRA NORTE TELEVISION POR CABLE, S.A. DE C.V.",ANTENA 3,SI,NO
2024,P10,"SIERRA NORTE TELEVISION POR CABLE, S.A. DE C.V.",MVSTV,SI,NO
2024,P10,"SIERRA NORTE TELEVISION POR CABLE, S.A. DE C.V.",CINELATINO,SI,NO
2024,P10,"SIERRA NORTE TELEVISION POR CABLE, S.A. DE C.V.",MULTICINEMA,SI,NO
2024,P10,"SIERRA NORTE TELEVISION POR CABLE, S.A. DE C.V.",MULTIPREMIER,SI,NO
2024,P10,"SIERRA NORTE TELEVISION POR CABLE, S.A. DE C.V.",EXA TV,SI,NO
2024,P10,SISTEMAS DE TELEVISION POR CABLE DE MICHOACAN SA DE CV,MULTICINEMA,SI,NO
2024,P10,SISTEMAS DE TELEVISION POR CABLE DE MICHOACAN SA DE CV,CINELATINO,SI,NO
2024,P10,SISTEMAS DE TELEVISION POR CABLE DE MICHOACAN SA DE CV,ANTENA 3,SI,NO
2024,P10,SISTEMAS DE TELEVISION POR CABLE DE MICHOACAN SA DE CV,EXA TV,SI,NO
2024,P10,SISTEMAS DE TELEVISION POR CABLE DE MICHOACAN SA DE CV,LA MEJOR TV,SI,NO
2024,P10,SISTEMAS DE TELEVISION POR CABLE DE MICHOACAN SA DE CV,MULTIPREMIER,SI,NO
2024,P10,SISTEMAS DE TELEVISION POR CABLE DE MICHOACAN SA DE CV,MVSTV,SI,NO
2024,P10,"SUPER CABLE 3:16, S.A. DE C.V.",ANTENA 3,SI,NO
2024,P10,"SUPER CABLE 3:16, S.A. DE C.V.",CINELATINO,SI,NO
2024,P10,"SUPER CABLE 3:16, S.A. DE C.V.",MULTICINEMA,SI,NO
2024,P10,"SUPER CABLE 3:16, S.A. DE C.V.",MULTIPREMIER,SI,NO
2024,P10,"SUPER CABLE 3:16, S.A. DE C.V.",MVSTV,SI,NO
2024,P10,"SUPER CABLE 3:16, S.A. DE C.V.",EXA TV,SI,NO
2024,P10,"SUPER CABLE 3:16, S.A. DE C.V.",LA MEJOR TV,SI,NO
2024,P10,"CABLESTELAR DE ACUNA, S.A. DE C.V.",EXA TV,SI,NO
2024,P10,"CABLESTELAR DE ACUNA, S.A. DE C.V.",CINELATINO,SI,NO
2024,P10,"CABLESTELAR DE ACUNA, S.A. DE C.V.",MULTICINEMA,SI,NO
2024,P10,"CABLESTELAR DE ACUNA, S.A. DE C.V.",MULTIPREMIER,SI,NO
2024,P10,"CABLESTELAR DE ACUNA, S.A. DE C.V.",MVSTV,SI,NO
2024,P10,"TELEDISTRIBUCION POR CABLE, S.A. DE C.V.",CINELATINO,SI,NO
2024,P10,"TELEDISTRIBUCION POR CABLE, S.A. DE C.V.",MULTIPREMIER,SI,NO
2024,P10,"TELEDISTRIBUCION POR CABLE, S.A. DE C.V.",MULTICINEMA,SI,NO
2024,P10,"TELEDISTRIBUCION POR CABLE, S.A. DE C.V.",MVSTV,SI,NO
2024,P10,"TV SISTEMA CABLE DE TEPATEPEC, S.A. DE C.V.",ANTENA 3,SI,NO
2024,P10,"TV SISTEMA CABLE DE TEPATEPEC, S.A. DE C.V.",MULTICINEMA,SI,NO
2024,P10,"TV SISTEMA CABLE DE TEPATEPEC, S.A. DE C.V.",CINELATINO,SI,NO
2024,P10,"TV SISTEMA CABLE DE TEPATEPEC, S.A. DE C.V.",MULTIPREMIER,SI,NO
2024,P10,"TV SISTEMA CABLE DE TEPATEPEC, S.A. DE C.V.",MVSTV,SI,NO
2024,P10,"TV SISTEMA CABLE DE TEPATEPEC, S.A. DE C.V.",EXA TV,SI,NO
2024,P10,SERVICIO DE TELECABLE DE HUEJUTLA SA DE CV,MVSTV,SI,NO
2024,P10,SERVICIO DE TELECABLE DE HUEJUTLA SA DE CV,MULTIPREMIER,SI,NO
2024,P10,SERVICIO DE TELECABLE DE HUEJUTLA SA DE CV,MULTICINEMA,SI,NO
2024,P10,SERVICIO DE TELECABLE DE HUEJUTLA SA DE CV,LA MEJOR TV,SI,NO
2024,P10,SERVICIO DE TELECABLE DE HUEJUTLA SA DE CV,EXA TV,SI,NO
2024,P10,SERVICIO DE TELECABLE DE HUEJUTLA SA DE CV,ANTENA 3,SI,NO
2024,P10,SERVICIO DE TELECABLE DE HUEJUTLA SA DE CV,CINELATINO,SI,NO
2024,P10,TELECABLE DE RIOVERDE SA DE CV,MULTIPREMIER HD,SI,NO
2024,P10,TELECABLE DE RIOVERDE SA DE CV,MULTICINEMA HD,SI,NO
2024,P10,"TELEVISION POR CABLE YAJALON, S.A. DE C.V.",LA MEJOR TV,SI,NO
2024,P10,"TELEVISION POR CABLE YAJALON, S.A. DE C.V.",MULTIPREMIER,SI,NO
2024,P10,"TELEVISION POR CABLE YAJALON, S.A. DE C.V.",MULTICINEMA,SI,NO
2024,P10,"TELEVISION POR CABLE YAJALON, S.A. DE C.V.",CINELATINO,SI,NO
2024,P10,"TELEVISION POR CABLE YAJALON, S.A. DE C.V.",ANTENA 3,SI,NO
2024,P10,"TELEVISION POR CABLE YAJALON, S.A. DE C.V.",MVSTV,SI,NO
2024,P10,"TELEVISION POR CABLE YAJALON, S.A. DE C.V.",EXA TV,SI,NO
2024,P10,"CABLE Z, S.A.",MVSTV,SI,NO
2024,P10,"CABLE Z, S.A.",MULTIPREMIER,SI,NO
2024,P10,JORGE ALFONSO AGUILAR IBARRA,MULTIPREMIER,SI,NO
2024,P10,JORGE ALFONSO AGUILAR IBARRA,MULTICINEMA,SI,NO
2024,P10,JORGE ALFONSO AGUILAR IBARRA,CINELATINO,SI,NO
2024,P10,JORGE ALFONSO AGUILAR IBARRA,MVSTV,SI,NO
2024,P10,CARLOS BARRIOS PEREZ,EXA TV,SI,NO
2024,P10,CARLOS BARRIOS PEREZ,MVSTV,SI,NO
2024,P10,CARLOS BARRIOS PEREZ,CINELATINO,SI,NO
2024,P10,CARLOS BARRIOS PEREZ,MULTIPREMIER,SI,NO
2024,P10,CARLOS BARRIOS PEREZ,ANTENA 3,SI,NO
2024,P10,CARLOS BARRIOS PEREZ,MULTICINEMA,SI,NO
2024,P10,"CABLE DEL VALLE DE TOLUCA, SA. DE C.V.",CINELATINO,SI,NO
2024,P10,"CABLE DEL VALLE DE TOLUCA, SA. DE C.V.",MULTICINEMA,SI,NO
2024,P10,"CABLE DEL VALLE DE TOLUCA, SA. DE C.V.",EXA TV,SI,NO
2024,P10,"CABLE DEL VALLE DE TOLUCA, SA. DE C.V.",LA MEJOR TV,SI,NO
2024,P10,"CABLE DEL VALLE DE TOLUCA, SA. DE C.V.",MULTIPREMIER,SI,NO
2024,P10,"CABLE DEL VALLE DE TOLUCA, SA. DE C.V.",MVSTV,SI,NO
2024,P10,"CABLE DEL VALLE DE TOLUCA, SA. DE C.V.",ANTENA 3,SI,NO
2024,P10,"CONSORCIO DE RADIODIFUSORAS DE MEXICO, S.A. DE C.V.",EXA TV,SI,NO
2024,P10,"CONSORCIO DE RADIODIFUSORAS DE MEXICO, S.A. DE C.V.",MULTIPREMIER,SI,NO
2024,P10,"CONSORCIO DE RADIODIFUSORAS DE MEXICO, S.A. DE C.V.",MULTICINEMA,SI,NO
2024,P10,"CONSORCIO DE RADIODIFUSORAS DE MEXICO, S.A. DE C.V.",CINELATINO,SI,NO
2024,P10,"CONSORCIO DE RADIODIFUSORAS DE MEXICO, S.A. DE C.V.",MVSTV,SI,NO
2024,P10,"CONSORCIO DE RADIODIFUSORAS DE MEXICO, S.A. DE C.V.",ANTENA 3,SI,NO
2024,P10,LUIS MAURICIO ORELLAN GONZALEZ,CINELATINO,SI,NO
2024,P10,LUIS MAURICIO ORELLAN GONZALEZ,MULTIPREMIER,SI,NO
2024,P10,LUIS MAURICIO ORELLAN GONZALEZ,MULTICINEMA,SI,NO
2024,P10,LUIS MAURICIO ORELLAN GONZALEZ,MVSTV,SI,NO
2024,P10,LUIS MAURICIO ORELLAN GONZALEZ,EXA TV,SI,NO
2024,P10,LUIS MAURICIO ORELLAN GONZALEZ,ANTENA 3,SI,NO
2024,P10,ALEJANDRO MOTA MORALES,ANTENA 3,SI,NO
2024,P10,ALEJANDRO MOTA MORALES,CINELATINO,SI,NO
2024,P10,ALEJANDRO MOTA MORALES,MULTICINEMA,SI,NO
2024,P10,ALEJANDRO MOTA MORALES,MULTIPREMIER,SI,NO
2024,P10,ALEJANDRO MOTA MORALES,MVSTV,SI,NO
2024,P10,ALEJANDRO MOTA MORALES,EXA TV,SI,NO
2024,P10,MARIA EUGENIA SANCHEZ ESPINOLA,ANTENA 3,SI,NO
2024,P10,MARIA EUGENIA SANCHEZ ESPINOLA,CINELATINO,SI,NO
2024,P10,MARIA EUGENIA SANCHEZ ESPINOLA,EXA TV,SI,NO
2024,P10,MARIA EUGENIA SANCHEZ ESPINOLA,MULTICINEMA,SI,NO
2024,P10,MARIA EUGENIA SANCHEZ ESPINOLA,MULTIPREMIER,SI,NO
2024,P10,MARIA EUGENIA SANCHEZ ESPINOLA,MVSTV,SI,NO
2024,P10,TELECABLE DE CALIMAYA S.A. DE C.V.,ANTENA 3,SI,NO
2024,P10,TELECABLE DE CALIMAYA S.A. DE C.V.,EXA TV,SI,NO
2024,P10,TELECABLE DE CALIMAYA S.A. DE C.V.,MULTIPREMIER,SI,NO
2024,P10,TELECABLE DE CALIMAYA S.A. DE C.V.,MVSTV,SI,NO
2024,P10,TELECABLE DE CALIMAYA S.A. DE C.V.,MULTICINEMA,SI,NO
2024,P10,TELECABLE DE CALIMAYA S.A. DE C.V.,CINELATINO,SI,NO
2024,P10,OPTICABLE S.A. DE C.V.,MULTIPREMIER,SI,NO
2024,P10,OPTICABLE S.A. DE C.V.,LA MEJOR TV,SI,NO
2024,P10,OPTICABLE S.A. DE C.V.,ANTENA 3,SI,NO
2024,P10,OPTICABLE S.A. DE C.V.,MVSTV,SI,NO
2024,P10,OPTICABLE S.A. DE C.V.,CINELATINO,SI,NO
2024,P10,OPTICABLE S.A. DE C.V.,EXA TV,SI,NO
2024,P10,OPTICABLE S.A. DE C.V.,MULTICINEMA,SI,NO
2024,P10,JUAN RACIEL TORRESCANO MONTIEL,ANTENA 3,SI,NO
2024,P10,JUAN RACIEL TORRESCANO MONTIEL,MVSTV,SI,NO
2024,P10,JUAN RACIEL TORRESCANO MONTIEL,CINELATINO,SI,NO
2024,P10,JUAN RACIEL TORRESCANO MONTIEL,EXA TV,SI,NO
2024,P10,JUAN RACIEL TORRESCANO MONTIEL,MULTIPREMIER,SI,NO
2024,P10,JUAN RACIEL TORRESCANO MONTIEL,MULTICINEMA,SI,NO
2024,P10,JUAN RACIEL TORRESCANO MONTIEL,LA MEJOR TV,SI,NO
2024,P10,FUENTES Y FUENTES TELECOM S.A. DE C.V.,ANTENA 3,SI,NO
2024,P10,FUENTES Y FUENTES TELECOM S.A. DE C.V.,MVSTV,SI,NO
2024,P10,FUENTES Y FUENTES TELECOM S.A. DE C.V.,CINELATINO,SI,NO
2024,P10,FUENTES Y FUENTES TELECOM S.A. DE C.V.,MULTICINEMA,SI,NO
2024,P10,FUENTES Y FUENTES TELECOM S.A. DE C.V.,MULTIPREMIER,SI,NO
2024,P10,FUENTES Y FUENTES TELECOM S.A. DE C.V.,EXA TV,SI,NO
2024,P10,FUENTES Y FUENTES TELECOM S.A. DE C.V.,LA MEJOR TV,SI,NO
2024,P10,"SERVICIOS INMOBILIARIOS TIERRA MOJADA, S.A. DE C.V.",MULTIPREMIER,SI,NO
2024,P10,"SERVICIOS INMOBILIARIOS TIERRA MOJADA, S.A. DE C.V.",MULTICINEMA,SI,NO
2024,P10,"SERVICIOS INMOBILIARIOS TIERRA MOJADA, S.A. DE C.V.",MVSTV,SI,NO
2024,P10,"SERVICIOS INMOBILIARIOS TIERRA MOJADA, S.A. DE C.V.",CINELATINO,SI,NO
2024,P10,"SERVICIO Y EQUIPO EN TELEFONIA INTERNET Y TV, S.A. DE C.V.",MVSTV,SI,NO
2024,P10,"SERVICIO Y EQUIPO EN TELEFONIA INTERNET Y TV, S.A. DE C.V.",ANTENA 3,SI,NO
2024,P10,"SERVICIO Y EQUIPO EN TELEFONIA INTERNET Y TV, S.A. DE C.V.",CINELATINO,SI,NO
2024,P10,"SERVICIO Y EQUIPO EN TELEFONIA INTERNET Y TV, S.A. DE C.V.",CLARO SPORTS,SI,NO
2024,P10,"SERVICIO Y EQUIPO EN TELEFONIA INTERNET Y TV, S.A. DE C.V.",MULTICINEMA,SI,NO
2024,P10,"SERVICIO Y EQUIPO EN TELEFONIA INTERNET Y TV, S.A. DE C.V.",MULTIPREMIER,SI,NO
2024,P10,TELESISTEMAS Y REDES MEXIQUENSES S.A. DE C.V.,CINELATINO,SI,NO
2024,P10,TELESISTEMAS Y REDES MEXIQUENSES S.A. DE C.V.,MULTIPREMIER HD,SI,NO
2024,P10,TELESISTEMAS Y REDES MEXIQUENSES S.A. DE C.V.,MULTICINEMA HD,SI,NO
2024,P10,CABLEVISTA TELECOMUNICACIONES S.A. DE C.V.,LA MEJOR TV,SI,NO
2024,P10,CABLEVISTA TELECOMUNICACIONES S.A. DE C.V.,ANTENA 3,SI,NO
2024,P10,CABLEVISTA TELECOMUNICACIONES S.A. DE C.V.,MVSTV,SI,NO
2024,P10,CABLEVISTA TELECOMUNICACIONES S.A. DE C.V.,MULTIPREMIER,SI,NO
2024,P10,CABLEVISTA TELECOMUNICACIONES S.A. DE C.V.,EXA TV,SI,NO
2024,P10,CABLEVISTA TELECOMUNICACIONES S.A. DE C.V.,CINELATINO,SI,NO
2024,P10,CABLEVISTA TELECOMUNICACIONES S.A. DE C.V.,MULTICINEMA,SI,NO
2024,P10,"INTERCOMUNICACIONES URYME DEL VALLE, S.A. DE C.V.",MULTICINEMA,SI,NO
2024,P10,"INTERCOMUNICACIONES URYME DEL VALLE, S.A. DE C.V.",MULTIPREMIER,SI,NO
2024,P10,"INTERCOMUNICACIONES URYME DEL VALLE, S.A. DE C.V.",MVSTV,SI,NO
2024,P10,"INTERCOMUNICACIONES URYME DEL VALLE, S.A. DE C.V.",EXA TV,SI,NO
2024,P10,"INTERCOMUNICACIONES URYME DEL VALLE, S.A. DE C.V.",CINELATINO,SI,NO
2024,P10,ESTHER LEDESMA MENDEZ,MULTICINEMA,SI,NO
2024,P10,ESTHER LEDESMA MENDEZ,MVSTV,SI,NO
2024,P10,ESTHER LEDESMA MENDEZ,EXA TV,SI,NO
2024,P10,ESTHER LEDESMA MENDEZ,ANTENA 3,SI,NO
2024,P10,ESTHER LEDESMA MENDEZ,CINELATINO,SI,NO
2024,P10,ESTHER LEDESMA MENDEZ,LA MEJOR TV,SI,NO
2024,P10,ESTHER LEDESMA MENDEZ,MULTIPREMIER,SI,NO
2024,P10,BERNABE ENRIQUEZ MONROY,EXA TV,SI,NO
2024,P10,BERNABE ENRIQUEZ MONROY,ANTENA 3,SI,NO
2024,P10,BERNABE ENRIQUEZ MONROY,MULTIPREMIER,SI,NO
2024,P10,BERNABE ENRIQUEZ MONROY,LA MEJOR TV,SI,NO
2024,P10,BERNABE ENRIQUEZ MONROY,MULTICINEMA,SI,NO
2024,P10,BERNABE ENRIQUEZ MONROY,CINELATINO,SI,NO
2024,P10,BERNABE ENRIQUEZ MONROY,MVSTV,SI,NO
2024,P10,ANA BELEN RAMIREZ GUTIERREZ,EXA TV,SI,NO
2024,P10,ANA BELEN RAMIREZ GUTIERREZ,MULTIPREMIER,SI,NO
2024,P10,ANA BELEN RAMIREZ GUTIERREZ,ANTENA 3,SI,NO
2024,P10,ANA BELEN RAMIREZ GUTIERREZ,MULTICINEMA,SI,NO
2024,P10,ANA BELEN RAMIREZ GUTIERREZ,CINELATINO,SI,NO
2024,P10,ANA BELEN RAMIREZ GUTIERREZ,MVSTV,SI,NO
2024,P10,"CABLE SISTEMAS DE GUERRERO, S.A. DE C.V.",ANTENA 3,SI,NO
2024,P10,"CABLE SISTEMAS DE GUERRERO, S.A. DE C.V.",CINELATINO,SI,NO
2024,P10,"CABLE SISTEMAS DE GUERRERO, S.A. DE C.V.",MULTICINEMA,SI,NO
2024,P10,"CABLE SISTEMAS DE GUERRERO, S.A. DE C.V.",MULTIPREMIER,SI,NO
2024,P10,"CABLE SISTEMAS DE GUERRERO, S.A. DE C.V.",MVSTV,SI,NO
2024,P10,"CABLE SISTEMAS DE GUERRERO, S.A. DE C.V.",EXA TV,SI,NO
2024,P10,SANDRA MIREA MERAZ PONCE,ANTENA 3,SI,NO
2024,P10,SANDRA MIREA MERAZ PONCE,CINELATINO,SI,NO
2024,P10,SANDRA MIREA MERAZ PONCE,MULTICINEMA,SI,NO
2024,P10,SANDRA MIREA MERAZ PONCE,MULTIPREMIER,SI,NO
2024,P10,SANDRA MIREA MERAZ PONCE,MVSTV,SI,NO
2024,P10,SANDRA MIREA MERAZ PONCE,EXA TV,SI,NO
2024,P10,BRENDA TERESA LEAL VEGA,EXA TV,SI,NO
2024,P10,BRENDA TERESA LEAL VEGA,MVSTV,SI,NO
2024,P10,BRENDA TERESA LEAL VEGA,MULTIPREMIER,SI,NO
2024,P10,BRENDA TERESA LEAL VEGA,MULTICINEMA,SI,NO
2024,P10,BRENDA TERESA LEAL VEGA,CINELATINO,SI,NO
2024,P10,BRENDA TERESA LEAL VEGA,ANTENA 3,SI,NO
2024,P10,"EDITORIAL EL EXPRESO DE Q.ROO, S.A. DE C.V.",EXA TV,SI,NO
2024,P10,"EDITORIAL EL EXPRESO DE Q.ROO, S.A. DE C.V.",LA MEJOR TV,SI,NO
2024,P10,"EDITORIAL EL EXPRESO DE Q.ROO, S.A. DE C.V.",MULTIPREMIER,SI,NO
2024,P10,"EDITORIAL EL EXPRESO DE Q.ROO, S.A. DE C.V.",MULTICINEMA,SI,NO
2024,P10,"EDITORIAL EL EXPRESO DE Q.ROO, S.A. DE C.V.",CINELATINO,SI,NO
2024,P10,"EDITORIAL EL EXPRESO DE Q.ROO, S.A. DE C.V.",ANTENA 3,SI,NO
2024,P10,"EDITORIAL EL EXPRESO DE Q.ROO, S.A. DE C.V.",MVSTV,SI,NO
2024,P10,GIGACABLE DE AGUASCALIENTES S.A. DE C.V.,ANTENA 3,SI,NO
2024,P10,JORGE ALBERTO MORALES TOLEDO,EXA TV,SI,NO
2024,P10,JORGE ALBERTO MORALES TOLEDO,MULTIPREMIER,SI,NO
2024,P10,JORGE ALBERTO MORALES TOLEDO,MULTICINEMA,SI,NO
2024,P10,JORGE ALBERTO MORALES TOLEDO,CINELATINO,SI,NO
2024,P10,JORGE ALBERTO MORALES TOLEDO,ANTENA 3,SI,NO
2024,P10,JORGE ALBERTO MORALES TOLEDO,LA MEJOR TV,SI,NO
2024,P10,JORGE ALBERTO MORALES TOLEDO,MVSTV,SI,NO
2024,P10,FERNANDO SAHAGUN PELAYO,EXA TV,SI,NO
2024,P10,FERNANDO SAHAGUN PELAYO,ANTENA 3,SI,NO
2024,P10,FERNANDO SAHAGUN PELAYO,CINELATINO,SI,NO
2024,P10,FERNANDO SAHAGUN PELAYO,MULTICINEMA,SI,NO
2024,P10,FERNANDO SAHAGUN PELAYO,MULTIPREMIER,SI,NO
2024,P10,FERNANDO SAHAGUN PELAYO,MVSTV,SI,NO
2024,P10,TELEFONIA POR CABLE SA DE CV,ANTENA 3,SI,NO
2024,P10,TELEFONIA POR CABLE SA DE CV,CINELATINO,SI,NO
2024,P10,TELEFONIA POR CABLE SA DE CV,MULTIPREMIER,SI,NO
2024,P10,TELEFONIA POR CABLE SA DE CV,MULTICINEMA,SI,NO
2024,P10,TELEFONIA POR CABLE SA DE CV,MVSTV,SI,NO
2024,P10,TELEFONIA POR CABLE SA DE CV,CLARO SPORTS,SI,NO
2024,P10,GUILLERMO GARZA CASTILLO,EXA TV,SI,NO
2024,P10,GUILLERMO GARZA CASTILLO,MULTIPREMIER,SI,NO
2024,P10,GUILLERMO GARZA CASTILLO,MVSTV,SI,NO
2024,P10,GUILLERMO GARZA CASTILLO,MULTICINEMA,SI,NO
2024,P10,GUILLERMO GARZA CASTILLO,CINELATINO,SI,NO
2024,P10,GUILLERMO GARZA CASTILLO,ANTENA 3,SI,NO
2024,P10,VALLE TV SA DE CV,EXA TV,SI,NO
2024,P10,VALLE TV SA DE CV,MVSTV,SI,NO
2024,P10,VALLE TV SA DE CV,MULTIPREMIER,SI,NO
2024,P10,VALLE TV SA DE CV,MULTICINEMA,SI,NO
2024,P10,VALLE TV SA DE CV,CINELATINO,SI,NO
2024,P10,VALLE TV SA DE CV,ANTENA 3,SI,NO
2024,P10,VALLE TV SA DE CV,LA MEJOR TV,SI,NO
2024,P10,COMERCIALIZADORA GIRNET SA DE CV,ANTENA 3,SI,NO
2024,P10,COMERCIALIZADORA GIRNET SA DE CV,MULTICINEMA,SI,NO
2024,P10,COMERCIALIZADORA GIRNET SA DE CV,MULTIPREMIER,SI,NO
2024,P10,COMERCIALIZADORA GIRNET SA DE CV,LA MEJOR TV,SI,NO
2024,P10,COMERCIALIZADORA GIRNET SA DE CV,EXA TV,SI,NO
2024,P10,COMERCIALIZADORA GIRNET SA DE CV,MVSTV,SI,NO
2024,P10,COMERCIALIZADORA GIRNET SA DE CV,CINELATINO,SI,NO
2024,P10,JAVIER MORENO LOPEZ,EXA TV,SI,NO
2024,P10,JAVIER MORENO LOPEZ,MVSTV,SI,NO
2024,P10,JAVIER MORENO LOPEZ,MULTIPREMIER,SI,NO
2024,P10,JAVIER MORENO LOPEZ,MULTICINEMA,SI,NO
2024,P10,JAVIER MORENO LOPEZ,ANTENA 3,SI,NO
2024,P10,JAVIER MORENO LOPEZ,CINELATINO,SI,NO
2024,P10,SISCAB DE MEXICO SA DE CV,CINELATINO,SI,NO
2024,P10,SISCAB DE MEXICO SA DE CV,MULTIPREMIER,SI,NO
2024,P10,SISCAB DE MEXICO SA DE CV,MVSTV,SI,NO
2024,P10,JOSE FERNANDO QUINTERO ALONSO,MVSTV,SI,NO
2024,P10,JOSE FERNANDO QUINTERO ALONSO,EXA TV,SI,NO
2024,P10,JOSE FERNANDO QUINTERO ALONSO,MULTICINEMA,SI,NO
2024,P10,JOSE FERNANDO QUINTERO ALONSO,MULTIPREMIER,SI,NO
2024,P10,JOSE FERNANDO QUINTERO ALONSO,CINELATINO,SI,NO
2024,P10,JOSE FERNANDO QUINTERO ALONSO,ANTENA 3,SI,NO
2024,P10,FRIDA ALVAREZ LEON,ANTENA 3,SI,NO
2024,P10,FRIDA ALVAREZ LEON,MVSTV,SI,NO
2024,P10,FRIDA ALVAREZ LEON,CINELATINO,SI,NO
2024,P10,FRIDA ALVAREZ LEON,MULTICINEMA,SI,NO
2024,P10,FRIDA ALVAREZ LEON,MULTIPREMIER,SI,NO
2024,P10,FRIDA ALVAREZ LEON,EXA TV,SI,NO
2024,P10,GRUPO W COM SA DE CV,LA MEJOR TV,SI,NO
2024,P10,GRUPO W COM SA DE CV,EXA TV,SI,NO
2024,P10,GRUPO W COM SA DE CV,CINELATINO,SI,NO
2024,P10,GRUPO W COM SA DE CV,ANTENA 3,SI,NO
2024,P10,JESUS ALFREDO MOLINA MOLINA,ANTENA 3,SI,NO
2024,P10,JESUS ALFREDO MOLINA MOLINA,MULTICINEMA,SI,NO
2024,P10,JESUS ALFREDO MOLINA MOLINA,EXA TV,SI,NO
2024,P10,JESUS ALFREDO MOLINA MOLINA,MVSTV,SI,NO
2024,P10,JESUS ALFREDO MOLINA MOLINA,MULTIPREMIER,SI,NO
2024,P10,JESUS ALFREDO MOLINA MOLINA,LA MEJOR TV,SI,NO
2024,P10,JESUS ALFREDO MOLINA MOLINA,CINELATINO,SI,NO
2024,P10,TELECABLE DE CORTAZAR SA DE CV,EXA TV,SI,NO
2024,P10,TELECABLE DE CORTAZAR SA DE CV,MULTIPREMIER,SI,NO
2024,P10,TELECABLE DE CORTAZAR SA DE CV,MULTICINEMA,SI,NO
2024,P10,TELECABLE DE CORTAZAR SA DE CV,MVSTV,SI,NO
2024,P10,TELECABLE DE CORTAZAR SA DE CV,LA MEJOR TV,SI,NO
2024,P10,TELECABLE DE CORTAZAR SA DE CV,CINELATINO,SI,NO
2024,P10,TELECABLE DE CORTAZAR SA DE CV,ANTENA 3,SI,NO
2024,P10,CLAUDIA ANGELICA MALDONADO ARCE,MULTICINEMA,SI,NO
2024,P10,CLAUDIA ANGELICA MALDONADO ARCE,CINELATINO,SI,NO
2024,P10,CLAUDIA ANGELICA MALDONADO ARCE,MULTIPREMIER,SI,NO
2024,P10,CLAUDIA ANGELICA MALDONADO ARCE,MVSTV,SI,NO
2024,P10,MIGUEL ANGEL HERRERA HAU,CINELATINO,SI,NO
2024,P10,MIGUEL ANGEL HERRERA HAU,MULTICINEMA,SI,NO
2024,P10,MIGUEL ANGEL HERRERA HAU,MVSTV,SI,NO
2024,P10,MIGUEL ANGEL HERRERA HAU,MULTIPREMIER,SI,NO
2024,P10,NORMA GUTIERREZ FONG,CINELATINO,SI,NO
2024,P10,NORMA GUTIERREZ FONG,MULTIPREMIER,SI,NO
2024,P10,NORMA GUTIERREZ FONG,MVSTV,SI,NO
2024,P10,NORMA GUTIERREZ FONG,MULTICINEMA,SI,NO
2024,P10,NORMA GUTIERREZ FONG,EXA TV,SI,NO
2024,P10,NORMA GUTIERREZ FONG,LA MEJOR TV,SI,NO
2024,P10,NORMA GUTIERREZ FONG,ANTENA 3,SI,NO
2024,P10,OPERADORA BAPA SA DE CV,MULTICINEMA HD,SI,NO
2024,P10,OPERADORA BAPA SA DE CV,MVSTV HD,SI,NO
2024,P10,OPERADORA BAPA SA DE CV,CINELATINO,SI,NO
2024,P10,OPERADORA BAPA SA DE CV,ANTENA 3,SI,NO
2024,P10,OPERADORA BAPA SA DE CV,MULTIPREMIER HD,SI,NO
2024,P10,GUADALUPE PHOLETT DOMINGUEZ BOLAÑOS,EXA TV,SI,NO
2024,P10,GUADALUPE PHOLETT DOMINGUEZ BOLAÑOS,CINELATINO,SI,NO
2024,P10,GUADALUPE PHOLETT DOMINGUEZ BOLAÑOS,MVSTV,SI,NO
2024,P10,GUADALUPE PHOLETT DOMINGUEZ BOLAÑOS,MULTIPREMIER,SI,NO
2024,P10,GUADALUPE PHOLETT DOMINGUEZ BOLAÑOS,MULTICINEMA,SI,NO
2024,P10,CONCEPCION SANCHEZ ABRAHAM,LA MEJOR TV,SI,NO
2024,P10,CONCEPCION SANCHEZ ABRAHAM,ANTENA 3,SI,NO
2024,P10,CONCEPCION SANCHEZ ABRAHAM,MULTICINEMA,SI,NO
2024,P10,CONCEPCION SANCHEZ ABRAHAM,EXA TV,SI,NO
2024,P10,CONCEPCION SANCHEZ ABRAHAM,MULTIPREMIER,SI,NO
2024,P10,CONCEPCION SANCHEZ ABRAHAM,CINELATINO,SI,NO
2024,P10,CONCEPCION SANCHEZ ABRAHAM,MVSTV,SI,NO
2024,P10,LUCIA ARMENTA GUZMAN,CINELATINO,SI,NO
2024,P10,LUCIA ARMENTA GUZMAN,MULTICINEMA,SI,NO
2024,P10,LUCIA ARMENTA GUZMAN,EXA TV,SI,NO
2024,P10,LUCIA ARMENTA GUZMAN,MULTIPREMIER,SI,NO
2024,P10,LUCIA ARMENTA GUZMAN,MVSTV,SI,NO
2024,P10,LUCIA ARMENTA GUZMAN,ANTENA 3,SI,NO
2024,P10,LUCIA ARMENTA GUZMAN,LA MEJOR TV,SI,NO
2024,P10,JACE TELECOM SA DE CV,MULTICINEMA,SI,NO
2024,P10,JACE TELECOM SA DE CV,MVSTV,SI,NO
2024,P10,JACE TELECOM SA DE CV,MULTIPREMIER,SI,NO
2024,P10,JACE TELECOM SA DE CV,LA MEJOR TV,SI,NO
2024,P10,JACE TELECOM SA DE CV,EXA TV,SI,NO
2024,P10,JACE TELECOM SA DE CV,CINELATINO,SI,NO
2024,P10,JACE TELECOM SA DE CV,ANTENA 3,SI,NO
2024,P10,LUIS DANIEL SOTO RAMIREZ,MVSTV,SI,NO
2024,P10,LUIS DANIEL SOTO RAMIREZ,MULTIPREMIER HD,SI,NO
2024,P10,LUIS DANIEL SOTO RAMIREZ,MULTICINEMA HD,SI,NO
2024,P10,LUIS DANIEL SOTO RAMIREZ,LA MEJOR TV,SI,NO
2024,P10,LUIS DANIEL SOTO RAMIREZ,EXA TV,SI,NO
2024,P10,LUIS DANIEL SOTO RAMIREZ,ANTENA 3,SI,NO
2024,P10,LUIS DANIEL SOTO RAMIREZ,CINELATINO,SI,NO
2024,P10,MAGNOLIA MADRIGAL LEYVA,MULTICINEMA HD,SI,NO
2024,P10,MAGNOLIA MADRIGAL LEYVA,MULTIPREMIER HD,SI,NO
2024,P10,MAGNOLIA MADRIGAL LEYVA,MVSTV,SI,NO
2024,P10,MAGNOLIA MADRIGAL LEYVA,EXA TV,SI,NO
2024,P10,MAGNOLIA MADRIGAL LEYVA,LA MEJOR TV,SI,NO
2024,P10,MAGNOLIA MADRIGAL LEYVA,ANTENA 3,SI,NO
2024,P10,MAGNOLIA MADRIGAL LEYVA,CINELATINO,SI,NO
2024,P10,SUSANA CAMILO GUILLEN,MULTICINEMA HD,SI,NO
2024,P10,SUSANA CAMILO GUILLEN,CINELATINO,SI,NO
2024,P10,SUSANA CAMILO GUILLEN,MULTIPREMIER HD,SI,NO
2024,P10,"CABLE MAX, S. R. L.",MULTIPREMIER,SI,NO
2024,P10,"CABLE MAX, S. R. L.",EXA TV,SI,NO
2024,P10,"CABLE MAX, S. R. L.",ANTENA 3,SI,NO
2024,P10,"CABLE SAT, S.A DE C.V",MULTIPREMIER,SI,NO
2024,P10,"CABLE SAT, S.A DE C.V",ANTENA 3,SI,NO
2024,P10,"ESTESA, S.A.",MULTIPREMIER,SI,NO
2024,P10,"ESTESA, S.A.",ANTENA 3,SI,NO
2024,P10,CABLEMAGICO CIA LTDA,MULTIPREMIER,SI,NO
2024,P10,"ORBIT CABLE, S.A.",MULTIPREMIER,SI,NO
2024,P10,"ORBIT CABLE, S.A.",MULTICINEMA HD,SI,NO
2024,P10,"SUPERCABLE ALK INTERNACIONAL, SA",ANTENA 3,SI,NO
2024,P10,"SUPERCABLE ALK INTERNACIONAL, SA",MULTIPREMIER HD,SI,NO
2024,P10,"CORPORACION TELEMIC, C.A.",ANTENA 3,SI,NO
2024,P10,"CORPORACION TELEMIC, C.A.",MULTIPREMIER HD,SI,NO
2024,P10,CABLE SATELITE S. DE R.L. DE C.V.,MULTIPREMIER,SI,NO
2024,P10,CABLE SATELITE S. DE R.L. DE C.V.,MULTICINEMA HD,SI,NO
2024,P10,CABLE SATELITE S. DE R.L. DE C.V.,ANTENA 3,SI,NO
2024,P10,"CORPORACION VISUAL NUEVA ESPARTA, C.A.",MULTIPREMIER HD,SI,NO
2024,P10,"CORPORACION VISUAL NUEVA ESPARTA, C.A.",MULTICINEMA HD,SI,NO
2024,P10,"CORPORACION VISUAL NUEVA ESPARTA, C.A.",EXA TV,SI,NO
2024,P10,"CORPORACION VISUAL NUEVA ESPARTA, C.A.",ANTENA 3,SI,NO
2024,P10,ECONOCABLE PERU S.A.C.,MULTIPREMIER,SI,NO
2024,P10,TV MUSIC HOUSE JUJUY SRL,MULTIPREMIER,SI,NO
2024,P10,COLOMBIA TELECOMUNICACIONES S.A ESP BIC,ANTENA 3,SI,NO
2024,P10,"EMPRESA NICARAGUENSE DE TELECOMUNICACIONES, S.A",MULTIPREMIER,SI,NO
2024,P10,"EMPRESA NICARAGUENSE DE TELECOMUNICACIONES, S.A",EXA TV,SI,NO
2024,P10,"EMPRESA NICARAGUENSE DE TELECOMUNICACIONES, S.A",ANTENA 3,SI,NO
2024,P10,"EMPRESA NICARAGUENSE DE TELECOMUNICACIONES, S.A",MULTICINEMA HD,SI,NO
2024,P10,"SERVICIOS DE COMUNICACIONES DE HONDURAS, S.A.",EXA TV,SI,NO
2024,P10,"SERVICIOS DE COMUNICACIONES DE HONDURAS, S.A.",MULTIPREMIER,SI,NO
2024,P10,"SERVICIOS DE COMUNICACIONES DE HONDURAS, S.A.",ANTENA 3,SI,NO
2024,P10,"SERVICIOS DE COMUNICACIONES DE HONDURAS, S.A.",MULTICINEMA HD,SI,NO
2024,P10,COMPANIA DE TELECOMUNICACIONES DE EL SALVADOR S.A DE C.V,MULTIPREMIER,SI,NO
2024,P10,COMPANIA DE TELECOMUNICACIONES DE EL SALVADOR S.A DE C.V,EXA TV,SI,NO
2024,P10,COMPANIA DE TELECOMUNICACIONES DE EL SALVADOR S.A DE C.V,ANTENA 3,SI,NO
2024,P10,COMPANIA DE TELECOMUNICACIONES DE EL SALVADOR S.A DE C.V,MULTICINEMA HD,SI,NO
2024,P10,"COMPANIA DOMINICANA DE TELEFONOS, S.A.",MULTIPREMIER,SI,NO
2024,P10,"COMPANIA DOMINICANA DE TELEFONOS, S.A.",EXA TV,SI,NO
2024,P10,"COMPANIA DOMINICANA DE TELEFONOS, S.A.",ANTENA 3,SI,NO
2024,P10,NETUNO C.A.,MULTIPREMIER HD,SI,NO
2024,P10,NETUNO C.A.,ANTENA 3,SI,NO
2024,P10,"TELECOMUNICACIONES DE GUATEMALA, S.A.",EXA TV,SI,NO
2024,P10,"TELECOMUNICACIONES DE GUATEMALA, S.A.",MULTIPREMIER,SI,NO
2024,P10,"TELECOMUNICACIONES DE GUATEMALA, S.A.",ANTENA 3,SI,NO
2024,P10,"TELECOMUNICACIONES DE GUATEMALA, S.A.",MULTICINEMA HD,SI,NO
2024,P10,CLARO CR TELECOMUNICACIONES S.A.,MULTIPREMIER,SI,NO
2024,P10,CLARO CR TELECOMUNICACIONES S.A.,EXA TV,SI,NO
2024,P10,CLARO CR TELECOMUNICACIONES S.A.,ANTENA 3,SI,NO
2024,P10,CLARO CR TELECOMUNICACIONES S.A.,MULTICINEMA HD,SI,NO
2024,P10,PUERTO RICO TELEPHONE COMPANY INC.,EXA TV,SI,NO
2024,P10,CLARO COMUNICACIONES S.A.,MULTIPREMIER,SI,NO
2024,P10,PRONOVISION C.A.,ANTENA 3,SI,NO
2024,P10,PRONOVISION C.A.,MULTICINEMA HD,SI,NO
2024,P10,PRONOVISION C.A.,MULTIPREMIER HD,SI,NO
2024,P10,"CABLE & WIRELESS PANAMA, SA",ANTENA 3,SI,NO
2024,P10,"CABLE & WIRELESS PANAMA, SA",MULTICINEMA HD,SI,NO
2024,P10,"CABLE & WIRELESS PANAMA, SA",EXA TV,SI,NO
2024,P10,"CABLE & WIRELESS PANAMA, SA",MULTIPREMIER,SI,NO
2024,P10,"CABLE & WIRELESS PANAMA, SA",MULTIPREMIER HD,SI,NO
2024,P10,CORPORACION NACIONAL DE TELECOMUNICACIONES CNT EP,ANTENA 3,SI,NO
2024,P10,TELE VVD SAS,MULTIPREMIER,SI,NO
2024,P10,"GRUTEL, CA",EXA TV,SI,NO
2024,P10,"GRUTEL, CA",MULTICINEMA HD,SI,NO
2024,P10,"GRUTEL, CA",MULTIPREMIER HD,SI,NO
2024,P10,"GRUTEL, CA",ANTENA 3,SI,NO
2024,P10,AMERICA MOVIL PERU SAC,MULTIPREMIER,SI,NO
2024,P10,AMERICA MOVIL PERU SAC,ANTENA 3,SI,NO
2024,P10,"TRINIDAD VIDEO CABLE, S.A.",MULTIPREMIER,SI,NO
2024,P10,EMCALI EICE ESP,MULTIPREMIER,SI,NO
2024,P10,EMCALI EICE ESP,MULTICINEMA HD,SI,NO
2024,P10,EMCALI EICE ESP,ANTENA 3,SI,NO
2024,P10,EMPRESA DE TELECOMUNICACIONES DE BOGOTA SA ESP PUDIENDO IDENTIFICARSE PARA TODOS LOS EFECTOS CON LA SIGLA ETB S.A. E.S.P,ANTENA 3,SI,NO
2024,P10,EMPRESA DE TELECOMUNICACIONES DE BOGOTA SA ESP PUDIENDO IDENTIFICARSE PARA TODOS LOS EFECTOS CON LA SIGLA ETB S.A. E.S.P,MULTIPREMIER,SI,NO
2024,P10,"COOPERATIVA DE ELECTRIFICACION RURAL LOS SANTOS R L,",ANTENA 3,SI,NO
2024,P10,"COOPERATIVA DE ELECTRIFICACION RURAL LOS SANTOS R L,",MULTIPREMIER,SI,NO
2024,P10,TELE COTUI S.R.L,MULTIPREMIER,SI,NO
2024,P10,TELE COTUI S.R.L,ANTENA 3,SI,NO
2024,P10,"PAN AMERICAN CABLE TV,C.A.",ANTENA 3,SI,NO
2024,P10,"PAN AMERICAN CABLE TV,C.A.",EXA TV,SI,NO
2024,P10,"SOCIEDAD TELEVISIVA CABLE SANTA JUANA, LTDA.",MULTIPREMIER,SI,NO
2024,P10,"SOCIEDAD TELEVISIVA CABLE SANTA JUANA, LTDA.",EXA TV,SI,NO
2024,P10,TV CABLE MAS LIMITADA,EXA TV,SI,NO
2024,P10,TV CABLE MAS LIMITADA,MULTIPREMIER HD,SI,NO
2024,P10,TV CABLE MAS LIMITADA,MULTICINEMA HD,SI,NO
2024,P10,TU VES SA,MULTIPREMIER,SI,NO
2024,P10,SERVIVALLEBLEK CIA LTDA,MULTIPREMIER,SI,NO
2024,P10,"COMPANIA NICARAGUENSE DE COMUNICACIONES, S.A.",MULTIPREMIER,SI,NO
2024,P10,"COMPANIA NICARAGUENSE DE COMUNICACIONES, S.A.",MULTICINEMA HD,SI,NO
2024,P10,"COMPANIA NICARAGUENSE DE COMUNICACIONES, S.A.",ANTENA 3,SI,NO
2024,P10,CABLESPEED CIA LTDA,EXA TV,SI,NO
2024,P10,CABLESPEED CIA LTDA,ANTENA 3,SI,NO
2024,P10,CABLESPEED CIA LTDA,MULTIPREMIER,SI,NO
2024,P10,TUVES TV SATELITAL BOLIVIA SA,MULTIPREMIER,SI,NO
2024,P10,"GRAFTELCOM TELECOMUNICACIONES Y TELEMETRIA, LTDA.",LA MEJOR TV,SI,NO
2024,P10,"GRAFTELCOM TELECOMUNICACIONES Y TELEMETRIA, LTDA.",MULTICINEMA HD,SI,NO
2024,P10,"GRAFTELCOM TELECOMUNICACIONES Y TELEMETRIA, LTDA.",MULTIPREMIER,SI,NO
2024,P10,"GRAFTELCOM TELECOMUNICACIONES Y TELEMETRIA, LTDA.",EXA TV,SI,NO
2024,P10,SERVICIOS DE TELECOMUNICACIONES SETEL S.A.,ANTENA 3,SI,NO
2024,P10,COLOMBIA MAS TV SAS,MULTIPREMIER,SI,NO
2024,P10,COLOMBIA MAS TV SAS,MULTICINEMA HD,SI,NO
2024,P10,SERVICIOS DE TELECOMUNICACIONES ATVCABLE CIA. LTDA.,ANTENA 3,SI,NO
2024,P10,SERVICIOS DE TELECOMUNICACIONES OROBLA SA,ANTENA 3,SI,NO
2024,P10,SERVICIOS DE TELECOMUNICACIONES OROBLA SA,MULTIPREMIER,SI,NO
2024,P10,SERVICIOS DE TELECOMUNICACIONES OROBLA SA,MULTICINEMA HD,SI,NO
2024,P10,CODISERT SA,MULTICINEMA HD,SI,NO
2024,P10,CODISERT SA,MULTIPREMIER,SI,NO
2024,P10,SISTEMAS GLOBALES DE COMUNICACIÓN HCGLOBAL S.A.,ANTENA 3,SI,NO
2024,P10,SISTEMAS GLOBALES DE COMUNICACIÓN HCGLOBAL S.A.,MULTIPREMIER,SI,NO
2024,P10,CONSORCIO ECUATORIANO DE TELECOMUNICACIONES SA CONECEL,MULTIPREMIER,SI,NO
2024,P10,CONSORCIO ECUATORIANO DE TELECOMUNICACIONES SA CONECEL,ANTENA 3,SI,NO
2024,P10,MAYAVISION S DE RL,MULTICINEMA HD,SI,NO
2024,P10,MAYAVISION S DE RL,MULTIPREMIER HD,SI,NO
2024,P10,MAYAVISION S DE RL,ANTENA 3,SI,NO
2024,P10,TELECABLE S.A.,MULTIPREMIER,SI,NO
2024,P10,TELECABLE S.A.,EXA TV,SI,NO
2024,P10,TELECABLE S.A.,ANTENA 3,SI,NO
2024,P10,GIRONYCHABELO TELECOMUNICACIONES DEL SUR S.A.,MULTIPREMIER,SI,NO
2024,P10,GIRONYCHABELO TELECOMUNICACIONES DEL SUR S.A.,ANTENA 3,SI,NO
2024,P10,JUAN ANTONIO PALMA ALONSO,MULTIPREMIER,SI,NO
2024,P10,JUAN ANTONIO PALMA ALONSO,EXA TV,SI,NO
2024,P10,JUAN ANTONIO PALMA ALONSO,ANTENA 3,SI,NO
2024,P10,ALTICE DOMINICANA S.A.,MULTIPREMIER,SI,NO
2024,P10,ALTICE DOMINICANA S.A.,ANTENA 3,SI,NO
2024,P10,PATRICIATEVE S.A.,ANTENA 3,SI,NO
2024,P10,TELECOMUNICACIONES ANDACOLLO LTDA,EXA TV,SI,NO
2024,P10,TELECOMUNICACIONES ANDACOLLO LTDA,MULTIPREMIER,SI,NO
2024,P10,TELECOMUNICACIONES ANDACOLLO LTDA,MULTICINEMA HD,SI,NO
2024,P10,INTERTV SATELITAL S.A.,ANTENA 3,SI,NO
2024,P10,HV TELEVISION SAS,MULTIPREMIER,SI,NO
2024,P10,BIOCABLE SUR E.I.R.L.,MULTIPREMIER,SI,NO
2024,P10,BIOCABLE SUR E.I.R.L.,MULTICINEMA HD,SI,NO
2024,P10,TRACTORAL S.A.,MULTIPREMIER,SI,NO
2024,P10,TRACTORAL S.A.,MULTICINEMA HD,SI,NO
2024,P10,"COMPANIA DE TELECOMUNICACIONES TELEMERIDIANO TECOMERIDIA, S.A.",ANTENA 3,SI,NO
2024,P10,"COMPANIA DE TELECOMUNICACIONES TELEMERIDIANO TECOMERIDIA, S.A.",MULTIPREMIER,SI,NO
2024,P10,COMUNICACION CELULAR S.A. COMCEL S.A.,MULTIPREMIER,SI,NO
2024,P10,COMUNICACION CELULAR S.A. COMCEL S.A.,ANTENA 3,SI,NO
2024,P10,TELEOPERADORA DEL NORDESTE SRL,ANTENA 3,SI,NO
2024,P10,SOL CABLE VISION S.A.S E.S.P,ANTENA 3,SI,NO
2024,P10,SOL CABLE VISION S.A.S E.S.P,MULTICINEMA HD,SI,NO
2024,P10,SOL CABLE VISION S.A.S E.S.P,MULTIPREMIER,SI,NO
2024,P10,"SOCIEDAD DE TELEVISION POR CABLE COSTA AZUL, LIMITADA",MULTIPREMIER,SI,NO
2024,P10,TELMODER TELECOMUNICACIONES MODERNAS SA,MULTIPREMIER,SI,NO
2024,P10,TELMODER TELECOMUNICACIONES MODERNAS SA,ANTENA 3,SI,NO
2024,P10,TELMODER TELECOMUNICACIONES MODERNAS SA,MULTICINEMA HD,SI,NO
2024,P10,SUPERCABLE TELECOMUNICACIONES S.A.S,MULTIPREMIER,SI,NO
2024,P10,COMMUNICATION MANAGEMENT SA,ANTENA 3,SI,NO
2024,P10,COMMUNICATION MANAGEMENT SA,MULTIPREMIER,SI,NO
2024,P10,COMMUNICATION MANAGEMENT SA,MULTICINEMA HD,SI,NO
2024,P10,COMMUNICATION MANAGEMENT SA,EXA TV,SI,NO
2024,P10,ZOENETV S.A.,MULTICINEMA HD,SI,NO
2024,P10,ZOENETV S.A.,MULTIPREMIER,SI,NO
2024,P10,ZOENETV S.A.,ANTENA 3,SI,NO
2024,P10,CORPORACION TENAVISION CATV CIA LTDA,MULTICINEMA HD,SI,NO
2024,P10,CORPORACION TENAVISION CATV CIA LTDA,MULTIPREMIER,SI,NO
2024,P10,"LIBERTY SERVICIOS FIJOS LY, S.A.",ANTENA 3,SI,NO
2024,P10,"CORPORACION FIBEX TELECOM, C.A.",MULTIPREMIER,SI,NO
2024,P10,"CORPORACION FIBEX TELECOM, C.A.",ANTENA 3,SI,NO
2024,P10,"CORPORACION FIBEX TELECOM, C.A.",EXA TV,SI,NO
2024,P10,VUBIQUITY MANAGEMENT LIMITED,MULTICINEMA HD,SI,NO
2024,P10,VUBIQUITY MANAGEMENT LIMITED,ANTENA 3,SI,NO
2024,P10,HUALAVISION MEDIOS SPA,LA MEJOR TV,SI,NO
2024,P10,HUALAVISION MEDIOS SPA,EXA TV,SI,NO
2024,P10,HUALAVISION MEDIOS SPA,MULTICINEMA,SI,NO
2024,P10,HUALAVISION MEDIOS SPA,MULTIPREMIER,SI,NO
2024,P10,AMERICANA DE PRODUCCIONES SA,EXA TV,SI,NO
2024,P10,AMERICANA DE PRODUCCIONES SA,MULTICINEMA HD,SI,NO
2024,P10,AMERICANA DE PRODUCCIONES SA,LA MEJOR TV,SI,NO
2024,P10,AMERICANA DE PRODUCCIONES SA,ANTENA 3,SI,NO
2024,P10,AMERICANA DE PRODUCCIONES SA,MULTIPREMIER,SI,NO
2024,P10,DATA TEC SOLUCIONES S.A.C,MULTICINEMA HD,SI,NO
2024,P10,DATA TEC SOLUCIONES S.A.C,MULTIPREMIER HD,SI,NO
2024,P11,"ALVISION, S.A. DE C.V.",LA MEJOR TV,SI,NO
2024,P11,"ALVISION, S.A. DE C.V.",MULTIPREMIER,SI,NO
2024,P11,"ALVISION, S.A. DE C.V.",ANTENA 3,SI,NO
2024,P11,"ALVISION, S.A. DE C.V.",MVSTV,SI,NO
2024,P11,"ALVISION, S.A. DE C.V.",CINELATINO,SI,NO
2024,P11,"ALVISION, S.A. DE C.V.",MULTICINEMA,SI,NO
2024,P11,"ALVISION, S.A. DE C.V.",EXA TV,SI,NO
2024,P11,JOSE MANUEL CRISTOBAL CRUZ,MULTIPREMIER,SI,NO
2024,P11,JOSE MANUEL CRISTOBAL CRUZ,ANTENA 3,SI,NO
2024,P11,JOSE MANUEL CRISTOBAL CRUZ,LA MEJOR TV,SI,NO
2024,P11,JOSE MANUEL CRISTOBAL CRUZ,EXA TV,SI,NO
2024,P11,JOSE MANUEL CRISTOBAL CRUZ,MVSTV,SI,NO
2024,P11,JOSE MANUEL CRISTOBAL CRUZ,MULTICINEMA,SI,NO
2024,P11,JOSE MANUEL CRISTOBAL CRUZ,CINELATINO,SI,NO
2024,P11,ROBERTO LOPEZ BRAVO,MVSTV,SI,NO
2024,P11,"CABLEVISION DE APATZINGAN, S.A. DE C.V.",MULTICINEMA,SI,NO
2024,P11,"CABLEVISION DE APATZINGAN, S.A. DE C.V.",MULTIPREMIER,SI,NO
2024,P11,"CABLEVISION DE APATZINGAN, S.A. DE C.V.",CINELATINO,SI,NO
2024,P11,JOSE MANUEL QUINTERO BARRERA,EXA TV,SI,NO
2024,P11,JOSE MANUEL QUINTERO BARRERA,MVSTV,SI,NO
2024,P11,JOSE MANUEL QUINTERO BARRERA,LA MEJOR TV,SI,NO
2024,P11,JOSE MANUEL QUINTERO BARRERA,MULTIPREMIER,SI,NO
2024,P11,JOSE MANUEL QUINTERO BARRERA,MULTICINEMA,SI,NO
2024,P11,JOSE MANUEL QUINTERO BARRERA,ANTENA 3,SI,NO
2024,P11,JOSE MANUEL QUINTERO BARRERA,CINELATINO,SI,NO
2024,P11,GERARDO FIGUEROA MANZO,EXA TV,SI,NO
2024,P11,GERARDO FIGUEROA MANZO,MVSTV,SI,NO
2024,P11,GERARDO FIGUEROA MANZO,MULTIPREMIER,SI,NO
2024,P11,GERARDO FIGUEROA MANZO,MULTICINEMA,SI,NO
2024,P11,GERARDO FIGUEROA MANZO,CINELATINO,SI,NO
2024,P11,GERARDO FIGUEROA MANZO,ANTENA 3,SI,NO
2024,P11,"TELECABLE DE COENEO, S.A. DE C.V.",MVSTV,SI,NO
2024,P11,"TELECABLE DE COENEO, S.A. DE C.V.",MULTIPREMIER HD,SI,NO
2024,P11,"TELECABLE DE COENEO, S.A. DE C.V.",CINELATINO,SI,NO
2024,P11,"TELECABLE DE COENEO, S.A. DE C.V.",ANTENA 3,SI,NO
2024,P11,"TELECABLE DE COENEO, S.A. DE C.V.",MULTICINEMA HD,SI,NO
2024,P11,"CABLE COSTA DE NAYARIT, S.A. DE C.V.",CINELATINO,SI,NO
2024,P11,"CABLE COSTA DE NAYARIT, S.A. DE C.V.",MULTICINEMA,SI,NO
2024,P11,"CABLE COSTA DE NAYARIT, S.A. DE C.V.",MVSTV,SI,NO
2024,P11,"CABLE COSTA DE NAYARIT, S.A. DE C.V.",MULTIPREMIER,SI,NO
2024,P11,ESTRUCTURAS METALICAS E INSTALACIONES ESPECIALIZADAS SA DE CV,LA MEJOR TV,SI,NO
2024,P11,ESTRUCTURAS METALICAS E INSTALACIONES ESPECIALIZADAS SA DE CV,MVSTV,SI,NO
2024,P11,ESTRUCTURAS METALICAS E INSTALACIONES ESPECIALIZADAS SA DE CV,EXA TV,SI,NO
2024,P11,ESTRUCTURAS METALICAS E INSTALACIONES ESPECIALIZADAS SA DE CV,MULTIPREMIER,SI,NO
2024,P11,ESTRUCTURAS METALICAS E INSTALACIONES ESPECIALIZADAS SA DE CV,CINELATINO,SI,NO
2024,P11,ESTRUCTURAS METALICAS E INSTALACIONES ESPECIALIZADAS SA DE CV,ANTENA 3,SI,NO
2024,P11,ESTRUCTURAS METALICAS E INSTALACIONES ESPECIALIZADAS SA DE CV,MULTICINEMA,SI,NO
2024,P11,JESUS MIGUEL FERNANDEZ GUERRERO,MULTIPREMIER,SI,NO
2024,P11,JESUS MIGUEL FERNANDEZ GUERRERO,MULTICINEMA,SI,NO
2024,P11,JESUS MIGUEL FERNANDEZ GUERRERO,CINELATINO,SI,NO
2024,P11,JESUS MIGUEL FERNANDEZ GUERRERO,ANTENA 3,SI,NO
2024,P11,JESUS MIGUEL FERNANDEZ GUERRERO,MVSTV,SI,NO
2024,P11,JESUS MIGUEL FERNANDEZ GUERRERO,EXA TV,SI,NO
2024,P11,"IMPACTO TELECOMUNICACIONES, S.A. DE C.V.",ANTENA 3,SI,NO
2024,P11,"IMPACTO TELECOMUNICACIONES, S.A. DE C.V.",CINELATINO,SI,NO
2024,P11,"IMPACTO TELECOMUNICACIONES, S.A. DE C.V.",MULTICINEMA,SI,NO
2024,P11,"IMPACTO TELECOMUNICACIONES, S.A. DE C.V.",MULTIPREMIER,SI,NO
2024,P11,"IMPACTO TELECOMUNICACIONES, S.A. DE C.V.",EXA TV,SI,NO
2024,P11,"IMPACTO TELECOMUNICACIONES, S.A. DE C.V.",MVSTV,SI,NO
2024,P11,JOSE HOMERO TREVINO VILLASENOR,EXA TV,SI,NO
2024,P11,JOSE HOMERO TREVINO VILLASENOR,CINELATINO,SI,NO
2024,P11,JOSE HOMERO TREVINO VILLASENOR,ANTENA 3,SI,NO
2024,P11,JOSE HOMERO TREVINO VILLASENOR,MULTICINEMA,SI,NO
2024,P11,JOSE HOMERO TREVINO VILLASENOR,MULTIPREMIER,SI,NO
2024,P11,JOSE HOMERO TREVINO VILLASENOR,MVSTV,SI,NO
2024,P11,"MAXICABLE DE MEXICO, S.A. DE C.V.",MVSTV,SI,NO
2024,P11,"MAYA CABLE DE CARRILLO PUERTO,S.A. DE C.V.",EXA TV,SI,NO
2024,P11,"MAYA CABLE DE CARRILLO PUERTO,S.A. DE C.V.",MULTIPREMIER,SI,NO
2024,P11,"MAYA CABLE DE CARRILLO PUERTO,S.A. DE C.V.",MULTICINEMA,SI,NO
2024,P11,"MAYA CABLE DE CARRILLO PUERTO,S.A. DE C.V.",CINELATINO,SI,NO
2024,P11,"MAYA CABLE DE CARRILLO PUERTO,S.A. DE C.V.",ANTENA 3,SI,NO
2024,P11,"MAYA CABLE DE CARRILLO PUERTO,S.A. DE C.V.",MVSTV,SI,NO
2024,P11,ALEJANDRO MELGAREJO CORTES,MVSTV,SI,NO
2024,P11,ALEJANDRO MELGAREJO CORTES,LA MEJOR TV,SI,NO
2024,P11,ALEJANDRO MELGAREJO CORTES,MULTIPREMIER,SI,NO
2024,P11,ALEJANDRO MELGAREJO CORTES,MULTICINEMA,SI,NO
2024,P11,ALEJANDRO MELGAREJO CORTES,EXA TV,SI,NO
2024,P11,ALEJANDRO MELGAREJO CORTES,ANTENA 3,SI,NO
2024,P11,ALEJANDRO MELGAREJO CORTES,CINELATINO,SI,NO
2024,P11,MERCEDES JAVIER ALMEIDA,CINELATINO,SI,NO
2024,P11,MERCEDES JAVIER ALMEIDA,MULTICINEMA,SI,NO
2024,P11,MERCEDES JAVIER ALMEIDA,ANTENA 3,SI,NO
2024,P11,MERCEDES JAVIER ALMEIDA,MVSTV,SI,NO
2024,P11,MERCEDES JAVIER ALMEIDA,MULTIPREMIER,SI,NO
2024,P11,MERCEDES JAVIER ALMEIDA,EXA TV,SI,NO
2024,P11,JOSE LUIS OLIVA CANO,MULTIPREMIER,SI,NO
2024,P11,JOSE LUIS OLIVA CANO,MULTICINEMA,SI,NO
2024,P11,JOSE LUIS OLIVA CANO,CINELATINO,SI,NO
2024,P11,JOSE LUIS OLIVA CANO,ANTENA 3,SI,NO
2024,P11,JOSE LUIS OLIVA CANO,MVSTV,SI,NO
2024,P11,MARIA GUADALUPE RAMIREZ APARICIO,MVSTV,SI,NO
2024,P11,MARIA GUADALUPE RAMIREZ APARICIO,ANTENA 3,SI,NO
2024,P11,MARIA GUADALUPE RAMIREZ APARICIO,CINELATINO,SI,NO
2024,P11,MARIA GUADALUPE RAMIREZ APARICIO,MULTIPREMIER,SI,NO
2024,P11,MARIA GUADALUPE RAMIREZ APARICIO,MULTICINEMA,SI,NO
2024,P11,FERNANDO CUERVO AMILPAS,EXA TV,SI,NO
2024,P11,FERNANDO CUERVO AMILPAS,MVSTV,SI,NO
2024,P11,FERNANDO CUERVO AMILPAS,LA MEJOR TV,SI,NO
2024,P11,FERNANDO CUERVO AMILPAS,MULTIPREMIER,SI,NO
2024,P11,FERNANDO CUERVO AMILPAS,CINELATINO,SI,NO
2024,P11,FERNANDO CUERVO AMILPAS,MULTICINEMA,SI,NO
2024,P11,FERNANDO CUERVO AMILPAS,ANTENA 3,SI,NO
2024,P11,SANDRA LIZETH CHAVEZ TOVAR,MULTIPREMIER,SI,NO
2024,P11,SANDRA LIZETH CHAVEZ TOVAR,ANTENA 3,SI,NO
2024,P11,SANDRA LIZETH CHAVEZ TOVAR,MULTICINEMA,SI,NO
2024,P11,SANDRA LIZETH CHAVEZ TOVAR,MVSTV,SI,NO
2024,P11,SANDRA LIZETH CHAVEZ TOVAR,EXA TV,SI,NO
2024,P11,SANDRA LIZETH CHAVEZ TOVAR,CINELATINO,SI,NO
2024,P11,SANDRA LIZETH CHAVEZ TOVAR,LA MEJOR TV,SI,NO
2024,P11,SARA QUIROZ CHAPA,MVSTV,SI,NO
2024,P11,"SIERRA NORTE TELEVISION POR CABLE, S.A. DE C.V.",MULTIPREMIER,SI,NO
2024,P11,"SIERRA NORTE TELEVISION POR CABLE, S.A. DE C.V.",EXA TV,SI,NO
2024,P11,"SIERRA NORTE TELEVISION POR CABLE, S.A. DE C.V.",ANTENA 3,SI,NO
2024,P11,"SIERRA NORTE TELEVISION POR CABLE, S.A. DE C.V.",CINELATINO,SI,NO
2024,P11,"SIERRA NORTE TELEVISION POR CABLE, S.A. DE C.V.",MULTICINEMA,SI,NO
2024,P11,"SIERRA NORTE TELEVISION POR CABLE, S.A. DE C.V.",MVSTV,SI,NO
2024,P11,SISTEMAS DE TELEVISION POR CABLE DE MICHOACAN SA DE CV,LA MEJOR TV,SI,NO
2024,P11,SISTEMAS DE TELEVISION POR CABLE DE MICHOACAN SA DE CV,MVSTV,SI,NO
2024,P11,SISTEMAS DE TELEVISION POR CABLE DE MICHOACAN SA DE CV,MULTIPREMIER,SI,NO
2024,P11,SISTEMAS DE TELEVISION POR CABLE DE MICHOACAN SA DE CV,MULTICINEMA,SI,NO
2024,P11,SISTEMAS DE TELEVISION POR CABLE DE MICHOACAN SA DE CV,EXA TV,SI,NO
2024,P11,SISTEMAS DE TELEVISION POR CABLE DE MICHOACAN SA DE CV,CINELATINO,SI,NO
2024,P11,SISTEMAS DE TELEVISION POR CABLE DE MICHOACAN SA DE CV,ANTENA 3,SI,NO
2024,P11,"SUPER CABLE 3:16, S.A. DE C.V.",ANTENA 3,SI,NO
2024,P11,"SUPER CABLE 3:16, S.A. DE C.V.",CINELATINO,SI,NO
2024,P11,"SUPER CABLE 3:16, S.A. DE C.V.",MULTICINEMA,SI,NO
2024,P11,"SUPER CABLE 3:16, S.A. DE C.V.",MVSTV,SI,NO
2024,P11,"SUPER CABLE 3:16, S.A. DE C.V.",EXA TV,SI,NO
2024,P11,"SUPER CABLE 3:16, S.A. DE C.V.",LA MEJOR TV,SI,NO
2024,P11,"SUPER CABLE 3:16, S.A. DE C.V.",MULTIPREMIER,SI,NO
2024,P11,"CABLESTELAR DE ACUNA, S.A. DE C.V.",EXA TV,SI,NO
2024,P11,"CABLESTELAR DE ACUNA, S.A. DE C.V.",MVSTV,SI,NO
2024,P11,"CABLESTELAR DE ACUNA, S.A. DE C.V.",MULTICINEMA,SI,NO
2024,P11,"CABLESTELAR DE ACUNA, S.A. DE C.V.",CINELATINO,SI,NO
2024,P11,"CABLESTELAR DE ACUNA, S.A. DE C.V.",MULTIPREMIER,SI,NO
2024,P11,"TELEDISTRIBUCION POR CABLE, S.A. DE C.V.",MULTIPREMIER,SI,NO
2024,P11,"TELEDISTRIBUCION POR CABLE, S.A. DE C.V.",MULTICINEMA,SI,NO
2024,P11,"TELEDISTRIBUCION POR CABLE, S.A. DE C.V.",CINELATINO,SI,NO
2024,P11,"TELEDISTRIBUCION POR CABLE, S.A. DE C.V.",MVSTV,SI,NO
2024,P11,"TV SISTEMA CABLE DE TEPATEPEC, S.A. DE C.V.",ANTENA 3,SI,NO
2024,P11,"TV SISTEMA CABLE DE TEPATEPEC, S.A. DE C.V.",CINELATINO,SI,NO
2024,P11,"TV SISTEMA CABLE DE TEPATEPEC, S.A. DE C.V.",EXA TV,SI,NO
2024,P11,"TV SISTEMA CABLE DE TEPATEPEC, S.A. DE C.V.",MULTIPREMIER,SI,NO
2024,P11,"TV SISTEMA CABLE DE TEPATEPEC, S.A. DE C.V.",MVSTV,SI,NO
2024,P11,"TV SISTEMA CABLE DE TEPATEPEC, S.A. DE C.V.",MULTICINEMA,SI,NO
2024,P11,SERVICIO DE TELECABLE DE HUEJUTLA SA DE CV,CINELATINO,SI,NO
2024,P11,SERVICIO DE TELECABLE DE HUEJUTLA SA DE CV,ANTENA 3,SI,NO
2024,P11,SERVICIO DE TELECABLE DE HUEJUTLA SA DE CV,MVSTV,SI,NO
2024,P11,SERVICIO DE TELECABLE DE HUEJUTLA SA DE CV,MULTIPREMIER,SI,NO
2024,P11,SERVICIO DE TELECABLE DE HUEJUTLA SA DE CV,MULTICINEMA,SI,NO
2024,P11,SERVICIO DE TELECABLE DE HUEJUTLA SA DE CV,LA MEJOR TV,SI,NO
2024,P11,SERVICIO DE TELECABLE DE HUEJUTLA SA DE CV,EXA TV,SI,NO
2024,P11,TELECABLE DE RIOVERDE SA DE CV,MULTIPREMIER HD,SI,NO
2024,P11,TELECABLE DE RIOVERDE SA DE CV,MULTICINEMA HD,SI,NO
2024,P11,"TELEVISION POR CABLE YAJALON, S.A. DE C.V.",LA MEJOR TV,SI,NO
2024,P11,"TELEVISION POR CABLE YAJALON, S.A. DE C.V.",MULTIPREMIER,SI,NO
2024,P11,"TELEVISION POR CABLE YAJALON, S.A. DE C.V.",MULTICINEMA,SI,NO
2024,P11,"TELEVISION POR CABLE YAJALON, S.A. DE C.V.",ANTENA 3,SI,NO
2024,P11,"TELEVISION POR CABLE YAJALON, S.A. DE C.V.",CINELATINO,SI,NO
2024,P11,"TELEVISION POR CABLE YAJALON, S.A. DE C.V.",MVSTV,SI,NO
2024,P11,"TELEVISION POR CABLE YAJALON, S.A. DE C.V.",EXA TV,SI,NO
2024,P11,"CABLE Z, S.A.",MVSTV,SI,NO
2024,P11,"CABLE Z, S.A.",MULTIPREMIER,SI,NO
2024,P11,JORGE ALFONSO AGUILAR IBARRA,MVSTV,SI,NO
2024,P11,JORGE ALFONSO AGUILAR IBARRA,MULTICINEMA,SI,NO
2024,P11,JORGE ALFONSO AGUILAR IBARRA,CINELATINO,SI,NO
2024,P11,JORGE ALFONSO AGUILAR IBARRA,MULTIPREMIER,SI,NO
2024,P11,CARLOS BARRIOS PEREZ,MVSTV,SI,NO
2024,P11,CARLOS BARRIOS PEREZ,CINELATINO,SI,NO
2024,P11,CARLOS BARRIOS PEREZ,MULTIPREMIER,SI,NO
2024,P11,CARLOS BARRIOS PEREZ,MULTICINEMA,SI,NO
2024,P11,CARLOS BARRIOS PEREZ,ANTENA 3,SI,NO
2024,P11,CARLOS BARRIOS PEREZ,EXA TV,SI,NO
2024,P11,"CABLE DEL VALLE DE TOLUCA, SA. DE C.V.",LA MEJOR TV,SI,NO
2024,P11,"CABLE DEL VALLE DE TOLUCA, SA. DE C.V.",CINELATINO,SI,NO
2024,P11,"CABLE DEL VALLE DE TOLUCA, SA. DE C.V.",EXA TV,SI,NO
2024,P11,"CABLE DEL VALLE DE TOLUCA, SA. DE C.V.",MULTICINEMA,SI,NO
2024,P11,"CABLE DEL VALLE DE TOLUCA, SA. DE C.V.",MULTIPREMIER,SI,NO
2024,P11,"CABLE DEL VALLE DE TOLUCA, SA. DE C.V.",ANTENA 3,SI,NO
2024,P11,"CABLE DEL VALLE DE TOLUCA, SA. DE C.V.",MVSTV,SI,NO
2024,P11,"CONSORCIO DE RADIODIFUSORAS DE MEXICO, S.A. DE C.V.",MULTICINEMA,SI,NO
2024,P11,"CONSORCIO DE RADIODIFUSORAS DE MEXICO, S.A. DE C.V.",CINELATINO,SI,NO
2024,P11,"CONSORCIO DE RADIODIFUSORAS DE MEXICO, S.A. DE C.V.",MVSTV,SI,NO
2024,P11,"CONSORCIO DE RADIODIFUSORAS DE MEXICO, S.A. DE C.V.",ANTENA 3,SI,NO
2024,P11,"CONSORCIO DE RADIODIFUSORAS DE MEXICO, S.A. DE C.V.",MULTIPREMIER,SI,NO
2024,P11,"CONSORCIO DE RADIODIFUSORAS DE MEXICO, S.A. DE C.V.",EXA TV,SI,NO
2024,P11,LUIS MAURICIO ORELLAN GONZALEZ,MVSTV,SI,NO
2024,P11,LUIS MAURICIO ORELLAN GONZALEZ,CINELATINO,SI,NO
2024,P11,LUIS MAURICIO ORELLAN GONZALEZ,ANTENA 3,SI,NO
2024,P11,LUIS MAURICIO ORELLAN GONZALEZ,MULTICINEMA,SI,NO
2024,P11,LUIS MAURICIO ORELLAN GONZALEZ,MULTIPREMIER,SI,NO
2024,P11,LUIS MAURICIO ORELLAN GONZALEZ,EXA TV,SI,NO
2024,P11,ALEJANDRO MOTA MORALES,EXA TV,SI,NO
2024,P11,ALEJANDRO MOTA MORALES,MVSTV,SI,NO
2024,P11,ALEJANDRO MOTA MORALES,MULTIPREMIER,SI,NO
2024,P11,ALEJANDRO MOTA MORALES,MULTICINEMA,SI,NO
2024,P11,ALEJANDRO MOTA MORALES,CINELATINO,SI,NO
2024,P11,ALEJANDRO MOTA MORALES,ANTENA 3,SI,NO
2024,P11,MARIA EUGENIA SANCHEZ ESPINOLA,MVSTV,SI,NO
2024,P11,MARIA EUGENIA SANCHEZ ESPINOLA,MULTIPREMIER,SI,NO
2024,P11,MARIA EUGENIA SANCHEZ ESPINOLA,MULTICINEMA,SI,NO
2024,P11,MARIA EUGENIA SANCHEZ ESPINOLA,EXA TV,SI,NO
2024,P11,MARIA EUGENIA SANCHEZ ESPINOLA,CINELATINO,SI,NO
2024,P11,MARIA EUGENIA SANCHEZ ESPINOLA,ANTENA 3,SI,NO
2024,P11,TELECABLE DE CALIMAYA S.A. DE C.V.,ANTENA 3,SI,NO
2024,P11,TELECABLE DE CALIMAYA S.A. DE C.V.,EXA TV,SI,NO
2024,P11,TELECABLE DE CALIMAYA S.A. DE C.V.,MVSTV,SI,NO
2024,P11,TELECABLE DE CALIMAYA S.A. DE C.V.,MULTIPREMIER,SI,NO
2024,P11,TELECABLE DE CALIMAYA S.A. DE C.V.,MULTICINEMA,SI,NO
2024,P11,TELECABLE DE CALIMAYA S.A. DE C.V.,CINELATINO,SI,NO
2024,P11,OPTICABLE S.A. DE C.V.,MULTIPREMIER,SI,NO
2024,P11,OPTICABLE S.A. DE C.V.,MULTICINEMA,SI,NO
2024,P11,OPTICABLE S.A. DE C.V.,CINELATINO,SI,NO
2024,P11,OPTICABLE S.A. DE C.V.,EXA TV,SI,NO
2024,P11,OPTICABLE S.A. DE C.V.,ANTENA 3,SI,NO
2024,P11,OPTICABLE S.A. DE C.V.,MVSTV,SI,NO
2024,P11,OPTICABLE S.A. DE C.V.,LA MEJOR TV,SI,NO
2024,P11,JUAN RACIEL TORRESCANO MONTIEL,MULTIPREMIER,SI,NO
2024,P11,JUAN RACIEL TORRESCANO MONTIEL,CINELATINO,SI,NO
2024,P11,JUAN RACIEL TORRESCANO MONTIEL,EXA TV,SI,NO
2024,P11,JUAN RACIEL TORRESCANO MONTIEL,LA MEJOR TV,SI,NO
2024,P11,JUAN RACIEL TORRESCANO MONTIEL,MULTICINEMA,SI,NO
2024,P11,JUAN RACIEL TORRESCANO MONTIEL,ANTENA 3,SI,NO
2024,P11,JUAN RACIEL TORRESCANO MONTIEL,MVSTV,SI,NO
2024,P11,FUENTES Y FUENTES TELECOM S.A. DE C.V.,EXA TV,SI,NO
2024,P11,FUENTES Y FUENTES TELECOM S.A. DE C.V.,MULTICINEMA,SI,NO
2024,P11,FUENTES Y FUENTES TELECOM S.A. DE C.V.,CINELATINO,SI,NO
2024,P11,FUENTES Y FUENTES TELECOM S.A. DE C.V.,MVSTV,SI,NO
2024,P11,FUENTES Y FUENTES TELECOM S.A. DE C.V.,ANTENA 3,SI,NO
2024,P11,FUENTES Y FUENTES TELECOM S.A. DE C.V.,MULTIPREMIER,SI,NO
2024,P11,FUENTES Y FUENTES TELECOM S.A. DE C.V.,LA MEJOR TV,SI,NO
2024,P11,"SERVICIOS INMOBILIARIOS TIERRA MOJADA, S.A. DE C.V.",CINELATINO,SI,NO
2024,P11,"SERVICIOS INMOBILIARIOS TIERRA MOJADA, S.A. DE C.V.",MULTICINEMA,SI,NO
2024,P11,"SERVICIOS INMOBILIARIOS TIERRA MOJADA, S.A. DE C.V.",MULTIPREMIER,SI,NO
2024,P11,"SERVICIOS INMOBILIARIOS TIERRA MOJADA, S.A. DE C.V.",MVSTV,SI,NO
2024,P11,"SERVICIO Y EQUIPO EN TELEFONIA INTERNET Y TV, S.A. DE C.V.",CLARO SPORTS,SI,NO
2024,P11,"SERVICIO Y EQUIPO EN TELEFONIA INTERNET Y TV, S.A. DE C.V.",CINELATINO,SI,NO
2024,P11,"SERVICIO Y EQUIPO EN TELEFONIA INTERNET Y TV, S.A. DE C.V.",ANTENA 3,SI,NO
2024,P11,"SERVICIO Y EQUIPO EN TELEFONIA INTERNET Y TV, S.A. DE C.V.",MULTICINEMA,SI,NO
2024,P11,"SERVICIO Y EQUIPO EN TELEFONIA INTERNET Y TV, S.A. DE C.V.",MVSTV,SI,NO
2024,P11,"SERVICIO Y EQUIPO EN TELEFONIA INTERNET Y TV, S.A. DE C.V.",MULTIPREMIER,SI,NO
2024,P11,TELESISTEMAS Y REDES MEXIQUENSES S.A. DE C.V.,CINELATINO,SI,NO
2024,P11,TELESISTEMAS Y REDES MEXIQUENSES S.A. DE C.V.,MULTIPREMIER HD,SI,NO
2024,P11,TELESISTEMAS Y REDES MEXIQUENSES S.A. DE C.V.,MULTICINEMA HD,SI,NO
2024,P11,CABLEVISTA TELECOMUNICACIONES S.A. DE C.V.,LA MEJOR TV,SI,NO
2024,P11,CABLEVISTA TELECOMUNICACIONES S.A. DE C.V.,ANTENA 3,SI,NO
2024,P11,CABLEVISTA TELECOMUNICACIONES S.A. DE C.V.,MVSTV,SI,NO
2024,P11,CABLEVISTA TELECOMUNICACIONES S.A. DE C.V.,EXA TV,SI,NO
2024,P11,CABLEVISTA TELECOMUNICACIONES S.A. DE C.V.,MULTICINEMA,SI,NO
2024,P11,CABLEVISTA TELECOMUNICACIONES S.A. DE C.V.,MULTIPREMIER,SI,NO
2024,P11,CABLEVISTA TELECOMUNICACIONES S.A. DE C.V.,CINELATINO,SI,NO
2024,P11,"INTERCOMUNICACIONES URYME DEL VALLE, S.A. DE C.V.",EXA TV,SI,NO
2024,P11,"INTERCOMUNICACIONES URYME DEL VALLE, S.A. DE C.V.",CINELATINO,SI,NO
2024,P11,"INTERCOMUNICACIONES URYME DEL VALLE, S.A. DE C.V.",MULTICINEMA,SI,NO
2024,P11,"INTERCOMUNICACIONES URYME DEL VALLE, S.A. DE C.V.",MULTIPREMIER,SI,NO
2024,P11,"INTERCOMUNICACIONES URYME DEL VALLE, S.A. DE C.V.",MVSTV,SI,NO
2024,P11,ESTHER LEDESMA MENDEZ,EXA TV,SI,NO
2024,P11,ESTHER LEDESMA MENDEZ,ANTENA 3,SI,NO
2024,P11,ESTHER LEDESMA MENDEZ,LA MEJOR TV,SI,NO
2024,P11,ESTHER LEDESMA MENDEZ,MVSTV,SI,NO
2024,P11,ESTHER LEDESMA MENDEZ,MULTIPREMIER,SI,NO
2024,P11,ESTHER LEDESMA MENDEZ,CINELATINO,SI,NO
2024,P11,ESTHER LEDESMA MENDEZ,MULTICINEMA,SI,NO
2024,P11,BERNABE ENRIQUEZ MONROY,LA MEJOR TV,SI,NO
2024,P11,BERNABE ENRIQUEZ MONROY,MULTIPREMIER,SI,NO
2024,P11,BERNABE ENRIQUEZ MONROY,MULTICINEMA,SI,NO
2024,P11,BERNABE ENRIQUEZ MONROY,CINELATINO,SI,NO
2024,P11,BERNABE ENRIQUEZ MONROY,EXA TV,SI,NO
2024,P11,BERNABE ENRIQUEZ MONROY,ANTENA 3,SI,NO
2024,P11,BERNABE ENRIQUEZ MONROY,MVSTV,SI,NO
2024,P11,ANA BELEN RAMIREZ GUTIERREZ,EXA TV,SI,NO
2024,P11,ANA BELEN RAMIREZ GUTIERREZ,MULTICINEMA,SI,NO
2024,P11,ANA BELEN RAMIREZ GUTIERREZ,CINELATINO,SI,NO
2024,P11,ANA BELEN RAMIREZ GUTIERREZ,MVSTV,SI,NO
2024,P11,ANA BELEN RAMIREZ GUTIERREZ,ANTENA 3,SI,NO
2024,P11,ANA BELEN RAMIREZ GUTIERREZ,MULTIPREMIER,SI,NO
2024,P11,"CABLE SISTEMAS DE GUERRERO, S.A. DE C.V.",EXA TV,SI,NO
2024,P11,"CABLE SISTEMAS DE GUERRERO, S.A. DE C.V.",MULTICINEMA,SI,NO
2024,P11,"CABLE SISTEMAS DE GUERRERO, S.A. DE C.V.",CINELATINO,SI,NO
2024,P11,"CABLE SISTEMAS DE GUERRERO, S.A. DE C.V.",ANTENA 3,SI,NO
2024,P11,"CABLE SISTEMAS DE GUERRERO, S.A. DE C.V.",MULTIPREMIER,SI,NO
2024,P11,"CABLE SISTEMAS DE GUERRERO, S.A. DE C.V.",MVSTV,SI,NO
2024,P11,SANDRA MIREA MERAZ PONCE,MULTIPREMIER,SI,NO
2024,P11,SANDRA MIREA MERAZ PONCE,MULTICINEMA,SI,NO
2024,P11,SANDRA MIREA MERAZ PONCE,CINELATINO,SI,NO
2024,P11,SANDRA MIREA MERAZ PONCE,ANTENA 3,SI,NO
2024,P11,SANDRA MIREA MERAZ PONCE,MVSTV,SI,NO
2024,P11,SANDRA MIREA MERAZ PONCE,EXA TV,SI,NO
2024,P11,BRENDA TERESA LEAL VEGA,MULTICINEMA,SI,NO
2024,P11,BRENDA TERESA LEAL VEGA,CINELATINO,SI,NO
2024,P11,BRENDA TERESA LEAL VEGA,ANTENA 3,SI,NO
2024,P11,BRENDA TERESA LEAL VEGA,MULTIPREMIER,SI,NO
2024,P11,BRENDA TERESA LEAL VEGA,EXA TV,SI,NO
2024,P11,BRENDA TERESA LEAL VEGA,MVSTV,SI,NO
2024,P11,"EDITORIAL EL EXPRESO DE Q.ROO, S.A. DE C.V.",ANTENA 3,SI,NO
2024,P11,"EDITORIAL EL EXPRESO DE Q.ROO, S.A. DE C.V.",CINELATINO,SI,NO
2024,P11,"EDITORIAL EL EXPRESO DE Q.ROO, S.A. DE C.V.",MULTICINEMA,SI,NO
2024,P11,"EDITORIAL EL EXPRESO DE Q.ROO, S.A. DE C.V.",MULTIPREMIER,SI,NO
2024,P11,"EDITORIAL EL EXPRESO DE Q.ROO, S.A. DE C.V.",MVSTV,SI,NO
2024,P11,"EDITORIAL EL EXPRESO DE Q.ROO, S.A. DE C.V.",LA MEJOR TV,SI,NO
2024,P11,"EDITORIAL EL EXPRESO DE Q.ROO, S.A. DE C.V.",EXA TV,SI,NO
2024,P11,GIGACABLE DE AGUASCALIENTES S.A. DE C.V.,ANTENA 3,SI,NO
2024,P11,JORGE ALBERTO MORALES TOLEDO,MULTIPREMIER,SI,NO
2024,P11,JORGE ALBERTO MORALES TOLEDO,MULTICINEMA,SI,NO
2024,P11,JORGE ALBERTO MORALES TOLEDO,CINELATINO,SI,NO
2024,P11,JORGE ALBERTO MORALES TOLEDO,LA MEJOR TV,SI,NO
2024,P11,JORGE ALBERTO MORALES TOLEDO,MVSTV,SI,NO
2024,P11,JORGE ALBERTO MORALES TOLEDO,EXA TV,SI,NO
2024,P11,JORGE ALBERTO MORALES TOLEDO,ANTENA 3,SI,NO
2024,P11,FERNANDO SAHAGUN PELAYO,ANTENA 3,SI,NO
2024,P11,FERNANDO SAHAGUN PELAYO,CINELATINO,SI,NO
2024,P11,FERNANDO SAHAGUN PELAYO,MULTICINEMA,SI,NO
2024,P11,FERNANDO SAHAGUN PELAYO,MULTIPREMIER,SI,NO
2024,P11,FERNANDO SAHAGUN PELAYO,MVSTV,SI,NO
2024,P11,FERNANDO SAHAGUN PELAYO,EXA TV,SI,NO
2024,P11,TELEFONIA POR CABLE SA DE CV,MVSTV,SI,NO
2024,P11,TELEFONIA POR CABLE SA DE CV,MULTICINEMA,SI,NO
2024,P11,TELEFONIA POR CABLE SA DE CV,MULTIPREMIER,SI,NO
2024,P11,TELEFONIA POR CABLE SA DE CV,CINELATINO,SI,NO
2024,P11,TELEFONIA POR CABLE SA DE CV,CLARO SPORTS,SI,NO
2024,P11,TELEFONIA POR CABLE SA DE CV,ANTENA 3,SI,NO
2024,P11,GUILLERMO GARZA CASTILLO,EXA TV,SI,NO
2024,P11,GUILLERMO GARZA CASTILLO,MVSTV,SI,NO
2024,P11,GUILLERMO GARZA CASTILLO,ANTENA 3,SI,NO
2024,P11,GUILLERMO GARZA CASTILLO,MULTICINEMA,SI,NO
2024,P11,GUILLERMO GARZA CASTILLO,CINELATINO,SI,NO
2024,P11,GUILLERMO GARZA CASTILLO,MULTIPREMIER,SI,NO
2024,P11,VALLE TV SA DE CV,CINELATINO,SI,NO
2024,P11,VALLE TV SA DE CV,MULTICINEMA,SI,NO
2024,P11,VALLE TV SA DE CV,MULTIPREMIER,SI,NO
2024,P11,VALLE TV SA DE CV,MVSTV,SI,NO
2024,P11,VALLE TV SA DE CV,ANTENA 3,SI,NO
2024,P11,VALLE TV SA DE CV,EXA TV,SI,NO
2024,P11,VALLE TV SA DE CV,LA MEJOR TV,SI,NO
2024,P11,COMERCIALIZADORA GIRNET SA DE CV,EXA TV,SI,NO
2024,P11,COMERCIALIZADORA GIRNET SA DE CV,LA MEJOR TV,SI,NO
2024,P11,COMERCIALIZADORA GIRNET SA DE CV,MULTIPREMIER,SI,NO
2024,P11,COMERCIALIZADORA GIRNET SA DE CV,MULTICINEMA,SI,NO
2024,P11,COMERCIALIZADORA GIRNET SA DE CV,ANTENA 3,SI,NO
2024,P11,COMERCIALIZADORA GIRNET SA DE CV,CINELATINO,SI,NO
2024,P11,COMERCIALIZADORA GIRNET SA DE CV,MVSTV,SI,NO
2024,P11,JAVIER MORENO LOPEZ,MVSTV,SI,NO
2024,P11,JAVIER MORENO LOPEZ,EXA TV,SI,NO
2024,P11,JAVIER MORENO LOPEZ,MULTIPREMIER,SI,NO
2024,P11,JAVIER MORENO LOPEZ,MULTICINEMA,SI,NO
2024,P11,JAVIER MORENO LOPEZ,CINELATINO,SI,NO
2024,P11,JAVIER MORENO LOPEZ,ANTENA 3,SI,NO
2024,P11,JOSE FERNANDO QUINTERO ALONSO,MVSTV,SI,NO
2024,P11,JOSE FERNANDO QUINTERO ALONSO,MULTIPREMIER,SI,NO
2024,P11,JOSE FERNANDO QUINTERO ALONSO,MULTICINEMA,SI,NO
2024,P11,JOSE FERNANDO QUINTERO ALONSO,CINELATINO,SI,NO
2024,P11,JOSE FERNANDO QUINTERO ALONSO,EXA TV,SI,NO
2024,P11,JOSE FERNANDO QUINTERO ALONSO,ANTENA 3,SI,NO
2024,P11,FRIDA ALVAREZ LEON,ANTENA 3,SI,NO
2024,P11,FRIDA ALVAREZ LEON,MVSTV,SI,NO
2024,P11,FRIDA ALVAREZ LEON,CINELATINO,SI,NO
2024,P11,FRIDA ALVAREZ LEON,MULTICINEMA,SI,NO
2024,P11,FRIDA ALVAREZ LEON,MULTIPREMIER,SI,NO
2024,P11,FRIDA ALVAREZ LEON,EXA TV,SI,NO
2024,P11,GRUPO W COM SA DE CV,EXA TV,SI,NO
2024,P11,GRUPO W COM SA DE CV,ANTENA 3,SI,NO
2024,P11,GRUPO W COM SA DE CV,LA MEJOR TV,SI,NO
2024,P11,GRUPO W COM SA DE CV,CINELATINO,SI,NO
2024,P11,JESUS ALFREDO MOLINA MOLINA,CINELATINO,SI,NO
2024,P11,JESUS ALFREDO MOLINA MOLINA,MVSTV,SI,NO
2024,P11,JESUS ALFREDO MOLINA MOLINA,ANTENA 3,SI,NO
2024,P11,JESUS ALFREDO MOLINA MOLINA,MULTICINEMA,SI,NO
2024,P11,JESUS ALFREDO MOLINA MOLINA,LA MEJOR TV,SI,NO
2024,P11,JESUS ALFREDO MOLINA MOLINA,EXA TV,SI,NO
2024,P11,JESUS ALFREDO MOLINA MOLINA,MULTIPREMIER,SI,NO
2024,P11,TELECABLE DE CORTAZAR SA DE CV,MVSTV,SI,NO
2024,P11,TELECABLE DE CORTAZAR SA DE CV,MULTICINEMA,SI,NO
2024,P11,TELECABLE DE CORTAZAR SA DE CV,MULTIPREMIER,SI,NO
2024,P11,TELECABLE DE CORTAZAR SA DE CV,LA MEJOR TV,SI,NO
2024,P11,TELECABLE DE CORTAZAR SA DE CV,ANTENA 3,SI,NO
2024,P11,TELECABLE DE CORTAZAR SA DE CV,CINELATINO,SI,NO
2024,P11,TELECABLE DE CORTAZAR SA DE CV,EXA TV,SI,NO
2024,P11,CLAUDIA ANGELICA MALDONADO ARCE,MULTIPREMIER,SI,NO
2024,P11,CLAUDIA ANGELICA MALDONADO ARCE,MULTICINEMA,SI,NO
2024,P11,CLAUDIA ANGELICA MALDONADO ARCE,CINELATINO,SI,NO
2024,P11,CLAUDIA ANGELICA MALDONADO ARCE,MVSTV,SI,NO
2024,P11,MIGUEL ANGEL HERRERA HAU,MVSTV,SI,NO
2024,P11,MIGUEL ANGEL HERRERA HAU,CINELATINO,SI,NO
2024,P11,MIGUEL ANGEL HERRERA HAU,MULTICINEMA,SI,NO
2024,P11,MIGUEL ANGEL HERRERA HAU,MULTIPREMIER,SI,NO
2024,P11,NORMA GUTIERREZ FONG,ANTENA 3,SI,NO
2024,P11,NORMA GUTIERREZ FONG,CINELATINO,SI,NO
2024,P11,NORMA GUTIERREZ FONG,MULTIPREMIER,SI,NO
2024,P11,NORMA GUTIERREZ FONG,MVSTV,SI,NO
2024,P11,NORMA GUTIERREZ FONG,MULTICINEMA,SI,NO
2024,P11,NORMA GUTIERREZ FONG,EXA TV,SI,NO
2024,P11,NORMA GUTIERREZ FONG,LA MEJOR TV,SI,NO
2024,P11,OPERADORA BAPA SA DE CV,MULTICINEMA HD,SI,NO
2024,P11,OPERADORA BAPA SA DE CV,MVSTV HD,SI,NO
2024,P11,OPERADORA BAPA SA DE CV,CINELATINO,SI,NO
2024,P11,OPERADORA BAPA SA DE CV,ANTENA 3,SI,NO
2024,P11,OPERADORA BAPA SA DE CV,MULTIPREMIER HD,SI,NO
2024,P11,GUADALUPE PHOLETT DOMINGUEZ BOLAÑOS,MULTICINEMA,SI,NO
2024,P11,GUADALUPE PHOLETT DOMINGUEZ BOLAÑOS,EXA TV,SI,NO
2024,P11,GUADALUPE PHOLETT DOMINGUEZ BOLAÑOS,CINELATINO,SI,NO
2024,P11,GUADALUPE PHOLETT DOMINGUEZ BOLAÑOS,MVSTV,SI,NO
2024,P11,GUADALUPE PHOLETT DOMINGUEZ BOLAÑOS,MULTIPREMIER,SI,NO
2024,P11,CONCEPCION SANCHEZ ABRAHAM,ANTENA 3,SI,NO
2024,P11,CONCEPCION SANCHEZ ABRAHAM,CINELATINO,SI,NO
2024,P11,CONCEPCION SANCHEZ ABRAHAM,EXA TV,SI,NO
2024,P11,CONCEPCION SANCHEZ ABRAHAM,MVSTV,SI,NO
2024,P11,CONCEPCION SANCHEZ ABRAHAM,MULTICINEMA,SI,NO
2024,P11,CONCEPCION SANCHEZ ABRAHAM,MULTIPREMIER,SI,NO
2024,P11,CONCEPCION SANCHEZ ABRAHAM,LA MEJOR TV,SI,NO
2024,P11,LUCIA ARMENTA GUZMAN,CINELATINO,SI,NO
2024,P11,LUCIA ARMENTA GUZMAN,EXA TV,SI,NO
2024,P11,LUCIA ARMENTA GUZMAN,MULTICINEMA,SI,NO
2024,P11,LUCIA ARMENTA GUZMAN,MULTIPREMIER,SI,NO
2024,P11,LUCIA ARMENTA GUZMAN,MVSTV,SI,NO
2024,P11,LUCIA ARMENTA GUZMAN,LA MEJOR TV,SI,NO
2024,P11,LUCIA ARMENTA GUZMAN,ANTENA 3,SI,NO
2024,P11,JACE TELECOM SA DE CV,MVSTV,SI,NO
2024,P11,JACE TELECOM SA DE CV,MULTICINEMA,SI,NO
2024,P11,JACE TELECOM SA DE CV,CINELATINO,SI,NO
2024,P11,JACE TELECOM SA DE CV,EXA TV,SI,NO
2024,P11,JACE TELECOM SA DE CV,ANTENA 3,SI,NO
2024,P11,JACE TELECOM SA DE CV,MULTIPREMIER,SI,NO
2024,P11,JACE TELECOM SA DE CV,LA MEJOR TV,SI,NO
2024,P11,LUIS DANIEL SOTO RAMIREZ,CINELATINO,SI,NO
2024,P11,LUIS DANIEL SOTO RAMIREZ,EXA TV,SI,NO
2024,P11,LUIS DANIEL SOTO RAMIREZ,MULTICINEMA HD,SI,NO
2024,P11,LUIS DANIEL SOTO RAMIREZ,ANTENA 3,SI,NO
2024,P11,LUIS DANIEL SOTO RAMIREZ,LA MEJOR TV,SI,NO
2024,P11,LUIS DANIEL SOTO RAMIREZ,MULTIPREMIER HD,SI,NO
2024,P11,LUIS DANIEL SOTO RAMIREZ,MVSTV,SI,NO
2024,P11,MAGNOLIA MADRIGAL LEYVA,MVSTV,SI,NO
2024,P11,MAGNOLIA MADRIGAL LEYVA,MULTIPREMIER HD,SI,NO
2024,P11,MAGNOLIA MADRIGAL LEYVA,MULTICINEMA HD,SI,NO
2024,P11,MAGNOLIA MADRIGAL LEYVA,LA MEJOR TV,SI,NO
2024,P11,MAGNOLIA MADRIGAL LEYVA,EXA TV,SI,NO
2024,P11,MAGNOLIA MADRIGAL LEYVA,CINELATINO,SI,NO
2024,P11,MAGNOLIA MADRIGAL LEYVA,ANTENA 3,SI,NO
2024,P11,SUSANA CAMILO GUILLEN,CINELATINO,SI,NO
2024,P11,SUSANA CAMILO GUILLEN,MULTIPREMIER HD,SI,NO
2024,P11,SUSANA CAMILO GUILLEN,MULTICINEMA HD,SI,NO
2024,P11,"CABLE MAX, S. R. L.",MULTIPREMIER,SI,NO
2024,P11,"CABLE MAX, S. R. L.",EXA TV,SI,NO
2024,P11,"CABLE MAX, S. R. L.",ANTENA 3,SI,NO
2024,P11,"CABLE SAT, S.A DE C.V",ANTENA 3,SI,NO
2024,P11,"CABLE SAT, S.A DE C.V",MULTIPREMIER,SI,NO
2024,P11,"ESTESA, S.A.",MULTIPREMIER,SI,NO
2024,P11,"ESTESA, S.A.",ANTENA 3,SI,NO
2024,P11,CABLEMAGICO CIA LTDA,MULTIPREMIER,SI,NO
2024,P11,"ORBIT CABLE, S.A.",MULTICINEMA HD,SI,NO
2024,P11,"ORBIT CABLE, S.A.",MULTIPREMIER,SI,NO
2024,P11,"SUPERCABLE ALK INTERNACIONAL, SA",ANTENA 3,SI,NO
2024,P11,"SUPERCABLE ALK INTERNACIONAL, SA",MULTIPREMIER HD,SI,NO
2024,P11,"CORPORACION TELEMIC, C.A.",MULTIPREMIER HD,SI,NO
2024,P11,"CORPORACION TELEMIC, C.A.",ANTENA 3,SI,NO
2024,P11,CABLE SATELITE S. DE R.L. DE C.V.,MULTIPREMIER,SI,NO
2024,P11,CABLE SATELITE S. DE R.L. DE C.V.,MULTICINEMA HD,SI,NO
2024,P11,CABLE SATELITE S. DE R.L. DE C.V.,ANTENA 3,SI,NO
2024,P11,"CORPORACION VISUAL NUEVA ESPARTA, C.A.",MULTIPREMIER HD,SI,NO
2024,P11,"CORPORACION VISUAL NUEVA ESPARTA, C.A.",MULTICINEMA HD,SI,NO
2024,P11,"CORPORACION VISUAL NUEVA ESPARTA, C.A.",EXA TV,SI,NO
2024,P11,"CORPORACION VISUAL NUEVA ESPARTA, C.A.",ANTENA 3,SI,NO
2024,P11,ECONOCABLE PERU S.A.C.,MULTIPREMIER,SI,NO
2024,P11,TV MUSIC HOUSE JUJUY SRL,MULTIPREMIER,SI,NO
2024,P11,COLOMBIA TELECOMUNICACIONES S.A ESP BIC,ANTENA 3,SI,NO
2024,P11,"EMPRESA NICARAGUENSE DE TELECOMUNICACIONES, S.A",MULTIPREMIER,SI,NO
2024,P11,"EMPRESA NICARAGUENSE DE TELECOMUNICACIONES, S.A",EXA TV,SI,NO
2024,P11,"EMPRESA NICARAGUENSE DE TELECOMUNICACIONES, S.A",ANTENA 3,SI,NO
2024,P11,"EMPRESA NICARAGUENSE DE TELECOMUNICACIONES, S.A",MULTICINEMA HD,SI,NO
2024,P11,"SERVICIOS DE COMUNICACIONES DE HONDURAS, S.A.",MULTIPREMIER,SI,NO
2024,P11,"SERVICIOS DE COMUNICACIONES DE HONDURAS, S.A.",EXA TV,SI,NO
2024,P11,"SERVICIOS DE COMUNICACIONES DE HONDURAS, S.A.",ANTENA 3,SI,NO
2024,P11,"SERVICIOS DE COMUNICACIONES DE HONDURAS, S.A.",MULTICINEMA HD,SI,NO
2024,P11,COMPANIA DE TELECOMUNICACIONES DE EL SALVADOR S.A DE C.V,EXA TV,SI,NO
2024,P11,COMPANIA DE TELECOMUNICACIONES DE EL SALVADOR S.A DE C.V,MULTIPREMIER,SI,NO
2024,P11,COMPANIA DE TELECOMUNICACIONES DE EL SALVADOR S.A DE C.V,ANTENA 3,SI,NO
2024,P11,COMPANIA DE TELECOMUNICACIONES DE EL SALVADOR S.A DE C.V,MULTICINEMA HD,SI,NO
2024,P11,"COMPANIA DOMINICANA DE TELEFONOS, S.A.",EXA TV,SI,NO
2024,P11,"COMPANIA DOMINICANA DE TELEFONOS, S.A.",MULTIPREMIER,SI,NO
2024,P11,"COMPANIA DOMINICANA DE TELEFONOS, S.A.",ANTENA 3,SI,NO
2024,P11,NETUNO C.A.,MULTIPREMIER HD,SI,NO
2024,P11,NETUNO C.A.,ANTENA 3,SI,NO
2024,P11,"TELECOMUNICACIONES DE GUATEMALA, S.A.",EXA TV,SI,NO
2024,P11,"TELECOMUNICACIONES DE GUATEMALA, S.A.",MULTIPREMIER,SI,NO
2024,P11,"TELECOMUNICACIONES DE GUATEMALA, S.A.",ANTENA 3,SI,NO
2024,P11,"TELECOMUNICACIONES DE GUATEMALA, S.A.",MULTICINEMA HD,SI,NO
2024,P11,CLARO CR TELECOMUNICACIONES S.A.,EXA TV,SI,NO
2024,P11,CLARO CR TELECOMUNICACIONES S.A.,MULTIPREMIER,SI,NO
2024,P11,CLARO CR TELECOMUNICACIONES S.A.,MULTICINEMA HD,SI,NO
2024,P11,CLARO CR TELECOMUNICACIONES S.A.,ANTENA 3,SI,NO
2024,P11,PUERTO RICO TELEPHONE COMPANY INC.,EXA TV,SI,NO
2024,P11,CLARO COMUNICACIONES S.A.,MULTIPREMIER,SI,NO
2024,P11,PRONOVISION C.A.,MULTIPREMIER HD,SI,NO
2024,P11,PRONOVISION C.A.,ANTENA 3,SI,NO
2024,P11,PRONOVISION C.A.,MULTICINEMA HD,SI,NO
2024,P11,"CABLE & WIRELESS PANAMA, SA",EXA TV,SI,NO
2024,P11,"CABLE & WIRELESS PANAMA, SA",ANTENA 3,SI,NO
2024,P11,"CABLE & WIRELESS PANAMA, SA",MULTIPREMIER,SI,NO
2024,P11,"CABLE & WIRELESS PANAMA, SA",MULTIPREMIER HD,SI,NO
2024,P11,TELE VVD SAS,MULTIPREMIER,SI,NO
2024,P11,"GRUTEL, CA",MULTIPREMIER HD,SI,NO
2024,P11,"GRUTEL, CA",MULTICINEMA HD,SI,NO
2024,P11,"GRUTEL, CA",ANTENA 3,SI,NO
2024,P11,"GRUTEL, CA",EXA TV,SI,NO
2024,P11,AMERICA MOVIL PERU SAC,MULTIPREMIER,SI,NO
2024,P11,AMERICA MOVIL PERU SAC,ANTENA 3,SI,NO
2024,P11,"TRINIDAD VIDEO CABLE, S.A.",MULTIPREMIER,SI,NO
2024,P11,EMCALI EICE ESP,MULTIPREMIER,SI,NO
2024,P11,EMCALI EICE ESP,MULTICINEMA HD,SI,NO
2024,P11,EMCALI EICE ESP,ANTENA 3,SI,NO
2024,P11,EMPRESA DE TELECOMUNICACIONES DE BOGOTA SA ESP PUDIENDO IDENTIFICARSE PARA TODOS LOS EFECTOS CON LA SIGLA ETB S.A. E.S.P,ANTENA 3,SI,NO
2024,P11,EMPRESA DE TELECOMUNICACIONES DE BOGOTA SA ESP PUDIENDO IDENTIFICARSE PARA TODOS LOS EFECTOS CON LA SIGLA ETB S.A. E.S.P,MULTIPREMIER,SI,NO
2024,P11,"COOPERATIVA DE ELECTRIFICACION RURAL LOS SANTOS R L,",ANTENA 3,SI,NO
2024,P11,"COOPERATIVA DE ELECTRIFICACION RURAL LOS SANTOS R L,",MULTIPREMIER,SI,NO
2024,P11,TELE COTUI S.R.L,MULTIPREMIER,SI,NO
2024,P11,TELE COTUI S.R.L,ANTENA 3,SI,NO
2024,P11,"PAN AMERICAN CABLE TV,C.A.",ANTENA 3,SI,NO
2024,P11,"PAN AMERICAN CABLE TV,C.A.",EXA TV,SI,NO
2024,P11,"SOCIEDAD TELEVISIVA CABLE SANTA JUANA, LTDA.",EXA TV,SI,NO
2024,P11,"SOCIEDAD TELEVISIVA CABLE SANTA JUANA, LTDA.",MULTIPREMIER,SI,NO
2024,P11,TV CABLE MAS LIMITADA,EXA TV,SI,NO
2024,P11,TV CABLE MAS LIMITADA,MULTICINEMA HD,SI,NO
2024,P11,TV CABLE MAS LIMITADA,MULTIPREMIER HD,SI,NO
2024,P11,TU VES SA,MULTIPREMIER,SI,NO
2024,P11,SERVIVALLEBLEK CIA LTDA,MULTIPREMIER,SI,NO
2024,P11,"COMPANIA NICARAGUENSE DE COMUNICACIONES, S.A.",MULTIPREMIER,SI,NO
2024,P11,"COMPANIA NICARAGUENSE DE COMUNICACIONES, S.A.",MULTICINEMA HD,SI,NO
2024,P11,"COMPANIA NICARAGUENSE DE COMUNICACIONES, S.A.",ANTENA 3,SI,NO
2024,P11,CABLESPEED CIA LTDA,MULTIPREMIER,SI,NO
2024,P11,CABLESPEED CIA LTDA,EXA TV,SI,NO
2024,P11,CABLESPEED CIA LTDA,ANTENA 3,SI,NO
2024,P11,TUVES TV SATELITAL BOLIVIA SA,MULTIPREMIER,SI,NO
2024,P11,"GRAFTELCOM TELECOMUNICACIONES Y TELEMETRIA, LTDA.",LA MEJOR TV,SI,NO
2024,P11,"GRAFTELCOM TELECOMUNICACIONES Y TELEMETRIA, LTDA.",MULTICINEMA HD,SI,NO
2024,P11,"GRAFTELCOM TELECOMUNICACIONES Y TELEMETRIA, LTDA.",MULTIPREMIER,SI,NO
2024,P11,"GRAFTELCOM TELECOMUNICACIONES Y TELEMETRIA, LTDA.",EXA TV,SI,NO
2024,P11,SERVICIOS DE TELECOMUNICACIONES SETEL S.A.,ANTENA 3,SI,NO
2024,P11,COLOMBIA MAS TV SAS,MULTIPREMIER,SI,NO
2024,P11,COLOMBIA MAS TV SAS,MULTICINEMA HD,SI,NO
2024,P11,SERVICIOS DE TELECOMUNICACIONES ATVCABLE CIA. LTDA.,ANTENA 3,SI,NO
2024,P11,SERVICIOS DE TELECOMUNICACIONES OROBLA SA,ANTENA 3,SI,NO
2024,P11,SERVICIOS DE TELECOMUNICACIONES OROBLA SA,MULTICINEMA HD,SI,NO
2024,P11,SERVICIOS DE TELECOMUNICACIONES OROBLA SA,MULTIPREMIER,SI,NO
2024,P11,CODISERT SA,MULTICINEMA HD,SI,NO
2024,P11,CODISERT SA,MULTIPREMIER,SI,NO
2024,P11,SISTEMAS GLOBALES DE COMUNICACIÓN HCGLOBAL S.A.,ANTENA 3,SI,NO
2024,P11,SISTEMAS GLOBALES DE COMUNICACIÓN HCGLOBAL S.A.,MULTIPREMIER,SI,NO
2024,P11,CONSORCIO ECUATORIANO DE TELECOMUNICACIONES SA CONECEL,MULTIPREMIER,SI,NO
2024,P11,CONSORCIO ECUATORIANO DE TELECOMUNICACIONES SA CONECEL,ANTENA 3,SI,NO
2024,P11,MAYAVISION S DE RL,MULTICINEMA HD,SI,NO
2024,P11,MAYAVISION S DE RL,MULTIPREMIER HD,SI,NO
2024,P11,MAYAVISION S DE RL,ANTENA 3,SI,NO
2024,P11,TELECABLE S.A.,MULTIPREMIER,SI,NO
2024,P11,TELECABLE S.A.,EXA TV,SI,NO
2024,P11,TELECABLE S.A.,ANTENA 3,SI,NO
2024,P11,GIRONYCHABELO TELECOMUNICACIONES DEL SUR S.A.,MULTIPREMIER,SI,NO
2024,P11,GIRONYCHABELO TELECOMUNICACIONES DEL SUR S.A.,ANTENA 3,SI,NO
2024,P11,JUAN ANTONIO PALMA ALONSO,MULTIPREMIER,SI,NO
2024,P11,JUAN ANTONIO PALMA ALONSO,ANTENA 3,SI,NO
2024,P11,JUAN ANTONIO PALMA ALONSO,EXA TV,SI,NO
2024,P11,ALTICE DOMINICANA S.A.,MULTIPREMIER,SI,NO
2024,P11,ALTICE DOMINICANA S.A.,ANTENA 3,SI,NO
2024,P11,PATRICIATEVE S.A.,ANTENA 3,SI,NO
2024,P11,TELECOMUNICACIONES ANDACOLLO LTDA,MULTICINEMA HD,SI,NO
2024,P11,TELECOMUNICACIONES ANDACOLLO LTDA,MULTIPREMIER,SI,NO
2024,P11,TELECOMUNICACIONES ANDACOLLO LTDA,EXA TV,SI,NO
2024,P11,INTERTV SATELITAL S.A.,ANTENA 3,SI,NO
2024,P11,HV TELEVISION SAS,MULTIPREMIER,SI,NO
2024,P11,BIOCABLE SUR E.I.R.L.,MULTICINEMA HD,SI,NO
2024,P11,BIOCABLE SUR E.I.R.L.,MULTIPREMIER,SI,NO
2024,P11,TRACTORAL S.A.,MULTIPREMIER,SI,NO
2024,P11,TRACTORAL S.A.,MULTICINEMA HD,SI,NO
2024,P11,"COMPANIA DE TELECOMUNICACIONES TELEMERIDIANO TECOMERIDIA, S.A.",MULTIPREMIER,SI,NO
2024,P11,"COMPANIA DE TELECOMUNICACIONES TELEMERIDIANO TECOMERIDIA, S.A.",ANTENA 3,SI,NO
2024,P11,COMUNICACION CELULAR S.A. COMCEL S.A.,MULTIPREMIER,SI,NO
2024,P11,COMUNICACION CELULAR S.A. COMCEL S.A.,ANTENA 3,SI,NO
2024,P11,TELEOPERADORA DEL NORDESTE SRL,ANTENA 3,SI,NO
2024,P11,SOL CABLE VISION S.A.S E.S.P,MULTIPREMIER,SI,NO
2024,P11,SOL CABLE VISION S.A.S E.S.P,MULTICINEMA HD,SI,NO
2024,P11,SOL CABLE VISION S.A.S E.S.P,ANTENA 3,SI,NO
2024,P11,"SOCIEDAD DE TELEVISION POR CABLE COSTA AZUL, LIMITADA",MULTIPREMIER,SI,NO
2024,P11,TELMODER TELECOMUNICACIONES MODERNAS SA,MULTICINEMA HD,SI,NO
2024,P11,TELMODER TELECOMUNICACIONES MODERNAS SA,MULTIPREMIER,SI,NO
2024,P11,TELMODER TELECOMUNICACIONES MODERNAS SA,ANTENA 3,SI,NO
2024,P11,SUPERCABLE TELECOMUNICACIONES S.A.S,MULTIPREMIER,SI,NO
2024,P11,COMMUNICATION MANAGEMENT SA,ANTENA 3,SI,NO
2024,P11,COMMUNICATION MANAGEMENT SA,MULTIPREMIER,SI,NO
2024,P11,COMMUNICATION MANAGEMENT SA,EXA TV,SI,NO
2024,P11,COMMUNICATION MANAGEMENT SA,MULTICINEMA HD,SI,NO
2024,P11,ZOENETV S.A.,MULTIPREMIER,SI,NO
2024,P11,ZOENETV S.A.,MULTICINEMA HD,SI,NO
2024,P11,ZOENETV S.A.,ANTENA 3,SI,NO
2024,P11,CORPORACION TENAVISION CATV CIA LTDA,MULTIPREMIER,SI,NO
2024,P11,CORPORACION TENAVISION CATV CIA LTDA,MULTICINEMA HD,SI,NO
2024,P11,"LIBERTY SERVICIOS FIJOS LY, S.A.",ANTENA 3,SI,NO
2024,P11,"CORPORACION FIBEX TELECOM, C.A.",ANTENA 3,SI,NO
2024,P11,"CORPORACION FIBEX TELECOM, C.A.",EXA TV,SI,NO
2024,P11,"CORPORACION FIBEX TELECOM, C.A.",MULTIPREMIER,SI,NO
2024,P11,VUBIQUITY MANAGEMENT LIMITED,ANTENA 3,SI,NO
2024,P11,VUBIQUITY MANAGEMENT LIMITED,MULTICINEMA HD,SI,NO
2024,P11,HUALAVISION MEDIOS SPA,EXA TV,SI,NO
2024,P11,HUALAVISION MEDIOS SPA,LA MEJOR TV,SI,NO
2024,P11,HUALAVISION MEDIOS SPA,MULTIPREMIER,SI,NO
2024,P11,HUALAVISION MEDIOS SPA,MULTICINEMA,SI,NO
2024,P11,AMERICANA DE PRODUCCIONES SA,EXA TV,SI,NO
2024,P11,AMERICANA DE PRODUCCIONES SA,LA MEJOR TV,SI,NO
2024,P11,AMERICANA DE PRODUCCIONES SA,MULTICINEMA HD,SI,NO
2024,P11,AMERICANA DE PRODUCCIONES SA,MULTIPREMIER,SI,NO
2024,P11,AMERICANA DE PRODUCCIONES SA,ANTENA 3,SI,NO
2024,P11,DATA TEC SOLUCIONES S.A.C,MULTIPREMIER HD,SI,NO
2024,P11,DATA TEC SOLUCIONES S.A.C,MULTICINEMA HD,SI,NO
2024,P12,"ALVISION, S.A. DE C.V.",MVSTV,SI,NO
2024,P12,"ALVISION, S.A. DE C.V.",CINELATINO,SI,NO
2024,P12,"ALVISION, S.A. DE C.V.",MULTICINEMA,SI,NO
2024,P12,"ALVISION, S.A. DE C.V.",ANTENA 3,SI,NO
2024,P12,"ALVISION, S.A. DE C.V.",LA MEJOR TV,SI,NO
2024,P12,"ALVISION, S.A. DE C.V.",MULTIPREMIER,SI,NO
2024,P12,"ALVISION, S.A. DE C.V.",EXA TV,SI,NO
2024,P12,JOSE MANUEL CRISTOBAL CRUZ,LA MEJOR TV,SI,NO
2024,P12,JOSE MANUEL CRISTOBAL CRUZ,EXA TV,SI,NO
2024,P12,JOSE MANUEL CRISTOBAL CRUZ,MVSTV,SI,NO
2024,P12,JOSE MANUEL CRISTOBAL CRUZ,MULTIPREMIER,SI,NO
2024,P12,JOSE MANUEL CRISTOBAL CRUZ,MULTICINEMA,SI,NO
2024,P12,JOSE MANUEL CRISTOBAL CRUZ,CINELATINO,SI,NO
2024,P12,JOSE MANUEL CRISTOBAL CRUZ,ANTENA 3,SI,NO
2024,P12,ROBERTO LOPEZ BRAVO,MVSTV,SI,NO
2024,P12,"CABLEVISION DE APATZINGAN, S.A. DE C.V.",MULTICINEMA,SI,NO
2024,P12,"CABLEVISION DE APATZINGAN, S.A. DE C.V.",MULTIPREMIER,SI,NO
2024,P12,"CABLEVISION DE APATZINGAN, S.A. DE C.V.",CINELATINO,SI,NO
2024,P12,JOSE MANUEL QUINTERO BARRERA,MULTIPREMIER,SI,NO
2024,P12,JOSE MANUEL QUINTERO BARRERA,ANTENA 3,SI,NO
2024,P12,JOSE MANUEL QUINTERO BARRERA,LA MEJOR TV,SI,NO
2024,P12,JOSE MANUEL QUINTERO BARRERA,MVSTV,SI,NO
2024,P12,JOSE MANUEL QUINTERO BARRERA,EXA TV,SI,NO
2024,P12,JOSE MANUEL QUINTERO BARRERA,CINELATINO,SI,NO
2024,P12,JOSE MANUEL QUINTERO BARRERA,MULTICINEMA,SI,NO
2024,P12,GERARDO FIGUEROA MANZO,EXA TV,SI,NO
2024,P12,GERARDO FIGUEROA MANZO,MVSTV,SI,NO
2024,P12,GERARDO FIGUEROA MANZO,MULTIPREMIER,SI,NO
2024,P12,GERARDO FIGUEROA MANZO,MULTICINEMA,SI,NO
2024,P12,GERARDO FIGUEROA MANZO,CINELATINO,SI,NO
2024,P12,GERARDO FIGUEROA MANZO,ANTENA 3,SI,NO
2024,P12,"TELECABLE DE COENEO, S.A. DE C.V.",MULTICINEMA HD,SI,NO
2024,P12,"TELECABLE DE COENEO, S.A. DE C.V.",MULTIPREMIER HD,SI,NO
2024,P12,"TELECABLE DE COENEO, S.A. DE C.V.",CINELATINO,SI,NO
2024,P12,"TELECABLE DE COENEO, S.A. DE C.V.",MVSTV,SI,NO
2024,P12,"TELECABLE DE COENEO, S.A. DE C.V.",ANTENA 3,SI,NO
2024,P12,"CABLE COSTA DE NAYARIT, S.A. DE C.V.",MULTICINEMA,SI,NO
2024,P12,"CABLE COSTA DE NAYARIT, S.A. DE C.V.",MULTIPREMIER,SI,NO
2024,P12,"CABLE COSTA DE NAYARIT, S.A. DE C.V.",MVSTV,SI,NO
2024,P12,"CABLE COSTA DE NAYARIT, S.A. DE C.V.",CINELATINO,SI,NO
2024,P12,ESTRUCTURAS METALICAS E INSTALACIONES ESPECIALIZADAS SA DE CV,MULTICINEMA,SI,NO
2024,P12,ESTRUCTURAS METALICAS E INSTALACIONES ESPECIALIZADAS SA DE CV,CINELATINO,SI,NO
2024,P12,ESTRUCTURAS METALICAS E INSTALACIONES ESPECIALIZADAS SA DE CV,MULTIPREMIER,SI,NO
2024,P12,ESTRUCTURAS METALICAS E INSTALACIONES ESPECIALIZADAS SA DE CV,ANTENA 3,SI,NO
2024,P12,ESTRUCTURAS METALICAS E INSTALACIONES ESPECIALIZADAS SA DE CV,MVSTV,SI,NO
2024,P12,ESTRUCTURAS METALICAS E INSTALACIONES ESPECIALIZADAS SA DE CV,LA MEJOR TV,SI,NO
2024,P12,ESTRUCTURAS METALICAS E INSTALACIONES ESPECIALIZADAS SA DE CV,EXA TV,SI,NO
2024,P12,"IMPACTO TELECOMUNICACIONES, S.A. DE C.V.",MVSTV,SI,NO
2024,P12,"IMPACTO TELECOMUNICACIONES, S.A. DE C.V.",ANTENA 3,SI,NO
2024,P12,"IMPACTO TELECOMUNICACIONES, S.A. DE C.V.",CINELATINO,SI,NO
2024,P12,"IMPACTO TELECOMUNICACIONES, S.A. DE C.V.",MULTICINEMA,SI,NO
2024,P12,"IMPACTO TELECOMUNICACIONES, S.A. DE C.V.",MULTIPREMIER,SI,NO
2024,P12,"IMPACTO TELECOMUNICACIONES, S.A. DE C.V.",EXA TV,SI,NO
2024,P12,JOSE HOMERO TREVINO VILLASENOR,ANTENA 3,SI,NO
2024,P12,JOSE HOMERO TREVINO VILLASENOR,CINELATINO,SI,NO
2024,P12,JOSE HOMERO TREVINO VILLASENOR,MULTICINEMA,SI,NO
2024,P12,JOSE HOMERO TREVINO VILLASENOR,MULTIPREMIER,SI,NO
2024,P12,JOSE HOMERO TREVINO VILLASENOR,MVSTV,SI,NO
2024,P12,JOSE HOMERO TREVINO VILLASENOR,EXA TV,SI,NO
2024,P12,"MAXICABLE DE MEXICO, S.A. DE C.V.",MVSTV,SI,NO
2024,P12,"MAYA CABLE DE CARRILLO PUERTO,S.A. DE C.V.",MULTIPREMIER,SI,NO
2024,P12,"MAYA CABLE DE CARRILLO PUERTO,S.A. DE C.V.",EXA TV,SI,NO
2024,P12,"MAYA CABLE DE CARRILLO PUERTO,S.A. DE C.V.",MULTICINEMA,SI,NO
2024,P12,"MAYA CABLE DE CARRILLO PUERTO,S.A. DE C.V.",CINELATINO,SI,NO
2024,P12,"MAYA CABLE DE CARRILLO PUERTO,S.A. DE C.V.",MVSTV,SI,NO
2024,P12,"MAYA CABLE DE CARRILLO PUERTO,S.A. DE C.V.",ANTENA 3,SI,NO
2024,P12,ALEJANDRO MELGAREJO CORTES,MVSTV,SI,NO
2024,P12,ALEJANDRO MELGAREJO CORTES,CINELATINO,SI,NO
2024,P12,ALEJANDRO MELGAREJO CORTES,MULTICINEMA,SI,NO
2024,P12,ALEJANDRO MELGAREJO CORTES,EXA TV,SI,NO
2024,P12,ALEJANDRO MELGAREJO CORTES,ANTENA 3,SI,NO
2024,P12,ALEJANDRO MELGAREJO CORTES,LA MEJOR TV,SI,NO
2024,P12,ALEJANDRO MELGAREJO CORTES,MULTIPREMIER,SI,NO
2024,P12,MERCEDES JAVIER ALMEIDA,CINELATINO,SI,NO
2024,P12,MERCEDES JAVIER ALMEIDA,ANTENA 3,SI,NO
2024,P12,MERCEDES JAVIER ALMEIDA,MULTIPREMIER,SI,NO
2024,P12,MERCEDES JAVIER ALMEIDA,MVSTV,SI,NO
2024,P12,MERCEDES JAVIER ALMEIDA,MULTICINEMA,SI,NO
2024,P12,MERCEDES JAVIER ALMEIDA,EXA TV,SI,NO
2024,P12,JOSE LUIS OLIVA CANO,MVSTV,SI,NO
2024,P12,JOSE LUIS OLIVA CANO,ANTENA 3,SI,NO
2024,P12,JOSE LUIS OLIVA CANO,MULTIPREMIER,SI,NO
2024,P12,JOSE LUIS OLIVA CANO,MULTICINEMA,SI,NO
2024,P12,JOSE LUIS OLIVA CANO,CINELATINO,SI,NO
2024,P12,MARIA GUADALUPE RAMIREZ APARICIO,MVSTV,SI,NO
2024,P12,MARIA GUADALUPE RAMIREZ APARICIO,CINELATINO,SI,NO
2024,P12,MARIA GUADALUPE RAMIREZ APARICIO,ANTENA 3,SI,NO
2024,P12,MARIA GUADALUPE RAMIREZ APARICIO,MULTICINEMA,SI,NO
2024,P12,MARIA GUADALUPE RAMIREZ APARICIO,MULTIPREMIER,SI,NO
2024,P12,FERNANDO CUERVO AMILPAS,MVSTV,SI,NO
2024,P12,FERNANDO CUERVO AMILPAS,MULTIPREMIER,SI,NO
2024,P12,FERNANDO CUERVO AMILPAS,ANTENA 3,SI,NO
2024,P12,FERNANDO CUERVO AMILPAS,MULTICINEMA,SI,NO
2024,P12,FERNANDO CUERVO AMILPAS,LA MEJOR TV,SI,NO
2024,P12,FERNANDO CUERVO AMILPAS,EXA TV,SI,NO
2024,P12,FERNANDO CUERVO AMILPAS,CINELATINO,SI,NO
2024,P12,SANDRA LIZETH CHAVEZ TOVAR,MULTICINEMA,SI,NO
2024,P12,SANDRA LIZETH CHAVEZ TOVAR,MULTIPREMIER,SI,NO
2024,P12,SANDRA LIZETH CHAVEZ TOVAR,LA MEJOR TV,SI,NO
2024,P12,SANDRA LIZETH CHAVEZ TOVAR,CINELATINO,SI,NO
2024,P12,SANDRA LIZETH CHAVEZ TOVAR,EXA TV,SI,NO
2024,P12,SANDRA LIZETH CHAVEZ TOVAR,MVSTV,SI,NO
2024,P12,SANDRA LIZETH CHAVEZ TOVAR,ANTENA 3,SI,NO
2024,P12,SARA QUIROZ CHAPA,MVSTV,SI,NO
2024,P12,"SIERRA NORTE TELEVISION POR CABLE, S.A. DE C.V.",CINELATINO,SI,NO
2024,P12,"SIERRA NORTE TELEVISION POR CABLE, S.A. DE C.V.",MVSTV,SI,NO
2024,P12,"SIERRA NORTE TELEVISION POR CABLE, S.A. DE C.V.",ANTENA 3,SI,NO
2024,P12,"SIERRA NORTE TELEVISION POR CABLE, S.A. DE C.V.",MULTICINEMA,SI,NO
2024,P12,"SIERRA NORTE TELEVISION POR CABLE, S.A. DE C.V.",EXA TV,SI,NO
2024,P12,"SIERRA NORTE TELEVISION POR CABLE, S.A. DE C.V.",MULTIPREMIER,SI,NO
2024,P12,SISTEMAS DE TELEVISION POR CABLE DE MICHOACAN SA DE CV,ANTENA 3,SI,NO
2024,P12,SISTEMAS DE TELEVISION POR CABLE DE MICHOACAN SA DE CV,CINELATINO,SI,NO
2024,P12,SISTEMAS DE TELEVISION POR CABLE DE MICHOACAN SA DE CV,EXA TV,SI,NO
2024,P12,SISTEMAS DE TELEVISION POR CABLE DE MICHOACAN SA DE CV,MULTICINEMA,SI,NO
2024,P12,SISTEMAS DE TELEVISION POR CABLE DE MICHOACAN SA DE CV,MULTIPREMIER,SI,NO
2024,P12,SISTEMAS DE TELEVISION POR CABLE DE MICHOACAN SA DE CV,MVSTV,SI,NO
2024,P12,SISTEMAS DE TELEVISION POR CABLE DE MICHOACAN SA DE CV,LA MEJOR TV,SI,NO
2024,P12,"SUPER CABLE 3:16, S.A. DE C.V.",CINELATINO,SI,NO
2024,P12,"SUPER CABLE 3:16, S.A. DE C.V.",LA MEJOR TV,SI,NO
2024,P12,"SUPER CABLE 3:16, S.A. DE C.V.",ANTENA 3,SI,NO
2024,P12,"SUPER CABLE 3:16, S.A. DE C.V.",MULTICINEMA,SI,NO
2024,P12,"SUPER CABLE 3:16, S.A. DE C.V.",MULTIPREMIER,SI,NO
2024,P12,"SUPER CABLE 3:16, S.A. DE C.V.",MVSTV,SI,NO
2024,P12,"SUPER CABLE 3:16, S.A. DE C.V.",EXA TV,SI,NO
2024,P12,"CABLESTELAR DE ACUNA, S.A. DE C.V.",EXA TV,SI,NO
2024,P12,"CABLESTELAR DE ACUNA, S.A. DE C.V.",CINELATINO,SI,NO
2024,P12,"CABLESTELAR DE ACUNA, S.A. DE C.V.",MVSTV,SI,NO
2024,P12,"CABLESTELAR DE ACUNA, S.A. DE C.V.",MULTICINEMA,SI,NO
2024,P12,"CABLESTELAR DE ACUNA, S.A. DE C.V.",MULTIPREMIER,SI,NO
2024,P12,"TELEDISTRIBUCION POR CABLE, S.A. DE C.V.",MULTIPREMIER,SI,NO
2024,P12,"TELEDISTRIBUCION POR CABLE, S.A. DE C.V.",MULTICINEMA,SI,NO
2024,P12,"TELEDISTRIBUCION POR CABLE, S.A. DE C.V.",CINELATINO,SI,NO
2024,P12,"TELEDISTRIBUCION POR CABLE, S.A. DE C.V.",MVSTV,SI,NO
2024,P12,"TV SISTEMA CABLE DE TEPATEPEC, S.A. DE C.V.",EXA TV,SI,NO
2024,P12,"TV SISTEMA CABLE DE TEPATEPEC, S.A. DE C.V.",ANTENA 3,SI,NO
2024,P12,"TV SISTEMA CABLE DE TEPATEPEC, S.A. DE C.V.",CINELATINO,SI,NO
2024,P12,"TV SISTEMA CABLE DE TEPATEPEC, S.A. DE C.V.",MULTICINEMA,SI,NO
2024,P12,"TV SISTEMA CABLE DE TEPATEPEC, S.A. DE C.V.",MULTIPREMIER,SI,NO
2024,P12,"TV SISTEMA CABLE DE TEPATEPEC, S.A. DE C.V.",MVSTV,SI,NO
2024,P12,SERVICIO DE TELECABLE DE HUEJUTLA SA DE CV,MULTICINEMA,SI,NO
2024,P12,SERVICIO DE TELECABLE DE HUEJUTLA SA DE CV,ANTENA 3,SI,NO
2024,P12,SERVICIO DE TELECABLE DE HUEJUTLA SA DE CV,EXA TV,SI,NO
2024,P12,SERVICIO DE TELECABLE DE HUEJUTLA SA DE CV,LA MEJOR TV,SI,NO
2024,P12,SERVICIO DE TELECABLE DE HUEJUTLA SA DE CV,CINELATINO,SI,NO
2024,P12,SERVICIO DE TELECABLE DE HUEJUTLA SA DE CV,MULTIPREMIER,SI,NO
2024,P12,SERVICIO DE TELECABLE DE HUEJUTLA SA DE CV,MVSTV,SI,NO
2024,P12,TELECABLE DE RIOVERDE SA DE CV,MULTIPREMIER HD,SI,NO
2024,P12,TELECABLE DE RIOVERDE SA DE CV,MULTICINEMA HD,SI,NO
2024,P12,"TELEVISION POR CABLE YAJALON, S.A. DE C.V.",MVSTV,SI,NO
2024,P12,"TELEVISION POR CABLE YAJALON, S.A. DE C.V.",LA MEJOR TV,SI,NO
2024,P12,"TELEVISION POR CABLE YAJALON, S.A. DE C.V.",MULTIPREMIER,SI,NO
2024,P12,"TELEVISION POR CABLE YAJALON, S.A. DE C.V.",MULTICINEMA,SI,NO
2024,P12,"TELEVISION POR CABLE YAJALON, S.A. DE C.V.",CINELATINO,SI,NO
2024,P12,"TELEVISION POR CABLE YAJALON, S.A. DE C.V.",ANTENA 3,SI,NO
2024,P12,"TELEVISION POR CABLE YAJALON, S.A. DE C.V.",EXA TV,SI,NO
2024,P12,"CABLE Z, S.A.",MULTIPREMIER,SI,NO
2024,P12,"CABLE Z, S.A.",MVSTV,SI,NO
2024,P12,JORGE ALFONSO AGUILAR IBARRA,MVSTV,SI,NO
2024,P12,JORGE ALFONSO AGUILAR IBARRA,MULTIPREMIER,SI,NO
2024,P12,JORGE ALFONSO AGUILAR IBARRA,CINELATINO,SI,NO
2024,P12,JORGE ALFONSO AGUILAR IBARRA,MULTICINEMA,SI,NO
2024,P12,CARLOS BARRIOS PEREZ,CINELATINO,SI,NO
2024,P12,CARLOS BARRIOS PEREZ,MVSTV,SI,NO
2024,P12,CARLOS BARRIOS PEREZ,MULTIPREMIER,SI,NO
2024,P12,CARLOS BARRIOS PEREZ,MULTICINEMA,SI,NO
2024,P12,CARLOS BARRIOS PEREZ,ANTENA 3,SI,NO
2024,P12,CARLOS BARRIOS PEREZ,EXA TV,SI,NO
2024,P12,"CABLE DEL VALLE DE TOLUCA, SA. DE C.V.",CINELATINO,SI,NO
2024,P12,"CABLE DEL VALLE DE TOLUCA, SA. DE C.V.",MULTICINEMA,SI,NO
2024,P12,"CABLE DEL VALLE DE TOLUCA, SA. DE C.V.",EXA TV,SI,NO
2024,P12,"CABLE DEL VALLE DE TOLUCA, SA. DE C.V.",LA MEJOR TV,SI,NO
2024,P12,"CABLE DEL VALLE DE TOLUCA, SA. DE C.V.",MULTIPREMIER,SI,NO
2024,P12,"CABLE DEL VALLE DE TOLUCA, SA. DE C.V.",ANTENA 3,SI,NO
2024,P12,"CABLE DEL VALLE DE TOLUCA, SA. DE C.V.",MVSTV,SI,NO
2024,P12,"CONSORCIO DE RADIODIFUSORAS DE MEXICO, S.A. DE C.V.",MVSTV,SI,NO
2024,P12,"CONSORCIO DE RADIODIFUSORAS DE MEXICO, S.A. DE C.V.",ANTENA 3,SI,NO
2024,P12,"CONSORCIO DE RADIODIFUSORAS DE MEXICO, S.A. DE C.V.",EXA TV,SI,NO
2024,P12,"CONSORCIO DE RADIODIFUSORAS DE MEXICO, S.A. DE C.V.",MULTIPREMIER,SI,NO
2024,P12,"CONSORCIO DE RADIODIFUSORAS DE MEXICO, S.A. DE C.V.",CINELATINO,SI,NO
2024,P12,"CONSORCIO DE RADIODIFUSORAS DE MEXICO, S.A. DE C.V.",MULTICINEMA,SI,NO
2024,P12,LUIS MAURICIO ORELLAN GONZALEZ,MVSTV,SI,NO
2024,P12,LUIS MAURICIO ORELLAN GONZALEZ,ANTENA 3,SI,NO
2024,P12,LUIS MAURICIO ORELLAN GONZALEZ,EXA TV,SI,NO
2024,P12,LUIS MAURICIO ORELLAN GONZALEZ,MULTIPREMIER,SI,NO
2024,P12,LUIS MAURICIO ORELLAN GONZALEZ,CINELATINO,SI,NO
2024,P12,LUIS MAURICIO ORELLAN GONZALEZ,MULTICINEMA,SI,NO
2024,P12,ALEJANDRO MOTA MORALES,ANTENA 3,SI,NO
2024,P12,ALEJANDRO MOTA MORALES,CINELATINO,SI,NO
2024,P12,ALEJANDRO MOTA MORALES,EXA TV,SI,NO
2024,P12,ALEJANDRO MOTA MORALES,MVSTV,SI,NO
2024,P12,ALEJANDRO MOTA MORALES,MULTIPREMIER,SI,NO
2024,P12,ALEJANDRO MOTA MORALES,MULTICINEMA,SI,NO
2024,P12,MARIA EUGENIA SANCHEZ ESPINOLA,ANTENA 3,SI,NO
2024,P12,MARIA EUGENIA SANCHEZ ESPINOLA,CINELATINO,SI,NO
2024,P12,MARIA EUGENIA SANCHEZ ESPINOLA,EXA TV,SI,NO
2024,P12,MARIA EUGENIA SANCHEZ ESPINOLA,MULTICINEMA,SI,NO
2024,P12,MARIA EUGENIA SANCHEZ ESPINOLA,MULTIPREMIER,SI,NO
2024,P12,MARIA EUGENIA SANCHEZ ESPINOLA,MVSTV,SI,NO
2024,P12,TELECABLE DE CALIMAYA S.A. DE C.V.,ANTENA 3,SI,NO
2024,P12,TELECABLE DE CALIMAYA S.A. DE C.V.,CINELATINO,SI,NO
2024,P12,TELECABLE DE CALIMAYA S.A. DE C.V.,MULTICINEMA,SI,NO
2024,P12,TELECABLE DE CALIMAYA S.A. DE C.V.,MULTIPREMIER,SI,NO
2024,P12,TELECABLE DE CALIMAYA S.A. DE C.V.,MVSTV,SI,NO
2024,P12,TELECABLE DE CALIMAYA S.A. DE C.V.,EXA TV,SI,NO
2024,P12,OPTICABLE S.A. DE C.V.,ANTENA 3,SI,NO
2024,P12,OPTICABLE S.A. DE C.V.,MVSTV,SI,NO
2024,P12,OPTICABLE S.A. DE C.V.,CINELATINO,SI,NO
2024,P12,OPTICABLE S.A. DE C.V.,MULTICINEMA,SI,NO
2024,P12,OPTICABLE S.A. DE C.V.,MULTIPREMIER,SI,NO
2024,P12,OPTICABLE S.A. DE C.V.,EXA TV,SI,NO
2024,P12,OPTICABLE S.A. DE C.V.,LA MEJOR TV,SI,NO
2024,P12,JUAN RACIEL TORRESCANO MONTIEL,ANTENA 3,SI,NO
2024,P12,JUAN RACIEL TORRESCANO MONTIEL,MVSTV,SI,NO
2024,P12,JUAN RACIEL TORRESCANO MONTIEL,CINELATINO,SI,NO
2024,P12,JUAN RACIEL TORRESCANO MONTIEL,MULTICINEMA,SI,NO
2024,P12,JUAN RACIEL TORRESCANO MONTIEL,MULTIPREMIER,SI,NO
2024,P12,JUAN RACIEL TORRESCANO MONTIEL,LA MEJOR TV,SI,NO
2024,P12,JUAN RACIEL TORRESCANO MONTIEL,EXA TV,SI,NO
2024,P12,FUENTES Y FUENTES TELECOM S.A. DE C.V.,ANTENA 3,SI,NO
2024,P12,FUENTES Y FUENTES TELECOM S.A. DE C.V.,MVSTV,SI,NO
2024,P12,FUENTES Y FUENTES TELECOM S.A. DE C.V.,CINELATINO,SI,NO
2024,P12,FUENTES Y FUENTES TELECOM S.A. DE C.V.,EXA TV,SI,NO
2024,P12,FUENTES Y FUENTES TELECOM S.A. DE C.V.,MULTIPREMIER,SI,NO
2024,P12,FUENTES Y FUENTES TELECOM S.A. DE C.V.,MULTICINEMA,SI,NO
2024,P12,FUENTES Y FUENTES TELECOM S.A. DE C.V.,LA MEJOR TV,SI,NO
2024,P12,"SERVICIOS INMOBILIARIOS TIERRA MOJADA, S.A. DE C.V.",MVSTV,SI,NO
2024,P12,"SERVICIOS INMOBILIARIOS TIERRA MOJADA, S.A. DE C.V.",MULTIPREMIER,SI,NO
2024,P12,"SERVICIOS INMOBILIARIOS TIERRA MOJADA, S.A. DE C.V.",MULTICINEMA,SI,NO
2024,P12,"SERVICIOS INMOBILIARIOS TIERRA MOJADA, S.A. DE C.V.",CINELATINO,SI,NO
2024,P12,TELESISTEMAS Y REDES MEXIQUENSES S.A. DE C.V.,CINELATINO,SI,NO
2024,P12,TELESISTEMAS Y REDES MEXIQUENSES S.A. DE C.V.,MULTIPREMIER HD,SI,NO
2024,P12,TELESISTEMAS Y REDES MEXIQUENSES S.A. DE C.V.,MULTICINEMA HD,SI,NO
2024,P12,CABLEVISTA TELECOMUNICACIONES S.A. DE C.V.,MULTIPREMIER,SI,NO
2024,P12,CABLEVISTA TELECOMUNICACIONES S.A. DE C.V.,ANTENA 3,SI,NO
2024,P12,CABLEVISTA TELECOMUNICACIONES S.A. DE C.V.,MULTICINEMA,SI,NO
2024,P12,CABLEVISTA TELECOMUNICACIONES S.A. DE C.V.,EXA TV,SI,NO
2024,P12,CABLEVISTA TELECOMUNICACIONES S.A. DE C.V.,MVSTV,SI,NO
2024,P12,CABLEVISTA TELECOMUNICACIONES S.A. DE C.V.,CINELATINO,SI,NO
2024,P12,CABLEVISTA TELECOMUNICACIONES S.A. DE C.V.,LA MEJOR TV,SI,NO
2024,P12,"INTERCOMUNICACIONES URYME DEL VALLE, S.A. DE C.V.",CINELATINO,SI,NO
2024,P12,"INTERCOMUNICACIONES URYME DEL VALLE, S.A. DE C.V.",MULTICINEMA,SI,NO
2024,P12,"INTERCOMUNICACIONES URYME DEL VALLE, S.A. DE C.V.",EXA TV,SI,NO
2024,P12,"INTERCOMUNICACIONES URYME DEL VALLE, S.A. DE C.V.",MVSTV,SI,NO
2024,P12,"INTERCOMUNICACIONES URYME DEL VALLE, S.A. DE C.V.",MULTIPREMIER,SI,NO
2024,P12,ESTHER LEDESMA MENDEZ,EXA TV,SI,NO
2024,P12,ESTHER LEDESMA MENDEZ,MULTIPREMIER,SI,NO
2024,P12,ESTHER LEDESMA MENDEZ,MULTICINEMA,SI,NO
2024,P12,ESTHER LEDESMA MENDEZ,ANTENA 3,SI,NO
2024,P12,ESTHER LEDESMA MENDEZ,LA MEJOR TV,SI,NO
2024,P12,ESTHER LEDESMA MENDEZ,CINELATINO,SI,NO
2024,P12,ESTHER LEDESMA MENDEZ,MVSTV,SI,NO
2024,P12,BERNABE ENRIQUEZ MONROY,ANTENA 3,SI,NO
2024,P12,BERNABE ENRIQUEZ MONROY,LA MEJOR TV,SI,NO
2024,P12,BERNABE ENRIQUEZ MONROY,MVSTV,SI,NO
2024,P12,BERNABE ENRIQUEZ MONROY,MULTIPREMIER,SI,NO
2024,P12,BERNABE ENRIQUEZ MONROY,EXA TV,SI,NO
2024,P12,BERNABE ENRIQUEZ MONROY,CINELATINO,SI,NO
2024,P12,BERNABE ENRIQUEZ MONROY,MULTICINEMA,SI,NO
2024,P12,ANA BELEN RAMIREZ GUTIERREZ,MULTIPREMIER,SI,NO
2024,P12,ANA BELEN RAMIREZ GUTIERREZ,EXA TV,SI,NO
2024,P12,ANA BELEN RAMIREZ GUTIERREZ,MULTICINEMA,SI,NO
2024,P12,ANA BELEN RAMIREZ GUTIERREZ,ANTENA 3,SI,NO
2024,P12,ANA BELEN RAMIREZ GUTIERREZ,MVSTV,SI,NO
2024,P12,ANA BELEN RAMIREZ GUTIERREZ,CINELATINO,SI,NO
2024,P12,"CABLE SISTEMAS DE GUERRERO, S.A. DE C.V.",ANTENA 3,SI,NO
2024,P12,"CABLE SISTEMAS DE GUERRERO, S.A. DE C.V.",MULTICINEMA,SI,NO
2024,P12,"CABLE SISTEMAS DE GUERRERO, S.A. DE C.V.",MVSTV,SI,NO
2024,P12,"CABLE SISTEMAS DE GUERRERO, S.A. DE C.V.",MULTIPREMIER,SI,NO
2024,P12,"CABLE SISTEMAS DE GUERRERO, S.A. DE C.V.",EXA TV,SI,NO
2024,P12,"CABLE SISTEMAS DE GUERRERO, S.A. DE C.V.",CINELATINO,SI,NO
2024,P12,SANDRA MIREA MERAZ PONCE,MVSTV,SI,NO
2024,P12,SANDRA MIREA MERAZ PONCE,MULTIPREMIER,SI,NO
2024,P12,SANDRA MIREA MERAZ PONCE,MULTICINEMA,SI,NO
2024,P12,SANDRA MIREA MERAZ PONCE,CINELATINO,SI,NO
2024,P12,SANDRA MIREA MERAZ PONCE,ANTENA 3,SI,NO
2024,P12,SANDRA MIREA MERAZ PONCE,EXA TV,SI,NO
2024,P12,BRENDA TERESA LEAL VEGA,EXA TV,SI,NO
2024,P12,BRENDA TERESA LEAL VEGA,ANTENA 3,SI,NO
2024,P12,BRENDA TERESA LEAL VEGA,CINELATINO,SI,NO
2024,P12,BRENDA TERESA LEAL VEGA,MULTICINEMA,SI,NO
2024,P12,BRENDA TERESA LEAL VEGA,MULTIPREMIER,SI,NO
2024,P12,BRENDA TERESA LEAL VEGA,MVSTV,SI,NO
2024,P12,"EDITORIAL EL EXPRESO DE Q.ROO, S.A. DE C.V.",MULTICINEMA,SI,NO
2024,P12,"EDITORIAL EL EXPRESO DE Q.ROO, S.A. DE C.V.",EXA TV,SI,NO
2024,P12,"EDITORIAL EL EXPRESO DE Q.ROO, S.A. DE C.V.",MVSTV,SI,NO
2024,P12,"EDITORIAL EL EXPRESO DE Q.ROO, S.A. DE C.V.",ANTENA 3,SI,NO
2024,P12,"EDITORIAL EL EXPRESO DE Q.ROO, S.A. DE C.V.",MULTIPREMIER,SI,NO
2024,P12,"EDITORIAL EL EXPRESO DE Q.ROO, S.A. DE C.V.",CINELATINO,SI,NO
2024,P12,"EDITORIAL EL EXPRESO DE Q.ROO, S.A. DE C.V.",LA MEJOR TV,SI,NO
2024,P12,GIGACABLE DE AGUASCALIENTES S.A. DE C.V.,ANTENA 3,SI,NO
2024,P12,JORGE ALBERTO MORALES TOLEDO,ANTENA 3,SI,NO
2024,P12,JORGE ALBERTO MORALES TOLEDO,MULTIPREMIER,SI,NO
2024,P12,JORGE ALBERTO MORALES TOLEDO,MVSTV,SI,NO
2024,P12,JORGE ALBERTO MORALES TOLEDO,CINELATINO,SI,NO
2024,P12,JORGE ALBERTO MORALES TOLEDO,EXA TV,SI,NO
2024,P12,JORGE ALBERTO MORALES TOLEDO,MULTICINEMA,SI,NO
2024,P12,JORGE ALBERTO MORALES TOLEDO,LA MEJOR TV,SI,NO
2024,P12,FERNANDO SAHAGUN PELAYO,ANTENA 3,SI,NO
2024,P12,FERNANDO SAHAGUN PELAYO,CINELATINO,SI,NO
2024,P12,FERNANDO SAHAGUN PELAYO,MULTICINEMA,SI,NO
2024,P12,FERNANDO SAHAGUN PELAYO,MULTIPREMIER,SI,NO
2024,P12,FERNANDO SAHAGUN PELAYO,MVSTV,SI,NO
2024,P12,FERNANDO SAHAGUN PELAYO,EXA TV,SI,NO
2024,P12,GUILLERMO GARZA CASTILLO,CINELATINO,SI,NO
2024,P12,GUILLERMO GARZA CASTILLO,EXA TV,SI,NO
2024,P12,GUILLERMO GARZA CASTILLO,MVSTV,SI,NO
2024,P12,GUILLERMO GARZA CASTILLO,MULTIPREMIER,SI,NO
2024,P12,GUILLERMO GARZA CASTILLO,ANTENA 3,SI,NO
2024,P12,GUILLERMO GARZA CASTILLO,MULTICINEMA,SI,NO
2024,P12,VALLE TV SA DE CV,MVSTV,SI,NO
2024,P12,VALLE TV SA DE CV,MULTIPREMIER,SI,NO
2024,P12,VALLE TV SA DE CV,MULTICINEMA,SI,NO
2024,P12,VALLE TV SA DE CV,CINELATINO,SI,NO
2024,P12,VALLE TV SA DE CV,ANTENA 3,SI,NO
2024,P12,VALLE TV SA DE CV,EXA TV,SI,NO
2024,P12,VALLE TV SA DE CV,LA MEJOR TV,SI,NO
2024,P12,COMERCIALIZADORA GIRNET SA DE CV,MULTIPREMIER,SI,NO
2024,P12,COMERCIALIZADORA GIRNET SA DE CV,MULTICINEMA,SI,NO
2024,P12,COMERCIALIZADORA GIRNET SA DE CV,ANTENA 3,SI,NO
2024,P12,COMERCIALIZADORA GIRNET SA DE CV,LA MEJOR TV,SI,NO
2024,P12,COMERCIALIZADORA GIRNET SA DE CV,CINELATINO,SI,NO
2024,P12,COMERCIALIZADORA GIRNET SA DE CV,EXA TV,SI,NO
2024,P12,COMERCIALIZADORA GIRNET SA DE CV,MVSTV,SI,NO
2024,P12,JAVIER MORENO LOPEZ,CINELATINO,SI,NO
2024,P12,JAVIER MORENO LOPEZ,MULTICINEMA,SI,NO
2024,P12,JAVIER MORENO LOPEZ,MULTIPREMIER,SI,NO
2024,P12,JAVIER MORENO LOPEZ,MVSTV,SI,NO
2024,P12,JAVIER MORENO LOPEZ,EXA TV,SI,NO
2024,P12,JAVIER MORENO LOPEZ,ANTENA 3,SI,NO
2024,P12,JOSE FERNANDO QUINTERO ALONSO,EXA TV,SI,NO
2024,P12,JOSE FERNANDO QUINTERO ALONSO,MVSTV,SI,NO
2024,P12,JOSE FERNANDO QUINTERO ALONSO,MULTIPREMIER,SI,NO
2024,P12,JOSE FERNANDO QUINTERO ALONSO,MULTICINEMA,SI,NO
2024,P12,JOSE FERNANDO QUINTERO ALONSO,ANTENA 3,SI,NO
2024,P12,JOSE FERNANDO QUINTERO ALONSO,CINELATINO,SI,NO
2024,P12,FRIDA ALVAREZ LEON,EXA TV,SI,NO
2024,P12,FRIDA ALVAREZ LEON,CINELATINO,SI,NO
2024,P12,FRIDA ALVAREZ LEON,ANTENA 3,SI,NO
2024,P12,FRIDA ALVAREZ LEON,MULTICINEMA,SI,NO
2024,P12,FRIDA ALVAREZ LEON,MVSTV,SI,NO
2024,P12,FRIDA ALVAREZ LEON,MULTIPREMIER,SI,NO
2024,P12,GRUPO W COM SA DE CV,CINELATINO,SI,NO
2024,P12,GRUPO W COM SA DE CV,ANTENA 3,SI,NO
2024,P12,GRUPO W COM SA DE CV,LA MEJOR TV,SI,NO
2024,P12,GRUPO W COM SA DE CV,EXA TV,SI,NO
2024,P12,JESUS ALFREDO MOLINA MOLINA,MULTIPREMIER,SI,NO
2024,P12,JESUS ALFREDO MOLINA MOLINA,MULTICINEMA,SI,NO
2024,P12,JESUS ALFREDO MOLINA MOLINA,CINELATINO,SI,NO
2024,P12,JESUS ALFREDO MOLINA MOLINA,EXA TV,SI,NO
2024,P12,JESUS ALFREDO MOLINA MOLINA,ANTENA 3,SI,NO
2024,P12,JESUS ALFREDO MOLINA MOLINA,LA MEJOR TV,SI,NO
2024,P12,JESUS ALFREDO MOLINA MOLINA,MVSTV,SI,NO
2024,P12,TELECABLE DE CORTAZAR SA DE CV,ANTENA 3,SI,NO
2024,P12,TELECABLE DE CORTAZAR SA DE CV,MULTIPREMIER,SI,NO
2024,P12,TELECABLE DE CORTAZAR SA DE CV,LA MEJOR TV,SI,NO
2024,P12,TELECABLE DE CORTAZAR SA DE CV,EXA TV,SI,NO
2024,P12,TELECABLE DE CORTAZAR SA DE CV,MVSTV,SI,NO
2024,P12,TELECABLE DE CORTAZAR SA DE CV,CINELATINO,SI,NO
2024,P12,TELECABLE DE CORTAZAR SA DE CV,MULTICINEMA,SI,NO
2024,P12,CLAUDIA ANGELICA MALDONADO ARCE,MULTIPREMIER,SI,NO
2024,P12,CLAUDIA ANGELICA MALDONADO ARCE,MVSTV,SI,NO
2024,P12,CLAUDIA ANGELICA MALDONADO ARCE,CINELATINO,SI,NO
2024,P12,CLAUDIA ANGELICA MALDONADO ARCE,MULTICINEMA,SI,NO
2024,P12,MIGUEL ANGEL HERRERA HAU,MULTICINEMA,SI,NO
2024,P12,MIGUEL ANGEL HERRERA HAU,CINELATINO,SI,NO
2024,P12,MIGUEL ANGEL HERRERA HAU,MVSTV,SI,NO
2024,P12,MIGUEL ANGEL HERRERA HAU,MULTIPREMIER,SI,NO
2024,P12,NORMA GUTIERREZ FONG,MVSTV,SI,NO
2024,P12,NORMA GUTIERREZ FONG,MULTIPREMIER,SI,NO
2024,P12,NORMA GUTIERREZ FONG,CINELATINO,SI,NO
2024,P12,NORMA GUTIERREZ FONG,ANTENA 3,SI,NO
2024,P12,NORMA GUTIERREZ FONG,MULTICINEMA,SI,NO
2024,P12,NORMA GUTIERREZ FONG,EXA TV,SI,NO
2024,P12,NORMA GUTIERREZ FONG,LA MEJOR TV,SI,NO
2024,P12,OPERADORA BAPA SA DE CV,ANTENA 3,SI,NO
2024,P12,OPERADORA BAPA SA DE CV,MULTIPREMIER HD,SI,NO
2024,P12,OPERADORA BAPA SA DE CV,CINELATINO,SI,NO
2024,P12,OPERADORA BAPA SA DE CV,MVSTV HD,SI,NO
2024,P12,OPERADORA BAPA SA DE CV,MULTICINEMA HD,SI,NO
2024,P12,GUADALUPE PHOLETT DOMINGUEZ BOLAÑOS,MULTICINEMA,SI,NO
2024,P12,GUADALUPE PHOLETT DOMINGUEZ BOLAÑOS,EXA TV,SI,NO
2024,P12,GUADALUPE PHOLETT DOMINGUEZ BOLAÑOS,CINELATINO,SI,NO
2024,P12,GUADALUPE PHOLETT DOMINGUEZ BOLAÑOS,MULTIPREMIER,SI,NO
2024,P12,GUADALUPE PHOLETT DOMINGUEZ BOLAÑOS,MVSTV,SI,NO
2024,P12,LUCIA ARMENTA GUZMAN,MULTIPREMIER,SI,NO
2024,P12,LUCIA ARMENTA GUZMAN,ANTENA 3,SI,NO
2024,P12,LUCIA ARMENTA GUZMAN,LA MEJOR TV,SI,NO
2024,P12,LUCIA ARMENTA GUZMAN,MVSTV,SI,NO
2024,P12,LUCIA ARMENTA GUZMAN,CINELATINO,SI,NO
2024,P12,LUCIA ARMENTA GUZMAN,EXA TV,SI,NO
2024,P12,LUCIA ARMENTA GUZMAN,MULTICINEMA,SI,NO
2024,P12,JACE TELECOM SA DE CV,MULTIPREMIER,SI,NO
2024,P12,JACE TELECOM SA DE CV,MULTICINEMA,SI,NO
2024,P12,JACE TELECOM SA DE CV,LA MEJOR TV,SI,NO
2024,P12,JACE TELECOM SA DE CV,EXA TV,SI,NO
2024,P12,JACE TELECOM SA DE CV,CINELATINO,SI,NO
2024,P12,JACE TELECOM SA DE CV,ANTENA 3,SI,NO
2024,P12,JACE TELECOM SA DE CV,MVSTV,SI,NO
2024,P12,LUIS DANIEL SOTO RAMIREZ,MULTICINEMA HD,SI,NO
2024,P12,LUIS DANIEL SOTO RAMIREZ,MULTIPREMIER HD,SI,NO
2024,P12,LUIS DANIEL SOTO RAMIREZ,EXA TV,SI,NO
2024,P12,LUIS DANIEL SOTO RAMIREZ,LA MEJOR TV,SI,NO
2024,P12,LUIS DANIEL SOTO RAMIREZ,MVSTV,SI,NO
2024,P12,LUIS DANIEL SOTO RAMIREZ,CINELATINO,SI,NO
2024,P12,LUIS DANIEL SOTO RAMIREZ,ANTENA 3,SI,NO
2024,P12,MAGNOLIA MADRIGAL LEYVA,MVSTV,SI,NO
2024,P12,MAGNOLIA MADRIGAL LEYVA,MULTICINEMA HD,SI,NO
2024,P12,MAGNOLIA MADRIGAL LEYVA,MULTIPREMIER HD,SI,NO
2024,P12,MAGNOLIA MADRIGAL LEYVA,ANTENA 3,SI,NO
2024,P12,MAGNOLIA MADRIGAL LEYVA,CINELATINO,SI,NO
2024,P12,MAGNOLIA MADRIGAL LEYVA,LA MEJOR TV,SI,NO
2024,P12,MAGNOLIA MADRIGAL LEYVA,EXA TV,SI,NO
2024,P12,SUSANA CAMILO GUILLEN,MULTICINEMA HD,SI,NO
2024,P12,SUSANA CAMILO GUILLEN,MULTIPREMIER HD,SI,NO
2024,P12,SUSANA CAMILO GUILLEN,CINELATINO,SI,NO
2024,P12,CARDIK COMUNICACIONES SA DE CV,CINELATINO,SI,NO
2024,P12,CARDIK COMUNICACIONES SA DE CV,MULTIPREMIER HD,SI,NO
2024,P12,CARDIK COMUNICACIONES SA DE CV,MVSTV,SI,NO
2024,P12,"CABLE MAX, S. R. L.",EXA TV,SI,NO
2024,P12,"CABLE MAX, S. R. L.",ANTENA 3,SI,NO
2024,P12,"CABLE MAX, S. R. L.",MULTIPREMIER,SI,NO
2024,P12,"ESTESA, S.A.",MULTIPREMIER,SI,NO
2024,P12,"ESTESA, S.A.",ANTENA 3,SI,NO
2024,P12,CABLEMAGICO CIA LTDA,MULTIPREMIER,SI,NO
2024,P12,"ORBIT CABLE, S.A.",MULTIPREMIER,SI,NO
2024,P12,"ORBIT CABLE, S.A.",MULTICINEMA HD,SI,NO
2024,P12,"SUPERCABLE ALK INTERNACIONAL, SA",MULTIPREMIER HD,SI,NO
2024,P12,"SUPERCABLE ALK INTERNACIONAL, SA",ANTENA 3,SI,NO
2024,P12,"CORPORACION TELEMIC, C.A.",ANTENA 3,SI,NO
2024,P12,"CORPORACION TELEMIC, C.A.",MULTIPREMIER HD,SI,NO
2024,P12,CABLE SATELITE S. DE R.L. DE C.V.,MULTIPREMIER,SI,NO
2024,P12,CABLE SATELITE S. DE R.L. DE C.V.,ANTENA 3,SI,NO
2024,P12,CABLE SATELITE S. DE R.L. DE C.V.,MULTICINEMA HD,SI,NO
2024,P12,"CORPORACION VISUAL NUEVA ESPARTA, C.A.",MULTIPREMIER HD,SI,NO
2024,P12,"CORPORACION VISUAL NUEVA ESPARTA, C.A.",MULTICINEMA HD,SI,NO
2024,P12,"CORPORACION VISUAL NUEVA ESPARTA, C.A.",ANTENA 3,SI,NO
2024,P12,"CORPORACION VISUAL NUEVA ESPARTA, C.A.",EXA TV,SI,NO
2024,P12,ECONOCABLE PERU S.A.C.,MULTIPREMIER,SI,NO
2024,P12,TV MUSIC HOUSE JUJUY SRL,MULTIPREMIER,SI,NO
2024,P12,COLOMBIA TELECOMUNICACIONES S.A ESP BIC,ANTENA 3,SI,NO
2024,P12,"EMPRESA NICARAGUENSE DE TELECOMUNICACIONES, S.A",MULTIPREMIER,SI,NO
2024,P12,"EMPRESA NICARAGUENSE DE TELECOMUNICACIONES, S.A",EXA TV,SI,NO
2024,P12,"EMPRESA NICARAGUENSE DE TELECOMUNICACIONES, S.A",ANTENA 3,SI,NO
2024,P12,"EMPRESA NICARAGUENSE DE TELECOMUNICACIONES, S.A",MULTICINEMA HD,SI,NO
2024,P12,"SERVICIOS DE COMUNICACIONES DE HONDURAS, S.A.",EXA TV,SI,NO
2024,P12,"SERVICIOS DE COMUNICACIONES DE HONDURAS, S.A.",MULTIPREMIER,SI,NO
2024,P12,"SERVICIOS DE COMUNICACIONES DE HONDURAS, S.A.",ANTENA 3,SI,NO
2024,P12,"SERVICIOS DE COMUNICACIONES DE HONDURAS, S.A.",MULTICINEMA HD,SI,NO
2024,P12,COMPANIA DE TELECOMUNICACIONES DE EL SALVADOR S.A DE C.V,MULTIPREMIER,SI,NO
2024,P12,COMPANIA DE TELECOMUNICACIONES DE EL SALVADOR S.A DE C.V,EXA TV,SI,NO
2024,P12,COMPANIA DE TELECOMUNICACIONES DE EL SALVADOR S.A DE C.V,ANTENA 3,SI,NO
2024,P12,COMPANIA DE TELECOMUNICACIONES DE EL SALVADOR S.A DE C.V,MULTICINEMA HD,SI,NO
2024,P12,"COMPANIA DOMINICANA DE TELEFONOS, S.A.",MULTIPREMIER,SI,NO
2024,P12,"COMPANIA DOMINICANA DE TELEFONOS, S.A.",EXA TV,SI,NO
2024,P12,"COMPANIA DOMINICANA DE TELEFONOS, S.A.",ANTENA 3,SI,NO
2024,P12,NETUNO C.A.,ANTENA 3,SI,NO
2024,P12,NETUNO C.A.,MULTIPREMIER HD,SI,NO
2024,P12,"TELECOMUNICACIONES DE GUATEMALA, S.A.",MULTIPREMIER,SI,NO
2024,P12,"TELECOMUNICACIONES DE GUATEMALA, S.A.",EXA TV,SI,NO
2024,P12,"TELECOMUNICACIONES DE GUATEMALA, S.A.",ANTENA 3,SI,NO
2024,P12,"TELECOMUNICACIONES DE GUATEMALA, S.A.",MULTICINEMA HD,SI,NO
2024,P12,CLARO CR TELECOMUNICACIONES S.A.,MULTIPREMIER,SI,NO
2024,P12,CLARO CR TELECOMUNICACIONES S.A.,EXA TV,SI,NO
2024,P12,CLARO CR TELECOMUNICACIONES S.A.,ANTENA 3,SI,NO
2024,P12,CLARO CR TELECOMUNICACIONES S.A.,MULTICINEMA HD,SI,NO
2024,P12,PUERTO RICO TELEPHONE COMPANY INC.,EXA TV,SI,NO
2024,P12,CLARO COMUNICACIONES S.A.,MULTIPREMIER,SI,NO
2024,P12,PRONOVISION C.A.,MULTICINEMA HD,SI,NO
2024,P12,PRONOVISION C.A.,ANTENA 3,SI,NO
2024,P12,PRONOVISION C.A.,MULTIPREMIER HD,SI,NO
2024,P12,"CABLE & WIRELESS PANAMA, SA",ANTENA 3,SI,NO
2024,P12,"CABLE & WIRELESS PANAMA, SA",EXA TV,SI,NO
2024,P12,"CABLE & WIRELESS PANAMA, SA",MULTIPREMIER,SI,NO
2024,P12,"CABLE & WIRELESS PANAMA, SA",MULTIPREMIER HD,SI,NO
2024,P12,CORPORACION NACIONAL DE TELECOMUNICACIONES CNT EP,ANTENA 3,SI,NO
2024,P12,TELE VVD SAS,MULTIPREMIER,SI,NO
2024,P12,"GRUTEL, CA",ANTENA 3,SI,NO
2024,P12,"GRUTEL, CA",MULTICINEMA HD,SI,NO
2024,P12,"GRUTEL, CA",MULTIPREMIER HD,SI,NO
2024,P12,"GRUTEL, CA",EXA TV,SI,NO
2024,P12,AMERICA MOVIL PERU SAC,MULTIPREMIER,SI,NO
2024,P12,AMERICA MOVIL PERU SAC,ANTENA 3,SI,NO
2024,P12,"TRINIDAD VIDEO CABLE, S.A.",MULTIPREMIER,SI,NO
2024,P12,EMCALI EICE ESP,ANTENA 3,SI,NO
2024,P12,EMCALI EICE ESP,MULTIPREMIER,SI,NO
2024,P12,EMCALI EICE ESP,MULTICINEMA HD,SI,NO
2024,P12,EMPRESA DE TELECOMUNICACIONES DE BOGOTA SA ESP PUDIENDO IDENTIFICARSE PARA TODOS LOS EFECTOS CON LA SIGLA ETB S.A. E.S.P,ANTENA 3,SI,NO
2024,P12,EMPRESA DE TELECOMUNICACIONES DE BOGOTA SA ESP PUDIENDO IDENTIFICARSE PARA TODOS LOS EFECTOS CON LA SIGLA ETB S.A. E.S.P,MULTIPREMIER,SI,NO
2024,P12,"COOPERATIVA DE ELECTRIFICACION RURAL LOS SANTOS R L,",MULTIPREMIER,SI,NO
2024,P12,"COOPERATIVA DE ELECTRIFICACION RURAL LOS SANTOS R L,",ANTENA 3,SI,NO
2024,P12,TELE COTUI S.R.L,ANTENA 3,SI,NO
2024,P12,TELE COTUI S.R.L,MULTIPREMIER,SI,NO
2024,P12,"PAN AMERICAN CABLE TV,C.A.",EXA TV,SI,NO
2024,P12,"PAN AMERICAN CABLE TV,C.A.",ANTENA 3,SI,NO
2024,P12,"SOCIEDAD TELEVISIVA CABLE SANTA JUANA, LTDA.",MULTIPREMIER,SI,NO
2024,P12,"SOCIEDAD TELEVISIVA CABLE SANTA JUANA, LTDA.",EXA TV,SI,NO
2024,P12,TV CABLE MAS LIMITADA,MULTIPREMIER HD,SI,NO
2024,P12,TV CABLE MAS LIMITADA,MULTICINEMA HD,SI,NO
2024,P12,TV CABLE MAS LIMITADA,EXA TV,SI,NO
2024,P12,TU VES SA,MULTIPREMIER,SI,NO
2024,P12,SERVIVALLEBLEK CIA LTDA,MULTIPREMIER,SI,NO
2024,P12,"COMPANIA NICARAGUENSE DE COMUNICACIONES, S.A.",MULTIPREMIER,SI,NO
2024,P12,"COMPANIA NICARAGUENSE DE COMUNICACIONES, S.A.",MULTICINEMA HD,SI,NO
2024,P12,"COMPANIA NICARAGUENSE DE COMUNICACIONES, S.A.",ANTENA 3,SI,NO
2024,P12,CABLESPEED CIA LTDA,EXA TV,SI,NO
2024,P12,CABLESPEED CIA LTDA,MULTIPREMIER,SI,NO
2024,P12,CABLESPEED CIA LTDA,ANTENA 3,SI,NO
2024,P12,TUVES TV SATELITAL BOLIVIA SA,MULTIPREMIER,SI,NO
2024,P12,"GRAFTELCOM TELECOMUNICACIONES Y TELEMETRIA, LTDA.",MULTICINEMA HD,SI,NO
2024,P12,"GRAFTELCOM TELECOMUNICACIONES Y TELEMETRIA, LTDA.",EXA TV,SI,NO
2024,P12,"GRAFTELCOM TELECOMUNICACIONES Y TELEMETRIA, LTDA.",MULTIPREMIER,SI,NO
2024,P12,"GRAFTELCOM TELECOMUNICACIONES Y TELEMETRIA, LTDA.",LA MEJOR TV,SI,NO
2024,P12,COLOMBIA MAS TV SAS,MULTIPREMIER,SI,NO
2024,P12,COLOMBIA MAS TV SAS,MULTICINEMA HD,SI,NO
2024,P12,CODISERT SA,MULTIPREMIER,SI,NO
2024,P12,CODISERT SA,MULTICINEMA HD,SI,NO
2024,P12,SISTEMAS GLOBALES DE COMUNICACIÓN HCGLOBAL S.A.,ANTENA 3,SI,NO
2024,P12,SISTEMAS GLOBALES DE COMUNICACIÓN HCGLOBAL S.A.,MULTIPREMIER,SI,NO
2024,P12,CONSORCIO ECUATORIANO DE TELECOMUNICACIONES SA CONECEL,MULTIPREMIER,SI,NO
2024,P12,CONSORCIO ECUATORIANO DE TELECOMUNICACIONES SA CONECEL,ANTENA 3,SI,NO
2024,P12,MAYAVISION S DE RL,ANTENA 3,SI,NO
2024,P12,MAYAVISION S DE RL,MULTICINEMA HD,SI,NO
2024,P12,MAYAVISION S DE RL,MULTIPREMIER HD,SI,NO
2024,P12,TELECABLE S.A.,ANTENA 3,SI,NO
2024,P12,TELECABLE S.A.,MULTIPREMIER,SI,NO
2024,P12,TELECABLE S.A.,EXA TV,SI,NO
2024,P12,GIRONYCHABELO TELECOMUNICACIONES DEL SUR S.A.,ANTENA 3,SI,NO
2024,P12,GIRONYCHABELO TELECOMUNICACIONES DEL SUR S.A.,MULTIPREMIER,SI,NO
2024,P12,JUAN ANTONIO PALMA ALONSO,EXA TV,SI,NO
2024,P12,JUAN ANTONIO PALMA ALONSO,ANTENA 3,SI,NO
2024,P12,JUAN ANTONIO PALMA ALONSO,MULTIPREMIER,SI,NO
2024,P12,ALTICE DOMINICANA S.A.,ANTENA 3,SI,NO
2024,P12,ALTICE DOMINICANA S.A.,MULTIPREMIER,SI,NO
2024,P12,PATRICIATEVE S.A.,ANTENA 3,SI,NO
2024,P12,TELECOMUNICACIONES ANDACOLLO LTDA,EXA TV,SI,NO
2024,P12,TELECOMUNICACIONES ANDACOLLO LTDA,MULTICINEMA HD,SI,NO
2024,P12,TELECOMUNICACIONES ANDACOLLO LTDA,MULTIPREMIER,SI,NO
2024,P12,INTERTV SATELITAL S.A.,ANTENA 3,SI,NO
2024,P12,HV TELEVISION SAS,MULTIPREMIER,SI,NO
2024,P12,BIOCABLE SUR E.I.R.L.,MULTICINEMA HD,SI,NO
2024,P12,BIOCABLE SUR E.I.R.L.,MULTIPREMIER,SI,NO
2024,P12,TRACTORAL S.A.,MULTIPREMIER,SI,NO
2024,P12,TRACTORAL S.A.,MULTICINEMA HD,SI,NO
2024,P12,"COMPANIA DE TELECOMUNICACIONES TELEMERIDIANO TECOMERIDIA, S.A.",MULTIPREMIER,SI,NO
2024,P12,"COMPANIA DE TELECOMUNICACIONES TELEMERIDIANO TECOMERIDIA, S.A.",ANTENA 3,SI,NO
2024,P12,COMUNICACION CELULAR S.A. COMCEL S.A.,MULTIPREMIER,SI,NO
2024,P12,COMUNICACION CELULAR S.A. COMCEL S.A.,ANTENA 3,SI,NO
2024,P12,TELEOPERADORA DEL NORDESTE SRL,ANTENA 3,SI,NO
2024,P12,SOL CABLE VISION S.A.S E.S.P,MULTIPREMIER,SI,NO
2024,P12,SOL CABLE VISION S.A.S E.S.P,MULTICINEMA HD,SI,NO
2024,P12,SOL CABLE VISION S.A.S E.S.P,ANTENA 3,SI,NO
2024,P12,"SOCIEDAD DE TELEVISION POR CABLE COSTA AZUL, LIMITADA",MULTIPREMIER,SI,NO
2024,P12,TELMODER TELECOMUNICACIONES MODERNAS SA,MULTICINEMA HD,SI,NO
2024,P12,TELMODER TELECOMUNICACIONES MODERNAS SA,MULTIPREMIER,SI,NO
2024,P12,TELMODER TELECOMUNICACIONES MODERNAS SA,ANTENA 3,SI,NO
2024,P12,SUPERCABLE TELECOMUNICACIONES S.A.S,MULTIPREMIER,SI,NO
2024,P12,COMMUNICATION MANAGEMENT SA,MULTIPREMIER,SI,NO
2024,P12,COMMUNICATION MANAGEMENT SA,ANTENA 3,SI,NO
2024,P12,COMMUNICATION MANAGEMENT SA,MULTICINEMA HD,SI,NO
2024,P12,COMMUNICATION MANAGEMENT SA,EXA TV,SI,NO
2024,P12,ZOENETV S.A.,MULTICINEMA HD,SI,NO
2024,P12,ZOENETV S.A.,ANTENA 3,SI,NO
2024,P12,ZOENETV S.A.,MULTIPREMIER,SI,NO
2024,P12,"LIBERTY SERVICIOS FIJOS LY, S.A.",ANTENA 3,SI,NO
2024,P12,"CORPORACION FIBEX TELECOM, C.A.",ANTENA 3,SI,NO
2024,P12,"CORPORACION FIBEX TELECOM, C.A.",MULTIPREMIER,SI,NO
2024,P12,VUBIQUITY MANAGEMENT LIMITED,MULTICINEMA HD,SI,NO
2024,P12,VUBIQUITY MANAGEMENT LIMITED,ANTENA 3,SI,NO
2024,P12,HUALAVISION MEDIOS SPA,LA MEJOR TV,SI,NO
2024,P12,HUALAVISION MEDIOS SPA,EXA TV,SI,NO
2024,P12,HUALAVISION MEDIOS SPA,MULTICINEMA,SI,NO
2024,P12,HUALAVISION MEDIOS SPA,MULTIPREMIER,SI,NO
2024,P12,AMERICANA DE PRODUCCIONES SA,ANTENA 3,SI,NO
2024,P12,AMERICANA DE PRODUCCIONES SA,MULTIPREMIER,SI,NO
2024,P12,AMERICANA DE PRODUCCIONES SA,LA MEJOR TV,SI,NO
2024,P12,AMERICANA DE PRODUCCIONES SA,EXA TV,SI,NO
2024,P12,AMERICANA DE PRODUCCIONES SA,MULTICINEMA HD,SI,NO
2024,P12,DATA TEC SOLUCIONES S.A.C,MULTICINEMA HD,SI,NO
2024,P12,DATA TEC SOLUCIONES S.A.C,MULTIPREMIER HD,SI,NO
