10:39:05  INFO      [MAIN] ── MODO REGISTRO: FASE 1: Validación de sesión ──
10:39:08  INFO      [OK] Sesion activa recuperada con exito.
10:39:08  INFO      [NAV] Navegando a Enlace Oficialia de Partes...
10:39:08  INFO      [OK] Tablero de Control cargado
10:39:10  INFO      [MAIN] Sesión validada para modo registro.
10:39:10  INFO      [LIST] Registros a procesar (1111): CRT26-027908, CRT26-027906, CRT26-027890, CRT26-027838, CRT26-027836, CRT26-027739, CRT26-027738, CRT26-027727, CRT26-027663, CRT26-027632, CRT26-027559, CRT26-027628, CRT26-027626, CRT26-027538, CRT26-027532, CRT26-027525, CRT26-027468, CRT26-027462, CRT26-027457, CRT26-027454, CRT26-027444, CRT26-027349, CRT26-027368, CRT26-027362, CRT26-027360, CRT26-027352, CRT26-027350, CRT26-027346, CRT26-027345, CRT26-027343, CRT26-027341, CRT26-027337, CRT26-027298, CRT26-027140, CRT26-027198, CRT26-027130, CRT26-027121, CRT26-027067, CRT26-026995, CRT26-026992, CRT26-026987, CRT26-026983, CRT26-026900, CRT26-026759, CRT26-026654, CRT26-026652, CRT26-026648, CRT26-026647, CRT26-026631, CRT26-026628, CRT26-026510, CRT26-026499, CRT26-026431, CRT26-026430, CRT26-026426, CRT26-026424, CRT26-026422, CRT26-026420, CRT26-026418, CRT26-026414, CRT26-026408, CRT26-026395, CRT26-026384, CRT26-026383, CRT26-026382, CRT26-026381, CRT26-026376, CRT26-026372, CRT26-026369, CRT26-026365, CRT26-026364, CRT26-026352, CRT26-026350, CRT26-026345, CRT26-026265, CRT26-026263, CRT26-026235, CRT26-026232, CRT26-026231, CRT26-026227, CRT26-026226, CRT26-026166, CRT26-026164, CRT26-025995, CRT26-026002, CRT26-025999, CRT26-025800, CRT26-025799, CRT26-025793, CRT26-025767, CRT26-025762, CRT26-021163, CRT26-021112, CRT26-021032, CRT26-021026, CRT26-021021, CRT26-020989, CRT26-020956, CRT26-020955, CRT26-020878, CRT26-020877, CRT26-020856, CRT26-020826, CRT26-020825, CRT26-020824, CRT26-020810, CRT26-020808, CRT26-020797, CRT26-020796, CRT26-020729, CRT26-020725, CRT26-020722, CRT26-020717, CRT26-020132, CRT26-020648, CRT26-020645, CRT26-020638, CRT26-020630, CRT26-020627, CRT26-020626, CRT26-020617, CRT26-020607, CRT26-020602, CRT26-020592, CRT26-020550, CRT26-020411, CRT26-020409, CRT26-020407, CRT26-020385, CRT26-020367, CRT26-020363, CRT26-020359, CRT26-020355, CRT26-019055, CRT26-019053, CRT26-019045, CRT26-018878, CRT26-018877, CRT26-018874, CRT26-018870, CRT26-018868, CRT26-018866, CRT26-018861, CRT26-018778, CRT26-018776, CRT26-018758, CRT26-018703, CRT26-018702, CRT26-018701, CRT26-018467, CRT26-018466, CRT26-018465, CRT26-018464, CRT26-018463, CRT26-018462, CRT26-018459, CRT26-018453, CRT26-018374, CRT26-018286, CRT26-017951, CRT26-017764, CRT26-017665, CRT26-017652, CRT26-017641, CRT26-017569, CRT26-017568, CRT26-017567, CRT26-017348, CRT26-017347, CRT26-017346, CRT26-017292, CRT26-017287, CRT26-017053, CRT26-016667, CRT26-016666, CRT26-016632, CRT26-016616, CRT26-015633, CRT26-015632, CRT26-016307, CRT26-015142, CRT26-015128, CRT26-015127, CRT26-015126, CRT26-015125, CRT26-016255, CRT26-016252, CRT26-015031, CRT26-015030, CRT26-015029, CRT26-015028, CRT26-016201, CRT26-016200, CRT26-016198, CRT26-016197, CRT26-016193, CRT26-016185, CRT26-016183, CRT26-016178, CRT26-015012, CRT26-015011, CRT26-015010, CRT26-016174, CRT26-016172, CRT26-016171, CRT26-016163, CRT26-014903, CRT26-014869, CRT26-014868, CRT26-014867, CRT26-016024, CRT26-015962, CRT26-015961, CRT26-015960, CRT26-015846, CRT26-015844, CRT26-015834, CRT26-015833, CRT26-014473, CRT26-014497, CRT26-014496, CRT26-014483, CRT26-014481, CRT26-014478, CRT26-014477, CRT26-014474, CRT26-014471, CRT26-014470, CRT26-014468, CRT26-014465, CRT26-014464, CRT26-014460, CRT26-015703, CRT26-015700, CRT26-015698, CRT26-015697, CRT26-015696, CRT26-015695, CRT26-015694, CRT26-015691, CRT26-015690, CRT26-015689, CRT26-015681, CRT26-015680, CRT26-014201, CRT26-014198, CRT26-014195, CRT26-014182, CRT26-015664, CRT26-015663, CRT26-015662, CRT26-015661, CRT26-015660, CRT26-015658, CRT26-015655, CRT26-012081, CRT26-012080, CRT26-012075, CRT26-012035, CRT26-012032, CRT26-012029, CRT26-013899, CRT26-013885, CRT26-013882, CRT26-013881, CRT26-013870, CRT26-013869, CRT26-011670, CRT26-011669, CRT26-011668, CRT26-011666, CRT26-011664, CRT26-011662, CRT26-011660, CRT26-011657, CRT26-011655, CRT26-011654, CRT26-011652, CRT26-013847, CRT26-011651, CRT26-011649, CRT26-011638, CRT26-011563, CRT26-013826, CRT26-013799, CRT26-013796, CRT26-011499, CRT26-011457, CRT26-013781, CRT26-013780, CRT26-013779, CRT26-013763, CRT26-013762, CRT26-011345, CRT26-011321, CRT26-011319, CRT26-011313, CRT26-013735, CRT26-013734, CRT26-011188, CRT26-011187, CRT26-011186, CRT26-011182, CRT26-011181, CRT26-011180, CRT26-011179, CRT26-011178, CRT26-011177, CRT26-011159, CRT26-011158, CRT26-011157, CRT26-011154, CRT26-011156, CRT26-011155, CRT26-011153, CRT26-011151, CRT26-011149, CRT26-011147, CRT26-011144, CRT26-011142, CRT26-011140, CRT26-011138, CRT26-011136, CRT26-011134, CRT26-011132, CRT26-011130, CRT26-011128, CRT26-011120, CRT26-013673, CRT26-013672, CRT26-013670, CRT26-013669, CRT26-013653, CRT26-013652, CRT26-013635, CRT26-013604, CRT26-013601, CRT26-013600, CRT26-010933, CRT26-013589, CRT26-013588, CRT26-013587, CRT26-013586, CRT26-013585, CRT26-013584, CRT26-013583, CRT26-010938, CRT26-013568, CRT26-013567, CRT26-013566, CRT26-013565, CRT26-010931, CRT26-013561, CRT26-013559, CRT26-013558, CRT26-013557, CRT26-013554, CRT26-013553, CRT26-013548, CRT26-013545, CRT26-010583, CRT26-013543, CRT26-013542, CRT26-013532, CRT26-013529, CRT26-013528, CRT26-010860, CRT26-013522, CRT26-013521, CRT26-013520, CRT26-013515, CRT26-013514, CRT26-010798, CRT26-013500, CRT26-013499, CRT26-013497, CRT26-010762, CRT26-013495, CRT26-010761, CRT26-013492, CRT26-010760, CRT26-013487, CRT26-013486, CRT26-013485, CRT26-010759, CRT26-013480, CRT26-013478, CRT26-010733, CRT26-010731, CRT26-010730, CRT26-010729, CRT26-010727, CRT26-010726, CRT26-013460, CRT26-013459, CRT26-013458, CRT26-013456, CRT26-010720, CRT26-010719, CRT26-010718, CRT26-010717, CRT26-013440, CRT26-013439, CRT26-013438, CRT26-013437, CRT26-013436, CRT26-013435, CRT26-013434, CRT26-013433, CRT26-013432, CRT26-013431, CRT26-013430, CRT26-013429, CRT26-013428, CRT26-013427, CRT26-013426, CRT26-013425, CRT26-013424, CRT26-013423, CRT26-013422, CRT26-010713, CRT26-013421, CRT26-013420, CRT26-013419, CRT26-013418, CRT26-013417, CRT26-013416, CRT26-013415, CRT26-013414, CRT26-013413, CRT26-010701, CRT26-010699, CRT26-010698, CRT26-013412, CRT26-013411, CRT26-013410, CRT26-013408, CRT26-013407, CRT26-013406, CRT26-013405, CRT26-013403, CRT26-013400, CRT26-013397, CRT26-013395, CRT26-013382, CRT26-013378, CRT26-013374, CRT26-013373, CRT26-013372, CRT26-013371, CRT26-013370, CRT26-013369, CRT26-013368, CRT26-013362, CRT26-013361, CRT26-013360, CRT26-013359, CRT26-013358, CRT26-013357, CRT26-013356, CRT26-013354, CRT26-013351, CRT26-013350, CRT26-010650, CRT26-010649, CRT26-010648, CRT26-010646, CRT26-013349, CRT26-013348, CRT26-013347, CRT26-013346, CRT26-013324, CRT26-013316, CRT26-010587, CRT26-013314, CRT26-013312, CRT26-013310, CRT26-010586, CRT26-010584, CRT26-010573, CRT26-010572, CRT26-013304, CRT26-013301, CRT26-013300, CRT26-013299, CRT26-013298, CRT26-013294, CRT26-013292, CRT26-013290, CRT26-013289, CRT26-013288, CRT26-013287, CRT26-013286, CRT26-013284, CRT26-013283, CRT26-013280, CRT26-013279, CRT26-013278, CRT26-013277, CRT26-013276, CRT26-013275, CRT26-013274, CRT26-013273, CRT26-013272, CRT26-013271, CRT26-013270, CRT26-013269, CRT26-013268, CRT26-013267, CRT26-013265, CRT26-013264, CRT26-013262, CRT26-010547, CRT26-010546, CRT26-010542, CRT26-013259, CRT26-010540, CRT26-013255, CRT26-010564, CRT26-010563, CRT26-013249, CRT26-013248, CRT26-013247, CRT26-013245, CRT26-013243, CRT26-013241, CRT26-013240, CRT26-010298, CRT26-010415, CRT26-010412, CRT26-010526, CRT26-010524, CRT26-010523, CRT26-010508, CRT26-010506, CRT26-010505, CRT26-010504, CRT26-010503, CRT26-010502, CRT26-010500, CRT26-010498, CRT26-010496, CRT26-010495, CRT26-010494, CRT26-013222, CRT26-010493, CRT26-010492, CRT26-010487, CRT26-013220, CRT26-010483, CRT26-010481, CRT26-010478, CRT26-013219, CRT26-013218, CRT26-013217, CRT26-013216, CRT26-010467, CRT26-013213, CRT26-010464, CRT26-010463, CRT26-010462, CRT26-010461, CRT26-013209, CRT26-010460, CRT26-010421, CRT26-010459, CRT26-010458, CRT26-010457, CRT26-010455, CRT26-010453, CRT26-010452, CRT26-013205, CRT26-013201, CRT26-013182, CRT26-013181, CRT26-010430, CRT26-010398, CRT26-010419, CRT26-010417, CRT26-013172, CRT26-013171, CRT26-013139, CRT26-013126, CRT26-013125, CRT26-013123, CRT26-013122, CRT26-013121, CRT26-013120, CRT26-013119, CRT26-013118, CRT26-013117, CRT26-013114, CRT26-013099, CRT26-013093, CRT26-013079, CRT26-010370, CRT26-010368, CRT26-010366, CRT26-010364, CRT26-010362, CRT26-010360, CRT26-013061, CRT26-013060, CRT26-010350, CRT26-010347, CRT26-010346, CRT26-010344, CRT26-010342, CRT26-010341, CRT26-010340, CRT26-010339, CRT26-010315, CRT26-013044, CRT26-013042, CRT26-013040, CRT26-010314, CRT26-010313, CRT26-010311, CRT26-010310, CRT26-010309, CRT26-013038, CRT26-010307, CRT26-010304, CRT26-013037, CRT26-010299, CRT26-010296, CRT26-013036, CRT26-013035, CRT26-010292, CRT26-010291, CRT26-010286, CRT26-010285, CRT26-013034, CRT26-013033, CRT26-013032, CRT26-013031, CRT26-013030, CRT26-013029, CRT26-013028, CRT26-013027, CRT26-013026, CRT26-013025, CRT26-013024, CRT26-013023, CRT26-013022, CRT26-013021, CRT26-013020, CRT26-013019, CRT26-013018, CRT26-013017, CRT26-013016, CRT26-013015, CRT26-013014, CRT26-013013, CRT26-013012, CRT26-010240, CRT26-010239, CRT26-010238, CRT26-010237, CRT26-010236, CRT26-013011, CRT26-013007, CRT26-013000, CRT26-012997, CRT26-012996, CRT26-012995, CRT26-012990, CRT26-012989, CRT26-012984, CRT26-012981, CRT26-012980, CRT26-012979, CRT26-012978, CRT26-012975, CRT26-012966, CRT26-012952, CRT26-012950, CRT26-010182, CRT26-010172, CRT26-010169, CRT26-010166, CRT26-010160, CRT26-010159, CRT26-012939, CRT26-012938, CRT26-012937, CRT26-012936, CRT26-012935, CRT26-012934, CRT26-012933, CRT26-012932, CRT26-012927, CRT26-012923, CRT26-012917, CRT26-012915, CRT26-012914, CRT26-012900, CRT26-012898, CRT26-012897, CRT26-012896, CRT26-012895, CRT26-012893, CRT26-012892, CRT26-012891, CRT26-012890, CRT26-010065, CRT26-012889, CRT26-010064, CRT26-010058, CRT26-010054, CRT26-009934, CRT26-010062, CRT26-010059, CRT26-010056, CRT26-010049, CRT26-012881, CRT26-012880, CRT26-012879, CRT26-012876, CRT26-012867, CRT26-010032, CRT26-012862, CRT26-012859, CRT26-012858, CRT26-012857, CRT26-012854, CRT26-012851, CRT26-012850, CRT26-012849, CRT26-012848, CRT26-012847, CRT26-012846, CRT26-012845, CRT26-012844, CRT26-012842, CRT26-012839, CRT26-012838, CRT26-012837, CRT26-009910, CRT26-012835, CRT26-009907, CRT26-012816, CRT26-009922, CRT26-009920, CRT26-009918, CRT26-009917, CRT26-009828, CRT26-009916, CRT26-009915, CRT26-009914, CRT26-009912, CRT26-009911, CRT26-012802, CRT26-012800, CRT26-012799, CRT26-012796, CRT26-012795, CRT26-012791, CRT26-012787, CRT26-012784, CRT26-012783, CRT26-012782, CRT26-012781, CRT26-012780, CRT26-012779, CRT26-012778, CRT26-012777, CRT26-012776, CRT26-012775, CRT26-012773, CRT26-012745, CRT26-009858, CRT26-009855, CRT26-009852, CRT26-009850, CRT26-009848, CRT26-009846, CRT26-009845, CRT26-009843, CRT26-009847, CRT26-009844, CRT26-009842, CRT26-009841, CRT26-009840, CRT26-009839, CRT26-009838, CRT26-009837, CRT26-009836, CRT26-009835, CRT26-009834, CRT26-009827, CRT26-012726, CRT26-012725, CRT26-012724, CRT26-009771, CRT26-012703, CRT26-012682, CRT26-012681, CRT26-012680, CRT26-012679, CRT26-012678, CRT26-012677, CRT26-012676, CRT26-012675, CRT26-012674, CRT26-012673, CRT26-009747, CRT26-009746, CRT26-009745, CRT26-009744, CRT26-009743, CRT26-009742, CRT26-009741, CRT26-009740, CRT26-009739, CRT26-009738, CRT26-009737, CRT26-012670, CRT26-009682, CRT26-009681, CRT26-012665, CRT26-012662, CRT26-012660, CRT26-012659, CRT26-012658, CRT26-012656, CRT26-012649, CRT26-012648, CRT26-009544, CRT26-012647, CRT26-012645, CRT26-012643, CRT26-012642, CRT26-009527, CRT26-012641, CRT26-012633, CRT26-009546, CRT26-012630, CRT26-012629, CRT26-012628, CRT26-012627, CRT26-012626, CRT26-009548, CRT26-009547, CRT26-009545, CRT26-009543, CRT26-009542, CRT26-009541, CRT26-009540, CRT26-009539, CRT26-009538, CRT26-009535, CRT26-009533, CRT26-009532, CRT26-009530, CRT26-009529, CRT26-009528, CRT26-009526, CRT26-009525, CRT26-012622, CRT26-009521, CRT26-009522, CRT26-009519, CRT26-009518, CRT26-012621, CRT26-009517, CRT26-009516, CRT26-012620, CRT26-009515, CRT26-009489, CRT26-009488, CRT26-009486, CRT26-012559, CRT26-012555, CRT26-012554, CRT26-012553, CRT26-012543, CRT26-012541, CRT26-012533, CRT26-012532, CRT26-012530, CRT26-012529, CRT26-012528, CRT26-012527, CRT26-012525, CRT26-012516, CRT26-012507, CRT26-012477, CRT26-012475, CRT26-012474, CRT26-012470, CRT26-012464, CRT26-012462, CRT26-012450, CRT26-012443, CRT26-012442, CRT26-012441, CRT26-012439, CRT26-012435, CRT26-009296, CRT26-012427, CRT26-009239, CRT26-012368, CRT26-012366, CRT26-012365, CRT26-009238, CRT26-012363, CRT26-012362, CRT26-009237, CRT26-012361, CRT26-012359, CRT26-012358, CRT26-012357, CRT26-012356, CRT26-012355, CRT26-012354, CRT26-012346, CRT26-009194, CRT26-009191, CRT26-009189, CRT26-009187, CRT26-009183, CRT26-012322, CRT26-012311, CRT26-012310, CRT26-012303, CRT26-012302, CRT26-012301, CRT26-012293, CRT26-012256, CRT26-012254, CRT26-012253, CRT26-012252, CRT26-012249, CRT26-012243, CRT26-012241, CRT26-012240, CRT26-012239, CRT26-012225, CRT26-012223, CRT26-012222, CRT26-012204, CRT26-012200, CRT26-012198, CRT26-012196, CRT26-008974, CRT26-008958, CRT26-008954, CRT26-008936, CRT26-012187, CRT26-012159, CRT26-008882, CRT26-008881, CRT26-008880, CRT26-008879, CRT26-008878, CRT26-008877, CRT26-008875, CRT26-008874, CRT26-008873, CRT26-008872, CRT26-008871, CRT26-008870, CRT26-008869, CRT26-008868, CRT26-008809, CRT26-008797, CRT26-008789, CRT26-008785, CRT26-008767, CRT26-008750, CRT26-008747, CRT26-008732, CRT26-008720, CRT26-008703, CRT26-008620, CRT26-008553, CRT26-008551, CRT26-008549, CRT26-008547, CRT26-008544, CRT26-008543, CRT26-008542, CRT26-008541, CRT26-008540, CRT26-008539, CRT26-008538, CRT26-008536, CRT26-008535, CRT26-008531, CRT26-008529, CRT26-008528, CRT26-008526, CRT26-008525, CRT26-008430, CRT26-008426, CRT26-008412, CRT26-008381, CRT26-008363, CRT26-008216, CRT26-008111, CRT26-008110, CRT26-008109, CRT26-008108, CRT26-008107, CRT26-008106, CRT26-008105, CRT26-008103, CRT26-008102, CRT26-008101, CRT26-008100, CRT26-008099, CRT26-008090, CRT26-008098, CRT26-007956, CRT26-007943, CRT26-007920, CRT26-007913, CRT26-007879, CRT26-007862, CRT26-007859, CRT26-007856, CRT26-007634, CRT26-007633, CRT26-007478, CRT26-007452, CRT26-007191, CRT26-007168, CRT26-007164, CRT26-007055, CRT26-006878, CRT26-006877, CRT26-006781, CRT26-006511, CRT26-006493, CRT26-006425, CRT26-006422, CRT26-006416, CRT26-006382, CRT26-006346, CRT26-006245, CRT26-005750, CRT26-005191, CRT26-004977, CRT26-004975, CRT26-004974, CRT26-004852, CRT26-004851, CRT26-004274, CRT26-004272, CRT26-004270, CRT26-004269, CRT26-004265, CRT26-004255, CRT26-004252, CRT26-004250, CRT26-004248, CRT26-004197, CRT26-004196, CRT26-004169, CRT26-004160, CRT26-004150, CRT26-004138, CRT26-004134, CRT26-004130, CRT26-003974, CRT26-003880, CRT26-003873, CRT26-003723, CRT26-003821, CRT26-003612, CRT26-003608, CRT26-003603, CRT26-003601, CRT26-003597, CRT26-003595, CRT26-003594, CRT26-003593, CRT26-003592, CRT26-003326, CRT26-003123, CRT26-002955, CRT26-002948, CRT26-002680, CRT26-002634, CRT26-002577, CRT26-002576, CRT26-002575, CRT26-002464, CRT26-002451, CRT26-002445, CRT26-002547, CRT26-002503, CRT26-002490, CRT26-002494, CRT26-002497, CRT26-002479, CRT26-002475, CRT26-002471, CRT26-002457, CRT26-002434, CRT26-002426, CRT26-002420, CRT26-002277, CRT26-002221, CRT26-002220, CRT26-001886, CRT26-001724, CRT26-001402, CRT26-000957, CRT26-000160
10:39:10  INFO      [SKIP] Registro CRT26-027838 ya descargado. Saltando...
10:39:10  INFO      [SKIP] Registro CRT26-027836 ya descargado. Saltando...
10:39:10  INFO      [SKIP] Registro CRT26-027739 ya descargado. Saltando...
10:39:10  INFO      [SKIP] Registro CRT26-027738 ya descargado. Saltando...
10:39:10  INFO      [SKIP] Registro CRT26-027727 ya descargado. Saltando...
10:39:10  INFO      [SKIP] Registro CRT26-027663 ya descargado. Saltando...
10:39:10  INFO      [SKIP] Registro CRT26-027632 ya descargado. Saltando...
10:39:10  INFO      [SKIP] Registro CRT26-027559 ya descargado. Saltando...
10:39:10  INFO      [SKIP] Registro CRT26-027628 ya descargado. Saltando...
10:39:10  INFO      [SKIP] Registro CRT26-027626 ya descargado. Saltando...
10:39:10  INFO      [SKIP] Registro CRT26-027538 ya descargado. Saltando...
10:39:10  INFO      [SKIP] Registro CRT26-027532 ya descargado. Saltando...
10:39:10  INFO      [SKIP] Registro CRT26-027525 ya descargado. Saltando...
10:39:10  INFO      [SKIP] Registro CRT26-027468 ya descargado. Saltando...
10:39:10  INFO      [SKIP] Registro CRT26-027462 ya descargado. Saltando...
10:39:10  INFO      [SKIP] Registro CRT26-027457 ya descargado. Saltando...
10:39:10  INFO      [SKIP] Registro CRT26-027454 ya descargado. Saltando...
10:39:10  INFO      [SKIP] Registro CRT26-027444 ya descargado. Saltando...
10:39:10  INFO      [SKIP] Registro CRT26-027349 ya descargado. Saltando...
10:39:10  INFO      [SKIP] Registro CRT26-027368 ya descargado. Saltando...
10:39:10  INFO      [SKIP] Registro CRT26-027362 ya descargado. Saltando...
10:39:10  INFO      [SKIP] Registro CRT26-027360 ya descargado. Saltando...
10:39:10  INFO      [SKIP] Registro CRT26-027352 ya descargado. Saltando...
10:39:10  INFO      [SKIP] Registro CRT26-027350 ya descargado. Saltando...
10:39:10  INFO      [SKIP] Registro CRT26-027346 ya descargado. Saltando...
10:39:10  INFO      [SKIP] Registro CRT26-027345 ya descargado. Saltando...
10:39:10  INFO      [SKIP] Registro CRT26-027343 ya descargado. Saltando...
10:39:10  INFO      [SKIP] Registro CRT26-027341 ya descargado. Saltando...
10:39:10  INFO      [SKIP] Registro CRT26-027337 ya descargado. Saltando...
10:39:10  INFO      [SKIP] Registro CRT26-027298 ya descargado. Saltando...
10:39:10  INFO      [SKIP] Registro CRT26-027140 ya descargado. Saltando...
10:39:10  INFO      [SKIP] Registro CRT26-027198 ya descargado. Saltando...
10:39:10  INFO      [SKIP] Registro CRT26-027130 ya descargado. Saltando...
10:39:10  INFO      [SKIP] Registro CRT26-027121 ya descargado. Saltando...
10:39:10  INFO      [SKIP] Registro CRT26-027067 ya descargado. Saltando...
10:39:10  INFO      [SKIP] Registro CRT26-026995 ya descargado. Saltando...
10:39:10  INFO      [SKIP] Registro CRT26-026992 ya descargado. Saltando...
10:39:10  INFO      [SKIP] Registro CRT26-026987 ya descargado. Saltando...
10:39:10  INFO      [SKIP] Registro CRT26-026900 ya descargado. Saltando...
10:39:10  INFO      [SKIP] Registro CRT26-026759 ya descargado. Saltando...
10:39:10  INFO      [SKIP] Registro CRT26-026654 ya descargado. Saltando...
10:39:10  INFO      [SKIP] Registro CRT26-026652 ya descargado. Saltando...
10:39:10  INFO      [SKIP] Registro CRT26-026648 ya descargado. Saltando...
10:39:10  INFO      [SKIP] Registro CRT26-026647 ya descargado. Saltando...
10:39:10  INFO      [SKIP] Registro CRT26-026631 ya descargado. Saltando...
10:39:10  INFO      [SKIP] Registro CRT26-026628 ya descargado. Saltando...
10:39:10  INFO      [SKIP] Registro CRT26-026510 ya descargado. Saltando...
10:39:10  INFO      [SKIP] Registro CRT26-026499 ya descargado. Saltando...
10:39:10  INFO      [SKIP] Registro CRT26-026431 ya descargado. Saltando...
10:39:10  INFO      [SKIP] Registro CRT26-026430 ya descargado. Saltando...
10:39:10  INFO      [SKIP] Registro CRT26-026426 ya descargado. Saltando...
10:39:10  INFO      [SKIP] Registro CRT26-026424 ya descargado. Saltando...
10:39:10  INFO      [SKIP] Registro CRT26-026422 ya descargado. Saltando...
10:39:10  INFO      [SKIP] Registro CRT26-026420 ya descargado. Saltando...
10:39:10  INFO      [SKIP] Registro CRT26-026418 ya descargado. Saltando...
10:39:10  INFO      [SKIP] Registro CRT26-026414 ya descargado. Saltando...
10:39:10  INFO      [SKIP] Registro CRT26-026408 ya descargado. Saltando...
10:39:10  INFO      [SKIP] Registro CRT26-026395 ya descargado. Saltando...
10:39:10  INFO      [SKIP] Registro CRT26-026384 ya descargado. Saltando...
10:39:10  INFO      [SKIP] Registro CRT26-026383 ya descargado. Saltando...
10:39:10  INFO      [SKIP] Registro CRT26-026382 ya descargado. Saltando...
10:39:10  INFO      [SKIP] Registro CRT26-026381 ya descargado. Saltando...
10:39:10  INFO      [SKIP] Registro CRT26-026376 ya descargado. Saltando...
10:39:10  INFO      [SKIP] Registro CRT26-026369 ya descargado. Saltando...
10:39:10  INFO      [SKIP] Registro CRT26-026365 ya descargado. Saltando...
10:39:10  INFO      [SKIP] Registro CRT26-026364 ya descargado. Saltando...
10:39:10  INFO      [SKIP] Registro CRT26-026352 ya descargado. Saltando...
10:39:10  INFO      [SKIP] Registro CRT26-026350 ya descargado. Saltando...
10:39:10  INFO      [SKIP] Registro CRT26-026345 ya descargado. Saltando...
10:39:10  INFO      [SKIP] Registro CRT26-026265 ya descargado. Saltando...
10:39:10  INFO      [SKIP] Registro CRT26-026263 ya descargado. Saltando...
10:39:10  INFO      [SKIP] Registro CRT26-026235 ya descargado. Saltando...
10:39:10  INFO      [SKIP] Registro CRT26-026232 ya descargado. Saltando...
10:39:10  INFO      [SKIP] Registro CRT26-026231 ya descargado. Saltando...
10:39:10  INFO      [SKIP] Registro CRT26-026227 ya descargado. Saltando...
10:39:10  INFO      [SKIP] Registro CRT26-026226 ya descargado. Saltando...
10:39:10  INFO      [SKIP] Registro CRT26-026166 ya descargado. Saltando...
10:39:10  INFO      [SKIP] Registro CRT26-026164 ya descargado. Saltando...
10:39:10  INFO      [SKIP] Registro CRT26-025995 ya descargado. Saltando...
10:39:10  INFO      [SKIP] Registro CRT26-026002 ya descargado. Saltando...
10:39:11  INFO      [SKIP] Registro CRT26-025999 ya descargado. Saltando...
10:39:11  INFO      [SKIP] Registro CRT26-025800 ya descargado. Saltando...
10:39:11  INFO      [SKIP] Registro CRT26-025799 ya descargado. Saltando...
10:39:11  INFO      [SKIP] Registro CRT26-025793 ya descargado. Saltando...
10:39:11  INFO      [SKIP] Registro CRT26-025767 ya descargado. Saltando...
10:39:11  INFO      [SKIP] Registro CRT26-025762 ya descargado. Saltando...
10:39:11  INFO      [SKIP] Registro CRT26-021163 ya descargado. Saltando...
10:39:11  INFO      [SKIP] Registro CRT26-021112 ya descargado. Saltando...
10:39:11  INFO      [SKIP] Registro CRT26-021032 ya descargado. Saltando...
10:39:11  INFO      [SKIP] Registro CRT26-021021 ya descargado. Saltando...
10:39:11  INFO      [SKIP] Registro CRT26-020989 ya descargado. Saltando...
10:39:11  INFO      [SKIP] Registro CRT26-020956 ya descargado. Saltando...
10:39:11  INFO      [SKIP] Registro CRT26-020955 ya descargado. Saltando...
10:39:11  INFO      [SKIP] Registro CRT26-020878 ya descargado. Saltando...
10:39:11  INFO      [SKIP] Registro CRT26-020877 ya descargado. Saltando...
10:39:11  INFO      [SKIP] Registro CRT26-020856 ya descargado. Saltando...
10:39:11  INFO      [SKIP] Registro CRT26-020826 ya descargado. Saltando...
10:39:11  INFO      [SKIP] Registro CRT26-020825 ya descargado. Saltando...
10:39:11  INFO      [SKIP] Registro CRT26-020824 ya descargado. Saltando...
10:39:11  INFO      [SKIP] Registro CRT26-020810 ya descargado. Saltando...
10:39:11  INFO      [SKIP] Registro CRT26-020808 ya descargado. Saltando...
10:39:11  INFO      [SKIP] Registro CRT26-020797 ya descargado. Saltando...
10:39:11  INFO      [SKIP] Registro CRT26-020796 ya descargado. Saltando...
10:39:11  INFO      [SKIP] Registro CRT26-020729 ya descargado. Saltando...
10:39:11  INFO      [SKIP] Registro CRT26-020725 ya descargado. Saltando...
10:39:11  INFO      [SKIP] Registro CRT26-020717 ya descargado. Saltando...
10:39:11  INFO      [SKIP] Registro CRT26-020132 ya descargado. Saltando...
10:39:11  INFO      [SKIP] Registro CRT26-020648 ya descargado. Saltando...
10:39:11  INFO      [SKIP] Registro CRT26-020645 ya descargado. Saltando...
10:39:11  INFO      [SKIP] Registro CRT26-020638 ya descargado. Saltando...
10:39:11  INFO      [SKIP] Registro CRT26-020630 ya descargado. Saltando...
10:39:11  INFO      [SKIP] Registro CRT26-020626 ya descargado. Saltando...
10:39:11  INFO      [SKIP] Registro CRT26-020617 ya descargado. Saltando...
10:39:11  INFO      [SKIP] Registro CRT26-020607 ya descargado. Saltando...
10:39:11  INFO      [SKIP] Registro CRT26-020602 ya descargado. Saltando...
10:39:11  INFO      [SKIP] Registro CRT26-020592 ya descargado. Saltando...
10:39:11  INFO      [SKIP] Registro CRT26-020550 ya descargado. Saltando...
10:39:11  INFO      [SKIP] Registro CRT26-020411 ya descargado. Saltando...
10:39:11  INFO      [SKIP] Registro CRT26-020409 ya descargado. Saltando...
10:39:11  INFO      [SKIP] Registro CRT26-020407 ya descargado. Saltando...
10:39:11  INFO      [SKIP] Registro CRT26-020367 ya descargado. Saltando...
10:39:11  INFO      [SKIP] Registro CRT26-020363 ya descargado. Saltando...
10:39:11  INFO      [SKIP] Registro CRT26-020359 ya descargado. Saltando...
10:39:11  INFO      [SKIP] Registro CRT26-020355 ya descargado. Saltando...
10:39:11  INFO      [SKIP] Registro CRT26-019053 ya descargado. Saltando...
10:39:11  INFO      [SKIP] Registro CRT26-019045 ya descargado. Saltando...
10:39:11  INFO      [SKIP] Registro CRT26-018878 ya descargado. Saltando...
10:39:11  INFO      [SKIP] Registro CRT26-018877 ya descargado. Saltando...
10:39:11  INFO      [SKIP] Registro CRT26-018874 ya descargado. Saltando...
10:39:11  INFO      [SKIP] Registro CRT26-018870 ya descargado. Saltando...
10:39:11  INFO      [SKIP] Registro CRT26-018868 ya descargado. Saltando...
10:39:11  INFO      [SKIP] Registro CRT26-018866 ya descargado. Saltando...
10:39:11  INFO      [SKIP] Registro CRT26-018861 ya descargado. Saltando...
10:39:11  INFO      [SKIP] Registro CRT26-018778 ya descargado. Saltando...
10:39:11  INFO      [SKIP] Registro CRT26-018758 ya descargado. Saltando...
10:39:11  INFO      [SKIP] Registro CRT26-018703 ya descargado. Saltando...
10:39:11  INFO      [SKIP] Registro CRT26-018702 ya descargado. Saltando...
10:39:11  INFO      [SKIP] Registro CRT26-018701 ya descargado. Saltando...
10:39:11  INFO      [SKIP] Registro CRT26-018467 ya descargado. Saltando...
10:39:11  INFO      [SKIP] Registro CRT26-018465 ya descargado. Saltando...
10:39:11  INFO      [SKIP] Registro CRT26-018464 ya descargado. Saltando...
10:39:11  INFO      [SKIP] Registro CRT26-015029 ya descargado. Saltando...
10:39:11  INFO      [SKIP] Registro CRT26-015028 ya descargado. Saltando...
10:39:11  INFO      [SKIP] Registro CRT26-016201 ya descargado. Saltando...
10:39:11  INFO      [SKIP] Registro CRT26-016200 ya descargado. Saltando...
10:39:11  INFO      [SKIP] Registro CRT26-016198 ya descargado. Saltando...
10:39:11  INFO      [SKIP] Registro CRT26-016197 ya descargado. Saltando...
10:39:11  INFO      [SKIP] Registro CRT26-016193 ya descargado. Saltando...
10:39:11  INFO      [SKIP] Registro CRT26-016185 ya descargado. Saltando...
10:39:11  INFO      [SKIP] Registro CRT26-016178 ya descargado. Saltando...
10:39:11  INFO      [SKIP] Registro CRT26-015012 ya descargado. Saltando...
10:39:11  INFO      [SKIP] Registro CRT26-015011 ya descargado. Saltando...
10:39:11  INFO      [SKIP] Registro CRT26-015010 ya descargado. Saltando...
10:39:11  INFO      [SKIP] Registro CRT26-016174 ya descargado. Saltando...
10:39:11  INFO      [SKIP] Registro CRT26-016172 ya descargado. Saltando...
10:39:11  INFO      [SKIP] Registro CRT26-016171 ya descargado. Saltando...
10:39:11  INFO      [SKIP] Registro CRT26-016163 ya descargado. Saltando...
10:39:11  INFO      [SKIP] Registro CRT26-014903 ya descargado. Saltando...
10:39:11  INFO      [SKIP] Registro CRT26-014869 ya descargado. Saltando...
10:39:11  INFO      [SKIP] Registro CRT26-014868 ya descargado. Saltando...
10:39:11  INFO      [SKIP] Registro CRT26-014867 ya descargado. Saltando...
10:39:11  INFO      [SKIP] Registro CRT26-016024 ya descargado. Saltando...
10:39:11  INFO      [SKIP] Registro CRT26-015962 ya descargado. Saltando...
10:39:11  INFO      [SKIP] Registro CRT26-015961 ya descargado. Saltando...
10:39:11  INFO      [SKIP] Registro CRT26-015960 ya descargado. Saltando...
10:39:12  INFO      [SKIP] Registro CRT26-015846 ya descargado. Saltando...
10:39:12  INFO      [SKIP] Registro CRT26-015844 ya descargado. Saltando...
10:39:12  INFO      [SKIP] Registro CRT26-015834 ya descargado. Saltando...
10:39:12  INFO      [SKIP] Registro CRT26-015833 ya descargado. Saltando...
10:39:12  INFO      [SKIP] Registro CRT26-014473 ya descargado. Saltando...
10:39:12  INFO      [SKIP] Registro CRT26-014497 ya descargado. Saltando...
10:39:12  INFO      [SKIP] Registro CRT26-014496 ya descargado. Saltando...
10:39:12  INFO      [SKIP] Registro CRT26-014483 ya descargado. Saltando...
10:39:12  INFO      [SKIP] Registro CRT26-014481 ya descargado. Saltando...
10:39:12  INFO      [SKIP] Registro CRT26-014478 ya descargado. Saltando...
10:39:12  INFO      [SKIP] Registro CRT26-014474 ya descargado. Saltando...
10:39:12  INFO      [SKIP] Registro CRT26-014471 ya descargado. Saltando...
10:39:12  INFO      [SKIP] Registro CRT26-014470 ya descargado. Saltando...
10:39:12  INFO      [SKIP] Registro CRT26-014468 ya descargado. Saltando...
10:39:12  INFO      [SKIP] Registro CRT26-014465 ya descargado. Saltando...
10:39:12  INFO      [SKIP] Registro CRT26-014464 ya descargado. Saltando...
10:39:12  INFO      [SKIP] Registro CRT26-014460 ya descargado. Saltando...
10:39:12  INFO      [SKIP] Registro CRT26-015700 ya descargado. Saltando...
10:39:12  INFO      [SKIP] Registro CRT26-015698 ya descargado. Saltando...
10:39:12  INFO      [SKIP] Registro CRT26-015696 ya descargado. Saltando...
10:39:12  INFO      [SKIP] Registro CRT26-015694 ya descargado. Saltando...
10:39:12  INFO      [SKIP] Registro CRT26-015690 ya descargado. Saltando...
10:39:12  INFO      [SKIP] Registro CRT26-015689 ya descargado. Saltando...
10:39:12  INFO      [SKIP] Registro CRT26-015681 ya descargado. Saltando...
10:39:12  INFO      [SKIP] Registro CRT26-015680 ya descargado. Saltando...
10:39:12  INFO      [SKIP] Registro CRT26-014201 ya descargado. Saltando...
10:39:12  INFO      [SKIP] Registro CRT26-014198 ya descargado. Saltando...
10:39:12  INFO      [SKIP] Registro CRT26-014195 ya descargado. Saltando...
10:39:12  INFO      [SKIP] Registro CRT26-014182 ya descargado. Saltando...
10:39:12  INFO      [SKIP] Registro CRT26-015664 ya descargado. Saltando...
10:39:12  INFO      [SKIP] Registro CRT26-015663 ya descargado. Saltando...
10:39:12  INFO      [SKIP] Registro CRT26-015662 ya descargado. Saltando...
10:39:12  INFO      [SKIP] Registro CRT26-015661 ya descargado. Saltando...
10:39:12  INFO      [SKIP] Registro CRT26-015660 ya descargado. Saltando...
10:39:12  INFO      [SKIP] Registro CRT26-015658 ya descargado. Saltando...
10:39:12  INFO      [SKIP] Registro CRT26-015655 ya descargado. Saltando...
10:39:12  INFO      [SKIP] Registro CRT26-012081 ya descargado. Saltando...
10:39:12  INFO      [SKIP] Registro CRT26-012080 ya descargado. Saltando...
10:39:12  INFO      [SKIP] Registro CRT26-012075 ya descargado. Saltando...
10:39:12  INFO      [SKIP] Registro CRT26-012035 ya descargado. Saltando...
10:39:12  INFO      [SKIP] Registro CRT26-012032 ya descargado. Saltando...
10:39:12  INFO      [SKIP] Registro CRT26-012029 ya descargado. Saltando...
10:39:12  INFO      [SKIP] Registro CRT26-013899 ya descargado. Saltando...
10:39:12  INFO      [SKIP] Registro CRT26-013885 ya descargado. Saltando...
10:39:12  INFO      [SKIP] Registro CRT26-013882 ya descargado. Saltando...
10:39:12  INFO      [SKIP] Registro CRT26-013881 ya descargado. Saltando...
10:39:12  INFO      [SKIP] Registro CRT26-013870 ya descargado. Saltando...
10:39:12  INFO      [SKIP] Registro CRT26-013869 ya descargado. Saltando...
10:39:12  INFO      [SKIP] Registro CRT26-011670 ya descargado. Saltando...
10:39:12  INFO      [SKIP] Registro CRT26-011669 ya descargado. Saltando...
10:39:12  INFO      [SKIP] Registro CRT26-011668 ya descargado. Saltando...
10:39:12  INFO      [SKIP] Registro CRT26-011666 ya descargado. Saltando...
10:39:12  INFO      [SKIP] Registro CRT26-011664 ya descargado. Saltando...
10:39:12  INFO      [SKIP] Registro CRT26-011662 ya descargado. Saltando...
10:39:12  INFO      [SKIP] Registro CRT26-011660 ya descargado. Saltando...
10:39:12  INFO      [SKIP] Registro CRT26-011657 ya descargado. Saltando...
10:39:12  INFO      [SKIP] Registro CRT26-011655 ya descargado. Saltando...
10:39:12  INFO      [SKIP] Registro CRT26-011654 ya descargado. Saltando...
10:39:12  INFO      [SKIP] Registro CRT26-011652 ya descargado. Saltando...
10:39:12  INFO      [SKIP] Registro CRT26-013847 ya descargado. Saltando...
10:39:12  INFO      [SKIP] Registro CRT26-011651 ya descargado. Saltando...
10:39:12  INFO      [SKIP] Registro CRT26-011649 ya descargado. Saltando...
10:39:12  INFO      [SKIP] Registro CRT26-011638 ya descargado. Saltando...
10:39:12  INFO      [SKIP] Registro CRT26-011563 ya descargado. Saltando...
10:39:12  INFO      [SKIP] Registro CRT26-013826 ya descargado. Saltando...
10:39:12  INFO      [SKIP] Registro CRT26-013799 ya descargado. Saltando...
10:39:12  INFO      [SKIP] Registro CRT26-013796 ya descargado. Saltando...
10:39:12  INFO      [SKIP] Registro CRT26-011499 ya descargado. Saltando...
10:39:12  INFO      [SKIP] Registro CRT26-011457 ya descargado. Saltando...
10:39:12  INFO      [SKIP] Registro CRT26-013780 ya descargado. Saltando...
10:39:12  INFO      [SKIP] Registro CRT26-013779 ya descargado. Saltando...
10:39:12  INFO      [SKIP] Registro CRT26-013762 ya descargado. Saltando...
10:39:12  INFO      [SKIP] Registro CRT26-011345 ya descargado. Saltando...
10:39:12  INFO      [SKIP] Registro CRT26-011321 ya descargado. Saltando...
10:39:12  INFO      [SKIP] Registro CRT26-011319 ya descargado. Saltando...
10:39:12  INFO      [SKIP] Registro CRT26-011313 ya descargado. Saltando...
10:39:12  INFO      [SKIP] Registro CRT26-013735 ya descargado. Saltando...
10:39:12  INFO      [SKIP] Registro CRT26-013734 ya descargado. Saltando...
10:39:12  INFO      [SKIP] Registro CRT26-011188 ya descargado. Saltando...
10:39:12  INFO      [SKIP] Registro CRT26-011187 ya descargado. Saltando...
10:39:12  INFO      [SKIP] Registro CRT26-011186 ya descargado. Saltando...
10:39:12  INFO      [SKIP] Registro CRT26-011182 ya descargado. Saltando...
10:39:12  INFO      [SKIP] Registro CRT26-011181 ya descargado. Saltando...
10:39:12  INFO      [SKIP] Registro CRT26-011180 ya descargado. Saltando...
10:39:12  INFO      [SKIP] Registro CRT26-011179 ya descargado. Saltando...
10:39:12  INFO      [SKIP] Registro CRT26-011178 ya descargado. Saltando...
10:39:12  INFO      [SKIP] Registro CRT26-011177 ya descargado. Saltando...
10:39:12  INFO      [SKIP] Registro CRT26-011159 ya descargado. Saltando...
10:39:12  INFO      [SKIP] Registro CRT26-011158 ya descargado. Saltando...
10:39:12  INFO      [SKIP] Registro CRT26-011157 ya descargado. Saltando...
10:39:12  INFO      [SKIP] Registro CRT26-011154 ya descargado. Saltando...
10:39:12  INFO      [SKIP] Registro CRT26-011156 ya descargado. Saltando...
10:39:12  INFO      [SKIP] Registro CRT26-011155 ya descargado. Saltando...
10:39:13  INFO      [SKIP] Registro CRT26-011144 ya descargado. Saltando...
10:39:13  INFO      [SKIP] Registro CRT26-011142 ya descargado. Saltando...
10:39:13  INFO      [SKIP] Registro CRT26-011140 ya descargado. Saltando...
10:39:13  INFO      [SKIP] Registro CRT26-011138 ya descargado. Saltando...
10:39:13  INFO      [SKIP] Registro CRT26-011136 ya descargado. Saltando...
10:39:13  INFO      [SKIP] Registro CRT26-011134 ya descargado. Saltando...
10:39:13  INFO      [SKIP] Registro CRT26-011132 ya descargado. Saltando...
10:39:13  INFO      [SKIP] Registro CRT26-011130 ya descargado. Saltando...
10:39:13  INFO      [SKIP] Registro CRT26-011128 ya descargado. Saltando...
10:39:13  INFO      [SKIP] Registro CRT26-011120 ya descargado. Saltando...
10:39:13  INFO      [SKIP] Registro CRT26-013673 ya descargado. Saltando...
10:39:13  INFO      [SKIP] Registro CRT26-013672 ya descargado. Saltando...
10:39:13  INFO      [SKIP] Registro CRT26-013670 ya descargado. Saltando...
10:39:13  INFO      [SKIP] Registro CRT26-013669 ya descargado. Saltando...
10:39:13  INFO      [SKIP] Registro CRT26-013653 ya descargado. Saltando...
10:39:13  INFO      [SKIP] Registro CRT26-013652 ya descargado. Saltando...
10:39:13  INFO      [SKIP] Registro CRT26-013604 ya descargado. Saltando...
10:39:13  INFO      [SKIP] Registro CRT26-013601 ya descargado. Saltando...
10:39:13  INFO      [SKIP] Registro CRT26-013600 ya descargado. Saltando...
10:39:13  INFO      [SKIP] Registro CRT26-010933 ya descargado. Saltando...
10:39:13  INFO      [SKIP] Registro CRT26-013589 ya descargado. Saltando...
10:39:13  INFO      [SKIP] Registro CRT26-013588 ya descargado. Saltando...
10:39:13  INFO      [SKIP] Registro CRT26-013587 ya descargado. Saltando...
10:39:13  INFO      [SKIP] Registro CRT26-013584 ya descargado. Saltando...
10:39:13  INFO      [SKIP] Registro CRT26-013583 ya descargado. Saltando...
10:39:13  INFO      [SKIP] Registro CRT26-010938 ya descargado. Saltando...
10:39:13  INFO      [SKIP] Registro CRT26-013568 ya descargado. Saltando...
10:39:13  INFO      [SKIP] Registro CRT26-013567 ya descargado. Saltando...
10:39:13  INFO      [SKIP] Registro CRT26-013566 ya descargado. Saltando...
10:39:13  INFO      [SKIP] Registro CRT26-013565 ya descargado. Saltando...
10:39:13  INFO      [SKIP] Registro CRT26-010931 ya descargado. Saltando...
10:39:13  INFO      [SKIP] Registro CRT26-013561 ya descargado. Saltando...
10:39:13  INFO      [SKIP] Registro CRT26-013559 ya descargado. Saltando...
10:39:13  INFO      [SKIP] Registro CRT26-013558 ya descargado. Saltando...
10:39:13  INFO      [SKIP] Registro CRT26-013557 ya descargado. Saltando...
10:39:13  INFO      [SKIP] Registro CRT26-013554 ya descargado. Saltando...
10:39:13  INFO      [SKIP] Registro CRT26-013553 ya descargado. Saltando...
10:39:13  INFO      [SKIP] Registro CRT26-013548 ya descargado. Saltando...
10:39:13  INFO      [SKIP] Registro CRT26-013545 ya descargado. Saltando...
10:39:13  INFO      [SKIP] Registro CRT26-013543 ya descargado. Saltando...
10:39:13  INFO      [SKIP] Registro CRT26-013542 ya descargado. Saltando...
10:39:13  INFO      [SKIP] Registro CRT26-013532 ya descargado. Saltando...
10:39:13  INFO      [SKIP] Registro CRT26-013529 ya descargado. Saltando...
10:39:13  INFO      [SKIP] Registro CRT26-013528 ya descargado. Saltando...
10:39:13  INFO      [SKIP] Registro CRT26-010860 ya descargado. Saltando...
10:39:13  INFO      [SKIP] Registro CRT26-013522 ya descargado. Saltando...
10:39:13  INFO      [SKIP] Registro CRT26-013521 ya descargado. Saltando...
10:39:13  INFO      [SKIP] Registro CRT26-013515 ya descargado. Saltando...
10:39:13  INFO      [SKIP] Registro CRT26-010798 ya descargado. Saltando...
10:39:13  INFO      [SKIP] Registro CRT26-013500 ya descargado. Saltando...
10:39:13  INFO      [SKIP] Registro CRT26-013499 ya descargado. Saltando...
10:39:13  INFO      [SKIP] Registro CRT26-013497 ya descargado. Saltando...
10:39:13  INFO      [SKIP] Registro CRT26-010762 ya descargado. Saltando...
10:39:13  INFO      [SKIP] Registro CRT26-013495 ya descargado. Saltando...
10:39:13  INFO      [SKIP] Registro CRT26-010761 ya descargado. Saltando...
10:39:13  INFO      [SKIP] Registro CRT26-013492 ya descargado. Saltando...
10:39:13  INFO      [SKIP] Registro CRT26-010760 ya descargado. Saltando...
10:39:13  INFO      [SKIP] Registro CRT26-013487 ya descargado. Saltando...
10:39:13  INFO      [SKIP] Registro CRT26-013486 ya descargado. Saltando...
10:39:13  INFO      [SKIP] Registro CRT26-013485 ya descargado. Saltando...
10:39:13  INFO      [SKIP] Registro CRT26-010759 ya descargado. Saltando...
10:39:13  INFO      [SKIP] Registro CRT26-013480 ya descargado. Saltando...
10:39:13  INFO      [SKIP] Registro CRT26-013478 ya descargado. Saltando...
10:39:13  INFO      [SKIP] Registro CRT26-010733 ya descargado. Saltando...
10:39:13  INFO      [SKIP] Registro CRT26-010731 ya descargado. Saltando...
10:39:13  INFO      [SKIP] Registro CRT26-010730 ya descargado. Saltando...
10:39:13  INFO      [SKIP] Registro CRT26-010729 ya descargado. Saltando...
10:39:13  INFO      [SKIP] Registro CRT26-010727 ya descargado. Saltando...
10:39:13  INFO      [SKIP] Registro CRT26-010726 ya descargado. Saltando...
10:39:13  INFO      [SKIP] Registro CRT26-013460 ya descargado. Saltando...
10:39:13  INFO      [SKIP] Registro CRT26-013459 ya descargado. Saltando...
10:39:13  INFO      [SKIP] Registro CRT26-013458 ya descargado. Saltando...
10:39:13  INFO      [SKIP] Registro CRT26-013456 ya descargado. Saltando...
10:39:13  INFO      [SKIP] Registro CRT26-010720 ya descargado. Saltando...
10:39:13  INFO      [SKIP] Registro CRT26-010719 ya descargado. Saltando...
10:39:13  INFO      [SKIP] Registro CRT26-010718 ya descargado. Saltando...
10:39:13  INFO      [SKIP] Registro CRT26-010717 ya descargado. Saltando...
10:39:13  INFO      [SKIP] Registro CRT26-013440 ya descargado. Saltando...
10:39:13  INFO      [SKIP] Registro CRT26-013439 ya descargado. Saltando...
10:39:13  INFO      [SKIP] Registro CRT26-013438 ya descargado. Saltando...
10:39:13  INFO      [SKIP] Registro CRT26-013436 ya descargado. Saltando...
10:39:13  INFO      [SKIP] Registro CRT26-013435 ya descargado. Saltando...
10:39:13  INFO      [SKIP] Registro CRT26-013433 ya descargado. Saltando...
10:39:13  INFO      [SKIP] Registro CRT26-013432 ya descargado. Saltando...
10:39:13  INFO      [SKIP] Registro CRT26-013431 ya descargado. Saltando...
10:39:13  INFO      [SKIP] Registro CRT26-013430 ya descargado. Saltando...
10:39:13  INFO      [SKIP] Registro CRT26-013429 ya descargado. Saltando...
10:39:13  INFO      [SKIP] Registro CRT26-013428 ya descargado. Saltando...
10:39:13  INFO      [SKIP] Registro CRT26-013427 ya descargado. Saltando...
10:39:13  INFO      [SKIP] Registro CRT26-013425 ya descargado. Saltando...
10:39:13  INFO      [SKIP] Registro CRT26-013424 ya descargado. Saltando...
10:39:13  INFO      [SKIP] Registro CRT26-013423 ya descargado. Saltando...
10:39:14  INFO      [SKIP] Registro CRT26-013422 ya descargado. Saltando...
10:39:14  INFO      [SKIP] Registro CRT26-010713 ya descargado. Saltando...
10:39:14  INFO      [SKIP] Registro CRT26-013421 ya descargado. Saltando...
10:39:14  INFO      [SKIP] Registro CRT26-013420 ya descargado. Saltando...
10:39:14  INFO      [SKIP] Registro CRT26-013419 ya descargado. Saltando...
10:39:14  INFO      [SKIP] Registro CRT26-013418 ya descargado. Saltando...
10:39:14  INFO      [SKIP] Registro CRT26-013417 ya descargado. Saltando...
10:39:14  INFO      [SKIP] Registro CRT26-013416 ya descargado. Saltando...
10:39:14  INFO      [SKIP] Registro CRT26-013415 ya descargado. Saltando...
10:39:14  INFO      [SKIP] Registro CRT26-013414 ya descargado. Saltando...
10:39:14  INFO      [SKIP] Registro CRT26-013413 ya descargado. Saltando...
10:39:14  INFO      [SKIP] Registro CRT26-010701 ya descargado. Saltando...
10:39:14  INFO      [SKIP] Registro CRT26-010699 ya descargado. Saltando...
10:39:14  INFO      [SKIP] Registro CRT26-010698 ya descargado. Saltando...
10:39:14  INFO      [SKIP] Registro CRT26-013412 ya descargado. Saltando...
10:39:14  INFO      [SKIP] Registro CRT26-013411 ya descargado. Saltando...
10:39:14  INFO      [SKIP] Registro CRT26-013410 ya descargado. Saltando...
10:39:14  INFO      [SKIP] Registro CRT26-013408 ya descargado. Saltando...
10:39:14  INFO      [SKIP] Registro CRT26-013407 ya descargado. Saltando...
10:39:14  INFO      [SKIP] Registro CRT26-013406 ya descargado. Saltando...
10:39:14  INFO      [SKIP] Registro CRT26-013405 ya descargado. Saltando...
10:39:14  INFO      [SKIP] Registro CRT26-013403 ya descargado. Saltando...
10:39:14  INFO      [SKIP] Registro CRT26-013397 ya descargado. Saltando...
10:39:14  INFO      [SKIP] Registro CRT26-013395 ya descargado. Saltando...
10:39:14  INFO      [SKIP] Registro CRT26-013382 ya descargado. Saltando...
10:39:14  INFO      [SKIP] Registro CRT26-013378 ya descargado. Saltando...
10:39:14  INFO      [SKIP] Registro CRT26-013373 ya descargado. Saltando...
10:39:14  INFO      [SKIP] Registro CRT26-013372 ya descargado. Saltando...
10:39:14  INFO      [SKIP] Registro CRT26-013370 ya descargado. Saltando...
10:39:14  INFO      [SKIP] Registro CRT26-013369 ya descargado. Saltando...
10:39:14  INFO      [SKIP] Registro CRT26-013368 ya descargado. Saltando...
10:39:14  INFO      [SKIP] Registro CRT26-013362 ya descargado. Saltando...
10:39:14  INFO      [SKIP] Registro CRT26-013361 ya descargado. Saltando...
10:39:14  INFO      [SKIP] Registro CRT26-013360 ya descargado. Saltando...
10:39:14  INFO      [SKIP] Registro CRT26-013359 ya descargado. Saltando...
10:39:14  INFO      [SKIP] Registro CRT26-013358 ya descargado. Saltando...
10:39:14  INFO      [SKIP] Registro CRT26-013356 ya descargado. Saltando...
10:39:14  INFO      [SKIP] Registro CRT26-013354 ya descargado. Saltando...
10:39:14  INFO      [SKIP] Registro CRT26-013351 ya descargado. Saltando...
10:39:14  INFO      [SKIP] Registro CRT26-013350 ya descargado. Saltando...
10:39:14  INFO      [SKIP] Registro CRT26-010649 ya descargado. Saltando...
10:39:14  INFO      [SKIP] Registro CRT26-010648 ya descargado. Saltando...
10:39:14  INFO      [SKIP] Registro CRT26-010646 ya descargado. Saltando...
10:39:15  INFO      [MAIN] 718 registro(s) pendientes | 393 ya completados (SKIP)
10:39:15  INFO      [MAIN] ── FASE 2 REGISTRO: Lanzando 6 worker(s) para 718 registro(s) ──
10:39:15  INFO      [WR:SATyS-Reg_0] ── Iniciando registro CRT26-027908 ──
10:39:15  INFO      [WR:SATyS-Reg_1] ── Iniciando registro CRT26-027906 ──
10:39:15  INFO      [WR:SATyS-Reg_2] ── Iniciando registro CRT26-027890 ──
10:39:15  INFO      [WR:SATyS-Reg_3] ── Iniciando registro CRT26-026983 ──
10:39:15  INFO      [WR:SATyS-Reg_4] ── Iniciando registro CRT26-026372 ──
10:39:15  INFO      [WR:SATyS-Reg_5] ── Iniciando registro CRT26-021026 ──
10:39:16  INFO      [API] Discovery activo: debug\api_log.jsonl
10:39:16  INFO      [API] Discovery activo: debug\api_log.jsonl
10:39:16  INFO      [API] Discovery activo: debug\api_log.jsonl
10:39:16  INFO      [API] Discovery activo: debug\api_log.jsonl
10:39:16  INFO      [API] Discovery activo: debug\api_log.jsonl
10:39:16  INFO      [API] Discovery activo: debug\api_log.jsonl
10:39:27  INFO      [WR:SATyS-Reg_0] Sesión activa (registro CRT26-027908)
10:39:27  INFO      [WR:SATyS-Reg_3] Sesión activa (registro CRT26-026983)
10:39:27  INFO      [NAV] Navegando a Enlace Oficialia de Partes...
10:39:27  INFO      [NAV] Navegando a Enlace Oficialia de Partes...
10:39:27  INFO      [WR:SATyS-Reg_4] Sesión activa (registro CRT26-026372)
10:39:27  INFO      [NAV] Navegando a Enlace Oficialia de Partes...
10:39:27  INFO      [WR:SATyS-Reg_2] Sesión activa (registro CRT26-027890)
10:39:27  INFO      [NAV] Navegando a Enlace Oficialia de Partes...
10:39:27  INFO      [WR:SATyS-Reg_5] Sesión activa (registro CRT26-021026)
10:39:27  INFO      [NAV] Navegando a Enlace Oficialia de Partes...
10:39:27  INFO      [WR:SATyS-Reg_1] Sesión activa (registro CRT26-027906)
10:39:27  INFO      [NAV] Navegando a Enlace Oficialia de Partes...
10:39:28  INFO      [OK] Tablero de Control cargado
10:39:28  INFO      [REG] Configurando tablero para búsqueda por Registro (Todos los años + 100)...
10:39:28  INFO      [OK] Tablero de Control cargado
10:39:28  INFO      [REG] Configurando tablero para búsqueda por Registro (Todos los años + 100)...
10:39:28  INFO      [REG] Cambiando Año a 'Todos los años' (value='0')...
10:39:28  INFO      [REG] Cambiando Año a 'Todos los años' (value='0')...
10:39:28  INFO      [REG] ✅ Año cambiado a 'Todos los años'
10:39:28  INFO      [REG] ✅ Año cambiado a 'Todos los años'
10:39:29  INFO      [REG] Cambiando 'Mostrar' a 100 trámites...
10:39:29  INFO      [REG] Cambiando 'Mostrar' a 100 trámites...
10:39:29  INFO      [OK] Tablero de Control cargado
10:39:29  INFO      [REG] Configurando tablero para búsqueda por Registro (Todos los años + 100)...
10:39:29  INFO      [OK] Tablero de Control cargado
10:39:29  INFO      [REG] Configurando tablero para búsqueda por Registro (Todos los años + 100)...
10:39:29  INFO      [REG] ✅ Mostrar cambiado a 100 trámites
10:39:29  INFO      [REG] ✅ Mostrar cambiado a 100 trámites
10:39:30  INFO      [REG-BUSCAR] Buscando registro CRT26-027908 en tabla (intento 1)...
10:39:30  INFO      [REG] Cambiando Año a 'Todos los años' (value='0')...
10:39:30  INFO      [REG] Cambiando Año a 'Todos los años' (value='0')...
10:39:30  INFO      [REG-BUSCAR] Buscando registro CRT26-026983 en tabla (intento 1)...
10:39:30  INFO      [REG] ✅ Año cambiado a 'Todos los años'
10:39:30  INFO      [REG] ✅ Año cambiado a 'Todos los años'
10:39:30  INFO      [REG] Cambiando 'Mostrar' a 100 trámites...
10:39:30  INFO      [REG] Cambiando 'Mostrar' a 100 trámites...
10:39:31  INFO      [REG] ✅ Mostrar cambiado a 100 trámites
10:39:31  INFO      [REG-BUSCAR] Buscando registro CRT26-027890 en tabla (intento 1)...
10:39:31  INFO      [REG] ✅ Mostrar cambiado a 100 trámites
10:39:31  INFO      [REG-BUSCAR] Buscando registro CRT26-021026 en tabla (intento 1)...
10:39:31  INFO      [REG-PAGE] Resultados búsqueda: mostrando 1 de 1 trámites
10:39:31  INFO      [WR:SATyS-Reg_0] ── Registro CRT26-027908: 0/1 OK | 0 error(es) servidor | 0 error(es) red ──
10:39:31  INFO      [REG-VIEW] Abriendo detalle: registro=CRT26-026983, folio=CORREO-2111
10:39:33  INFO      [WR:SATyS-Reg_0] ── Iniciando registro CRT26-020722 ──
10:39:33  INFO      [CONC-REG] [1/718] ✓ Registro CRT26-027908 completado: 0 OK / 1 total
10:39:34  INFO      [API] Discovery activo: debug\api_log.jsonl
10:39:34  INFO      [OK] Tablero de Control cargado
10:39:34  INFO      [REG] Configurando tablero para búsqueda por Registro (Todos los años + 100)...
10:39:35  INFO      [REG] Cambiando Año a 'Todos los años' (value='0')...
10:39:35  INFO      [REG] ✅ Año cambiado a 'Todos los años'
10:39:35  INFO      [REG] Cambiando 'Mostrar' a 100 trámites...
10:39:35  INFO      [WR:SATyS-Reg_0] Sesión activa (registro CRT26-020722)
10:39:35  INFO      [NAV] Navegando a Enlace Oficialia de Partes...
10:39:35  INFO      [REG-OK] Detalle cargado: registro=CRT26-026983
10:39:35  INFO      [WEB] Extrayendo metadatos web (intento 1) para folio CRT26-026983
10:39:35  INFO      [WEB] Extrayendo metadatos web (una vez) de SATyS para folio CRT26-026983
10:39:36  INFO      [REG] ✅ Mostrar cambiado a 100 trámites
10:39:36  INFO      [WR:SATyS-Reg_2] ── Registro CRT26-027890: 0/1 OK | 0 error(es) servidor | 0 error(es) red ──
10:39:36  INFO      [REG-BUSCAR] Buscando registro CRT26-027906 en tabla (intento 1)...
10:39:37  INFO      [WR:SATyS-Reg_2] ── Iniciando registro CRT26-020627 ──
10:39:37  INFO      [CONC-REG] [2/718] ✓ Registro CRT26-027890 completado: 0 OK / 1 total
10:39:38  INFO      [API] Discovery activo: debug\api_log.jsonl
10:39:39  INFO      [WEB] Registro encontrado: CRT26-026983
10:39:39  WARNING   [WEB] page.evaluate retornó None en DATOS DEL DOCUMENTO -- intentando fallback con locators de Playwright
10:39:40  INFO      [WEB] DATOS DEL DOCUMENTO (fallback locator): folio_opc='' | no_doc=''
10:39:40  INFO      [WEB] DATOS DEL DOCUMENTO: folio_opc='None' | no_doc='None'
10:39:40  WARNING   [V11-META-FALTANTE] folio=CRT26-026983 campo=representante_legal es nulo/vacio
10:39:40  WARNING   [V11-META-FALTANTE] folio=CRT26-026983 campo=nombre_operador es nulo/vacio
10:39:40  WARNING   [V11-META-FALTANTE] folio=CRT26-026983 campo=asunto es nulo/vacio
10:39:40  INFO      [WEB] Metadatos guardados OK: Rep='None', Ope='None', Asunto='None', Registro='CRT26-026983'
10:39:40  WARNING   [META-RETRY] Campos faltantes: ['nombre_operador', 'representante_legal']
10:39:40  WARNING   [META-RETRY] Intento 1 fallido para folio CRT26-026983. Reintentando en 3s...
10:39:43  INFO      [WEB] Extrayendo metadatos web (intento 2) para folio CRT26-026983
10:39:43  INFO      [WEB] Extrayendo metadatos web (una vez) de SATyS para folio CRT26-026983
10:39:46  INFO      [WEB] Registro encontrado: CRT26-026983
10:39:46  WARNING   [WEB] page.evaluate retornó None en DATOS DEL DOCUMENTO -- intentando fallback con locators de Playwright
10:39:48  INFO      [WEB] DATOS DEL DOCUMENTO (fallback locator): folio_opc='' | no_doc=''
10:39:48  INFO      [WEB] DATOS DEL DOCUMENTO: folio_opc='None' | no_doc='None'
10:39:48  WARNING   [V11-META-FALTANTE] folio=CRT26-026983 campo=representante_legal es nulo/vacio
10:39:48  WARNING   [V11-META-FALTANTE] folio=CRT26-026983 campo=nombre_operador es nulo/vacio
10:39:48  WARNING   [V11-META-FALTANTE] folio=CRT26-026983 campo=asunto es nulo/vacio
10:39:48  INFO      [WEB] Metadatos guardados OK: Rep='None', Ope='None', Asunto='None', Registro='CRT26-026983'
10:39:48  WARNING   [META-RETRY] Campos faltantes: ['nombre_operador', 'representante_legal']
10:39:48  WARNING   [META-RETRY] Intento 2 fallido para folio CRT26-026983. Reintentando en 3s...
10:39:51  INFO      [WEB] Extrayendo metadatos web (intento 3) para folio CRT26-026983
10:39:51  INFO      [WEB] Extrayendo metadatos web (una vez) de SATyS para folio CRT26-026983
10:39:53  INFO      [WR:SATyS-Reg_2] Sesión activa (registro CRT26-020627)
10:39:53  INFO      [NAV] Navegando a Enlace Oficialia de Partes...
10:39:54  INFO      [WEB] Registro encontrado: CRT26-026983
10:39:54  WARNING   [WEB] page.evaluate retornó None en DATOS DEL DOCUMENTO -- intentando fallback con locators de Playwright
10:39:56  INFO      [WEB] DATOS DEL DOCUMENTO (fallback locator): folio_opc='' | no_doc=''
10:39:56  INFO      [WEB] DATOS DEL DOCUMENTO: folio_opc='None' | no_doc='None'
10:39:56  WARNING   [V11-META-FALTANTE] folio=CRT26-026983 campo=representante_legal es nulo/vacio
10:39:56  WARNING   [V11-META-FALTANTE] folio=CRT26-026983 campo=nombre_operador es nulo/vacio
10:39:56  WARNING   [V11-META-FALTANTE] folio=CRT26-026983 campo=asunto es nulo/vacio
10:39:56  INFO      [WEB] Metadatos guardados OK: Rep='None', Ope='None', Asunto='None', Registro='CRT26-026983'
10:39:56  WARNING   [META-RETRY] Campos faltantes: ['nombre_operador', 'representante_legal']
10:39:56  WARNING   [META-RETRY] Intento 3 fallido para folio CRT26-026983. Reintentando en 3s...
10:39:59  INFO      [WEB] Extrayendo metadatos web (intento 4) para folio CRT26-026983
10:39:59  INFO      [WEB] Extrayendo metadatos web (una vez) de SATyS para folio CRT26-026983
10:40:01  INFO      [OK] Tablero de Control cargado
10:40:01  INFO      [REG] Configurando tablero para búsqueda por Registro (Todos los años + 100)...
10:40:02  INFO      [REG] Cambiando Año a 'Todos los años' (value='0')...
10:40:02  INFO      [REG] ✅ Año cambiado a 'Todos los años'
10:40:02  INFO      [REG] Cambiando 'Mostrar' a 100 trámites...
10:40:02  INFO      [WEB] Registro encontrado: CRT26-026983
10:40:02  WARNING   [WEB] page.evaluate retornó None en DATOS DEL DOCUMENTO -- intentando fallback con locators de Playwright
10:40:03  INFO      [REG] ✅ Mostrar cambiado a 100 trámites
10:40:03  INFO      [WR:SATyS-Reg_5] ── Registro CRT26-021026: 0/1 OK | 0 error(es) servidor | 0 error(es) red ──
10:40:03  INFO      [REG-BUSCAR] Buscando registro CRT26-020627 en tabla (intento 1)...
10:40:04  INFO      [WEB] DATOS DEL DOCUMENTO (fallback locator): folio_opc='CORREO-2111' | no_doc=''
10:40:04  INFO      [WEB] DATOS DEL DOCUMENTO: folio_opc='CORREO-2111' | no_doc='None'
10:40:04  INFO      [WEB] Fecha de folio OPC: 26-06-2026 00:00:00
10:40:04  INFO      [REG-PAGE] Resultados búsqueda: mostrando 1 de 1 trámites
10:40:04  INFO      [WEB] Metadatos guardados OK: Rep='EFRAIN GONZALEZ CRUZ', Ope='EFRAIN GONZALEZ CRUZ', Asunto='SOLICITUD DE INFORMACION EN RELACION AL ANUNCIO DE PRORROGA PARA LA VINCULACION DE LINEAS TELEFONICAS. (Se recibió vía correo electrónico oficialiadepartes@crt.gob.mx) (04:41 p. m.) (AC)', Registro='CRT26-026983'
10:40:04  INFO      [META-RETRY] Todos los campos criticos capturados en intento 4 para folio CRT26-026983
10:40:04  INFO      [FILES] Descargando archivos del folio CRT26-026983...
10:40:04  INFO      [REG-VIEW] Abriendo detalle: registro=CRT26-020627, folio=VE-176768
10:40:05  INFO      [OK] Tablero de Control cargado
10:40:05  INFO      [REG] Configurando tablero para búsqueda por Registro (Todos los años + 100)...
10:40:05  INFO      [WR:SATyS-Reg_5] ── Iniciando registro CRT26-020385 ──
10:40:05  INFO      [CONC-REG] [3/718] ✓ Registro CRT26-021026 completado: 0 OK / 1 total
10:40:05  INFO      [REG] Cambiando Año a 'Todos los años' (value='0')...
10:40:05  INFO      [REG] ✅ Año cambiado a 'Todos los años'
10:40:05  INFO      [REG] Cambiando 'Mostrar' a 100 trámites...
10:40:06  INFO      [API] Discovery activo: debug\api_log.jsonl
10:40:06  INFO      [REG] ✅ Mostrar cambiado a 100 trámites
10:40:06  INFO      [REG-BUSCAR] Buscando registro CRT26-020722 en tabla (intento 1)...
10:40:07  INFO      [OK] Tablero de Control cargado
10:40:07  INFO      [REG] Configurando tablero para búsqueda por Registro (Todos los años + 100)...
10:40:07  INFO      [REG] Cambiando Año a 'Todos los años' (value='0')...
10:40:08  INFO      [REG] ✅ Año cambiado a 'Todos los años'
10:40:08  INFO      [REG] Cambiando 'Mostrar' a 100 trámites...
10:40:09  INFO      [REG] ✅ Mostrar cambiado a 100 trámites
10:40:09  INFO      [REG-BUSCAR] Buscando registro CRT26-026372 en tabla (intento 1)...
10:40:10  INFO      [WR:SATyS-Reg_5] Sesión activa (registro CRT26-020385)
10:40:10  INFO      [NAV] Navegando a Enlace Oficialia de Partes...
10:40:34  INFO      [INFO] Cambiando paginacion ARCHIVOS ASOCIADOS a '100' elementos
10:40:34  INFO      [REG-OK] Detalle cargado: registro=CRT26-020627
10:40:34  INFO      [WEB] Extrayendo metadatos web (intento 1) para folio CRT26-020627
10:40:34  INFO      [WEB] Extrayendo metadatos web (una vez) de SATyS para folio CRT26-020627
10:40:37  INFO      [WEB] Registro encontrado: CRT26-020627
10:40:37  WARNING   [WEB] page.evaluate retornó None en DATOS DEL DOCUMENTO -- intentando fallback con locators de Playwright
10:40:38  INFO      [WEB] DATOS DEL DOCUMENTO (fallback locator): folio_opc='' | no_doc=''
10:40:38  INFO      [WEB] DATOS DEL DOCUMENTO: folio_opc='None' | no_doc='None'
10:40:38  WARNING   [V11-META-FALTANTE] folio=CRT26-020627 campo=representante_legal es nulo/vacio
10:40:38  WARNING   [V11-META-FALTANTE] folio=CRT26-020627 campo=nombre_operador es nulo/vacio
10:40:38  WARNING   [V11-META-FALTANTE] folio=CRT26-020627 campo=asunto es nulo/vacio
10:40:38  INFO      [WEB] Metadatos guardados OK: Rep='None', Ope='None', Asunto='None', Registro='CRT26-020627'
10:40:38  WARNING   [META-RETRY] Campos faltantes: ['nombre_operador', 'representante_legal']
10:40:38  WARNING   [META-RETRY] Intento 1 fallido para folio CRT26-020627. Reintentando en 3s...
10:40:41  INFO      [WEB] Extrayendo metadatos web (intento 2) para folio CRT26-020627
10:40:41  INFO      [WEB] Extrayendo metadatos web (una vez) de SATyS para folio CRT26-020627
10:40:44  INFO      [WEB] Registro encontrado: CRT26-020627
10:40:44  WARNING   [WEB] page.evaluate retornó None en DATOS DEL DOCUMENTO -- intentando fallback con locators de Playwright
10:40:45  INFO      [WEB] DATOS DEL DOCUMENTO (fallback locator): folio_opc='' | no_doc=''
10:40:45  INFO      [WEB] DATOS DEL DOCUMENTO: folio_opc='None' | no_doc='None'
10:40:45  WARNING   [V11-META-FALTANTE] folio=CRT26-020627 campo=representante_legal es nulo/vacio
10:40:45  WARNING   [V11-META-FALTANTE] folio=CRT26-020627 campo=nombre_operador es nulo/vacio
10:40:45  WARNING   [V11-META-FALTANTE] folio=CRT26-020627 campo=asunto es nulo/vacio
10:40:45  INFO      [WEB] Metadatos guardados OK: Rep='None', Ope='None', Asunto='None', Registro='CRT26-020627'
10:40:45  WARNING   [META-RETRY] Campos faltantes: ['nombre_operador', 'representante_legal']
10:40:45  WARNING   [META-RETRY] Intento 2 fallido para folio CRT26-020627. Reintentando en 3s...
10:40:48  INFO      [WEB] Extrayendo metadatos web (intento 3) para folio CRT26-020627
10:40:48  INFO      [WEB] Extrayendo metadatos web (una vez) de SATyS para folio CRT26-020627
10:40:51  INFO      [WEB] Registro encontrado: CRT26-020627
10:40:51  WARNING   [WEB] page.evaluate retornó None en DATOS DEL DOCUMENTO -- intentando fallback con locators de Playwright
10:40:52  INFO      [WEB] DATOS DEL DOCUMENTO (fallback locator): folio_opc='' | no_doc=''
10:40:52  INFO      [WEB] DATOS DEL DOCUMENTO: folio_opc='None' | no_doc='None'
10:40:52  WARNING   [V11-META-FALTANTE] folio=CRT26-020627 campo=representante_legal es nulo/vacio
10:40:52  WARNING   [V11-META-FALTANTE] folio=CRT26-020627 campo=nombre_operador es nulo/vacio
10:40:52  WARNING   [V11-META-FALTANTE] folio=CRT26-020627 campo=asunto es nulo/vacio
10:40:52  INFO      [WEB] Metadatos guardados OK: Rep='None', Ope='None', Asunto='None', Registro='CRT26-020627'
10:40:52  WARNING   [META-RETRY] Campos faltantes: ['nombre_operador', 'representante_legal']
10:40:52  WARNING   [META-RETRY] Intento 3 fallido para folio CRT26-020627. Reintentando en 3s...
10:40:55  INFO      [WEB] Extrayendo metadatos web (intento 4) para folio CRT26-020627
10:40:55  INFO      [WEB] Extrayendo metadatos web (una vez) de SATyS para folio CRT26-020627
10:40:58  INFO      [WEB] Registro encontrado: CRT26-020627
10:40:58  WARNING   [WEB] page.evaluate retornó None en DATOS DEL DOCUMENTO -- intentando fallback con locators de Playwright
10:40:59  INFO      [WEB] DATOS DEL DOCUMENTO (fallback locator): folio_opc='' | no_doc=''
10:40:59  INFO      [WEB] DATOS DEL DOCUMENTO: folio_opc='None' | no_doc='None'
10:40:59  WARNING   [V11-META-FALTANTE] folio=CRT26-020627 campo=representante_legal es nulo/vacio
10:40:59  WARNING   [V11-META-FALTANTE] folio=CRT26-020627 campo=nombre_operador es nulo/vacio
10:40:59  WARNING   [V11-META-FALTANTE] folio=CRT26-020627 campo=asunto es nulo/vacio
10:40:59  INFO      [WEB] Metadatos guardados OK: Rep='None', Ope='None', Asunto='None', Registro='CRT26-020627'
10:40:59  WARNING   [META-RETRY] Campos faltantes: ['nombre_operador', 'representante_legal']
10:40:59  WARNING   [META-RETRY] Intento 4 fallido para folio CRT26-020627. Reintentando en 3s...
10:41:02  INFO      [WEB] Extrayendo metadatos web (intento 5) para folio CRT26-020627
10:41:02  INFO      [WEB] Extrayendo metadatos web (una vez) de SATyS para folio CRT26-020627
10:41:05  INFO      [WR:SATyS-Reg_0] ── Registro CRT26-020722: 0/1 OK | 0 error(es) servidor | 0 error(es) red ──
10:41:05  INFO      [WEB] Registro encontrado: CRT26-020627
10:41:05  WARNING   [WEB] page.evaluate retornó None en DATOS DEL DOCUMENTO -- intentando fallback con locators de Playwright
10:41:05  INFO      [WEB] DATOS DEL DOCUMENTO (fallback locator): folio_opc='' | no_doc=''
10:41:05  INFO      [WEB] DATOS DEL DOCUMENTO: folio_opc='None' | no_doc='None'
10:41:06  WARNING   [V11-META-FALTANTE] folio=CRT26-020627 campo=representante_legal es nulo/vacio
10:41:06  WARNING   [V11-META-FALTANTE] folio=CRT26-020627 campo=nombre_operador es nulo/vacio
10:41:06  WARNING   [V11-META-FALTANTE] folio=CRT26-020627 campo=asunto es nulo/vacio
10:41:06  INFO      [WEB] Metadatos guardados OK: Rep='None', Ope='None', Asunto='None', Registro='CRT26-020627'
10:41:06  WARNING   [META-RETRY] Campos faltantes: ['nombre_operador', 'representante_legal']
10:41:06  WARNING   [META-RETRY] Intento 5 fallido para folio CRT26-020627. Reintentando en 3s...
10:41:07  INFO      [WR:SATyS-Reg_0] ── Iniciando registro CRT26-019055 ──
10:41:07  INFO      [CONC-REG] [4/718] ✓ Registro CRT26-020722 completado: 0 OK / 1 total
10:41:07  INFO      [API] Discovery activo: debug\api_log.jsonl
10:41:09  INFO      [REG-PAGE] Resultados búsqueda: mostrando 1 de 1 trámites
10:41:09  INFO      [REG-PAGE] Resultados búsqueda: mostrando 1 de 1 trámites
10:41:09  INFO      [WEB] Extrayendo metadatos web (intento 6) para folio CRT26-020627
10:41:09  INFO      [WEB] Extrayendo metadatos web (una vez) de SATyS para folio CRT26-020627
10:41:09  INFO      [REG-VIEW] Abriendo detalle: registro=CRT26-027906, folio=VE-185035
10:41:09  INFO      [REG-VIEW] Abriendo detalle: registro=CRT26-026372, folio=VE-183587
10:41:09  INFO      [OK] Tablero de Control cargado
10:41:09  INFO      [REG] Configurando tablero para búsqueda por Registro (Todos los años + 100)...
10:41:09  INFO      [WR:SATyS-Reg_0] Sesión activa (registro CRT26-019055)
10:41:09  INFO      [NAV] Navegando a Enlace Oficialia de Partes...
10:41:09  INFO      [REG] Cambiando Año a 'Todos los años' (value='0')...
10:41:09  INFO      [REG] ✅ Año cambiado a 'Todos los años'
10:41:09  INFO      [REG] Cambiando 'Mostrar' a 100 trámites...
10:41:10  INFO      [REG] ✅ Mostrar cambiado a 100 trámites
10:41:10  INFO      [REG-BUSCAR] Buscando registro CRT26-020385 en tabla (intento 1)...
10:41:11  INFO      [OK] Tablero de Control cargado
10:41:11  INFO      [REG] Configurando tablero para búsqueda por Registro (Todos los años + 100)...
10:41:11  INFO      [REG] Cambiando Año a 'Todos los años' (value='0')...
10:41:11  INFO      [REG] ✅ Año cambiado a 'Todos los años'
10:41:11  INFO      [REG] Cambiando 'Mostrar' a 100 trámites...
10:41:11  INFO      [REG-OK] Detalle cargado: registro=CRT26-027906
10:41:11  INFO      [WEB] Extrayendo metadatos web (intento 1) para folio CRT26-027906
10:41:11  INFO      [WEB] Extrayendo metadatos web (una vez) de SATyS para folio CRT26-027906
10:41:12  INFO      [WEB] Registro encontrado: CRT26-020627
10:41:12  WARNING   [WEB] page.evaluate retornó None en DATOS DEL DOCUMENTO -- intentando fallback con locators de Playwright
10:41:12  INFO      [REG] ✅ Mostrar cambiado a 100 trámites
10:41:12  INFO      [REG-BUSCAR] Buscando registro CRT26-019055 en tabla (intento 1)...
10:41:12  INFO      [WEB] DATOS DEL DOCUMENTO (fallback locator): folio_opc='VE-176768' | no_doc=''
10:41:12  INFO      [WEB] DATOS DEL DOCUMENTO: folio_opc='VE-176768' | no_doc='None'
10:41:12  INFO      [WEB] Fecha de folio OPC: 15-05-2026 12:05:48
10:41:12  INFO      [REG-PAGE] Resultados búsqueda: mostrando 1 de 1 trámites
10:41:12  INFO      [REG-VIEW] Abriendo detalle: registro=CRT26-020385, folio=VE-176495
10:41:13  INFO      [WEB] Metadatos guardados OK: Rep='EDGAR DELGADO ROSAS', Ope='IMPORTADORA Y DISTRIBUIDORA DERO', Asunto='Trámite que ingreso por Ventanilla Electrónica. Más trámites y servicios', Registro='CRT26-020627'
10:41:13  INFO      [META-RETRY] Todos los campos criticos capturados en intento 6 para folio CRT26-020627
10:41:13  INFO      [FILES] Descargando archivos del folio CRT26-020627...
10:41:14  INFO      [WEB] Registro encontrado: CRT26-027906
10:41:14  WARNING   [WEB] page.evaluate retornó None en DATOS DEL DOCUMENTO -- intentando fallback con locators de Playwright
10:41:15  INFO      [WEB] DATOS DEL DOCUMENTO (fallback locator): folio_opc='' | no_doc=''
10:41:15  INFO      [WEB] DATOS DEL DOCUMENTO: folio_opc='None' | no_doc='None'
10:41:15  WARNING   [V11-META-FALTANTE] folio=CRT26-027906 campo=representante_legal es nulo/vacio
10:41:15  WARNING   [V11-META-FALTANTE] folio=CRT26-027906 campo=nombre_operador es nulo/vacio
10:41:15  WARNING   [V11-META-FALTANTE] folio=CRT26-027906 campo=asunto es nulo/vacio
10:41:15  INFO      [WEB] Metadatos guardados OK: Rep='None', Ope='None', Asunto='None', Registro='CRT26-027906'
10:41:15  WARNING   [META-RETRY] Campos faltantes: ['nombre_operador', 'representante_legal']
10:41:15  WARNING   [META-RETRY] Intento 1 fallido para folio CRT26-027906. Reintentando en 3s...
10:41:18  INFO      [WEB] Extrayendo metadatos web (intento 2) para folio CRT26-027906
10:41:18  INFO      [WEB] Extrayendo metadatos web (una vez) de SATyS para folio CRT26-027906
10:41:21  INFO      [WEB] Registro encontrado: CRT26-027906
10:41:21  WARNING   [WEB] page.evaluate retornó None en DATOS DEL DOCUMENTO -- intentando fallback con locators de Playwright
10:41:22  INFO      [WEB] DATOS DEL DOCUMENTO (fallback locator): folio_opc='' | no_doc=''
10:41:22  INFO      [WEB] DATOS DEL DOCUMENTO: folio_opc='None' | no_doc='None'
10:41:23  INFO      [REG-OK] Detalle cargado: registro=CRT26-020385
10:41:23  INFO      [WEB] Extrayendo metadatos web (intento 1) para folio CRT26-020385
10:41:23  INFO      [WEB] Extrayendo metadatos web (una vez) de SATyS para folio CRT26-020385
10:41:23  WARNING   [V11-META-FALTANTE] folio=CRT26-027906 campo=representante_legal es nulo/vacio
10:41:23  WARNING   [V11-META-FALTANTE] folio=CRT26-027906 campo=nombre_operador es nulo/vacio
10:41:23  WARNING   [V11-META-FALTANTE] folio=CRT26-027906 campo=asunto es nulo/vacio
10:41:23  INFO      [WEB] Metadatos guardados OK: Rep='None', Ope='None', Asunto='None', Registro='CRT26-027906'
10:41:23  WARNING   [META-RETRY] Campos faltantes: ['nombre_operador', 'representante_legal']
10:41:23  WARNING   [META-RETRY] Intento 2 fallido para folio CRT26-027906. Reintentando en 3s...
10:41:23  INFO      [WR:SATyS-Reg_0] ── Registro CRT26-019055: 0/1 OK | 0 error(es) servidor | 0 error(es) red ──
10:41:25  INFO      [REG-OK] Detalle cargado: registro=CRT26-026372
10:41:25  INFO      [WEB] Extrayendo metadatos web (intento 1) para folio CRT26-026372
10:41:25  INFO      [WEB] Extrayendo metadatos web (una vez) de SATyS para folio CRT26-026372
10:41:25  INFO      [INFO] Seccion 'ARCHIVOS ASOCIADOS' no existe en folio CRT26-020627 -- activar fallback
10:41:25  INFO      [WR:SATyS-Reg_0] ── Iniciando registro CRT26-018776 ──
10:41:25  INFO      [CONC-REG] [5/718] ✓ Registro CRT26-019055 completado: 0 OK / 1 total
10:41:25  INFO      [REG-FUENTE] Sin ARCHIVOS ASOCIADOS -- activando flujo DOCUMENTOS ANEXOS para registro CRT26-020627 (folio=VE-176768)
10:41:25  INFO      [ALT] Iniciando flujo DOCUMENTOS ANEXOS para folio VE-176768 (raw=VE-176768)
10:41:25  INFO      [ALT-NAV] Navegando a Tramites Nuevos...
10:41:26  INFO      [WEB] Registro encontrado: CRT26-020385
10:41:26  WARNING   [WEB] page.evaluate retornó None en DATOS DEL DOCUMENTO -- intentando fallback con locators de Playwright
10:41:26  INFO      [WEB] Extrayendo metadatos web (intento 3) para folio CRT26-027906
10:41:26  INFO      [WEB] Extrayendo metadatos web (una vez) de SATyS para folio CRT26-027906
10:41:26  INFO      [API] Discovery activo: debug\api_log.jsonl
10:41:27  INFO      [WEB] DATOS DEL DOCUMENTO (fallback locator): folio_opc='VE-176495' | no_doc=''
10:41:27  INFO      [WEB] DATOS DEL DOCUMENTO: folio_opc='VE-176495' | no_doc='None'
10:41:27  INFO      [WEB] Fecha de folio OPC: 14-05-2026 11:24:42
10:41:28  INFO      [WEB] Metadatos guardados OK: Rep='EDGAR EMILIANO FUENTES BURGOS', Ope='INTERLINK SOLUCIONES INALÁMBRICAS', Asunto='Trámite que ingreso por Ventanilla Electrónica. Más trámites y servicios', Registro='CRT26-020385'
10:41:28  INFO      [META-RETRY] Todos los campos criticos capturados en intento 1 para folio CRT26-020385
10:41:28  INFO      [FILES] Descargando archivos del folio CRT26-020385...
10:41:28  INFO      [WEB] Registro encontrado: CRT26-026372
10:41:28  WARNING   [WEB] page.evaluate retornó None en DATOS DEL DOCUMENTO -- intentando fallback con locators de Playwright
10:41:29  INFO      [WEB] Registro encontrado: CRT26-027906
10:41:29  WARNING   [WEB] page.evaluate retornó None en DATOS DEL DOCUMENTO -- intentando fallback con locators de Playwright
10:41:29  INFO      [WEB] DATOS DEL DOCUMENTO (fallback locator): folio_opc='' | no_doc=''
10:41:29  INFO      [WEB] DATOS DEL DOCUMENTO: folio_opc='None' | no_doc='None'
10:41:30  WARNING   [V11-META-FALTANTE] folio=CRT26-026372 campo=representante_legal es nulo/vacio
10:41:30  WARNING   [V11-META-FALTANTE] folio=CRT26-026372 campo=nombre_operador es nulo/vacio
10:41:30  WARNING   [V11-META-FALTANTE] folio=CRT26-026372 campo=asunto es nulo/vacio
10:41:30  INFO      [WEB] Metadatos guardados OK: Rep='None', Ope='None', Asunto='None', Registro='CRT26-026372'
10:41:30  WARNING   [META-RETRY] Campos faltantes: ['nombre_operador', 'representante_legal']
10:41:30  WARNING   [META-RETRY] Intento 1 fallido para folio CRT26-026372. Reintentando en 3s...
10:41:30  INFO      [WEB] DATOS DEL DOCUMENTO (fallback locator): folio_opc='VE-185035' | no_doc=''
10:41:30  INFO      [WEB] DATOS DEL DOCUMENTO: folio_opc='VE-185035' | no_doc='None'
10:41:30  INFO      [WEB] Fecha de folio OPC: 02-07-2026 10:04:09
10:41:31  INFO      [WEB] Metadatos guardados OK: Rep='FERNANDO ALBERTO SÁNCHEZ ASSAD', Ope='EURONET TELECOMUNICACIONES', Asunto='Trámite que ingreso por Ventanilla Electrónica. Más trámites y servicios', Registro='CRT26-027906'
10:41:31  INFO      [META-RETRY] Todos los campos criticos capturados en intento 3 para folio CRT26-027906
10:41:31  INFO      [FILES] Descargando archivos del folio CRT26-027906...
10:41:33  INFO      [WEB] Extrayendo metadatos web (intento 2) para folio CRT26-026372
10:41:33  INFO      [WEB] Extrayendo metadatos web (una vez) de SATyS para folio CRT26-026372
10:41:34  INFO      [INFO] Pagina 1: 1 archivo(s) encontrado(s)
10:41:34  INFO        [1] Descargando: MEMORANDUM.pdf
10:41:34  INFO           [OK] Descarga directa: MEMORANDUM.pdf  (743.4 KB)
10:41:34  INFO      [INFO] Folio CRT26-026983: 1/1 descargados en 1 pagina(s)
10:41:35  INFO      [REG-FUENTE] ARCHIVOS ASOCIADOS encontrado para registro CRT26-026983
10:41:35  INFO      [BACK] Regresando al tablero...
10:41:35  INFO      [WR:SATyS-Reg_0] Sesión activa (registro CRT26-018776)
10:41:35  INFO      [NAV] Navegando a Enlace Oficialia de Partes...
10:41:36  INFO      [WEB] Registro encontrado: CRT26-026372
10:41:36  WARNING   [WEB] page.evaluate retornó None en DATOS DEL DOCUMENTO -- intentando fallback con locators de Playwright
10:41:37  INFO      [WEB] DATOS DEL DOCUMENTO (fallback locator): folio_opc='' | no_doc=''
10:41:37  INFO      [WEB] DATOS DEL DOCUMENTO: folio_opc='None' | no_doc='None'
10:41:37  INFO      [OK] Tablero de Control cargado
10:41:37  INFO      [REG] Configurando tablero para búsqueda por Registro (Todos los años + 100)...
10:41:38  INFO      [OK] De vuelta en el tablero
10:41:38  INFO      [REG] Cambiando Año a 'Todos los años' (value='0')...
10:41:38  INFO      [REG] ✅ Año cambiado a 'Todos los años'
10:41:38  INFO      [ALT-NAV] Tramites Nuevos cargado OK
10:41:38  INFO      [ALT-SEARCH] Folio normalizado para busqueda: 'VE-176768' -> '176768'
10:41:38  INFO      [ALT-SEARCH] Buscando folio 176768 en Tramites Nuevos...
10:41:38  INFO      [REG] Cambiando 'Mostrar' a 100 trámites...
10:41:39  INFO      [WEB] Metadatos guardados OK: Rep='ALEJANDRO CABRAL PEÑA', Ope='OPENIP COMUNICACIONES', Asunto='Trámite que ingreso por Ventanilla Electrónica. Más trámites y servicios', Registro='CRT26-026372'
10:41:39  INFO      [META-RETRY] Todos los campos criticos capturados en intento 2 para folio CRT26-026372
10:41:39  INFO      [FILES] Descargando archivos del folio CRT26-026372...
10:41:39  INFO      [REG] ✅ Mostrar cambiado a 100 trámites
10:41:39  INFO      [REG-BUSCAR] Buscando registro CRT26-018776 en tabla (intento 1)...
10:41:40  INFO      [INFO] Seccion 'ARCHIVOS ASOCIADOS' no existe en folio CRT26-020385 -- activar fallback
10:41:41  INFO      [REG-FUENTE] Sin ARCHIVOS ASOCIADOS -- activando flujo DOCUMENTOS ANEXOS para registro CRT26-020385 (folio=VE-176495)
10:41:41  INFO      [ALT] Iniciando flujo DOCUMENTOS ANEXOS para folio VE-176495 (raw=VE-176495)
10:41:41  INFO      [ALT-NAV] Navegando a Tramites Nuevos...
10:41:41  INFO      [WR:SATyS-Reg_0] ── Registro CRT26-018776: 0/1 OK | 0 error(es) servidor | 0 error(es) red ──
10:41:42  INFO      [WR:SATyS-Reg_3] ── Registro CRT26-026983: 1/1 OK | 0 error(es) servidor | 0 error(es) red ──
10:41:44  INFO      [WR:SATyS-Reg_0] ── Iniciando registro CRT26-018466 ──
10:41:44  INFO      [CONC-REG] [6/718] ✓ Registro CRT26-018776 completado: 0 OK / 1 total
10:41:44  INFO      [WR:SATyS-Reg_3] ── Iniciando registro CRT26-018463 ──
10:41:44  INFO      [CONC-REG] [7/718] ✓ Registro CRT26-026983 completado: 1 OK / 1 total
10:41:44  INFO      [INFO] Seccion 'ARCHIVOS ASOCIADOS' no existe en folio CRT26-027906 -- activar fallback
10:41:44  INFO      [REG-FUENTE] Sin ARCHIVOS ASOCIADOS -- activando flujo DOCUMENTOS ANEXOS para registro CRT26-027906 (folio=VE-185035)
10:41:44  INFO      [ALT] Iniciando flujo DOCUMENTOS ANEXOS para folio VE-185035 (raw=VE-185035)
10:41:44  INFO      [ALT-NAV] Navegando a Tramites Nuevos...
10:41:45  INFO      [API] Discovery activo: debug\api_log.jsonl
10:41:45  INFO      [API] Discovery activo: debug\api_log.jsonl
10:41:45  INFO      [ALT-SEARCH] Folio VE-176768 encontrado en Tramites Nuevos
10:41:45  INFO      [ALT-REVISAR] Abriendo detalle del tramite VE-176768...
10:41:51  INFO      [ALT-REVISAR] Detalle del tramite cargado OK
10:41:51  INFO      [ALT-META] Extrayendo metadatos de DATOS DEL TRAMITE para folio VE-176768
10:41:51  INFO      [INFO] Seccion 'ARCHIVOS ASOCIADOS' no existe en folio CRT26-026372 -- activar fallback
10:41:52  INFO      [REG-FUENTE] Sin ARCHIVOS ASOCIADOS -- activando flujo DOCUMENTOS ANEXOS para registro CRT26-026372 (folio=VE-183587)
10:41:52  INFO      [ALT] Iniciando flujo DOCUMENTOS ANEXOS para folio VE-183587 (raw=VE-183587)
10:41:52  INFO      [ALT-NAV] Navegando a Tramites Nuevos...
10:41:53  INFO      [ALT-NAV] Tramites Nuevos cargado OK
10:41:53  INFO      [ALT-SEARCH] Folio normalizado para busqueda: 'VE-176495' -> '176495'
10:41:53  INFO      [ALT-SEARCH] Buscando folio 176495 en Tramites Nuevos...
10:42:00  INFO      [ALT-SEARCH] Folio VE-176495 encontrado en Tramites Nuevos
10:42:00  INFO      [ALT-REVISAR] Abriendo detalle del tramite VE-176495...
10:42:07  INFO      [ALT-NAV] Tramites Nuevos cargado OK
10:42:07  INFO      [ALT-SEARCH] Folio normalizado para busqueda: 'VE-183587' -> '183587'
10:42:07  INFO      [ALT-SEARCH] Buscando folio 183587 en Tramites Nuevos...
10:42:08  INFO      [WR:SATyS-Reg_3] Sesión activa (registro CRT26-018463)
10:42:08  INFO      [NAV] Navegando a Enlace Oficialia de Partes...
10:42:09  INFO      [WR:SATyS-Reg_0] Sesión activa (registro CRT26-018466)
10:42:09  INFO      [NAV] Navegando a Enlace Oficialia de Partes...
10:42:09  INFO      [ALT-REVISAR] Detalle del tramite cargado OK
10:42:09  INFO      [ALT-META] Extrayendo metadatos de DATOS DEL TRAMITE para folio VE-176495
10:42:12  INFO      [ALT-NAV] Tramites Nuevos cargado OK
10:42:12  INFO      [ALT-SEARCH] Folio normalizado para busqueda: 'VE-185035' -> '185035'
10:42:12  INFO      [ALT-SEARCH] Buscando folio 185035 en Tramites Nuevos...
10:42:12  INFO      [OK] Tablero de Control cargado
10:42:12  INFO      [REG] Configurando tablero para búsqueda por Registro (Todos los años + 100)...
10:42:12  INFO      [REG] Cambiando Año a 'Todos los años' (value='0')...
10:42:12  INFO      [REG] ✅ Año cambiado a 'Todos los años'
10:42:12  INFO      [REG] Cambiando 'Mostrar' a 100 trámites...
10:42:13  INFO      [REG] ✅ Mostrar cambiado a 100 trámites
10:42:13  INFO      [REG-BUSCAR] Buscando registro CRT26-018466 en tabla (intento 1)...
10:42:14  INFO      [ALT-SEARCH] Folio VE-183587 encontrado en Tramites Nuevos
10:42:14  INFO      [ALT-REVISAR] Abriendo detalle del tramite VE-183587...
10:42:19  INFO      [ALT-SEARCH] Folio VE-185035 encontrado en Tramites Nuevos
10:42:19  INFO      [ALT-REVISAR] Abriendo detalle del tramite VE-185035...
10:42:27  INFO      [ALT-REVISAR] Detalle del tramite cargado OK
10:42:27  INFO      [ALT-META] Extrayendo metadatos de DATOS DEL TRAMITE para folio VE-183587
10:42:27  INFO      [OK] Tablero de Control cargado
10:42:27  INFO      [REG] Configurando tablero para búsqueda por Registro (Todos los años + 100)...
10:42:27  INFO      [REG] Cambiando Año a 'Todos los años' (value='0')...
10:42:27  INFO      [REG] ✅ Año cambiado a 'Todos los años'
10:42:27  INFO      [REG] Cambiando 'Mostrar' a 100 trámites...
10:42:28  INFO      [ALT-REVISAR] Detalle del tramite cargado OK
10:42:28  INFO      [ALT-META] Extrayendo metadatos de DATOS DEL TRAMITE para folio VE-185035
10:42:28  INFO      [REG] ✅ Mostrar cambiado a 100 trámites
10:42:28  INFO      [REG-BUSCAR] Buscando registro CRT26-018463 en tabla (intento 1)...
10:42:28  INFO      [REG-PAGE] Resultados búsqueda: mostrando 1 de 1 trámites
10:42:28  INFO      [REG-VIEW] Abriendo detalle: registro=CRT26-018466, folio=VE-173853
10:42:33  INFO      [REG-OK] Detalle cargado: registro=CRT26-018466
10:42:33  INFO      [WEB] Extrayendo metadatos web (intento 1) para folio CRT26-018466
10:42:33  INFO      [WEB] Extrayendo metadatos web (una vez) de SATyS para folio CRT26-018466
10:42:34  INFO      [REG-VIEW] Abriendo detalle: registro=CRT26-018463, folio=VE-173842
10:42:36  INFO      [WEB] Registro encontrado: CRT26-018466
10:42:36  WARNING   [WEB] page.evaluate retornó None en DATOS DEL DOCUMENTO -- intentando fallback con locators de Playwright
10:42:36  INFO      [WEB] DATOS DEL DOCUMENTO (fallback locator): folio_opc='' | no_doc=''
10:42:36  INFO      [WEB] DATOS DEL DOCUMENTO: folio_opc='None' | no_doc='None'
10:42:37  WARNING   [V11-META-FALTANTE] folio=CRT26-018466 campo=representante_legal es nulo/vacio
10:42:37  WARNING   [V11-META-FALTANTE] folio=CRT26-018466 campo=nombre_operador es nulo/vacio
10:42:37  WARNING   [V11-META-FALTANTE] folio=CRT26-018466 campo=asunto es nulo/vacio
10:42:37  INFO      [WEB] Metadatos guardados OK: Rep='None', Ope='None', Asunto='None', Registro='CRT26-018466'
10:42:37  WARNING   [META-RETRY] Campos faltantes: ['nombre_operador', 'representante_legal']
10:42:37  WARNING   [META-RETRY] Intento 1 fallido para folio CRT26-018466. Reintentando en 3s...
10:42:39  INFO      [ALT-META] Metadatos guardados: {'tipo_tramite': 'CGPE-01-001: Solicitud de Registro inicial de los servicios de telecomunicaciones comercializados, para efectos del acervo estadístico del Instituto Federal de Telecomunicaciones', 'fecha_registro': '15/05/2026', 'solicitante': '', 'nombre_operador': 'IMPORTADORA Y DISTRIBUIDORA DERO, S.A. DE C.V.', 'representante_legal': 'EDGAR DELGADO ROSAS', 'asunto': '', 'descripcion': '', 'registro': '', 'folio': '176768'}
10:42:39  INFO      [ALT-DL] Descargando DOCUMENTOS ANEXOS para folio VE-176768
10:42:40  INFO      [WEB] Extrayendo metadatos web (intento 2) para folio CRT26-018466
10:42:40  INFO      [WEB] Extrayendo metadatos web (una vez) de SATyS para folio CRT26-018466
10:42:43  INFO      [ALT-DL] Seccion DOCUMENTOS ANEXOS localizada: text=DOCUMENTOS ANEXOS
10:42:43  INFO      [WEB] Registro encontrado: CRT26-018466
10:42:43  WARNING   [WEB] page.evaluate retornó None en DATOS DEL DOCUMENTO -- intentando fallback con locators de Playwright
10:42:43  INFO      [REG-OK] Detalle cargado: registro=CRT26-018463
10:42:43  INFO      [WEB] Extrayendo metadatos web (intento 1) para folio CRT26-018463
10:42:43  INFO      [WEB] Extrayendo metadatos web (una vez) de SATyS para folio CRT26-018463
10:42:44  INFO      [WEB] DATOS DEL DOCUMENTO (fallback locator): folio_opc='VE-173853' | no_doc=''
10:42:44  INFO      [WEB] DATOS DEL DOCUMENTO: folio_opc='VE-173853' | no_doc='None'
10:42:44  INFO      [WEB] Fecha de folio OPC: 30-04-2026 12:26:04
10:42:44  INFO      [ALT-DL] DOCUMENTOS ANEXOS: Mostrando 1 a 7 de 7
10:42:44  INFO      [ALT-DL] Selector DOCUMENTOS ANEXOS cambiado a: 100
10:42:44  INFO      [WEB] Metadatos guardados OK: Rep='GABRIEL ENRIQUE SÁNCHEZ DE LA VEGA LEZAMA', Ope='GABRIEL ENRIQUE SÁNCHEZ DE LA VEGA LEZAMA', Asunto='Trámite que ingreso por Ventanilla Electrónica. Más trámites y servicios', Registro='CRT26-018466'
10:42:44  INFO      [META-RETRY] Todos los campos criticos capturados en intento 2 para folio CRT26-018466
10:42:44  INFO      [FILES] Descargando archivos del folio CRT26-018466...
10:42:45  INFO      [ALT-DL] DOCUMENTOS ANEXOS (post-100): Mostrando 1 a 7 de 7
10:42:45  WARNING   [ALT-DL] 10 botones > 7 esperados -- usando solo los primeros 7
10:42:45  INFO      [ALT-DL] Pagina 1: 7 botones VER DOCUMENTO
10:42:46  INFO        [1] nombre=documento_VE-176768_1  tipo=  fecha=
10:42:46  INFO      [WEB] Registro encontrado: CRT26-018463
10:42:46  WARNING   [WEB] page.evaluate retornó None en DATOS DEL DOCUMENTO -- intentando fallback con locators de Playwright
10:42:46  INFO        [OK] 17788683117942r027-05.pdf  (77.7 KB)
10:42:47  INFO        [2] nombre=documento_VE-176768_2  tipo=  fecha=
10:42:47  INFO      [WEB] DATOS DEL DOCUMENTO (fallback locator): folio_opc='VE-173842' | no_doc=''
10:42:47  INFO      [WEB] DATOS DEL DOCUMENTO: folio_opc='VE-173842' | no_doc='None'
10:42:47  INFO      [WEB] Fecha de folio OPC: 30-04-2026 12:15:12
10:42:47  INFO        [OK] 17788683061667r027-04.pdf  (74.9 KB)
10:42:48  INFO      [WEB] Metadatos guardados OK: Rep='GABRIEL ENRIQUE SÁNCHEZ DE LA VEGA LEZAMA', Ope='GABRIEL ENRIQUE SÁNCHEZ DE LA VEGA LEZAMA', Asunto='Trámite que ingreso por Ventanilla Electrónica. Más trámites y servicios', Registro='CRT26-018463'
10:42:48  INFO      [META-RETRY] Todos los campos criticos capturados en intento 1 para folio CRT26-018463
10:42:48  INFO      [FILES] Descargando archivos del folio CRT26-018463...
10:42:48  INFO        [3] nombre=documento_VE-176768_3  tipo=  fecha=
10:42:48  INFO        [OK] 17788682996276r027-03.pdf  (77.8 KB)
10:42:49  INFO        [4] nombre=documento_VE-176768_4  tipo=  fecha=
10:42:49  INFO        [OK] 17788682948882r027-02.pdf  (77.0 KB)
10:42:50  INFO      [ALT-META] Metadatos guardados: {'tipo_tramite': 'CGPE-01-003-B: Entrega periódica de Información General Estadística B. Para Operador que no actualiza ninguno de los supuestos determinados por Servicio con base en su volumen de comercialización y/o provisión de servicios.', 'fecha_registro': '14/05/2026', 'solicitante': '', 'nombre_operador': 'INTERLINK SOLUCIONES INALÁMBRICAS, S.A. DE C.V.', 'representante_legal': 'EDGAR EMILIANO FUENTES BURGOS', 'asunto': '', 'descripcion': '', 'registro': '', 'folio': '176495'}
10:42:50  INFO      [ALT-DL] Descargando DOCUMENTOS ANEXOS para folio VE-176495
10:42:50  INFO        [5] nombre=documento_VE-176768_5  tipo=  fecha=
10:42:50  INFO        [OK] 17788682891134r027-01.pdf  (61.6 KB)
10:42:51  INFO        [6] nombre=documento_VE-176768_6  tipo=  fecha=
10:42:51  INFO        [OK] 177886828378escritolibrer027.pdf  (433.0 KB)
10:42:51  INFO        [7] nombre=documento_VE-176768_7  tipo=  fecha=
10:42:52  INFO        [OK] solicitud176768.pdf  (237.7 KB)
10:42:52  INFO      [ALT-DL] Paginacion: mostrando 1 a 7 de 7
10:42:52  INFO      [ALT-DL] VALIDACION OK: 7/7 documentos descargados
10:42:52  INFO      [REG-META] metadata_satys.json actualizado para registro CRT26-020627
10:42:52  INFO      [BACK] Regresando al tablero...
10:42:53  INFO      [ALT-DL] Seccion DOCUMENTOS ANEXOS localizada: text=DOCUMENTOS ANEXOS
10:42:54  INFO      [ALT-DL] DOCUMENTOS ANEXOS: Mostrando 1 a 3 de 3
10:42:54  INFO      [ALT-DL] Selector DOCUMENTOS ANEXOS cambiado a: 100
10:42:55  INFO      [ALT-DL] DOCUMENTOS ANEXOS (post-100): Mostrando 1 a 3 de 3
10:42:55  INFO      [BACK] Re-navegando al tablero...
10:42:55  INFO      [NAV] Navegando a Enlace Oficialia de Partes...
10:42:55  WARNING   [ALT-DL] 6 botones > 3 esperados -- usando solo los primeros 3
10:42:55  INFO      [ALT-DL] Pagina 1: 3 botones VER DOCUMENTO
10:42:55  INFO        [1] nombre=documento_VE-176495_1  tipo=  fecha=
10:42:56  INFO        [OK] 17787794056938r028_27cuestionario.xlsx  (53.5 KB)
10:42:56  INFO        [2] nombre=documento_VE-176495_2  tipo=  fecha=
10:42:56  INFO      [OK] Tablero de Control cargado
10:42:57  INFO        [OK] 17787793815013r027cuestionario.xlsx  (59.4 KB)
10:42:57  INFO      [INFO] Seccion 'ARCHIVOS ASOCIADOS' no existe en folio CRT26-018466 -- activar fallback
10:42:57  INFO        [3] nombre=documento_VE-176495_3  tipo=  fecha=
10:42:57  INFO      [REG-FUENTE] Sin ARCHIVOS ASOCIADOS -- activando flujo DOCUMENTOS ANEXOS para registro CRT26-018466 (folio=VE-173853)
10:42:57  INFO      [ALT] Iniciando flujo DOCUMENTOS ANEXOS para folio VE-173853 (raw=VE-173853)
10:42:57  INFO      [ALT-NAV] Navegando a Tramites Nuevos...
10:42:57  INFO        [OK] solicitud176495.pdf  (1115.9 KB)
10:42:57  INFO      [ALT-DL] Paginacion: mostrando 1 a 3 de 3
10:42:57  INFO      [ALT-DL] VALIDACION OK: 3/3 documentos descargados
10:42:57  INFO      [REG-META] metadata_satys.json actualizado para registro CRT26-020385
10:42:57  INFO      [BACK] Regresando al tablero...
10:42:57  INFO      [WR:SATyS-Reg_2] ── Registro CRT26-020627: 7/7 OK | 0 error(es) servidor | 0 error(es) red ──
10:42:58  INFO      [WR:SATyS-Reg_2] ── Iniciando registro CRT26-018462 ──
10:42:58  INFO      [CONC-REG] [8/718] ✓ Registro CRT26-020627 completado: 7 OK / 7 total
10:42:59  INFO      [API] Discovery activo: debug\api_log.jsonl
10:43:00  INFO      [INFO] Seccion 'ARCHIVOS ASOCIADOS' no existe en folio CRT26-018463 -- activar fallback
10:43:00  INFO      [REG-FUENTE] Sin ARCHIVOS ASOCIADOS -- activando flujo DOCUMENTOS ANEXOS para registro CRT26-018463 (folio=VE-173842)
10:43:00  INFO      [ALT] Iniciando flujo DOCUMENTOS ANEXOS para folio VE-173842 (raw=VE-173842)
10:43:00  INFO      [ALT-NAV] Navegando a Tramites Nuevos...
10:43:00  INFO      [BACK] Re-navegando al tablero...
10:43:00  INFO      [NAV] Navegando a Enlace Oficialia de Partes...
10:43:04  INFO      [ALT-META] Metadatos guardados: {'tipo_tramite': 'CGPE-01-008: Entrega periódica de Información General Estadística para efectos del Acervo Estadístico del Instituto Federal de Telecomunicaciones.', 'fecha_registro': '02/07/2026', 'solicitante': '', 'nombre_operador': 'EURONET TELECOMUNICACIONES, S.A. DE C.V.', 'representante_legal': 'FERNANDO ALBERTO SÁNCHEZ ASSAD', 'asunto': '', 'descripcion': '', 'registro': '', 'folio': '185035'}
10:43:04  INFO      [ALT-DL] Descargando DOCUMENTOS ANEXOS para folio VE-185035
10:43:05  INFO      [ALT-META] Metadatos guardados: {'tipo_tramite': 'CGPE-01-003-B: Entrega periódica de Información General Estadística B. Para Operador que no actualiza ninguno de los supuestos determinados por Servicio con base en su volumen de comercialización y/o provisión de servicios.', 'fecha_registro': '24/06/2026', 'solicitante': '', 'nombre_operador': 'OPENIP COMUNICACIONES, S.A. DE C.V.', 'representante_legal': 'ALEJANDRO CABRAL PEÑA', 'asunto': 'SE PRESENTA INFORMACIÓN ESTADÍSTICA CORRESPONDIENTE AL SEGUNDO TRIMESTRE 2025 OPENIP', 'descripcion': '', 'registro': '', 'folio': '183587'}
10:43:05  INFO      [ALT-DL] Descargando DOCUMENTOS ANEXOS para folio VE-183587
10:43:07  INFO      [ALT-DL] Seccion DOCUMENTOS ANEXOS localizada: text=DOCUMENTOS ANEXOS
10:43:08  INFO      [ALT-DL] Seccion DOCUMENTOS ANEXOS localizada: text=DOCUMENTOS ANEXOS
10:43:08  INFO      [ALT-DL] DOCUMENTOS ANEXOS: Mostrando 1 a 2 de 2
10:43:08  INFO      [ALT-DL] Selector DOCUMENTOS ANEXOS cambiado a: 100
10:43:09  INFO      [OK] Tablero de Control cargado
10:43:09  INFO      [WR:SATyS-Reg_2] Sesión activa (registro CRT26-018462)
10:43:09  INFO      [NAV] Navegando a Enlace Oficialia de Partes...
10:43:09  INFO      [ALT-NAV] Tramites Nuevos cargado OK
10:43:09  INFO      [ALT-SEARCH] Folio normalizado para busqueda: 'VE-173853' -> '173853'
10:43:09  INFO      [ALT-SEARCH] Buscando folio 173853 en Tramites Nuevos...
10:43:09  INFO      [ALT-DL] DOCUMENTOS ANEXOS: Mostrando 1 a 2 de 2
10:43:09  INFO      [ALT-DL] Selector DOCUMENTOS ANEXOS cambiado a: 100
10:43:09  INFO      [ALT-DL] DOCUMENTOS ANEXOS (post-100): Mostrando 1 a 2 de 2
10:43:10  WARNING   [ALT-DL] 5 botones > 2 esperados -- usando solo los primeros 2
10:43:10  INFO      [ALT-DL] Pagina 1: 2 botones VER DOCUMENTO
10:43:10  INFO      [OK] Tablero de Control cargado
10:43:10  INFO      [REG] Configurando tablero para búsqueda por Registro (Todos los años + 100)...
10:43:10  INFO      [REG] Cambiando Año a 'Todos los años' (value='0')...
10:43:10  INFO        [1] nombre=documento_VE-185035_1  tipo=  fecha=
10:43:10  INFO      [REG] ✅ Año cambiado a 'Todos los años'
10:43:10  INFO      [REG] Cambiando 'Mostrar' a 100 trámites...
10:43:10  INFO      [ALT-DL] DOCUMENTOS ANEXOS (post-100): Mostrando 1 a 2 de 2
10:43:11  WARNING   [ALT-DL] 5 botones > 2 esperados -- usando solo los primeros 2
10:43:11  INFO      [ALT-DL] Pagina 1: 2 botones VER DOCUMENTO
10:43:11  INFO        [OK] 178300796352592025r024-01.xls  (107.5 KB)
10:43:11  INFO      [REG] ✅ Mostrar cambiado a 100 trámites
10:43:11  INFO      [REG-BUSCAR] Buscando registro CRT26-018462 en tabla (intento 1)...
10:43:11  INFO      [ALT-NAV] Tramites Nuevos cargado OK
10:43:11  INFO      [ALT-SEARCH] Folio normalizado para busqueda: 'VE-173842' -> '173842'
10:43:11  INFO      [ALT-SEARCH] Buscando folio 173842 en Tramites Nuevos...
10:43:11  INFO        [1] nombre=documento_VE-183587_1  tipo=  fecha=
10:43:11  INFO        [2] nombre=documento_VE-185035_2  tipo=  fecha=
10:43:12  INFO        [OK] 17823394189262r002-03.csv  (3.6 KB)
10:43:12  INFO        [OK] solicitud185035.pdf  (326.8 KB)
10:43:12  INFO      [ALT-DL] Paginacion: mostrando 1 a 2 de 2
10:43:12  INFO      [ALT-DL] VALIDACION OK: 2/2 documentos descargados
10:43:12  INFO      [REG-META] metadata_satys.json actualizado para registro CRT26-027906
10:43:12  INFO      [BACK] Regresando al tablero...
10:43:12  INFO        [2] nombre=documento_VE-183587_2  tipo=  fecha=
10:43:13  INFO        [OK] solicitud183587.pdf  (307.4 KB)
10:43:13  INFO      [ALT-DL] Paginacion: mostrando 1 a 2 de 2
10:43:13  INFO      [ALT-DL] VALIDACION OK: 2/2 documentos descargados
10:43:13  INFO      [REG-META] metadata_satys.json actualizado para registro CRT26-026372
10:43:13  INFO      [BACK] Regresando al tablero...
10:43:15  INFO      [REG-PAGE] Resultados búsqueda: mostrando 1 de 1 trámites
10:43:15  INFO      [BACK] Re-navegando al tablero...
10:43:15  INFO      [NAV] Navegando a Enlace Oficialia de Partes...
10:43:15  INFO      [REG-VIEW] Abriendo detalle: registro=CRT26-018462, folio=VE-173833
10:43:16  INFO      [BACK] Re-navegando al tablero...
10:43:16  INFO      [NAV] Navegando a Enlace Oficialia de Partes...
10:43:16  INFO      [ALT-SEARCH] Folio VE-173853 encontrado en Tramites Nuevos
10:43:16  INFO      [ALT-REVISAR] Abriendo detalle del tramite VE-173853...
10:43:18  INFO      [ALT-SEARCH] Folio VE-173842 encontrado en Tramites Nuevos
10:43:18  INFO      [ALT-REVISAR] Abriendo detalle del tramite VE-173842...
10:43:22  INFO      [OK] Tablero de Control cargado
10:43:23  INFO      [REG-OK] Detalle cargado: registro=CRT26-018462
10:43:23  INFO      [WEB] Extrayendo metadatos web (intento 1) para folio CRT26-018462
10:43:23  INFO      [WEB] Extrayendo metadatos web (una vez) de SATyS para folio CRT26-018462
10:43:23  INFO      [ALT-REVISAR] Detalle del tramite cargado OK
10:43:23  INFO      [ALT-META] Extrayendo metadatos de DATOS DEL TRAMITE para folio VE-173853
10:43:24  INFO      [ALT-REVISAR] Detalle del tramite cargado OK
10:43:24  INFO      [ALT-META] Extrayendo metadatos de DATOS DEL TRAMITE para folio VE-173842
10:43:24  INFO      [WR:SATyS-Reg_5] ── Registro CRT26-020385: 3/3 OK | 0 error(es) servidor | 0 error(es) red ──
10:43:24  INFO      [WR:SATyS-Reg_1] ── Registro CRT26-027906: 2/2 OK | 0 error(es) servidor | 0 error(es) red ──
10:43:26  INFO      [WEB] Registro encontrado: CRT26-018462
10:43:26  WARNING   [WEB] page.evaluate retornó None en DATOS DEL DOCUMENTO -- intentando fallback con locators de Playwright
10:43:26  INFO      [WR:SATyS-Reg_5] ── Iniciando registro CRT26-018459 ──
10:43:26  INFO      [CONC-REG] [9/718] ✓ Registro CRT26-020385 completado: 3 OK / 3 total
10:43:26  INFO      [WR:SATyS-Reg_1] ── Iniciando registro CRT26-018453 ──
10:43:26  INFO      [CONC-REG] [10/718] ✓ Registro CRT26-027906 completado: 2 OK / 2 total
10:43:26  INFO      [API] Discovery activo: debug\api_log.jsonl
10:43:27  INFO      [API] Discovery activo: debug\api_log.jsonl
10:43:27  INFO      [WEB] DATOS DEL DOCUMENTO (fallback locator): folio_opc='VE-173833' | no_doc=''
10:43:27  INFO      [WEB] DATOS DEL DOCUMENTO: folio_opc='VE-173833' | no_doc='None'
10:43:27  INFO      [WEB] Fecha de folio OPC: 30-04-2026 12:06:30
10:43:27  INFO      [WEB] Metadatos guardados OK: Rep='GABRIEL ENRIQUE SÁNCHEZ DE LA VEGA LEZAMA', Ope='GABRIEL ENRIQUE SÁNCHEZ DE LA VEGA LEZAMA', Asunto='Trámite que ingreso por Ventanilla Electrónica. Más trámites y servicios', Registro='CRT26-018462'
10:43:27  INFO      [META-RETRY] Todos los campos criticos capturados en intento 1 para folio CRT26-018462
10:43:27  INFO      [FILES] Descargando archivos del folio CRT26-018462...
10:43:33  INFO      [WR:SATyS-Reg_5] Sesión activa (registro CRT26-018459)
10:43:33  INFO      [NAV] Navegando a Enlace Oficialia de Partes...
10:43:33  INFO      [OK] Tablero de Control cargado
10:43:39  INFO      [ALT-META] Metadatos guardados: {'tipo_tramite': 'CGPE-01-003-B: Entrega periódica de Información General Estadística B. Para Operador que no actualiza ninguno de los supuestos determinados por Servicio con base en su volumen de comercialización y/o provisión de servicios.', 'fecha_registro': '30/04/2026', 'solicitante': '', 'nombre_operador': 'GABRIEL ENRIQUE SÁNCHEZ DE LA VEGA LEZAMA', 'representante_legal': 'GABRIEL ENRIQUE SÁNCHEZ DE LA VEGA LEZAMA', 'asunto': 'SE PRESENTA EL ANEXO R025. INFORMACIÓN ESTADÍSTICA GENERAL PARA OPERADORES QUE NO ACTUALIZAN LOS SUPUESTOS A NI LOS SUPUESTOS B CORRESPONDIENTE AL AÑO 2025.', 'descripcion': '', 'registro': '', 'folio': '173853'}
10:43:39  INFO      [ALT-DL] Descargando DOCUMENTOS ANEXOS para folio VE-173853
10:43:39  INFO      [WR:SATyS-Reg_4] ── Registro CRT26-026372: 2/2 OK | 0 error(es) servidor | 0 error(es) red ──
10:43:40  INFO      [INFO] Seccion 'ARCHIVOS ASOCIADOS' no existe en folio CRT26-018462 -- activar fallback
10:43:40  INFO      [REG-FUENTE] Sin ARCHIVOS ASOCIADOS -- activando flujo DOCUMENTOS ANEXOS para registro CRT26-018462 (folio=VE-173833)
10:43:40  INFO      [ALT] Iniciando flujo DOCUMENTOS ANEXOS para folio VE-173833 (raw=VE-173833)
10:43:40  INFO      [ALT-NAV] Navegando a Tramites Nuevos...
10:43:41  INFO      [ALT-DL] Seccion DOCUMENTOS ANEXOS localizada: text=DOCUMENTOS ANEXOS
10:43:41  INFO      [WR:SATyS-Reg_4] ── Iniciando registro CRT26-018374 ──
10:43:41  INFO      [CONC-REG] [11/718] ✓ Registro CRT26-026372 completado: 2 OK / 2 total
10:43:41  INFO      [API] Discovery activo: debug\api_log.jsonl
10:43:42  INFO      [ALT-DL] DOCUMENTOS ANEXOS: Mostrando 1 a 2 de 2
10:43:42  INFO      [ALT-DL] Selector DOCUMENTOS ANEXOS cambiado a: 100
10:43:43  INFO      [ALT-DL] DOCUMENTOS ANEXOS (post-100): Mostrando 1 a 2 de 2
10:43:43  WARNING   [ALT-DL] 5 botones > 2 esperados -- usando solo los primeros 2
10:43:43  INFO      [ALT-DL] Pagina 1: 2 botones VER DOCUMENTO
10:43:43  INFO        [1] nombre=documento_VE-173853_1  tipo=  fecha=
10:43:43  INFO        [OK] 17775735325141r025-01.xlsx  (11.0 KB)
10:43:43  INFO        [2] nombre=documento_VE-173853_2  tipo=  fecha=
10:43:44  INFO        [OK] solicitud173853.pdf  (299.3 KB)
10:43:44  INFO      [ALT-DL] Paginacion: mostrando 1 a 2 de 2
10:43:44  INFO      [ALT-DL] VALIDACION OK: 2/2 documentos descargados
10:43:44  INFO      [REG-META] metadata_satys.json actualizado para registro CRT26-018466
10:43:44  INFO      [BACK] Regresando al tablero...
10:43:44  INFO      [ALT-NAV] Tramites Nuevos cargado OK
10:43:44  INFO      [ALT-SEARCH] Folio normalizado para busqueda: 'VE-173833' -> '173833'
10:43:44  INFO      [ALT-SEARCH] Buscando folio 173833 en Tramites Nuevos...
10:43:47  INFO      [BACK] Re-navegando al tablero...
10:43:47  INFO      [NAV] Navegando a Enlace Oficialia de Partes...
10:43:47  INFO      [OK] Tablero de Control cargado
10:43:47  INFO      [REG] Configurando tablero para búsqueda por Registro (Todos los años + 100)...
10:43:47  INFO      [REG] Cambiando Año a 'Todos los años' (value='0')...
10:43:47  INFO      [REG] ✅ Año cambiado a 'Todos los años'
10:43:47  INFO      [REG] Cambiando 'Mostrar' a 100 trámites...
10:43:47  INFO      [WR:SATyS-Reg_4] Sesión activa (registro CRT26-018374)
10:43:47  INFO      [NAV] Navegando a Enlace Oficialia de Partes...
10:43:48  INFO      [REG] ✅ Mostrar cambiado a 100 trámites
10:43:48  INFO      [REG-BUSCAR] Buscando registro CRT26-018459 en tabla (intento 1)...
10:43:49  INFO      [WR:SATyS-Reg_5] ── Registro CRT26-018459: 0/1 OK | 0 error(es) servidor | 0 error(es) red ──
10:43:51  INFO      [ALT-META] Metadatos guardados: {'tipo_tramite': 'CGPE-01-003-B: Entrega periódica de Información General Estadística B. Para Operador que no actualiza ninguno de los supuestos determinados por Servicio con base en su volumen de comercialización y/o provisión de servicios.', 'fecha_registro': '30/04/2026', 'solicitante': '', 'nombre_operador': 'GABRIEL ENRIQUE SÁNCHEZ DE LA VEGA LEZAMA', 'representante_legal': 'GABRIEL ENRIQUE SÁNCHEZ DE LA VEGA LEZAMA', 'asunto': 'SE PRESENTA EL ANEXO R002. INFORMACIÓN GENERAL ESTADÍSTICA PARA OPERADOR QUE NO ACTUALIZA NINGUNO DE LOS SUPUESTOS DETERMINADOS POR SERVICIO, CORRESPONDIENTE AL 2024.', 'descripcion': '', 'registro': '', 'folio': '173842'}
10:43:51  INFO      [ALT-DL] Descargando DOCUMENTOS ANEXOS para folio VE-173842
10:43:51  INFO      [ALT-SEARCH] Folio VE-173833 encontrado en Tramites Nuevos
10:43:51  INFO      [ALT-REVISAR] Abriendo detalle del tramite VE-173833...
10:43:51  INFO      [WR:SATyS-Reg_5] ── Iniciando registro CRT26-018286 ──
10:43:51  INFO      [CONC-REG] [12/718] ✓ Registro CRT26-018459 completado: 0 OK / 1 total
10:43:52  INFO      [API] Discovery activo: debug\api_log.jsonl
10:43:53  INFO      [ALT-REVISAR] Detalle del tramite cargado OK
10:43:53  INFO      [ALT-META] Extrayendo metadatos de DATOS DEL TRAMITE para folio VE-173833
10:43:54  INFO      [ALT-DL] Seccion DOCUMENTOS ANEXOS localizada: text=DOCUMENTOS ANEXOS
10:43:55  INFO      [ALT-DL] DOCUMENTOS ANEXOS: Mostrando 1 a 10 de 10
10:43:55  INFO      [ALT-DL] Selector DOCUMENTOS ANEXOS cambiado a: 100
10:43:56  INFO      [ALT-DL] DOCUMENTOS ANEXOS (post-100): Mostrando 1 a 10 de 10
10:43:56  WARNING   [ALT-DL] 13 botones > 10 esperados -- usando solo los primeros 10
10:43:56  INFO      [ALT-DL] Pagina 1: 10 botones VER DOCUMENTO
10:43:56  INFO        [1] nombre=documento_VE-173842_1  tipo=  fecha=
10:43:57  INFO        [OK] 17775728293702r002-09.xlsx  (15.1 KB)
10:43:57  INFO        [2] nombre=documento_VE-173842_2  tipo=  fecha=
10:43:58  INFO        [OK] 17775728216426r002-08.xlsx  (15.2 KB)
10:43:58  INFO        [3] nombre=documento_VE-173842_3  tipo=  fecha=
10:43:58  INFO        [OK] 17775728053112r002-07.xlsx  (15.5 KB)
10:43:59  INFO        [4] nombre=documento_VE-173842_4  tipo=  fecha=
10:43:59  INFO        [OK] 17775727953899r002-06.xlsx  (15.6 KB)
10:44:00  INFO        [5] nombre=documento_VE-173842_5  tipo=  fecha=
10:44:00  INFO      [WR:SATyS-Reg_5] Sesión activa (registro CRT26-018286)
10:44:00  INFO      [NAV] Navegando a Enlace Oficialia de Partes...
10:44:00  INFO        [OK] 17775727865561r002-05.xlsx  (15.2 KB)
10:44:00  INFO      [OK] Tablero de Control cargado
10:44:00  INFO      [REG] Configurando tablero para búsqueda por Registro (Todos los años + 100)...
10:44:00  INFO      [OK] Tablero de Control cargado
10:44:00  INFO        [6] nombre=documento_VE-173842_6  tipo=  fecha=
10:44:00  INFO      [REG] Cambiando Año a 'Todos los años' (value='0')...
10:44:00  INFO      [REG] ✅ Año cambiado a 'Todos los años'
10:44:00  INFO      [REG] Cambiando 'Mostrar' a 100 trámites...
10:44:01  INFO        [OK] 17775727786648r002-04.xlsx  (14.9 KB)
10:44:01  INFO        [7] nombre=documento_VE-173842_7  tipo=  fecha=
10:44:01  INFO      [REG] ✅ Mostrar cambiado a 100 trámites
10:44:01  INFO      [REG-BUSCAR] Buscando registro CRT26-018374 en tabla (intento 1)...
10:44:02  INFO        [OK] 17775727699426r002-03.xlsx  (15.4 KB)
10:44:02  INFO        [8] nombre=documento_VE-173842_8  tipo=  fecha=
10:44:02  INFO        [OK] 17775727614320r002-02.xlsx  (17.7 KB)
10:44:03  INFO      [WR:SATyS-Reg_1] Sesión activa (registro CRT26-018453)
10:44:03  INFO      [NAV] Navegando a Enlace Oficialia de Partes...
10:44:03  INFO        [9] nombre=documento_VE-173842_9  tipo=  fecha=
10:44:03  INFO        [OK] 17775727539402r002-01.xlsx  (15.6 KB)
10:44:03  INFO        [10] nombre=documento_VE-173842_10  tipo=  fecha=
10:44:04  INFO        [OK] solicitud173842.pdf  (400.2 KB)
10:44:04  INFO      [ALT-DL] Paginacion: mostrando 1 a 10 de 10
10:44:04  INFO      [ALT-DL] VALIDACION OK: 10/10 documentos descargados
10:44:04  INFO      [REG-META] metadata_satys.json actualizado para registro CRT26-018463
10:44:04  INFO      [BACK] Regresando al tablero...
10:44:07  INFO      [BACK] Re-navegando al tablero...
10:44:07  INFO      [NAV] Navegando a Enlace Oficialia de Partes...
10:44:11  INFO      [OK] Tablero de Control cargado
10:44:11  INFO      [REG] Configurando tablero para búsqueda por Registro (Todos los años + 100)...
10:44:11  INFO      [REG] Cambiando Año a 'Todos los años' (value='0')...
10:44:11  INFO      [REG] ✅ Año cambiado a 'Todos los años'
10:44:11  INFO      [REG] Cambiando 'Mostrar' a 100 trámites...
10:44:12  INFO      [OK] Tablero de Control cargado
10:44:12  INFO      [REG] Configurando tablero para búsqueda por Registro (Todos los años + 100)...
10:44:12  INFO      [REG] Cambiando Año a 'Todos los años' (value='0')...
10:44:12  INFO      [REG] ✅ Año cambiado a 'Todos los años'
10:44:12  INFO      [REG] Cambiando 'Mostrar' a 100 trámites...
10:44:12  INFO      [REG] ✅ Mostrar cambiado a 100 trámites
10:44:12  INFO      [REG-BUSCAR] Buscando registro CRT26-018286 en tabla (intento 1)...
10:44:13  INFO      [REG] ✅ Mostrar cambiado a 100 trámites
10:44:13  INFO      [REG-BUSCAR] Buscando registro CRT26-018453 en tabla (intento 1)...
10:44:13  INFO      [REG-PAGE] Resultados búsqueda: mostrando 1 de 1 trámites
10:44:13  INFO      [WR:SATyS-Reg_0] ── Registro CRT26-018466: 2/2 OK | 0 error(es) servidor | 0 error(es) red ──
10:44:14  INFO      [REG-VIEW] Abriendo detalle: registro=CRT26-018374, folio=VE-173670
10:44:14  INFO      [REG-PAGE] Resultados búsqueda: mostrando 1 de 1 trámites
10:44:14  INFO      [REG-VIEW] Abriendo detalle: registro=CRT26-018286, folio=VE-173577
10:44:15  INFO      [WR:SATyS-Reg_0] ── Iniciando registro CRT26-017951 ──
10:44:15  INFO      [CONC-REG] [13/718] ✓ Registro CRT26-018466 completado: 2 OK / 2 total
10:44:16  INFO      [API] Discovery activo: debug\api_log.jsonl
10:44:25  INFO      [OK] Tablero de Control cargado
10:44:25  INFO      [WR:SATyS-Reg_0] Sesión activa (registro CRT26-017951)
10:44:25  INFO      [NAV] Navegando a Enlace Oficialia de Partes...
10:44:25  INFO      [REG-OK] Detalle cargado: registro=CRT26-018374
10:44:25  INFO      [WEB] Extrayendo metadatos web (intento 1) para folio CRT26-018374
10:44:25  INFO      [WEB] Extrayendo metadatos web (una vez) de SATyS para folio CRT26-018374
10:44:26  INFO      [WR:SATyS-Reg_1] ── Registro CRT26-018453: 0/1 OK | 0 error(es) servidor | 0 error(es) red ──
10:44:26  INFO      [ALT-META] Metadatos guardados: {'tipo_tramite': 'CGPE-01-003-Z: Entrega periódica de Información General Estadística Z. Sobre la Disponibilidad de Redes de Acceso y Servicios', 'fecha_registro': '30/04/2026', 'solicitante': '', 'nombre_operador': 'GABRIEL ENRIQUE SÁNCHEZ DE LA VEGA LEZAMA', 'representante_legal': 'GABRIEL ENRIQUE SÁNCHEZ DE LA VEGA LEZAMA', 'asunto': 'SE PRESENTA EL ANEXO R027. INFORMACIÓN ESTADÍSTICA SOBRE LA DISPONIBILIDAD DE REDES DE ACCESO Y SERVICIOS, CORRESPONDIENTE AL AÑO 2023, EN DONDE SE INICIA EN EL MES DE SE´TIEMBRE, POR SER OTORGADA LA CONCESIÓIN ÚNICA COMERCIAL EL DÍA 25/08/2023.', 'descripcion': '', 'registro': '', 'folio': '173833'}
10:44:26  INFO      [ALT-DL] Descargando DOCUMENTOS ANEXOS para folio VE-173833
10:44:27  INFO      [WR:SATyS-Reg_1] ── Iniciando registro CRT26-017764 ──
10:44:27  INFO      [CONC-REG] [14/718] ✓ Registro CRT26-018453 completado: 0 OK / 1 total
10:44:28  INFO      [API] Discovery activo: debug\api_log.jsonl
10:44:28  INFO      [WEB] Registro encontrado: CRT26-018374
10:44:28  WARNING   [WEB] page.evaluate retornó None en DATOS DEL DOCUMENTO -- intentando fallback con locators de Playwright
10:44:29  INFO      [WEB] DATOS DEL DOCUMENTO (fallback locator): folio_opc='' | no_doc=''
10:44:29  INFO      [WEB] DATOS DEL DOCUMENTO: folio_opc='None' | no_doc='None'
10:44:29  WARNING   [V11-META-FALTANTE] folio=CRT26-018374 campo=representante_legal es nulo/vacio
10:44:29  WARNING   [V11-META-FALTANTE] folio=CRT26-018374 campo=nombre_operador es nulo/vacio
10:44:29  WARNING   [V11-META-FALTANTE] folio=CRT26-018374 campo=asunto es nulo/vacio
10:44:29  INFO      [WEB] Metadatos guardados OK: Rep='None', Ope='None', Asunto='None', Registro='CRT26-018374'
10:44:29  WARNING   [META-RETRY] Campos faltantes: ['nombre_operador', 'representante_legal']
10:44:29  WARNING   [META-RETRY] Intento 1 fallido para folio CRT26-018374. Reintentando en 3s...
10:44:29  INFO      [ALT-DL] Seccion DOCUMENTOS ANEXOS localizada: text=DOCUMENTOS ANEXOS
10:44:30  INFO      [ALT-DL] DOCUMENTOS ANEXOS: Mostrando 1 a 6 de 6
10:44:30  INFO      [ALT-DL] Selector DOCUMENTOS ANEXOS cambiado a: 100
10:44:31  INFO      [ALT-DL] DOCUMENTOS ANEXOS (post-100): Mostrando 1 a 6 de 6
10:44:32  WARNING   [ALT-DL] 9 botones > 6 esperados -- usando solo los primeros 6
10:44:32  INFO      [ALT-DL] Pagina 1: 6 botones VER DOCUMENTO
10:44:32  INFO        [1] nombre=documento_VE-173833_1  tipo=  fecha=
10:44:32  INFO      [WEB] Extrayendo metadatos web (intento 2) para folio CRT26-018374
10:44:32  INFO      [WEB] Extrayendo metadatos web (una vez) de SATyS para folio CRT26-018374
10:44:33  INFO        [OK] 17775723005268r027-05.xlsx  (28.9 KB)
10:44:33  INFO        [2] nombre=documento_VE-173833_2  tipo=  fecha=
10:44:34  INFO        [OK] 17775722926371r027-04.xlsx  (28.0 KB)
10:44:34  INFO        [3] nombre=documento_VE-173833_3  tipo=  fecha=
10:44:35  INFO        [OK] 17775722834062r027-03.xlsx  (29.4 KB)
10:44:35  INFO      [WEB] Registro encontrado: CRT26-018374
10:44:35  WARNING   [WEB] page.evaluate retornó None en DATOS DEL DOCUMENTO -- intentando fallback con locators de Playwright
10:44:35  INFO        [4] nombre=documento_VE-173833_4  tipo=  fecha=
10:44:36  INFO      [WEB] DATOS DEL DOCUMENTO (fallback locator): folio_opc='' | no_doc=''
10:44:36  INFO      [WEB] DATOS DEL DOCUMENTO: folio_opc='None' | no_doc='None'
10:44:36  INFO        [OK] 17775722517991r027-02.xlsx  (29.2 KB)
10:44:36  INFO      [WEB] Metadatos guardados OK: Rep='IVAN GUILLERMO GARIBAY GUZMÁN', Ope='TELESISTEMAS Y REDES MEXIQUENSES', Asunto='Trámite que ingreso por Ventanilla Electrónica. Más trámites y servicios', Registro='CRT26-018374'
10:44:36  INFO      [META-RETRY] Todos los campos criticos capturados en intento 2 para folio CRT26-018374
10:44:36  INFO      [FILES] Descargando archivos del folio CRT26-018374...
10:44:37  INFO        [5] nombre=documento_VE-173833_5  tipo=  fecha=
10:44:37  INFO        [OK] 17775722431473r027-01.xlsx  (14.9 KB)
10:44:38  INFO        [6] nombre=documento_VE-173833_6  tipo=  fecha=
10:44:38  INFO        [OK] solicitud173833.pdf  (329.2 KB)
10:44:38  INFO      [ALT-DL] Paginacion: mostrando 1 a 6 de 6
10:44:38  INFO      [ALT-DL] VALIDACION OK: 6/6 documentos descargados
10:44:38  INFO      [REG-META] metadata_satys.json actualizado para registro CRT26-018462
10:44:38  INFO      [BACK] Regresando al tablero...
10:44:40  INFO      [REG-OK] Detalle cargado: registro=CRT26-018286
10:44:40  INFO      [WEB] Extrayendo metadatos web (intento 1) para folio CRT26-018286
10:44:40  INFO      [WEB] Extrayendo metadatos web (una vez) de SATyS para folio CRT26-018286
10:44:41  INFO      [BACK] Re-navegando al tablero...
10:44:41  INFO      [NAV] Navegando a Enlace Oficialia de Partes...
10:44:43  INFO      [WEB] Registro encontrado: CRT26-018286
10:44:43  WARNING   [WEB] page.evaluate retornó None en DATOS DEL DOCUMENTO -- intentando fallback con locators de Playwright
10:44:43  INFO      [OK] Tablero de Control cargado
10:44:43  INFO      [WEB] DATOS DEL DOCUMENTO (fallback locator): folio_opc='' | no_doc=''
10:44:43  INFO      [WEB] DATOS DEL DOCUMENTO: folio_opc='None' | no_doc='None'
10:44:44  WARNING   [V11-META-FALTANTE] folio=CRT26-018286 campo=representante_legal es nulo/vacio
10:44:44  WARNING   [V11-META-FALTANTE] folio=CRT26-018286 campo=nombre_operador es nulo/vacio
10:44:44  WARNING   [V11-META-FALTANTE] folio=CRT26-018286 campo=asunto es nulo/vacio
10:44:44  INFO      [WEB] Metadatos guardados OK: Rep='None', Ope='None', Asunto='None', Registro='CRT26-018286'
10:44:44  WARNING   [META-RETRY] Campos faltantes: ['nombre_operador', 'representante_legal']
10:44:44  WARNING   [META-RETRY] Intento 1 fallido para folio CRT26-018286. Reintentando en 3s...
10:44:45  INFO      [WR:SATyS-Reg_2] ── Registro CRT26-018462: 6/6 OK | 0 error(es) servidor | 0 error(es) red ──
10:44:46  INFO      [WR:SATyS-Reg_2] ── Iniciando registro CRT26-017665 ──
10:44:46  INFO      [CONC-REG] [15/718] ✓ Registro CRT26-018462 completado: 6 OK / 6 total
10:44:47  INFO      [WEB] Extrayendo metadatos web (intento 2) para folio CRT26-018286
10:44:47  INFO      [WEB] Extrayendo metadatos web (una vez) de SATyS para folio CRT26-018286
10:44:47  INFO      [API] Discovery activo: debug\api_log.jsonl
10:44:49  INFO      [INFO] Seccion 'ARCHIVOS ASOCIADOS' no existe en folio CRT26-018374 -- activar fallback
10:44:49  INFO      [REG-FUENTE] Sin ARCHIVOS ASOCIADOS -- activando flujo DOCUMENTOS ANEXOS para registro CRT26-018374 (folio=VE-173670)
10:44:49  INFO      [ALT] Iniciando flujo DOCUMENTOS ANEXOS para folio VE-173670 (raw=VE-173670)
10:44:49  INFO      [ALT-NAV] Navegando a Tramites Nuevos...
10:44:50  INFO      [WEB] Registro encontrado: CRT26-018286
10:44:50  WARNING   [WEB] page.evaluate retornó None en DATOS DEL DOCUMENTO -- intentando fallback con locators de Playwright
10:44:50  INFO      [WEB] DATOS DEL DOCUMENTO (fallback locator): folio_opc='' | no_doc=''
10:44:50  INFO      [WEB] DATOS DEL DOCUMENTO: folio_opc='None' | no_doc='None'
10:44:50  WARNING   [V11-META-FALTANTE] folio=CRT26-018286 campo=representante_legal es nulo/vacio
10:44:50  WARNING   [V11-META-FALTANTE] folio=CRT26-018286 campo=nombre_operador es nulo/vacio
10:44:50  WARNING   [V11-META-FALTANTE] folio=CRT26-018286 campo=asunto es nulo/vacio
10:44:50  INFO      [WEB] Metadatos guardados OK: Rep='None', Ope='None', Asunto='None', Registro='CRT26-018286'
10:44:50  WARNING   [META-RETRY] Campos faltantes: ['nombre_operador', 'representante_legal']
10:44:50  WARNING   [META-RETRY] Intento 2 fallido para folio CRT26-018286. Reintentando en 3s...
10:44:53  INFO      [WEB] Extrayendo metadatos web (intento 3) para folio CRT26-018286
10:44:53  INFO      [WEB] Extrayendo metadatos web (una vez) de SATyS para folio CRT26-018286
10:44:56  INFO      [WEB] Registro encontrado: CRT26-018286
10:44:56  WARNING   [WEB] page.evaluate retornó None en DATOS DEL DOCUMENTO -- intentando fallback con locators de Playwright
10:44:57  INFO      [WEB] DATOS DEL DOCUMENTO (fallback locator): folio_opc='' | no_doc=''
10:44:57  INFO      [WEB] DATOS DEL DOCUMENTO: folio_opc='None' | no_doc='None'
10:44:57  WARNING   [V11-META-FALTANTE] folio=CRT26-018286 campo=representante_legal es nulo/vacio
10:44:57  WARNING   [V11-META-FALTANTE] folio=CRT26-018286 campo=nombre_operador es nulo/vacio
10:44:57  WARNING   [V11-META-FALTANTE] folio=CRT26-018286 campo=asunto es nulo/vacio
10:44:57  INFO      [WEB] Metadatos guardados OK: Rep='None', Ope='None', Asunto='None', Registro='CRT26-018286'
10:44:57  WARNING   [META-RETRY] Campos faltantes: ['nombre_operador', 'representante_legal']
10:44:57  WARNING   [META-RETRY] Intento 3 fallido para folio CRT26-018286. Reintentando en 3s...
10:44:57  INFO      [OK] Tablero de Control cargado
10:44:57  INFO      [REG] Configurando tablero para búsqueda por Registro (Todos los años + 100)...
10:44:58  INFO      [REG] Cambiando Año a 'Todos los años' (value='0')...
10:44:58  INFO      [REG] ✅ Año cambiado a 'Todos los años'
10:44:58  INFO      [REG] Cambiando 'Mostrar' a 100 trámites...
10:44:58  INFO      [WR:SATyS-Reg_2] Sesión activa (registro CRT26-017665)
10:44:58  INFO      [NAV] Navegando a Enlace Oficialia de Partes...
10:44:59  INFO      [REG] ✅ Mostrar cambiado a 100 trámites
10:44:59  INFO      [REG-BUSCAR] Buscando registro CRT26-017951 en tabla (intento 1)...
10:45:00  INFO      [WEB] Extrayendo metadatos web (intento 4) para folio CRT26-018286
10:45:00  INFO      [WEB] Extrayendo metadatos web (una vez) de SATyS para folio CRT26-018286
10:45:01  INFO      [WR:SATyS-Reg_3] ── Registro CRT26-018463: 10/10 OK | 0 error(es) servidor | 0 error(es) red ──
10:45:03  INFO      [WR:SATyS-Reg_3] ── Iniciando registro CRT26-017652 ──
10:45:03  INFO      [CONC-REG] [16/718] ✓ Registro CRT26-018463 completado: 10 OK / 10 total
10:45:03  INFO      [WEB] Registro encontrado: CRT26-018286
10:45:03  WARNING   [WEB] page.evaluate retornó None en DATOS DEL DOCUMENTO -- intentando fallback con locators de Playwright
10:45:04  INFO      [API] Discovery activo: debug\api_log.jsonl
10:45:04  INFO      [WEB] DATOS DEL DOCUMENTO (fallback locator): folio_opc='' | no_doc=''
10:45:04  INFO      [WEB] DATOS DEL DOCUMENTO: folio_opc='None' | no_doc='None'
10:45:04  WARNING   [V11-META-FALTANTE] folio=CRT26-018286 campo=representante_legal es nulo/vacio
10:45:04  WARNING   [V11-META-FALTANTE] folio=CRT26-018286 campo=nombre_operador es nulo/vacio
10:45:04  WARNING   [V11-META-FALTANTE] folio=CRT26-018286 campo=asunto es nulo/vacio
10:45:04  INFO      [WEB] Metadatos guardados OK: Rep='None', Ope='None', Asunto='None', Registro='CRT26-018286'
10:45:04  WARNING   [META-RETRY] Campos faltantes: ['nombre_operador', 'representante_legal']
10:45:04  WARNING   [META-RETRY] Intento 4 fallido para folio CRT26-018286. Reintentando en 3s...
10:45:07  INFO      [WEB] Extrayendo metadatos web (intento 5) para folio CRT26-018286
10:45:07  INFO      [WEB] Extrayendo metadatos web (una vez) de SATyS para folio CRT26-018286
10:45:10  INFO      [WEB] Registro encontrado: CRT26-018286
10:45:10  WARNING   [WEB] page.evaluate retornó None en DATOS DEL DOCUMENTO -- intentando fallback con locators de Playwright
10:45:10  INFO      [WEB] DATOS DEL DOCUMENTO (fallback locator): folio_opc='' | no_doc=''
10:45:10  INFO      [WEB] DATOS DEL DOCUMENTO: folio_opc='None' | no_doc='None'
10:45:11  WARNING   [V11-META-FALTANTE] folio=CRT26-018286 campo=representante_legal es nulo/vacio
10:45:11  WARNING   [V11-META-FALTANTE] folio=CRT26-018286 campo=nombre_operador es nulo/vacio
10:45:11  WARNING   [V11-META-FALTANTE] folio=CRT26-018286 campo=asunto es nulo/vacio
10:45:11  INFO      [WEB] Metadatos guardados OK: Rep='None', Ope='None', Asunto='None', Registro='CRT26-018286'
10:45:11  WARNING   [META-RETRY] Campos faltantes: ['nombre_operador', 'representante_legal']
10:45:11  WARNING   [META-RETRY] Intento 5 fallido para folio CRT26-018286. Reintentando en 3s...
10:45:14  INFO      [WEB] Extrayendo metadatos web (intento 6) para folio CRT26-018286
10:45:14  INFO      [WEB] Extrayendo metadatos web (una vez) de SATyS para folio CRT26-018286
10:45:14  INFO      [WR:SATyS-Reg_3] Sesión activa (registro CRT26-017652)
10:45:14  INFO      [NAV] Navegando a Enlace Oficialia de Partes...
10:45:15  INFO      [REG-PAGE] Resultados búsqueda: mostrando 1 de 1 trámites
10:45:15  INFO      [REG-VIEW] Abriendo detalle: registro=CRT26-017951, folio=VE-173158
10:45:16  INFO      [OK] Tablero de Control cargado
10:45:16  INFO      [REG] Configurando tablero para búsqueda por Registro (Todos los años + 100)...
10:45:16  INFO      [OK] Tablero de Control cargado
10:45:16  INFO      [REG] Configurando tablero para búsqueda por Registro (Todos los años + 100)...
10:45:16  INFO      [REG] Cambiando Año a 'Todos los años' (value='0')...
10:45:16  INFO      [REG] Cambiando Año a 'Todos los años' (value='0')...
10:45:17  INFO      [WR:SATyS-Reg_1] Sesión activa (registro CRT26-017764)
10:45:17  INFO      [NAV] Navegando a Enlace Oficialia de Partes...
10:45:17  INFO      [REG] ✅ Año cambiado a 'Todos los años'
10:45:17  INFO      [REG] ✅ Año cambiado a 'Todos los años'
10:45:17  INFO      [REG] Cambiando 'Mostrar' a 100 trámites...
10:45:17  INFO      [WEB] Registro encontrado: CRT26-018286
10:45:17  WARNING   [WEB] page.evaluate retornó None en DATOS DEL DOCUMENTO -- intentando fallback con locators de Playwright
10:45:17  INFO      [REG] Cambiando 'Mostrar' a 100 trámites...
10:45:17  INFO      [REG-OK] Detalle cargado: registro=CRT26-017951
10:45:17  INFO      [WEB] Extrayendo metadatos web (intento 1) para folio CRT26-017951
10:45:17  INFO      [WEB] Extrayendo metadatos web (una vez) de SATyS para folio CRT26-017951
10:45:17  INFO      [ALT-NAV] Tramites Nuevos cargado OK
10:45:17  INFO      [ALT-SEARCH] Folio normalizado para busqueda: 'VE-173670' -> '173670'
10:45:17  INFO      [ALT-SEARCH] Buscando folio 173670 en Tramites Nuevos...
10:45:17  INFO      [WEB] DATOS DEL DOCUMENTO (fallback locator): folio_opc='VE-173577' | no_doc=''
10:45:17  INFO      [WEB] DATOS DEL DOCUMENTO: folio_opc='VE-173577' | no_doc='None'
10:45:17  INFO      [WEB] Fecha de folio OPC: 29-04-2026 12:41:37
10:45:17  INFO      [WEB] Metadatos guardados OK: Rep='IVAN GUILLERMO GARIBAY GUZMAN', Ope='GUILLERMO MEDELLÍN MILÁN', Asunto='Trámite que ingreso por Ventanilla Electrónica. Más trámites y servicios', Registro='CRT26-018286'
10:45:17  INFO      [META-RETRY] Todos los campos criticos capturados en intento 6 para folio CRT26-018286
10:45:17  INFO      [FILES] Descargando archivos del folio CRT26-018286...
10:45:17  INFO      [REG] ✅ Mostrar cambiado a 100 trámites
10:45:17  INFO      [REG-BUSCAR] Buscando registro CRT26-017652 en tabla (intento 1)...
10:45:17  INFO      [REG] ✅ Mostrar cambiado a 100 trámites
10:45:17  INFO      [REG-BUSCAR] Buscando registro CRT26-017665 en tabla (intento 1)...
10:45:19  INFO      [REG-PAGE] Resultados búsqueda: mostrando 1 de 1 trámites
10:45:19  INFO      [REG-VIEW] Abriendo detalle: registro=CRT26-017652, folio=VE-172801
10:45:20  INFO      [REG-PAGE] Resultados búsqueda: mostrando 1 de 1 trámites
10:45:20  INFO      [WEB] Registro encontrado: CRT26-017951
10:45:20  WARNING   [WEB] page.evaluate retornó None en DATOS DEL DOCUMENTO -- intentando fallback con locators de Playwright
10:45:20  INFO      [REG-VIEW] Abriendo detalle: registro=CRT26-017665, folio=11286
10:45:20  INFO      [WEB] DATOS DEL DOCUMENTO (fallback locator): folio_opc='' | no_doc=''
10:45:20  INFO      [WEB] DATOS DEL DOCUMENTO: folio_opc='None' | no_doc='None'
10:45:20  WARNING   [V11-META-FALTANTE] folio=CRT26-017951 campo=representante_legal es nulo/vacio
10:45:20  WARNING   [V11-META-FALTANTE] folio=CRT26-017951 campo=nombre_operador es nulo/vacio
10:45:20  WARNING   [V11-META-FALTANTE] folio=CRT26-017951 campo=asunto es nulo/vacio
10:45:20  INFO      [WEB] Metadatos guardados OK: Rep='None', Ope='None', Asunto='None', Registro='CRT26-017951'
10:45:20  WARNING   [META-RETRY] Campos faltantes: ['nombre_operador', 'representante_legal']
10:45:20  WARNING   [META-RETRY] Intento 1 fallido para folio CRT26-017951. Reintentando en 3s...
10:45:23  INFO      [WEB] Extrayendo metadatos web (intento 2) para folio CRT26-017951
10:45:23  INFO      [WEB] Extrayendo metadatos web (una vez) de SATyS para folio CRT26-017951
10:45:24  INFO      [ALT-SEARCH] Folio VE-173670 encontrado en Tramites Nuevos
10:45:24  INFO      [ALT-REVISAR] Abriendo detalle del tramite VE-173670...
10:45:26  INFO      [WEB] Registro encontrado: CRT26-017951
10:45:26  WARNING   [WEB] page.evaluate retornó None en DATOS DEL DOCUMENTO -- intentando fallback con locators de Playwright
10:45:27  INFO      [WEB] DATOS DEL DOCUMENTO (fallback locator): folio_opc='' | no_doc=''
10:45:27  INFO      [WEB] DATOS DEL DOCUMENTO: folio_opc='None' | no_doc='None'
10:45:27  WARNING   [V11-META-FALTANTE] folio=CRT26-017951 campo=representante_legal es nulo/vacio
10:45:27  WARNING   [V11-META-FALTANTE] folio=CRT26-017951 campo=nombre_operador es nulo/vacio
10:45:27  WARNING   [V11-META-FALTANTE] folio=CRT26-017951 campo=asunto es nulo/vacio
10:45:27  INFO      [WEB] Metadatos guardados OK: Rep='None', Ope='None', Asunto='None', Registro='CRT26-017951'
10:45:27  WARNING   [META-RETRY] Campos faltantes: ['nombre_operador', 'representante_legal']
10:45:27  WARNING   [META-RETRY] Intento 2 fallido para folio CRT26-017951. Reintentando en 3s...
10:45:30  INFO      [WEB] Extrayendo metadatos web (intento 3) para folio CRT26-017951
10:45:30  INFO      [WEB] Extrayendo metadatos web (una vez) de SATyS para folio CRT26-017951
10:45:30  INFO      [INFO] Seccion 'ARCHIVOS ASOCIADOS' no existe en folio CRT26-018286 -- activar fallback
10:45:30  INFO      [REG-FUENTE] Sin ARCHIVOS ASOCIADOS -- activando flujo DOCUMENTOS ANEXOS para registro CRT26-018286 (folio=VE-173577)
10:45:30  INFO      [ALT] Iniciando flujo DOCUMENTOS ANEXOS para folio VE-173577 (raw=VE-173577)
10:45:30  INFO      [ALT-NAV] Navegando a Tramites Nuevos...
10:45:33  INFO      [WEB] Registro encontrado: CRT26-017951
10:45:33  WARNING   [WEB] page.evaluate retornó None en DATOS DEL DOCUMENTO -- intentando fallback con locators de Playwright
10:45:33  INFO      [WEB] DATOS DEL DOCUMENTO (fallback locator): folio_opc='' | no_doc=''
10:45:33  INFO      [WEB] DATOS DEL DOCUMENTO: folio_opc='None' | no_doc='None'
10:45:33  WARNING   [V11-META-FALTANTE] folio=CRT26-017951 campo=representante_legal es nulo/vacio
10:45:33  WARNING   [V11-META-FALTANTE] folio=CRT26-017951 campo=nombre_operador es nulo/vacio
10:45:33  WARNING   [V11-META-FALTANTE] folio=CRT26-017951 campo=asunto es nulo/vacio
10:45:33  INFO      [WEB] Metadatos guardados OK: Rep='None', Ope='None', Asunto='None', Registro='CRT26-017951'
10:45:33  WARNING   [META-RETRY] Campos faltantes: ['nombre_operador', 'representante_legal']
10:45:33  WARNING   [META-RETRY] Intento 3 fallido para folio CRT26-017951. Reintentando en 3s...
10:45:36  INFO      [WEB] Extrayendo metadatos web (intento 4) para folio CRT26-017951
10:45:36  INFO      [WEB] Extrayendo metadatos web (una vez) de SATyS para folio CRT26-017951
10:45:39  INFO      [WEB] Registro encontrado: CRT26-017951
10:45:39  WARNING   [WEB] page.evaluate retornó None en DATOS DEL DOCUMENTO -- intentando fallback con locators de Playwright
10:45:40  INFO      [WEB] DATOS DEL DOCUMENTO (fallback locator): folio_opc='' | no_doc=''
10:45:40  INFO      [WEB] DATOS DEL DOCUMENTO: folio_opc='None' | no_doc='None'
10:45:40  WARNING   [V11-META-FALTANTE] folio=CRT26-017951 campo=representante_legal es nulo/vacio
10:45:40  WARNING   [V11-META-FALTANTE] folio=CRT26-017951 campo=nombre_operador es nulo/vacio
10:45:40  WARNING   [V11-META-FALTANTE] folio=CRT26-017951 campo=asunto es nulo/vacio
10:45:40  INFO      [WEB] Metadatos guardados OK: Rep='None', Ope='None', Asunto='None', Registro='CRT26-017951'
10:45:40  WARNING   [META-RETRY] Campos faltantes: ['nombre_operador', 'representante_legal']
10:45:40  WARNING   [META-RETRY] Intento 4 fallido para folio CRT26-017951. Reintentando en 3s...
10:45:40  INFO      [ALT-REVISAR] Detalle del tramite cargado OK
10:45:40  INFO      [ALT-META] Extrayendo metadatos de DATOS DEL TRAMITE para folio VE-173670
10:45:42  INFO      [OK] Tablero de Control cargado
10:45:42  INFO      [REG] Configurando tablero para búsqueda por Registro (Todos los años + 100)...
10:45:42  INFO      [REG] Cambiando Año a 'Todos los años' (value='0')...
10:45:42  INFO      [REG] ✅ Año cambiado a 'Todos los años'
10:45:42  INFO      [ALT-NAV] Tramites Nuevos cargado OK
10:45:42  INFO      [ALT-SEARCH] Folio normalizado para busqueda: 'VE-173577' -> '173577'
10:45:42  INFO      [ALT-SEARCH] Buscando folio 173577 en Tramites Nuevos...
10:45:42  INFO      [REG] Cambiando 'Mostrar' a 100 trámites...
10:45:43  INFO      [REG] ✅ Mostrar cambiado a 100 trámites
10:45:43  INFO      [REG-BUSCAR] Buscando registro CRT26-017764 en tabla (intento 1)...
10:45:43  INFO      [WEB] Extrayendo metadatos web (intento 5) para folio CRT26-017951
10:45:43  INFO      [WEB] Extrayendo metadatos web (una vez) de SATyS para folio CRT26-017951
10:45:44  INFO      [REG-OK] Detalle cargado: registro=CRT26-017665
10:45:44  INFO      [WEB] Extrayendo metadatos web (intento 1) para folio CRT26-017665
10:45:44  INFO      [WEB] Extrayendo metadatos web (una vez) de SATyS para folio CRT26-017665
10:45:46  INFO      [REG-OK] Detalle cargado: registro=CRT26-017652
10:45:46  INFO      [WEB] Extrayendo metadatos web (intento 1) para folio CRT26-017652
10:45:46  INFO      [WEB] Extrayendo metadatos web (una vez) de SATyS para folio CRT26-017652
10:45:46  INFO      [WEB] Registro encontrado: CRT26-017951
10:45:46  WARNING   [WEB] page.evaluate retornó None en DATOS DEL DOCUMENTO -- intentando fallback con locators de Playwright
10:45:46  INFO      [WEB] DATOS DEL DOCUMENTO (fallback locator): folio_opc='VE-173158' | no_doc=''
10:45:46  INFO      [WEB] DATOS DEL DOCUMENTO: folio_opc='VE-173158' | no_doc='None'
10:45:46  INFO      [WEB] Fecha de folio OPC: 27-04-2026 20:58:14
10:45:46  INFO      [WR:SATyS-Reg_1] ── Registro CRT26-017764: 0/1 OK | 0 error(es) servidor | 0 error(es) red ──
10:45:47  INFO      [WEB] Metadatos guardados OK: Rep='JOSÉ LUIS CRUZ VELÁZQUEZ', Ope='KONECTA DE MÉXICO', Asunto='Trámite que ingreso por Ventanilla Electrónica. Más trámites y servicios', Registro='CRT26-017951'
10:45:47  INFO      [META-RETRY] Todos los campos criticos capturados en intento 5 para folio CRT26-017951
10:45:47  INFO      [FILES] Descargando archivos del folio CRT26-017951...
10:45:47  INFO      [WEB] Registro encontrado: CRT26-017665
10:45:47  WARNING   [WEB] page.evaluate retornó None en DATOS DEL DOCUMENTO -- intentando fallback con locators de Playwright
10:45:47  INFO      [WEB] DATOS DEL DOCUMENTO (fallback locator): folio_opc='' | no_doc=''
10:45:47  INFO      [WEB] DATOS DEL DOCUMENTO: folio_opc='None' | no_doc='None'
10:45:47  WARNING   [V11-META-FALTANTE] folio=CRT26-017665 campo=representante_legal es nulo/vacio
10:45:47  WARNING   [V11-META-FALTANTE] folio=CRT26-017665 campo=nombre_operador es nulo/vacio
10:45:47  WARNING   [V11-META-FALTANTE] folio=CRT26-017665 campo=asunto es nulo/vacio
10:45:47  INFO      [WEB] Metadatos guardados OK: Rep='None', Ope='None', Asunto='None', Registro='CRT26-017665'
10:45:47  WARNING   [META-RETRY] Campos faltantes: ['nombre_operador', 'representante_legal']
10:45:47  WARNING   [META-RETRY] Intento 1 fallido para folio CRT26-017665. Reintentando en 3s...
10:45:48  INFO      [WR:SATyS-Reg_1] ── Iniciando registro CRT26-017641 ──
10:45:48  INFO      [CONC-REG] [17/718] ✓ Registro CRT26-017764 completado: 0 OK / 1 total
10:45:49  INFO      [API] Discovery activo: debug\api_log.jsonl
10:45:49  INFO      [WEB] Registro encontrado: CRT26-017652
10:45:49  WARNING   [WEB] page.evaluate retornó None en DATOS DEL DOCUMENTO -- intentando fallback con locators de Playwright
10:45:49  INFO      [ALT-SEARCH] Folio VE-173577 encontrado en Tramites Nuevos
10:45:49  INFO      [ALT-REVISAR] Abriendo detalle del tramite VE-173577...
10:45:49  INFO      [WEB] DATOS DEL DOCUMENTO (fallback locator): folio_opc='' | no_doc=''
10:45:49  INFO      [WEB] DATOS DEL DOCUMENTO: folio_opc='None' | no_doc='None'
10:45:49  WARNING   [V11-META-FALTANTE] folio=CRT26-017652 campo=representante_legal es nulo/vacio
10:45:49  WARNING   [V11-META-FALTANTE] folio=CRT26-017652 campo=nombre_operador es nulo/vacio
10:45:49  WARNING   [V11-META-FALTANTE] folio=CRT26-017652 campo=asunto es nulo/vacio
10:45:49  INFO      [WEB] Metadatos guardados OK: Rep='None', Ope='None', Asunto='None', Registro='CRT26-017652'
10:45:49  WARNING   [META-RETRY] Campos faltantes: ['nombre_operador', 'representante_legal']
10:45:49  WARNING   [META-RETRY] Intento 1 fallido para folio CRT26-017652. Reintentando en 3s...
10:45:50  INFO      [WEB] Extrayendo metadatos web (intento 2) para folio CRT26-017665
10:45:50  INFO      [WEB] Extrayendo metadatos web (una vez) de SATyS para folio CRT26-017665
10:45:52  INFO      [WEB] Extrayendo metadatos web (intento 2) para folio CRT26-017652
10:45:52  INFO      [WEB] Extrayendo metadatos web (una vez) de SATyS para folio CRT26-017652
10:45:53  INFO      [WEB] Registro encontrado: CRT26-017665
10:45:53  WARNING   [WEB] page.evaluate retornó None en DATOS DEL DOCUMENTO -- intentando fallback con locators de Playwright
10:45:54  INFO      [WEB] DATOS DEL DOCUMENTO (fallback locator): folio_opc='' | no_doc=''
10:45:54  INFO      [WEB] DATOS DEL DOCUMENTO: folio_opc='None' | no_doc='None'
10:45:54  WARNING   [V11-META-FALTANTE] folio=CRT26-017665 campo=representante_legal es nulo/vacio
10:45:54  WARNING   [V11-META-FALTANTE] folio=CRT26-017665 campo=nombre_operador es nulo/vacio
10:45:54  WARNING   [V11-META-FALTANTE] folio=CRT26-017665 campo=asunto es nulo/vacio
10:45:54  INFO      [WEB] Metadatos guardados OK: Rep='None', Ope='None', Asunto='None', Registro='CRT26-017665'
10:45:54  WARNING   [META-RETRY] Campos faltantes: ['nombre_operador', 'representante_legal']
10:45:54  WARNING   [META-RETRY] Intento 2 fallido para folio CRT26-017665. Reintentando en 3s...
10:45:55  INFO      [WEB] Registro encontrado: CRT26-017652
10:45:56  WARNING   [WEB] page.evaluate retornó None en DATOS DEL DOCUMENTO -- intentando fallback con locators de Playwright
10:45:56  INFO      [WEB] DATOS DEL DOCUMENTO (fallback locator): folio_opc='' | no_doc=''
10:45:56  INFO      [WEB] DATOS DEL DOCUMENTO: folio_opc='None' | no_doc='None'
10:45:56  WARNING   [V11-META-FALTANTE] folio=CRT26-017652 campo=representante_legal es nulo/vacio
10:45:56  WARNING   [V11-META-FALTANTE] folio=CRT26-017652 campo=nombre_operador es nulo/vacio
10:45:56  WARNING   [V11-META-FALTANTE] folio=CRT26-017652 campo=asunto es nulo/vacio
10:45:56  INFO      [WEB] Metadatos guardados OK: Rep='None', Ope='None', Asunto='None', Registro='CRT26-017652'
10:45:56  WARNING   [META-RETRY] Campos faltantes: ['nombre_operador', 'representante_legal']
10:45:56  WARNING   [META-RETRY] Intento 2 fallido para folio CRT26-017652. Reintentando en 3s...
10:45:57  INFO      [WEB] Extrayendo metadatos web (intento 3) para folio CRT26-017665
10:45:57  INFO      [WEB] Extrayendo metadatos web (una vez) de SATyS para folio CRT26-017665
10:45:58  INFO      [WR:SATyS-Reg_1] Sesión activa (registro CRT26-017641)
10:45:58  INFO      [NAV] Navegando a Enlace Oficialia de Partes...
10:45:59  INFO      [OK] Tablero de Control cargado
10:45:59  INFO      [REG] Configurando tablero para búsqueda por Registro (Todos los años + 100)...
10:45:59  INFO      [REG] Cambiando Año a 'Todos los años' (value='0')...
10:45:59  INFO      [WEB] Extrayendo metadatos web (intento 3) para folio CRT26-017652
10:45:59  INFO      [WEB] Extrayendo metadatos web (una vez) de SATyS para folio CRT26-017652
10:45:59  INFO      [REG] ✅ Año cambiado a 'Todos los años'
10:45:59  INFO      [REG] Cambiando 'Mostrar' a 100 trámites...
10:45:59  INFO      [INFO] Seccion 'ARCHIVOS ASOCIADOS' no existe en folio CRT26-017951 -- activar fallback
10:45:59  INFO      [REG-FUENTE] Sin ARCHIVOS ASOCIADOS -- activando flujo DOCUMENTOS ANEXOS para registro CRT26-017951 (folio=VE-173158)
10:45:59  INFO      [ALT] Iniciando flujo DOCUMENTOS ANEXOS para folio VE-173158 (raw=VE-173158)
10:45:59  INFO      [ALT-NAV] Navegando a Tramites Nuevos...
10:45:59  INFO      [ALT-REVISAR] Detalle del tramite cargado OK
10:45:59  INFO      [ALT-META] Extrayendo metadatos de DATOS DEL TRAMITE para folio VE-173577
10:46:00  INFO      [REG] ✅ Mostrar cambiado a 100 trámites
10:46:00  INFO      [REG-BUSCAR] Buscando registro CRT26-017641 en tabla (intento 1)...
10:46:00  INFO      [WEB] Registro encontrado: CRT26-017665
10:46:00  WARNING   [WEB] page.evaluate retornó None en DATOS DEL DOCUMENTO -- intentando fallback con locators de Playwright
10:46:00  INFO      [WEB] DATOS DEL DOCUMENTO (fallback locator): folio_opc='11286' | no_doc=''
10:46:00  INFO      [WEB] DATOS DEL DOCUMENTO: folio_opc='11286' | no_doc='None'
10:46:00  INFO      [WEB] Fecha de folio OPC: 24-04-2026 00:00:00
10:46:01  INFO      [WEB] Metadatos guardados OK: Rep='JUAN DIEGO VILLARREAL REYES', Ope='ESTUDIO DE TECNOLOGIA COMERCIAL, S.A. DE C.V.', Asunto='FORMATO R026', Registro='CRT26-017665'
10:46:01  INFO      [META-RETRY] Todos los campos criticos capturados en intento 3 para folio CRT26-017665
10:46:01  INFO      [FILES] Descargando archivos del folio CRT26-017665...
10:46:02  INFO      [ALT-META] Metadatos guardados: {'tipo_tramite': 'CGPE-01-003-B: Entrega periódica de Información General Estadística B. Para Operador que no actualiza ninguno de los supuestos determinados por Servicio con base en su volumen de comercialización y/o provisión de servicios.', 'fecha_registro': '29/04/2026', 'solicitante': '', 'nombre_operador': 'TELESISTEMAS Y REDES MEXIQUENSES, S.A. DE C.V.', 'representante_legal': 'IVAN GUILLERMO GARIBAY GUZMÁN', 'asunto': 'ESTADISTICA 2025 FORMATOS Y ARCHIVOS R024 Y R025', 'descripcion': '', 'registro': '', 'folio': '173670'}
10:46:02  INFO      [ALT-DL] Descargando DOCUMENTOS ANEXOS para folio VE-173670
10:46:02  INFO      [WEB] Registro encontrado: CRT26-017652
10:46:02  WARNING   [WEB] page.evaluate retornó None en DATOS DEL DOCUMENTO -- intentando fallback con locators de Playwright
10:46:03  INFO      [WEB] DATOS DEL DOCUMENTO (fallback locator): folio_opc='VE-172801' | no_doc=''
10:46:03  INFO      [WEB] DATOS DEL DOCUMENTO: folio_opc='VE-172801' | no_doc='None'
10:46:03  INFO      [WEB] Fecha de folio OPC: 24-04-2026 15:43:41
10:46:03  INFO      [WEB] Metadatos guardados OK: Rep='HERIBERTO PLIEGO RAMOS', Ope='WISPEED TELECOMUNICACIONES', Asunto='Trámite que ingreso por Ventanilla Electrónica. Más trámites y servicios', Registro='CRT26-017652'
10:46:03  INFO      [META-RETRY] Todos los campos criticos capturados en intento 3 para folio CRT26-017652
10:46:03  INFO      [FILES] Descargando archivos del folio CRT26-017652...
10:46:03  INFO      [REG-PAGE] Resultados búsqueda: mostrando 1 de 1 trámites
10:46:03  INFO      [REG-VIEW] Abriendo detalle: registro=CRT26-017641, folio=11262
10:46:05  INFO      [ALT-DL] Seccion DOCUMENTOS ANEXOS localizada: text=DOCUMENTOS ANEXOS
10:46:06  INFO      [ALT-DL] DOCUMENTOS ANEXOS: Mostrando 1 a 5 de 5
10:46:06  INFO      [ALT-DL] Selector DOCUMENTOS ANEXOS cambiado a: 100
10:46:07  INFO      [ALT-DL] DOCUMENTOS ANEXOS (post-100): Mostrando 1 a 5 de 5
10:46:07  WARNING   [ALT-DL] 8 botones > 5 esperados -- usando solo los primeros 5
10:46:07  INFO      [ALT-DL] Pagina 1: 5 botones VER DOCUMENTO
10:46:07  INFO        [1] nombre=documento_VE-173670_1  tipo=  fecha=
10:46:08  INFO        [OK] 17775051428761r025-01.csv  (0.2 KB)
10:46:08  INFO        [2] nombre=documento_VE-173670_2  tipo=  fecha=
10:46:08  INFO        [OK] 17775051106936r024-01.csv  (0.1 KB)
10:46:09  INFO        [3] nombre=documento_VE-173670_3  tipo=  fecha=
10:46:09  INFO      [ALT-META] Metadatos guardados: {'tipo_tramite': 'CGPE-01-003-B: Entrega periódica de Información General Estadística B. Para Operador que no actualiza ninguno de los supuestos determinados por Servicio con base en su volumen de comercialización y/o provisión de servicios.', 'fecha_registro': '29/04/2026', 'solicitante': '', 'nombre_operador': 'GUILLERMO MEDELLÍN MILÁN', 'representante_legal': 'IVAN GUILLERMO GARIBAY GUZMAN', 'asunto': 'ESTADISTICA 2025 FORMATOS Y ARCHIVOS R024 Y R025', 'descripcion': '', 'registro': '', 'folio': '173577'}
10:46:09  INFO      [ALT-DL] Descargando DOCUMENTOS ANEXOS para folio VE-173577
10:46:09  INFO        [OK] 1777505088689archivor025.pdf  (170.6 KB)
10:46:09  INFO        [4] nombre=documento_VE-173670_4  tipo=  fecha=
10:46:10  INFO        [OK] 17775050721867archivor024.pdf  (171.3 KB)
10:46:10  INFO        [5] nombre=documento_VE-173670_5  tipo=  fecha=
10:46:10  INFO        [OK] solicitud173670.pdf  (87.7 KB)
10:46:10  INFO      [ALT-DL] Paginacion: mostrando 1 a 5 de 5
10:46:10  INFO      [ALT-DL] VALIDACION OK: 5/5 documentos descargados
10:46:10  INFO      [REG-META] metadata_satys.json actualizado para registro CRT26-018374
10:46:10  INFO      [BACK] Regresando al tablero...
10:46:11  INFO      [ALT-DL] Seccion DOCUMENTOS ANEXOS localizada: text=DOCUMENTOS ANEXOS
10:46:12  INFO      [ALT-DL] DOCUMENTOS ANEXOS: Mostrando 1 a 5 de 5
10:46:12  INFO      [ALT-DL] Selector DOCUMENTOS ANEXOS cambiado a: 100
10:46:13  INFO      [ALT-DL] DOCUMENTOS ANEXOS (post-100): Mostrando 1 a 5 de 5
10:46:13  WARNING   [ALT-DL] 8 botones > 5 esperados -- usando solo los primeros 5
10:46:13  INFO      [ALT-DL] Pagina 1: 5 botones VER DOCUMENTO
10:46:13  INFO        [1] nombre=documento_VE-173577_1  tipo=  fecha=
10:46:13  INFO      [BACK] Re-navegando al tablero...
10:46:13  INFO      [NAV] Navegando a Enlace Oficialia de Partes...
10:46:14  INFO        [OK] 17774879026445r025-01.csv  (0.2 KB)
10:46:14  INFO        [2] nombre=documento_VE-173577_2  tipo=  fecha=
10:46:14  INFO        [OK] 17774878641659r024-01.csv  (0.1 KB)
10:46:14  INFO      [REG-OK] Detalle cargado: registro=CRT26-017641
10:46:14  INFO      [WEB] Extrayendo metadatos web (intento 1) para folio CRT26-017641
10:46:14  INFO      [WEB] Extrayendo metadatos web (una vez) de SATyS para folio CRT26-017641
10:46:14  INFO      [ALT-NAV] Tramites Nuevos cargado OK
10:46:14  INFO      [ALT-SEARCH] Folio normalizado para busqueda: 'VE-173158' -> '173158'
10:46:14  INFO      [ALT-SEARCH] Buscando folio 173158 en Tramites Nuevos...
10:46:15  INFO        [3] nombre=documento_VE-173577_3  tipo=  fecha=
10:46:15  INFO      [OK] Tablero de Control cargado
10:46:15  INFO        [OK] 17774878347569anexor025.informacionestadisticageneralparaoperadoresquenoactualizanlossupuestosanilossupuestosb.pdf  (170.6 KB)
10:46:15  INFO        [4] nombre=documento_VE-173577_4  tipo=  fecha=
10:46:15  INFO      [INFO] Seccion 'ARCHIVOS ASOCIADOS' no existe en folio CRT26-017652 -- activar fallback
10:46:16  INFO        [OK] 17774878081570anexor024.informacionestadisticasobreviviendaspasadas.pdf  (171.2 KB)
10:46:16  INFO      [REG-FUENTE] Sin ARCHIVOS ASOCIADOS -- activando flujo DOCUMENTOS ANEXOS para registro CRT26-017652 (folio=VE-172801)
10:46:16  INFO      [ALT] Iniciando flujo DOCUMENTOS ANEXOS para folio VE-172801 (raw=VE-172801)
10:46:16  INFO      [ALT-NAV] Navegando a Tramites Nuevos...
10:46:16  INFO        [5] nombre=documento_VE-173577_5  tipo=  fecha=
10:46:16  INFO        [OK] solicitud173577.pdf  (89.9 KB)
10:46:16  INFO      [ALT-DL] Paginacion: mostrando 1 a 5 de 5
10:46:16  INFO      [ALT-DL] VALIDACION OK: 5/5 documentos descargados
10:46:16  INFO      [REG-META] metadata_satys.json actualizado para registro CRT26-018286
10:46:16  INFO      [BACK] Regresando al tablero...
10:46:17  INFO      [WEB] Registro encontrado: CRT26-017641
10:46:17  WARNING   [WEB] page.evaluate retornó None en DATOS DEL DOCUMENTO -- intentando fallback con locators de Playwright
10:46:18  INFO      [WEB] DATOS DEL DOCUMENTO (fallback locator): folio_opc='11262' | no_doc=''
10:46:18  INFO      [WEB] DATOS DEL DOCUMENTO: folio_opc='11262' | no_doc='None'
10:46:18  INFO      [WEB] Fecha de folio OPC: 24-04-2026 00:00:00
10:46:18  INFO      [WEB] Metadatos guardados OK: Rep='CARLOS ARTURO BELLO HERNANDEZ', Ope='MICROSOFT MEXICO', Asunto='FORMATO R026', Registro='CRT26-017641'
10:46:18  INFO      [META-RETRY] Todos los campos criticos capturados en intento 1 para folio CRT26-017641
10:46:18  INFO      [FILES] Descargando archivos del folio CRT26-017641...
10:46:18  INFO      [WR:SATyS-Reg_4] ── Registro CRT26-018374: 5/5 OK | 0 error(es) servidor | 0 error(es) red ──
10:46:19  INFO      [BACK] Re-navegando al tablero...
10:46:19  INFO      [NAV] Navegando a Enlace Oficialia de Partes...
10:46:20  INFO      [WR:SATyS-Reg_4] ── Iniciando registro CRT26-017569 ──
10:46:20  INFO      [CONC-REG] [18/718] ✓ Registro CRT26-018374 completado: 5 OK / 5 total
10:46:21  INFO      [API] Discovery activo: debug\api_log.jsonl
10:46:21  INFO      [ALT-SEARCH] Folio VE-173158 encontrado en Tramites Nuevos
10:46:21  INFO      [ALT-REVISAR] Abriendo detalle del tramite VE-173158...
10:46:27  INFO      [WR:SATyS-Reg_4] Sesión activa (registro CRT26-017569)
10:46:27  INFO      [NAV] Navegando a Enlace Oficialia de Partes...
10:46:29  INFO      [OK] Tablero de Control cargado
10:46:29  INFO      [REG] Configurando tablero para búsqueda por Registro (Todos los años + 100)...
10:46:29  INFO      [REG] Cambiando Año a 'Todos los años' (value='0')...
10:46:29  INFO      [REG] ✅ Año cambiado a 'Todos los años'
10:46:29  INFO      [REG] Cambiando 'Mostrar' a 100 trámites...
10:46:29  INFO      [OK] Tablero de Control cargado
10:46:30  INFO      [INFO] Cambiando paginacion ARCHIVOS ASOCIADOS a '100' elementos
10:46:30  INFO      [REG] ✅ Mostrar cambiado a 100 trámites
10:46:30  INFO      [REG-BUSCAR] Buscando registro CRT26-017569 en tabla (intento 1)...
10:46:30  INFO      [ALT-NAV] Tramites Nuevos cargado OK
10:46:30  INFO      [ALT-SEARCH] Folio normalizado para busqueda: 'VE-172801' -> '172801'
10:46:30  INFO      [ALT-SEARCH] Buscando folio 172801 en Tramites Nuevos...
10:46:30  INFO      [ALT-REVISAR] Detalle del tramite cargado OK
10:46:30  INFO      [ALT-META] Extrayendo metadatos de DATOS DEL TRAMITE para folio VE-173158
10:46:33  INFO      [REG-PAGE] Resultados búsqueda: mostrando 1 de 1 trámites
10:46:33  INFO      [REG-VIEW] Abriendo detalle: registro=CRT26-017569, folio=VE-172693
10:46:37  INFO      [ALT-SEARCH] Folio VE-172801 encontrado en Tramites Nuevos
10:46:37  INFO      [ALT-REVISAR] Abriendo detalle del tramite VE-172801...
10:46:42  INFO      [REG-OK] Detalle cargado: registro=CRT26-017569
10:46:42  INFO      [WEB] Extrayendo metadatos web (intento 1) para folio CRT26-017569
10:46:42  INFO      [WEB] Extrayendo metadatos web (una vez) de SATyS para folio CRT26-017569
10:46:44  INFO      [WR:SATyS-Reg_5] ── Registro CRT26-018286: 5/5 OK | 0 error(es) servidor | 0 error(es) red ──
10:46:45  INFO      [WEB] Registro encontrado: CRT26-017569
10:46:45  WARNING   [WEB] page.evaluate retornó None en DATOS DEL DOCUMENTO -- intentando fallback con locators de Playwright
10:46:46  INFO      [WEB] DATOS DEL DOCUMENTO (fallback locator): folio_opc='' | no_doc=''
10:46:46  INFO      [WEB] DATOS DEL DOCUMENTO: folio_opc='None' | no_doc='None'
10:46:46  INFO      [WR:SATyS-Reg_5] ── Iniciando registro CRT26-017568 ──
10:46:46  INFO      [CONC-REG] [19/718] ✓ Registro CRT26-018286 completado: 5 OK / 5 total
10:46:46  WARNING   [V11-META-FALTANTE] folio=CRT26-017569 campo=representante_legal es nulo/vacio
10:46:46  WARNING   [V11-META-FALTANTE] folio=CRT26-017569 campo=nombre_operador es nulo/vacio
10:46:46  WARNING   [V11-META-FALTANTE] folio=CRT26-017569 campo=asunto es nulo/vacio
10:46:46  INFO      [WEB] Metadatos guardados OK: Rep='None', Ope='None', Asunto='None', Registro='CRT26-017569'
10:46:46  WARNING   [META-RETRY] Campos faltantes: ['nombre_operador', 'representante_legal']
10:46:46  WARNING   [META-RETRY] Intento 1 fallido para folio CRT26-017569. Reintentando en 3s...
10:46:47  INFO      [API] Discovery activo: debug\api_log.jsonl
10:46:47  INFO      [INFO] Cambiando paginacion ARCHIVOS ASOCIADOS a '100' elementos
10:46:49  INFO      [WEB] Extrayendo metadatos web (intento 2) para folio CRT26-017569
10:46:49  INFO      [WEB] Extrayendo metadatos web (una vez) de SATyS para folio CRT26-017569
10:46:52  INFO      [WEB] Registro encontrado: CRT26-017569
10:46:52  WARNING   [WEB] page.evaluate retornó None en DATOS DEL DOCUMENTO -- intentando fallback con locators de Playwright
10:46:53  INFO      [WEB] DATOS DEL DOCUMENTO (fallback locator): folio_opc='' | no_doc=''
10:46:53  INFO      [WEB] DATOS DEL DOCUMENTO: folio_opc='None' | no_doc='None'
10:46:53  WARNING   [V11-META-FALTANTE] folio=CRT26-017569 campo=representante_legal es nulo/vacio
10:46:53  WARNING   [V11-META-FALTANTE] folio=CRT26-017569 campo=nombre_operador es nulo/vacio
10:46:53  WARNING   [V11-META-FALTANTE] folio=CRT26-017569 campo=asunto es nulo/vacio
10:46:53  INFO      [WEB] Metadatos guardados OK: Rep='None', Ope='None', Asunto='None', Registro='CRT26-017569'
10:46:53  WARNING   [META-RETRY] Campos faltantes: ['nombre_operador', 'representante_legal']
10:46:53  WARNING   [META-RETRY] Intento 2 fallido para folio CRT26-017569. Reintentando en 3s...
10:46:55  INFO      [WR:SATyS-Reg_5] Sesión activa (registro CRT26-017568)
10:46:55  INFO      [NAV] Navegando a Enlace Oficialia de Partes...
10:46:55  INFO      [ALT-REVISAR] Detalle del tramite cargado OK
10:46:55  INFO      [ALT-META] Extrayendo metadatos de DATOS DEL TRAMITE para folio VE-172801
10:46:56  INFO      [WEB] Extrayendo metadatos web (intento 3) para folio CRT26-017569
10:46:56  INFO      [WEB] Extrayendo metadatos web (una vez) de SATyS para folio CRT26-017569
10:46:56  INFO      [OK] Tablero de Control cargado
10:46:56  INFO      [REG] Configurando tablero para búsqueda por Registro (Todos los años + 100)...
10:46:57  INFO      [REG] Cambiando Año a 'Todos los años' (value='0')...
10:46:57  INFO      [REG] ✅ Año cambiado a 'Todos los años'
10:46:57  INFO      [REG] Cambiando 'Mostrar' a 100 trámites...
10:46:57  INFO      [REG] ✅ Mostrar cambiado a 100 trámites
10:46:57  INFO      [REG-BUSCAR] Buscando registro CRT26-017568 en tabla (intento 1)...
10:46:58  INFO      [REG-PAGE] Resultados búsqueda: mostrando 1 de 1 trámites
10:46:59  INFO      [REG-VIEW] Abriendo detalle: registro=CRT26-017568, folio=VE-172691
10:46:59  INFO      [WEB] Registro encontrado: CRT26-017569
10:46:59  WARNING   [WEB] page.evaluate retornó None en DATOS DEL DOCUMENTO -- intentando fallback con locators de Playwright
10:47:00  INFO      [WEB] DATOS DEL DOCUMENTO (fallback locator): folio_opc='VE-172693' | no_doc=''
10:47:00  INFO      [WEB] DATOS DEL DOCUMENTO: folio_opc='VE-172693' | no_doc='None'
10:47:00  INFO      [WEB] Fecha de folio OPC: 24-04-2026 12:13:43
10:47:00  INFO      [WEB] Metadatos guardados OK: Rep='FERMIN MENDOZA GUTIERREZ', Ope='FERMIN MENDOZA GUTIÉRREZ', Asunto='Trámite que ingreso por Ventanilla Electrónica. Más trámites y servicios', Registro='CRT26-017569'
10:47:00  INFO      [META-RETRY] Todos los campos criticos capturados en intento 3 para folio CRT26-017569
10:47:00  INFO      [FILES] Descargando archivos del folio CRT26-017569...
10:47:08  INFO      [REG-OK] Detalle cargado: registro=CRT26-017568
10:47:08  INFO      [WEB] Extrayendo metadatos web (intento 1) para folio CRT26-017568
10:47:08  INFO      [WEB] Extrayendo metadatos web (una vez) de SATyS para folio CRT26-017568
10:47:11  INFO      [ALT-META] Metadatos guardados: {'tipo_tramite': 'CGPE-01-003-B: Entrega periódica de Información General Estadística B. Para Operador que no actualiza ninguno de los supuestos determinados por Servicio con base en su volumen de comercialización y/o provisión de servicios.', 'fecha_registro': '27/04/2026', 'solicitante': '', 'nombre_operador': 'KONECTA DE MÉXICO, S. DE R.L. DE C.V.', 'representante_legal': 'JOSÉ LUIS CRUZ VELÁZQUEZ', 'asunto': '', 'descripcion': '', 'registro': '', 'folio': '173158'}
10:47:11  INFO      [ALT-DL] Descargando DOCUMENTOS ANEXOS para folio VE-173158
10:47:12  INFO      [WEB] Registro encontrado: CRT26-017568
10:47:12  WARNING   [WEB] page.evaluate retornó None en DATOS DEL DOCUMENTO -- intentando fallback con locators de Playwright
10:47:12  INFO      [WEB] DATOS DEL DOCUMENTO (fallback locator): folio_opc='VE-172691' | no_doc=''
10:47:12  INFO      [WEB] DATOS DEL DOCUMENTO: folio_opc='VE-172691' | no_doc='None'
10:47:12  INFO      [WEB] Fecha de folio OPC: 24-04-2026 12:11:08
10:47:13  INFO      [INFO] Seccion 'ARCHIVOS ASOCIADOS' no existe en folio CRT26-017569 -- activar fallback
10:47:13  INFO      [WEB] Metadatos guardados OK: Rep='FERMIN MENDOZA GUTIERREZ', Ope='FERMIN MENDOZA GUTIÉRREZ', Asunto='Trámite que ingreso por Ventanilla Electrónica. Más trámites y servicios', Registro='CRT26-017568'
10:47:13  INFO      [META-RETRY] Todos los campos criticos capturados en intento 1 para folio CRT26-017568
10:47:13  INFO      [FILES] Descargando archivos del folio CRT26-017568...
10:47:13  INFO      [REG-FUENTE] Sin ARCHIVOS ASOCIADOS -- activando flujo DOCUMENTOS ANEXOS para registro CRT26-017569 (folio=VE-172693)
10:47:13  INFO      [ALT] Iniciando flujo DOCUMENTOS ANEXOS para folio VE-172693 (raw=VE-172693)
10:47:13  INFO      [ALT-NAV] Navegando a Tramites Nuevos...
10:47:15  INFO      [ALT-DL] Seccion DOCUMENTOS ANEXOS localizada: text=DOCUMENTOS ANEXOS
10:47:16  INFO      [ALT-DL] DOCUMENTOS ANEXOS: Mostrando 1 a 7 de 7
10:47:16  INFO      [ALT-NAV] Tramites Nuevos cargado OK
10:47:16  INFO      [ALT-SEARCH] Folio normalizado para busqueda: 'VE-172693' -> '172693'
10:47:16  INFO      [ALT-SEARCH] Buscando folio 172693 en Tramites Nuevos...
10:47:16  INFO      [ALT-DL] Selector DOCUMENTOS ANEXOS cambiado a: 100
10:47:17  INFO      [ALT-DL] DOCUMENTOS ANEXOS (post-100): Mostrando 1 a 7 de 7
10:47:17  WARNING   [ALT-DL] 10 botones > 7 esperados -- usando solo los primeros 7
10:47:17  INFO      [ALT-DL] Pagina 1: 7 botones VER DOCUMENTO
10:47:18  INFO        [1] nombre=documento_VE-173158_1  tipo=  fecha=
10:47:18  INFO        [OK] 17773449806999cartacrtift__2025presentacionr002abril242026.pdf  (581.6 KB)
10:47:19  INFO        [2] nombre=documento_VE-173158_2  tipo=  fecha=
10:47:19  INFO        [OK] 17773397899737r002-05.csv  (0.0 KB)
10:47:19  INFO        [3] nombre=documento_VE-173158_3  tipo=  fecha=
10:47:20  INFO        [OK] 17773397769103r002-04.csv  (0.1 KB)
10:47:20  INFO        [4] nombre=documento_VE-173158_4  tipo=  fecha=
10:47:21  INFO        [OK] 17773397596554r002-03.csv  (0.9 KB)
10:47:21  INFO        [5] nombre=documento_VE-173158_5  tipo=  fecha=
10:47:22  INFO        [OK] 1777339737942r002-02.csv  (0.1 KB)
10:47:22  INFO        [6] nombre=documento_VE-173158_6  tipo=  fecha=
10:47:23  INFO        [OK] 17773397113213r002-01.csv  (0.1 KB)
10:47:23  INFO        [7] nombre=documento_VE-173158_7  tipo=  fecha=
10:47:23  INFO      [ALT-SEARCH] Folio VE-172693 encontrado en Tramites Nuevos
10:47:23  INFO      [ALT-REVISAR] Abriendo detalle del tramite VE-172693...
10:47:24  INFO        [OK] solicitud173158.pdf  (425.5 KB)
10:47:24  INFO      [ALT-DL] Paginacion: mostrando 1 a 7 de 7
10:47:24  INFO      [ALT-DL] VALIDACION OK: 7/7 documentos descargados
10:47:24  INFO      [REG-META] metadata_satys.json actualizado para registro CRT26-017951
10:47:24  INFO      [BACK] Regresando al tablero...
10:47:25  INFO      [ALT-REVISAR] Detalle del tramite cargado OK
10:47:25  INFO      [ALT-META] Extrayendo metadatos de DATOS DEL TRAMITE para folio VE-172693
10:47:25  INFO      [INFO] Seccion 'ARCHIVOS ASOCIADOS' no existe en folio CRT26-017568 -- activar fallback
10:47:25  INFO      [REG-FUENTE] Sin ARCHIVOS ASOCIADOS -- activando flujo DOCUMENTOS ANEXOS para registro CRT26-017568 (folio=VE-172691)
10:47:25  INFO      [ALT] Iniciando flujo DOCUMENTOS ANEXOS para folio VE-172691 (raw=VE-172691)
10:47:25  INFO      [ALT-NAV] Navegando a Tramites Nuevos...
10:47:27  INFO      [BACK] Re-navegando al tablero...
10:47:27  INFO      [NAV] Navegando a Enlace Oficialia de Partes...
10:47:28  INFO      [OK] Tablero de Control cargado
10:47:28  INFO      [ALT-NAV] Tramites Nuevos cargado OK
10:47:28  INFO      [ALT-SEARCH] Folio normalizado para busqueda: 'VE-172691' -> '172691'
10:47:28  INFO      [ALT-SEARCH] Buscando folio 172691 en Tramites Nuevos...
10:47:30  INFO      [WR:SATyS-Reg_0] ── Registro CRT26-017951: 7/7 OK | 0 error(es) servidor | 0 error(es) red ──
10:47:30  INFO      [INFO] Pagina 1: 1 archivo(s) encontrado(s)
10:47:30  INFO        [1] Descargando: CRT26-017665.pdf
10:47:31  INFO           [OK] Descarga directa: CRT26-017665.pdf  (4091.1 KB)
10:47:31  INFO      [INFO] Folio CRT26-017665: 1/1 descargados en 1 pagina(s)
10:47:31  INFO      [REG-FUENTE] ARCHIVOS ASOCIADOS encontrado para registro CRT26-017665
10:47:31  INFO      [BACK] Regresando al tablero...
10:47:31  INFO      [WR:SATyS-Reg_0] ── Iniciando registro CRT26-017567 ──
10:47:31  INFO      [CONC-REG] [20/718] ✓ Registro CRT26-017951 completado: 7 OK / 7 total
10:47:32  INFO      [API] Discovery activo: debug\api_log.jsonl
10:47:35  INFO      [ALT-SEARCH] Folio VE-172691 encontrado en Tramites Nuevos
10:47:35  INFO      [ALT-REVISAR] Abriendo detalle del tramite VE-172691...
10:47:39  INFO      [WR:SATyS-Reg_0] Sesión activa (registro CRT26-017567)
10:47:39  INFO      [NAV] Navegando a Enlace Oficialia de Partes...
10:47:39  INFO      [OK] De vuelta en el tablero
10:47:41  INFO      [ALT-REVISAR] Detalle del tramite cargado OK
10:47:41  INFO      [ALT-META] Extrayendo metadatos de DATOS DEL TRAMITE para folio VE-172691
10:47:44  INFO      [ALT-META] Metadatos guardados: {'tipo_tramite': 'CGPE-01-003-A: Entrega periódica de Información General Estadística A.  Para Operador que actualiza alguno de los supuestos determinados por Servicio con base en su volumen de comercialización y/o provisión de servicios.', 'fecha_registro': '24/04/2026', 'solicitante': '', 'nombre_operador': 'WISPEED TELECOMUNICACIONES, S. DE R.L. DE C.V.', 'representante_legal': 'HERIBERTO PLIEGO RAMOS', 'asunto': 'ESTADISTICA FORMATOS Y ARCHIVOS 2025', 'descripcion': '', 'registro': '', 'folio': '172801'}
10:47:44  INFO      [ALT-DL] Descargando DOCUMENTOS ANEXOS para folio VE-172801
10:47:47  INFO      [INFO] Pagina 1: 1 archivo(s) encontrado(s)
10:47:47  INFO        [1] Descargando: CRT26-017641.pdf
10:47:47  INFO      [ALT-DL] Seccion DOCUMENTOS ANEXOS localizada: text=DOCUMENTOS ANEXOS
10:47:48  INFO           [OK] Descarga directa: CRT26-017641.pdf  (3224.8 KB)
10:47:48  INFO      [INFO] Folio CRT26-017641: 1/1 descargados en 1 pagina(s)
10:47:48  INFO      [REG-FUENTE] ARCHIVOS ASOCIADOS encontrado para registro CRT26-017641
10:47:48  INFO      [BACK] Regresando al tablero...
10:47:49  INFO      [ALT-DL] DOCUMENTOS ANEXOS: Mostrando 1 a 10 de 11
10:47:49  INFO      [ALT-DL] Selector DOCUMENTOS ANEXOS cambiado a: 100
10:47:50  INFO      [ALT-DL] DOCUMENTOS ANEXOS (post-100): Mostrando 1 a 11 de 11
10:47:50  WARNING   [ALT-DL] 14 botones > 11 esperados -- usando solo los primeros 11
10:47:50  INFO      [ALT-DL] Pagina 1: 11 botones VER DOCUMENTO
10:47:50  INFO        [1] nombre=documento_VE-172801_1  tipo=  fecha=
10:47:51  INFO      [OK] Tablero de Control cargado
10:47:51  INFO      [REG] Configurando tablero para búsqueda por Registro (Todos los años + 100)...
10:47:51  INFO      [REG] Cambiando Año a 'Todos los años' (value='0')...
10:47:51  INFO      [REG] ✅ Año cambiado a 'Todos los años'
10:47:51  INFO      [REG] Cambiando 'Mostrar' a 100 trámites...
10:47:51  INFO        [OK] 17770668757198r025-01.csv  (0.2 KB)
10:47:51  INFO        [2] nombre=documento_VE-172801_2  tipo=  fecha=
10:47:52  INFO      [REG] ✅ Mostrar cambiado a 100 trámites
10:47:52  INFO      [REG-BUSCAR] Buscando registro CRT26-017567 en tabla (intento 1)...
10:47:52  INFO      [REG-PAGE] Resultados búsqueda: mostrando 1 de 1 trámites
10:47:52  INFO      [WR:SATyS-Reg_2] ── Registro CRT26-017665: 1/1 OK | 0 error(es) servidor | 0 error(es) red ──
10:47:52  INFO        [OK] 17770668434955r024-01.csv  (0.1 KB)
10:47:52  INFO      [OK] De vuelta en el tablero
10:47:52  INFO        [3] nombre=documento_VE-172801_3  tipo=  fecha=
10:47:53  INFO        [OK] 17770668012721r002-05.csv  (0.0 KB)
10:47:53  INFO        [4] nombre=documento_VE-172801_4  tipo=  fecha=
10:47:54  INFO      [WR:SATyS-Reg_2] ── Iniciando registro CRT26-017348 ──
10:47:54  INFO      [CONC-REG] [21/718] ✓ Registro CRT26-017665 completado: 1 OK / 1 total
10:47:54  INFO        [OK] 17770667789255r002-04.csv  (0.1 KB)
10:47:54  INFO      [API] Discovery activo: debug\api_log.jsonl
10:47:54  INFO        [5] nombre=documento_VE-172801_5  tipo=  fecha=
10:47:55  INFO        [OK] 17770667538857r002-03.csv  (0.2 KB)
10:47:55  INFO        [6] nombre=documento_VE-172801_6  tipo=  fecha=
10:47:56  INFO        [OK] 17770667123631r002-02.csv  (0.1 KB)
10:47:56  INFO        [7] nombre=documento_VE-172801_7  tipo=  fecha=
10:47:57  INFO        [OK] 17770666356665r002-01.csv  (0.1 KB)
10:47:57  INFO        [8] nombre=documento_VE-172801_8  tipo=  fecha=
10:47:57  INFO        [OK] 17770665839188anexor025.informacionestadisticageneralparaoperadoresquenoactualizanlossupuestosanilossupuestosb.pdf  (170.6 KB)
10:47:58  INFO        [9] nombre=documento_VE-172801_9  tipo=  fecha=
10:47:58  INFO        [OK] 17770664156763anexor024.informacionestadisticasobreviviendaspasadas.pdf  (171.3 KB)
10:47:59  INFO        [10] nombre=documento_VE-172801_10  tipo=  fecha=
10:47:59  INFO        [OK] 17770663894230anexor002.informacionestadisticageneralparaoperadoresqueactualizanlossupuestosb.pdf  (191.1 KB)
10:47:59  INFO        [11] nombre=documento_VE-172801_11  tipo=  fecha=
10:48:00  INFO        [OK] solicitud172801.pdf  (89.2 KB)
10:48:00  INFO      [ALT-DL] Paginacion: mostrando 1 a 11 de 11
10:48:00  INFO      [ALT-DL] VALIDACION OK: 11/11 documentos descargados
10:48:00  INFO      [REG-META] metadata_satys.json actualizado para registro CRT26-017652
10:48:00  INFO      [BACK] Regresando al tablero...
10:48:02  INFO      [WR:SATyS-Reg_2] Sesión activa (registro CRT26-017348)
10:48:02  INFO      [NAV] Navegando a Enlace Oficialia de Partes...
10:48:02  INFO      [REG-PAGE] Resultados búsqueda: mostrando 1 de 1 trámites
10:48:02  INFO      [REG-VIEW] Abriendo detalle: registro=CRT26-017567, folio=VE-172689
10:48:03  INFO      [WR:SATyS-Reg_1] ── Registro CRT26-017641: 1/1 OK | 0 error(es) servidor | 0 error(es) red ──
10:48:03  INFO      [BACK] Re-navegando al tablero...
10:48:03  INFO      [NAV] Navegando a Enlace Oficialia de Partes...
10:48:04  INFO      [WR:SATyS-Reg_1] ── Iniciando registro CRT26-017347 ──
10:48:04  INFO      [CONC-REG] [22/718] ✓ Registro CRT26-017641 completado: 1 OK / 1 total
10:48:05  INFO      [ALT-META] Metadatos guardados: {'tipo_tramite': 'CGPE-01-008: Entrega periódica de Información General Estadística para efectos del Acervo Estadístico del Instituto Federal de Telecomunicaciones.', 'fecha_registro': '24/04/2026', 'solicitante': '', 'nombre_operador': 'FERMIN MENDOZA GUTIÉRREZ', 'representante_legal': 'FERMIN MENDOZA GUTIERREZ', 'asunto': '', 'descripcion': '', 'registro': '', 'folio': '172691'}
10:48:05  INFO      [ALT-DL] Descargando DOCUMENTOS ANEXOS para folio VE-172691
10:48:05  INFO      [API] Discovery activo: debug\api_log.jsonl
10:48:06  INFO      [OK] Tablero de Control cargado
10:48:06  INFO      [REG] Configurando tablero para búsqueda por Registro (Todos los años + 100)...
10:48:06  INFO      [REG] Cambiando Año a 'Todos los años' (value='0')...
10:48:07  INFO      [REG] ✅ Año cambiado a 'Todos los años'
10:48:07  INFO      [REG] Cambiando 'Mostrar' a 100 trámites...
10:48:07  INFO      [ALT-META] Metadatos guardados: {'tipo_tramite': 'CGPE-01-008: Entrega periódica de Información General Estadística para efectos del Acervo Estadístico del Instituto Federal de Telecomunicaciones.', 'fecha_registro': '24/04/2026', 'solicitante': '', 'nombre_operador': 'FERMIN MENDOZA GUTIÉRREZ', 'representante_legal': 'FERMIN MENDOZA GUTIERREZ', 'asunto': '', 'descripcion': '', 'registro': '', 'folio': '172693'}
10:48:07  INFO      [ALT-DL] Descargando DOCUMENTOS ANEXOS para folio VE-172693
10:48:07  INFO      [REG] ✅ Mostrar cambiado a 100 trámites
10:48:07  INFO      [REG-BUSCAR] Buscando registro CRT26-017348 en tabla (intento 1)...
10:48:08  INFO      [ALT-DL] Seccion DOCUMENTOS ANEXOS localizada: text=DOCUMENTOS ANEXOS
10:48:09  INFO      [ALT-DL] DOCUMENTOS ANEXOS: Mostrando 1 a 3 de 3
10:48:09  INFO      [ALT-DL] Selector DOCUMENTOS ANEXOS cambiado a: 100
10:48:10  INFO      [ALT-DL] DOCUMENTOS ANEXOS (post-100): Mostrando 1 a 3 de 3
10:48:11  INFO      [ALT-DL] Seccion DOCUMENTOS ANEXOS localizada: text=DOCUMENTOS ANEXOS
10:48:11  WARNING   [ALT-DL] 6 botones > 3 esperados -- usando solo los primeros 3
10:48:11  INFO      [ALT-DL] Pagina 1: 3 botones VER DOCUMENTO
10:48:11  INFO        [1] nombre=documento_VE-172691_1  tipo=  fecha=
10:48:12  INFO      [ALT-DL] DOCUMENTOS ANEXOS: Mostrando 1 a 3 de 3
10:48:12  INFO      [ALT-DL] Selector DOCUMENTOS ANEXOS cambiado a: 100
10:48:12  INFO        [OK] 17770542464179r025-01.pdf  (81.5 KB)
10:48:12  INFO        [2] nombre=documento_VE-172691_2  tipo=  fecha=
10:48:13  INFO        [OK] 17770542308517escritolibrer025fermin.pdf  (455.0 KB)
10:48:13  INFO      [ALT-DL] DOCUMENTOS ANEXOS (post-100): Mostrando 1 a 3 de 3
10:48:13  WARNING   [ALT-DL] 6 botones > 3 esperados -- usando solo los primeros 3
10:48:13  INFO      [ALT-DL] Pagina 1: 3 botones VER DOCUMENTO
10:48:13  INFO        [3] nombre=documento_VE-172691_3  tipo=  fecha=
10:48:13  INFO        [1] nombre=documento_VE-172693_1  tipo=  fecha=
10:48:14  INFO        [OK] solicitud172691.pdf  (173.1 KB)
10:48:14  INFO      [ALT-DL] Paginacion: mostrando 1 a 3 de 3
10:48:14  INFO      [ALT-DL] VALIDACION OK: 3/3 documentos descargados
10:48:14  INFO      [REG-META] metadata_satys.json actualizado para registro CRT26-017568
10:48:14  INFO      [BACK] Regresando al tablero...
10:48:14  INFO        [OK] 17770544072356r024-01.pdf  (59.2 KB)
10:48:14  INFO        [2] nombre=documento_VE-172693_2  tipo=  fecha=
10:48:15  INFO        [OK] 17770544023142escritolibrer024fermin.pdf  (436.3 KB)
10:48:16  INFO        [3] nombre=documento_VE-172693_3  tipo=  fecha=
10:48:16  INFO        [OK] solicitud172693.pdf  (154.0 KB)
10:48:16  INFO      [ALT-DL] Paginacion: mostrando 1 a 3 de 3
10:48:16  INFO      [ALT-DL] VALIDACION OK: 3/3 documentos descargados
10:48:16  INFO      [REG-META] metadata_satys.json actualizado para registro CRT26-017569
10:48:16  INFO      [BACK] Regresando al tablero...
10:48:17  INFO      [BACK] Re-navegando al tablero...
10:48:17  INFO      [NAV] Navegando a Enlace Oficialia de Partes...
10:48:19  INFO      [BACK] Re-navegando al tablero...
10:48:19  INFO      [NAV] Navegando a Enlace Oficialia de Partes...
10:48:26  INFO      [OK] Tablero de Control cargado
10:48:26  INFO      [REG-OK] Detalle cargado: registro=CRT26-017567
10:48:26  INFO      [WEB] Extrayendo metadatos web (intento 1) para folio CRT26-017567
10:48:26  INFO      [WEB] Extrayendo metadatos web (una vez) de SATyS para folio CRT26-017567
10:48:27  INFO      [OK] Tablero de Control cargado
10:48:27  INFO      [OK] Tablero de Control cargado
10:48:28  INFO      [WR:SATyS-Reg_1] Sesión activa (registro CRT26-017347)
10:48:28  INFO      [NAV] Navegando a Enlace Oficialia de Partes...
10:48:28  INFO      [OK] Tablero de Control cargado
10:48:28  INFO      [REG] Configurando tablero para búsqueda por Registro (Todos los años + 100)...
10:48:29  INFO      [REG] Cambiando Año a 'Todos los años' (value='0')...
10:48:29  INFO      [REG] ✅ Año cambiado a 'Todos los años'
10:48:29  INFO      [REG] Cambiando 'Mostrar' a 100 trámites...
10:48:29  INFO      [REG-PAGE] Resultados búsqueda: mostrando 1 de 1 trámites
10:48:29  INFO      [REG-VIEW] Abriendo detalle: registro=CRT26-017348, folio=VE-172479
10:48:29  INFO      [REG] ✅ Mostrar cambiado a 100 trámites
10:48:30  INFO      [REG-BUSCAR] Buscando registro CRT26-017347 en tabla (intento 1)...
10:48:30  INFO      [WEB] Registro encontrado: CRT26-017567
10:48:30  WARNING   [WEB] page.evaluate retornó None en DATOS DEL DOCUMENTO -- intentando fallback con locators de Playwright
10:48:30  INFO      [WEB] DATOS DEL DOCUMENTO (fallback locator): folio_opc='' | no_doc=''
10:48:30  INFO      [WEB] DATOS DEL DOCUMENTO: folio_opc='None' | no_doc='None'
10:48:30  WARNING   [V11-META-FALTANTE] folio=CRT26-017567 campo=representante_legal es nulo/vacio
10:48:30  WARNING   [V11-META-FALTANTE] folio=CRT26-017567 campo=nombre_operador es nulo/vacio
10:48:30  WARNING   [V11-META-FALTANTE] folio=CRT26-017567 campo=asunto es nulo/vacio
10:48:30  INFO      [WEB] Metadatos guardados OK: Rep='None', Ope='None', Asunto='None', Registro='CRT26-017567'
10:48:30  WARNING   [META-RETRY] Campos faltantes: ['nombre_operador', 'representante_legal']
10:48:30  WARNING   [META-RETRY] Intento 1 fallido para folio CRT26-017567. Reintentando en 3s...
10:48:31  INFO      [REG-OK] Detalle cargado: registro=CRT26-017348
10:48:31  INFO      [WEB] Extrayendo metadatos web (intento 1) para folio CRT26-017348
10:48:31  INFO      [WEB] Extrayendo metadatos web (una vez) de SATyS para folio CRT26-017348
10:48:31  INFO      [WR:SATyS-Reg_5] ── Registro CRT26-017568: 3/3 OK | 0 error(es) servidor | 0 error(es) red ──
10:48:33  INFO      [WR:SATyS-Reg_5] ── Iniciando registro CRT26-017346 ──
10:48:33  INFO      [CONC-REG] [23/718] ✓ Registro CRT26-017568 completado: 3 OK / 3 total
10:48:33  INFO      [WEB] Extrayendo metadatos web (intento 2) para folio CRT26-017567
10:48:33  INFO      [WEB] Extrayendo metadatos web (una vez) de SATyS para folio CRT26-017567
10:48:34  INFO      [API] Discovery activo: debug\api_log.jsonl
10:48:34  INFO      [WEB] Registro encontrado: CRT26-017348
10:48:34  WARNING   [WEB] page.evaluate retornó None en DATOS DEL DOCUMENTO -- intentando fallback con locators de Playwright
10:48:35  INFO      [WEB] DATOS DEL DOCUMENTO (fallback locator): folio_opc='' | no_doc=''
10:48:35  INFO      [WEB] DATOS DEL DOCUMENTO: folio_opc='None' | no_doc='None'
10:48:35  WARNING   [V11-META-FALTANTE] folio=CRT26-017348 campo=representante_legal es nulo/vacio
10:48:35  WARNING   [V11-META-FALTANTE] folio=CRT26-017348 campo=nombre_operador es nulo/vacio
10:48:35  WARNING   [V11-META-FALTANTE] folio=CRT26-017348 campo=asunto es nulo/vacio
10:48:35  INFO      [WEB] Metadatos guardados OK: Rep='None', Ope='None', Asunto='None', Registro='CRT26-017348'
10:48:35  WARNING   [META-RETRY] Campos faltantes: ['nombre_operador', 'representante_legal']
10:48:35  WARNING   [META-RETRY] Intento 1 fallido para folio CRT26-017348. Reintentando en 3s...
10:48:36  INFO      [WEB] Registro encontrado: CRT26-017567
10:48:36  WARNING   [WEB] page.evaluate retornó None en DATOS DEL DOCUMENTO -- intentando fallback con locators de Playwright
10:48:37  INFO      [WEB] DATOS DEL DOCUMENTO (fallback locator): folio_opc='' | no_doc=''
10:48:37  INFO      [WEB] DATOS DEL DOCUMENTO: folio_opc='None' | no_doc='None'
10:48:37  WARNING   [V11-META-FALTANTE] folio=CRT26-017567 campo=representante_legal es nulo/vacio
10:48:37  WARNING   [V11-META-FALTANTE] folio=CRT26-017567 campo=nombre_operador es nulo/vacio
10:48:37  WARNING   [V11-META-FALTANTE] folio=CRT26-017567 campo=asunto es nulo/vacio
10:48:37  INFO      [WEB] Metadatos guardados OK: Rep='None', Ope='None', Asunto='None', Registro='CRT26-017567'
10:48:37  WARNING   [META-RETRY] Campos faltantes: ['nombre_operador', 'representante_legal']
10:48:37  WARNING   [META-RETRY] Intento 2 fallido para folio CRT26-017567. Reintentando en 3s...
10:48:38  INFO      [WEB] Extrayendo metadatos web (intento 2) para folio CRT26-017348
10:48:38  INFO      [WEB] Extrayendo metadatos web (una vez) de SATyS para folio CRT26-017348
10:48:40  INFO      [WEB] Extrayendo metadatos web (intento 3) para folio CRT26-017567
10:48:40  INFO      [WEB] Extrayendo metadatos web (una vez) de SATyS para folio CRT26-017567
10:48:41  INFO      [WEB] Registro encontrado: CRT26-017348
10:48:41  WARNING   [WEB] page.evaluate retornó None en DATOS DEL DOCUMENTO -- intentando fallback con locators de Playwright
10:48:42  INFO      [WEB] DATOS DEL DOCUMENTO (fallback locator): folio_opc='' | no_doc=''
10:48:42  INFO      [WEB] DATOS DEL DOCUMENTO: folio_opc='None' | no_doc='None'
10:48:42  WARNING   [V11-META-FALTANTE] folio=CRT26-017348 campo=representante_legal es nulo/vacio
10:48:42  WARNING   [V11-META-FALTANTE] folio=CRT26-017348 campo=nombre_operador es nulo/vacio
10:48:42  WARNING   [V11-META-FALTANTE] folio=CRT26-017348 campo=asunto es nulo/vacio
10:48:42  INFO      [WEB] Metadatos guardados OK: Rep='None', Ope='None', Asunto='None', Registro='CRT26-017348'
10:48:42  WARNING   [META-RETRY] Campos faltantes: ['nombre_operador', 'representante_legal']
10:48:42  WARNING   [META-RETRY] Intento 2 fallido para folio CRT26-017348. Reintentando en 3s...
10:48:43  INFO      [WEB] Registro encontrado: CRT26-017567
10:48:43  WARNING   [WEB] page.evaluate retornó None en DATOS DEL DOCUMENTO -- intentando fallback con locators de Playwright
10:48:43  INFO      [REG-PAGE] Resultados búsqueda: mostrando 1 de 1 trámites
10:48:43  INFO      [REG-VIEW] Abriendo detalle: registro=CRT26-017347, folio=VE-172478
10:48:44  INFO      [WEB] DATOS DEL DOCUMENTO (fallback locator): folio_opc='' | no_doc=''
10:48:44  INFO      [WEB] DATOS DEL DOCUMENTO: folio_opc='None' | no_doc='None'
10:48:44  WARNING   [V11-META-FALTANTE] folio=CRT26-017567 campo=representante_legal es nulo/vacio
10:48:44  WARNING   [V11-META-FALTANTE] folio=CRT26-017567 campo=nombre_operador es nulo/vacio
10:48:44  WARNING   [V11-META-FALTANTE] folio=CRT26-017567 campo=asunto es nulo/vacio
10:48:44  INFO      [WEB] Metadatos guardados OK: Rep='None', Ope='None', Asunto='None', Registro='CRT26-017567'
10:48:44  WARNING   [META-RETRY] Campos faltantes: ['nombre_operador', 'representante_legal']
10:48:44  WARNING   [META-RETRY] Intento 3 fallido para folio CRT26-017567. Reintentando en 3s...
10:48:45  INFO      [REG-OK] Detalle cargado: registro=CRT26-017347
10:48:45  INFO      [WEB] Extrayendo metadatos web (intento 1) para folio CRT26-017347
10:48:45  INFO      [WEB] Extrayendo metadatos web (una vez) de SATyS para folio CRT26-017347
10:48:45  INFO      [WEB] Extrayendo metadatos web (intento 3) para folio CRT26-017348
10:48:45  INFO      [WEB] Extrayendo metadatos web (una vez) de SATyS para folio CRT26-017348
10:48:46  INFO      [WR:SATyS-Reg_4] ── Registro CRT26-017569: 3/3 OK | 0 error(es) servidor | 0 error(es) red ──
10:48:46  INFO      [WR:SATyS-Reg_3] ── Registro CRT26-017652: 11/11 OK | 0 error(es) servidor | 0 error(es) red ──
10:48:47  INFO      [WEB] Extrayendo metadatos web (intento 4) para folio CRT26-017567
10:48:47  INFO      [WEB] Extrayendo metadatos web (una vez) de SATyS para folio CRT26-017567
10:48:48  INFO      [WEB] Registro encontrado: CRT26-017347
10:48:48  WARNING   [WEB] page.evaluate retornó None en DATOS DEL DOCUMENTO -- intentando fallback con locators de Playwright
10:48:48  INFO      [WR:SATyS-Reg_4] ── Iniciando registro CRT26-017292 ──
10:48:48  INFO      [CONC-REG] [24/718] ✓ Registro CRT26-017569 completado: 3 OK / 3 total
10:48:48  INFO      [WR:SATyS-Reg_3] ── Iniciando registro CRT26-017287 ──
10:48:48  INFO      [CONC-REG] [25/718] ✓ Registro CRT26-017652 completado: 11 OK / 11 total
10:48:48  INFO      [WEB] Registro encontrado: CRT26-017348
10:48:48  WARNING   [WEB] page.evaluate retornó None en DATOS DEL DOCUMENTO -- intentando fallback con locators de Playwright
10:48:48  INFO      [API] Discovery activo: debug\api_log.jsonl
10:48:49  INFO      [API] Discovery activo: debug\api_log.jsonl
10:48:49  INFO      [WEB] DATOS DEL DOCUMENTO (fallback locator): folio_opc='VE-172478' | no_doc=''
10:48:49  INFO      [WEB] DATOS DEL DOCUMENTO: folio_opc='VE-172478' | no_doc='None'
10:48:49  INFO      [WEB] Fecha de folio OPC: 23-04-2026 11:29:46
10:48:49  INFO      [WEB] DATOS DEL DOCUMENTO (fallback locator): folio_opc='' | no_doc=''
10:48:49  INFO      [WEB] DATOS DEL DOCUMENTO: folio_opc='None' | no_doc='None'
10:48:49  WARNING   [V11-META-FALTANTE] folio=CRT26-017348 campo=representante_legal es nulo/vacio
10:48:49  WARNING   [V11-META-FALTANTE] folio=CRT26-017348 campo=nombre_operador es nulo/vacio
10:48:49  WARNING   [V11-META-FALTANTE] folio=CRT26-017348 campo=asunto es nulo/vacio
10:48:49  INFO      [WEB] Metadatos guardados OK: Rep='None', Ope='None', Asunto='None', Registro='CRT26-017348'
10:48:49  WARNING   [META-RETRY] Campos faltantes: ['nombre_operador', 'representante_legal']
10:48:49  WARNING   [META-RETRY] Intento 3 fallido para folio CRT26-017348. Reintentando en 3s...
10:48:49  INFO      [WEB] Metadatos guardados OK: Rep='CRECENCIO BALTAZAR GERONIMO', Ope='CRECENCIO BALTAZAR GERONIMO', Asunto='Trámite que ingreso por Ventanilla Electrónica. Más trámites y servicios', Registro='CRT26-017347'
10:48:49  INFO      [META-RETRY] Todos los campos criticos capturados en intento 1 para folio CRT26-017347
10:48:49  INFO      [FILES] Descargando archivos del folio CRT26-017347...
10:48:50  INFO      [WEB] Registro encontrado: CRT26-017567
10:48:50  WARNING   [WEB] page.evaluate retornó None en DATOS DEL DOCUMENTO -- intentando fallback con locators de Playwright
10:48:51  INFO      [WEB] DATOS DEL DOCUMENTO (fallback locator): folio_opc='VE-172689' | no_doc=''
10:48:51  INFO      [WEB] DATOS DEL DOCUMENTO: folio_opc='VE-172689' | no_doc='None'
10:48:51  INFO      [WEB] Fecha de folio OPC: 24-04-2026 12:08:44
10:48:51  INFO      [WEB] Metadatos guardados OK: Rep='FERMIN MENDOZA GUTIERREZ', Ope='FERMIN MENDOZA GUTIÉRREZ', Asunto='Trámite que ingreso por Ventanilla Electrónica. Más trámites y servicios', Registro='CRT26-017567'
10:48:51  INFO      [META-RETRY] Todos los campos criticos capturados en intento 4 para folio CRT26-017567
10:48:51  INFO      [FILES] Descargando archivos del folio CRT26-017567...
10:48:52  INFO      [WEB] Extrayendo metadatos web (intento 4) para folio CRT26-017348
10:48:52  INFO      [WEB] Extrayendo metadatos web (una vez) de SATyS para folio CRT26-017348
10:48:55  INFO      [WEB] Registro encontrado: CRT26-017348
10:48:55  WARNING   [WEB] page.evaluate retornó None en DATOS DEL DOCUMENTO -- intentando fallback con locators de Playwright
10:48:56  INFO      [WEB] DATOS DEL DOCUMENTO (fallback locator): folio_opc='' | no_doc=''
10:48:56  INFO      [WEB] DATOS DEL DOCUMENTO: folio_opc='None' | no_doc='None'
10:48:56  WARNING   [V11-META-FALTANTE] folio=CRT26-017348 campo=representante_legal es nulo/vacio
10:48:56  WARNING   [V11-META-FALTANTE] folio=CRT26-017348 campo=nombre_operador es nulo/vacio
10:48:56  WARNING   [V11-META-FALTANTE] folio=CRT26-017348 campo=asunto es nulo/vacio
10:48:56  INFO      [WEB] Metadatos guardados OK: Rep='None', Ope='None', Asunto='None', Registro='CRT26-017348'
10:48:56  WARNING   [META-RETRY] Campos faltantes: ['nombre_operador', 'representante_legal']
10:48:56  WARNING   [META-RETRY] Intento 4 fallido para folio CRT26-017348. Reintentando en 3s...
10:48:56  INFO      [WR:SATyS-Reg_3] Sesión activa (registro CRT26-017287)
10:48:56  INFO      [NAV] Navegando a Enlace Oficialia de Partes...
10:48:59  INFO      [WEB] Extrayendo metadatos web (intento 5) para folio CRT26-017348
10:48:59  INFO      [WEB] Extrayendo metadatos web (una vez) de SATyS para folio CRT26-017348
10:49:02  INFO      [INFO] Seccion 'ARCHIVOS ASOCIADOS' no existe en folio CRT26-017347 -- activar fallback
10:49:02  INFO      [REG-FUENTE] Sin ARCHIVOS ASOCIADOS -- activando flujo DOCUMENTOS ANEXOS para registro CRT26-017347 (folio=VE-172478)
10:49:02  INFO      [ALT] Iniciando flujo DOCUMENTOS ANEXOS para folio VE-172478 (raw=VE-172478)
10:49:02  INFO      [ALT-NAV] Navegando a Tramites Nuevos...
10:49:02  INFO      [WEB] Registro encontrado: CRT26-017348
10:49:02  WARNING   [WEB] page.evaluate retornó None en DATOS DEL DOCUMENTO -- intentando fallback con locators de Playwright
10:49:02  INFO      [WEB] DATOS DEL DOCUMENTO (fallback locator): folio_opc='' | no_doc=''
10:49:02  INFO      [WEB] DATOS DEL DOCUMENTO: folio_opc='None' | no_doc='None'
10:49:03  WARNING   [V11-META-FALTANTE] folio=CRT26-017348 campo=representante_legal es nulo/vacio
10:49:03  WARNING   [V11-META-FALTANTE] folio=CRT26-017348 campo=nombre_operador es nulo/vacio
10:49:03  WARNING   [V11-META-FALTANTE] folio=CRT26-017348 campo=asunto es nulo/vacio
10:49:03  INFO      [WEB] Metadatos guardados OK: Rep='None', Ope='None', Asunto='None', Registro='CRT26-017348'
10:49:03  WARNING   [META-RETRY] Campos faltantes: ['nombre_operador', 'representante_legal']
10:49:03  WARNING   [META-RETRY] Intento 5 fallido para folio CRT26-017348. Reintentando en 3s...
10:49:03  INFO      [INFO] Seccion 'ARCHIVOS ASOCIADOS' no existe en folio CRT26-017567 -- activar fallback
10:49:04  INFO      [REG-FUENTE] Sin ARCHIVOS ASOCIADOS -- activando flujo DOCUMENTOS ANEXOS para registro CRT26-017567 (folio=VE-172689)
10:49:04  INFO      [ALT] Iniciando flujo DOCUMENTOS ANEXOS para folio VE-172689 (raw=VE-172689)
10:49:04  INFO      [ALT-NAV] Navegando a Tramites Nuevos...
10:49:05  INFO      [OK] Tablero de Control cargado
10:49:05  INFO      [REG] Configurando tablero para búsqueda por Registro (Todos los años + 100)...
10:49:05  INFO      [REG] Cambiando Año a 'Todos los años' (value='0')...
10:49:05  INFO      [REG] ✅ Año cambiado a 'Todos los años'
10:49:05  INFO      [WR:SATyS-Reg_4] Sesión activa (registro CRT26-017292)
10:49:05  INFO      [NAV] Navegando a Enlace Oficialia de Partes...
10:49:05  INFO      [WR:SATyS-Reg_5] Sesión activa (registro CRT26-017346)
10:49:05  INFO      [NAV] Navegando a Enlace Oficialia de Partes...
10:49:05  INFO      [REG] Cambiando 'Mostrar' a 100 trámites...
10:49:06  INFO      [WEB] Extrayendo metadatos web (intento 6) para folio CRT26-017348
10:49:06  INFO      [WEB] Extrayendo metadatos web (una vez) de SATyS para folio CRT26-017348
10:49:06  INFO      [ALT-NAV] Tramites Nuevos cargado OK
10:49:06  INFO      [ALT-SEARCH] Folio normalizado para busqueda: 'VE-172478' -> '172478'
10:49:06  INFO      [ALT-SEARCH] Buscando folio 172478 en Tramites Nuevos...
10:49:06  INFO      [REG] ✅ Mostrar cambiado a 100 trámites
10:49:06  INFO      [REG-BUSCAR] Buscando registro CRT26-017287 en tabla (intento 1)...
10:49:09  INFO      [WEB] Registro encontrado: CRT26-017348
10:49:09  WARNING   [WEB] page.evaluate retornó None en DATOS DEL DOCUMENTO -- intentando fallback con locators de Playwright
10:49:09  INFO      [WEB] DATOS DEL DOCUMENTO (fallback locator): folio_opc='VE-172479' | no_doc=''
10:49:09  INFO      [WEB] DATOS DEL DOCUMENTO: folio_opc='VE-172479' | no_doc='None'
10:49:09  INFO      [WEB] Fecha de folio OPC: 23-04-2026 11:31:07
10:49:10  INFO      [WEB] Metadatos guardados OK: Rep='CRECENCIO BALTAZAR GERONIMO', Ope='CRECENCIO BALTAZAR GERONIMO', Asunto='Trámite que ingreso por Ventanilla Electrónica. Más trámites y servicios', Registro='CRT26-017348'
10:49:10  INFO      [META-RETRY] Todos los campos criticos capturados en intento 6 para folio CRT26-017348
10:49:10  INFO      [FILES] Descargando archivos del folio CRT26-017348...
10:49:13  INFO      [ALT-SEARCH] Folio VE-172478 encontrado en Tramites Nuevos
10:49:13  INFO      [ALT-REVISAR] Abriendo detalle del tramite VE-172478...
10:49:15  INFO      [ALT-REVISAR] Detalle del tramite cargado OK
10:49:15  INFO      [ALT-META] Extrayendo metadatos de DATOS DEL TRAMITE para folio VE-172478
10:49:16  INFO      [OK] Tablero de Control cargado
10:49:16  INFO      [REG] Configurando tablero para búsqueda por Registro (Todos los años + 100)...
10:49:16  INFO      [REG] Cambiando Año a 'Todos los años' (value='0')...
10:49:16  INFO      [REG] ✅ Año cambiado a 'Todos los años'
10:49:16  INFO      [REG] Cambiando 'Mostrar' a 100 trámites...
10:49:17  INFO      [ALT-NAV] Tramites Nuevos cargado OK
10:49:17  INFO      [ALT-SEARCH] Folio normalizado para busqueda: 'VE-172689' -> '172689'
10:49:17  INFO      [ALT-SEARCH] Buscando folio 172689 en Tramites Nuevos...
10:49:17  INFO      [REG] ✅ Mostrar cambiado a 100 trámites
10:49:17  INFO      [REG-BUSCAR] Buscando registro CRT26-017346 en tabla (intento 1)...
10:49:19  INFO      [REG-PAGE] Resultados búsqueda: mostrando 1 de 1 trámites
10:49:19  INFO      [REG-VIEW] Abriendo detalle: registro=CRT26-017287, folio=11012
10:49:21  INFO      [OK] Tablero de Control cargado
10:49:21  INFO      [REG] Configurando tablero para búsqueda por Registro (Todos los años + 100)...
10:49:22  INFO      [REG] Cambiando Año a 'Todos los años' (value='0')...
10:49:22  INFO      [REG] ✅ Año cambiado a 'Todos los años'
10:49:22  INFO      [REG] Cambiando 'Mostrar' a 100 trámites...
10:49:22  INFO      [WR:SATyS-Reg_5] ── Registro CRT26-017346: 0/1 OK | 0 error(es) servidor | 0 error(es) red ──
10:49:22  INFO      [INFO] Seccion 'ARCHIVOS ASOCIADOS' no existe en folio CRT26-017348 -- activar fallback
10:49:22  INFO      [REG-FUENTE] Sin ARCHIVOS ASOCIADOS -- activando flujo DOCUMENTOS ANEXOS para registro CRT26-017348 (folio=VE-172479)
10:49:22  INFO      [ALT] Iniciando flujo DOCUMENTOS ANEXOS para folio VE-172479 (raw=VE-172479)
10:49:22  INFO      [ALT-NAV] Navegando a Tramites Nuevos...
10:49:23  INFO      [REG] ✅ Mostrar cambiado a 100 trámites
10:49:23  INFO      [REG-BUSCAR] Buscando registro CRT26-017292 en tabla (intento 1)...
10:49:24  INFO      [ALT-SEARCH] Folio VE-172689 encontrado en Tramites Nuevos
10:49:24  INFO      [ALT-REVISAR] Abriendo detalle del tramite VE-172689...
10:49:24  INFO      [WR:SATyS-Reg_5] ── Iniciando registro CRT26-017053 ──
10:49:24  INFO      [CONC-REG] [26/718] ✓ Registro CRT26-017346 completado: 0 OK / 1 total
10:49:24  INFO      [API] Discovery activo: debug\api_log.jsonl
10:49:27  INFO      [REG-PAGE] Resultados búsqueda: mostrando 1 de 1 trámites
10:49:27  INFO      [REG-VIEW] Abriendo detalle: registro=CRT26-017292, folio=11016
10:49:36  INFO      [REG-OK] Detalle cargado: registro=CRT26-017287
10:49:36  INFO      [WEB] Extrayendo metadatos web (intento 1) para folio CRT26-017287
10:49:36  INFO      [WEB] Extrayendo metadatos web (una vez) de SATyS para folio CRT26-017287
10:49:39  INFO      [WEB] Registro encontrado: CRT26-017287
10:49:39  WARNING   [WEB] page.evaluate retornó None en DATOS DEL DOCUMENTO -- intentando fallback con locators de Playwright
10:49:40  INFO      [WEB] DATOS DEL DOCUMENTO (fallback locator): folio_opc='' | no_doc=''
10:49:40  INFO      [WEB] DATOS DEL DOCUMENTO: folio_opc='None' | no_doc='None'
10:49:40  WARNING   [V11-META-FALTANTE] folio=CRT26-017287 campo=representante_legal es nulo/vacio
10:49:40  WARNING   [V11-META-FALTANTE] folio=CRT26-017287 campo=nombre_operador es nulo/vacio
10:49:40  WARNING   [V11-META-FALTANTE] folio=CRT26-017287 campo=asunto es nulo/vacio
10:49:40  INFO      [WEB] Metadatos guardados OK: Rep='None', Ope='None', Asunto='None', Registro='CRT26-017287'
10:49:40  WARNING   [META-RETRY] Campos faltantes: ['nombre_operador', 'representante_legal']
10:49:40  WARNING   [META-RETRY] Intento 1 fallido para folio CRT26-017287. Reintentando en 3s...
10:49:43  INFO      [WEB] Extrayendo metadatos web (intento 2) para folio CRT26-017287
10:49:43  INFO      [WEB] Extrayendo metadatos web (una vez) de SATyS para folio CRT26-017287
10:49:46  INFO      [WEB] Registro encontrado: CRT26-017287
10:49:46  WARNING   [WEB] page.evaluate retornó None en DATOS DEL DOCUMENTO -- intentando fallback con locators de Playwright
10:49:47  INFO      [WR:SATyS-Reg_5] Sesión activa (registro CRT26-017053)
10:49:47  INFO      [NAV] Navegando a Enlace Oficialia de Partes...
10:49:47  INFO      [REG-OK] Detalle cargado: registro=CRT26-017292
10:49:47  INFO      [WEB] Extrayendo metadatos web (intento 1) para folio CRT26-017292
10:49:47  INFO      [WEB] Extrayendo metadatos web (una vez) de SATyS para folio CRT26-017292
10:49:47  INFO      [WEB] DATOS DEL DOCUMENTO (fallback locator): folio_opc='' | no_doc=''
10:49:47  INFO      [WEB] DATOS DEL DOCUMENTO: folio_opc='None' | no_doc='None'
10:49:48  INFO      [WEB] Metadatos guardados OK: Rep='CARLOS ALBERTO CARDENAS CASTRO', Ope='COMERCIALIZADORA DE FRECUENCIAS SATELITALES', Asunto='CUMPLIMIENTO (INFORMACION ESTADISTICA)', Registro='CRT26-017287'
10:49:48  INFO      [META-RETRY] Todos los campos criticos capturados en intento 2 para folio CRT26-017287
10:49:48  INFO      [FILES] Descargando archivos del folio CRT26-017287...
10:49:48  INFO      [ALT-REVISAR] Detalle del tramite cargado OK
10:49:48  INFO      [ALT-META] Extrayendo metadatos de DATOS DEL TRAMITE para folio VE-172689
10:49:50  INFO      [OK] Tablero de Control cargado
10:49:50  INFO      [REG] Configurando tablero para búsqueda por Registro (Todos los años + 100)...
10:49:50  INFO      [REG] Cambiando Año a 'Todos los años' (value='0')...
10:49:50  INFO      [REG] ✅ Año cambiado a 'Todos los años'
10:49:50  INFO      [ALT-NAV] Tramites Nuevos cargado OK
10:49:50  INFO      [ALT-SEARCH] Folio normalizado para busqueda: 'VE-172479' -> '172479'
10:49:50  INFO      [ALT-SEARCH] Buscando folio 172479 en Tramites Nuevos...
10:49:50  INFO      [REG] Cambiando 'Mostrar' a 100 trámites...
10:49:50  INFO      [WEB] Registro encontrado: CRT26-017292
10:49:50  WARNING   [WEB] page.evaluate retornó None en DATOS DEL DOCUMENTO -- intentando fallback con locators de Playwright
10:49:51  INFO      [WEB] DATOS DEL DOCUMENTO (fallback locator): folio_opc='11016' | no_doc=''
10:49:51  INFO      [WEB] DATOS DEL DOCUMENTO: folio_opc='11016' | no_doc='None'
10:49:51  INFO      [WEB] Fecha de folio OPC: 22-04-2026 00:00:00
10:49:51  INFO      [REG] ✅ Mostrar cambiado a 100 trámites
10:49:51  INFO      [REG-BUSCAR] Buscando registro CRT26-017053 en tabla (intento 1)...
10:49:51  INFO      [WEB] Metadatos guardados OK: Rep='JOSE MANUEL PALOMINOS MORENO', Ope='WAVES LINKS SERVICIOS DE COMUNICACIONES E INFORMÁTICA', Asunto='FORMATO R002, R024', Registro='CRT26-017292'
10:49:51  INFO      [META-RETRY] Todos los campos criticos capturados en intento 1 para folio CRT26-017292
10:49:51  INFO      [FILES] Descargando archivos del folio CRT26-017292...
10:49:54  INFO      [ALT-META] Metadatos guardados: {'tipo_tramite': 'CGPE-01-008: Entrega periódica de Información General Estadística para efectos del Acervo Estadístico del Instituto Federal de Telecomunicaciones.', 'fecha_registro': '23/04/2026', 'solicitante': '', 'nombre_operador': 'CRECENCIO BALTAZAR GERONIMO', 'representante_legal': 'CRECENCIO BALTAZAR GERONIMO', 'asunto': '', 'descripcion': '', 'registro': '', 'folio': '172478'}
10:49:54  INFO      [ALT-DL] Descargando DOCUMENTOS ANEXOS para folio VE-172478
10:49:57  INFO      [ALT-SEARCH] Folio VE-172479 encontrado en Tramites Nuevos
10:49:57  INFO      [ALT-REVISAR] Abriendo detalle del tramite VE-172479...
10:49:58  INFO      [ALT-DL] Seccion DOCUMENTOS ANEXOS localizada: text=DOCUMENTOS ANEXOS
10:49:59  INFO      [ALT-DL] DOCUMENTOS ANEXOS: Mostrando 1 a 3 de 3
10:49:59  INFO      [ALT-DL] Selector DOCUMENTOS ANEXOS cambiado a: 100
10:50:00  INFO      [ALT-DL] DOCUMENTOS ANEXOS (post-100): Mostrando 1 a 3 de 3
10:50:00  WARNING   [ALT-DL] 6 botones > 3 esperados -- usando solo los primeros 3
10:50:00  INFO      [ALT-DL] Pagina 1: 3 botones VER DOCUMENTO
10:50:00  INFO        [1] nombre=documento_VE-172478_1  tipo=  fecha=
10:50:01  INFO        [OK] 17769653647062r024-01.pdf  (62.3 KB)
10:50:01  INFO        [2] nombre=documento_VE-172478_2  tipo=  fecha=
10:50:02  INFO      [ALT-META] Metadatos guardados: {'tipo_tramite': 'CGPE-01-001: Solicitud de Registro inicial de los servicios de telecomunicaciones comercializados, para efectos del acervo estadístico del Instituto Federal de Telecomunicaciones', 'fecha_registro': '24/04/2026', 'solicitante': '', 'nombre_operador': 'FERMIN MENDOZA GUTIÉRREZ', 'representante_legal': 'FERMIN MENDOZA GUTIERREZ', 'asunto': '', 'descripcion': '', 'registro': '', 'folio': '172689'}
10:50:02  INFO      [ALT-DL] Descargando DOCUMENTOS ANEXOS para folio VE-172689
10:50:02  INFO        [OK] 17769653599725escritolibrer024crecencio.pdf  (434.2 KB)
10:50:02  INFO        [3] nombre=documento_VE-172478_3  tipo=  fecha=
10:50:03  INFO        [OK] solicitud172478.pdf  (154.3 KB)
10:50:03  INFO      [ALT-DL] Paginacion: mostrando 1 a 3 de 3
10:50:03  INFO      [ALT-DL] VALIDACION OK: 3/3 documentos descargados
10:50:03  INFO      [REG-META] metadata_satys.json actualizado para registro CRT26-017347
10:50:03  INFO      [BACK] Regresando al tablero...
10:50:03  INFO      [REG-PAGE] Resultados búsqueda: mostrando 1 de 1 trámites
10:50:04  INFO      [REG-VIEW] Abriendo detalle: registro=CRT26-017053, folio=10838
10:50:04  INFO      [ALT-DL] Seccion DOCUMENTOS ANEXOS localizada: text=DOCUMENTOS ANEXOS
10:50:05  INFO      [ALT-REVISAR] Detalle del tramite cargado OK
10:50:05  INFO      [ALT-META] Extrayendo metadatos de DATOS DEL TRAMITE para folio VE-172479
10:50:05  INFO      [ALT-DL] DOCUMENTOS ANEXOS: Mostrando 1 a 2 de 2
10:50:05  INFO      [ALT-DL] Selector DOCUMENTOS ANEXOS cambiado a: 100
10:50:05  INFO      [REG-OK] Detalle cargado: registro=CRT26-017053
10:50:05  INFO      [WEB] Extrayendo metadatos web (intento 1) para folio CRT26-017053
10:50:05  INFO      [WEB] Extrayendo metadatos web (una vez) de SATyS para folio CRT26-017053
10:50:06  INFO      [ALT-DL] DOCUMENTOS ANEXOS (post-100): Mostrando 1 a 2 de 2
10:50:06  INFO      [BACK] Re-navegando al tablero...
10:50:06  INFO      [NAV] Navegando a Enlace Oficialia de Partes...
10:50:06  WARNING   [ALT-DL] 5 botones > 2 esperados -- usando solo los primeros 2
10:50:06  INFO      [ALT-DL] Pagina 1: 2 botones VER DOCUMENTO
10:50:06  INFO        [1] nombre=documento_VE-172689_1  tipo=  fecha=
10:50:07  INFO        [OK] 17770541045681escritolibrer026.pdf  (470.9 KB)
10:50:07  INFO        [2] nombre=documento_VE-172689_2  tipo=  fecha=
10:50:08  INFO      [OK] Tablero de Control cargado
10:50:08  INFO      [WEB] Registro encontrado: CRT26-017053
10:50:08  WARNING   [WEB] page.evaluate retornó None en DATOS DEL DOCUMENTO -- intentando fallback con locators de Playwright
10:50:08  INFO        [OK] solicitud172689.pdf  (191.8 KB)
10:50:08  INFO      [ALT-DL] Paginacion: mostrando 1 a 2 de 2
10:50:08  INFO      [ALT-DL] VALIDACION OK: 2/2 documentos descargados
10:50:08  INFO      [REG-META] metadata_satys.json actualizado para registro CRT26-017567
10:50:08  INFO      [BACK] Regresando al tablero...
10:50:09  INFO      [WEB] DATOS DEL DOCUMENTO (fallback locator): folio_opc='10838' | no_doc=''
10:50:09  INFO      [WEB] DATOS DEL DOCUMENTO: folio_opc='10838' | no_doc='None'
10:50:09  INFO      [WEB] Fecha de folio OPC: 21-04-2026 00:00:00
10:50:09  INFO      [WEB] Metadatos guardados OK: Rep='FRANCISCO JAVIER TABOADA GARCIA', Ope='RADIO FRECUENCIAS CONCESIONADAS', Asunto='FORMATO R001, R025 Y {CGPE-01-005} SOLICITUD DE REGISTRO DE SERVICIOS DE TELECOMUNICACIONES COMERCIALIZADOS, PARA EFECTOS DEL ACERVO ESTADÍSTICO DEL INSTITUTO FEDERAL DE TELECOMUNICACIONES, FORMATO R026.', Registro='CRT26-017053'
10:50:09  INFO      [META-RETRY] Todos los campos criticos capturados en intento 1 para folio CRT26-017053
10:50:09  INFO      [FILES] Descargando archivos del folio CRT26-017053...
10:50:09  INFO      [WR:SATyS-Reg_1] ── Registro CRT26-017347: 3/3 OK | 0 error(es) servidor | 0 error(es) red ──
10:50:11  INFO      [WR:SATyS-Reg_1] ── Iniciando registro CRT26-016667 ──
10:50:11  INFO      [CONC-REG] [27/718] ✓ Registro CRT26-017347 completado: 3 OK / 3 total
10:50:11  INFO      [BACK] Re-navegando al tablero...
10:50:11  INFO      [NAV] Navegando a Enlace Oficialia de Partes...
10:50:11  INFO      [API] Discovery activo: debug\api_log.jsonl
10:50:12  INFO      [WR:SATyS-Reg_1] Sesión activa (registro CRT26-016667)
10:50:12  INFO      [NAV] Navegando a Enlace Oficialia de Partes...
10:50:13  INFO      [OK] Tablero de Control cargado
10:50:13  INFO      [OK] Tablero de Control cargado
10:50:13  INFO      [REG] Configurando tablero para búsqueda por Registro (Todos los años + 100)...
10:50:13  INFO      [REG] Cambiando Año a 'Todos los años' (value='0')...
10:50:13  INFO      [REG] ✅ Año cambiado a 'Todos los años'
10:50:13  INFO      [REG] Cambiando 'Mostrar' a 100 trámites...
10:50:14  INFO      [REG] ✅ Mostrar cambiado a 100 trámites
10:50:14  INFO      [REG-BUSCAR] Buscando registro CRT26-016667 en tabla (intento 1)...
10:50:14  INFO      [WR:SATyS-Reg_0] ── Registro CRT26-017567: 2/2 OK | 0 error(es) servidor | 0 error(es) red ──
10:50:15  INFO      [WR:SATyS-Reg_0] ── Iniciando registro CRT26-016666 ──
10:50:15  INFO      [CONC-REG] [28/718] ✓ Registro CRT26-017567 completado: 2 OK / 2 total
10:50:15  INFO      [API] Discovery activo: debug\api_log.jsonl
10:50:17  INFO      [INFO] Cambiando paginacion ARCHIVOS ASOCIADOS a '100' elementos
10:50:20  INFO      [INFO] Cambiando paginacion ARCHIVOS ASOCIADOS a '100' elementos
10:50:29  INFO      [REG-PAGE] Resultados búsqueda: mostrando 1 de 1 trámites
10:50:29  INFO      [REG-VIEW] Abriendo detalle: registro=CRT26-016667, folio=VE-171481
10:50:38  INFO      [INFO] Cambiando paginacion ARCHIVOS ASOCIADOS a '100' elementos
10:50:39  INFO      [WR:SATyS-Reg_0] Sesión activa (registro CRT26-016666)
10:50:39  INFO      [NAV] Navegando a Enlace Oficialia de Partes...
10:50:40  INFO      [REG-OK] Detalle cargado: registro=CRT26-016667
10:50:40  INFO      [WEB] Extrayendo metadatos web (intento 1) para folio CRT26-016667
10:50:40  INFO      [WEB] Extrayendo metadatos web (una vez) de SATyS para folio CRT26-016667
10:50:40  INFO      [OK] Tablero de Control cargado
10:50:40  INFO      [REG] Configurando tablero para búsqueda por Registro (Todos los años + 100)...
10:50:41  INFO      [REG] Cambiando Año a 'Todos los años' (value='0')...
10:50:41  INFO      [REG] ✅ Año cambiado a 'Todos los años'
10:50:41  INFO      [REG] Cambiando 'Mostrar' a 100 trámites...
10:50:42  INFO      [REG] ✅ Mostrar cambiado a 100 trámites
10:50:42  INFO      [REG-BUSCAR] Buscando registro CRT26-016666 en tabla (intento 1)...
10:50:43  INFO      [WEB] Registro encontrado: CRT26-016667
10:50:43  WARNING   [WEB] page.evaluate retornó None en DATOS DEL DOCUMENTO -- intentando fallback con locators de Playwright
10:50:44  INFO      [WEB] DATOS DEL DOCUMENTO (fallback locator): folio_opc='VE-171481' | no_doc=''
10:50:44  INFO      [WEB] DATOS DEL DOCUMENTO: folio_opc='VE-171481' | no_doc='None'
10:50:44  INFO      [WEB] Fecha de folio OPC: 17-04-2026 11:59:49
10:50:44  INFO      [WEB] Metadatos guardados OK: Rep='JOSÉ LUIS ANGUIANO DE LA ROSA', Ope='JOSÉ LUIS ANGUIANO DE LA ROSA', Asunto='Trámite que ingreso por Ventanilla Electrónica. Más trámites y servicios', Registro='CRT26-016667'
10:50:44  INFO      [META-RETRY] Todos los campos criticos capturados en intento 1 para folio CRT26-016667
10:50:44  INFO      [FILES] Descargando archivos del folio CRT26-016667...
10:50:45  INFO      [ALT-META] Metadatos guardados: {'tipo_tramite': 'CGPE-01-008: Entrega periódica de Información General Estadística para efectos del Acervo Estadístico del Instituto Federal de Telecomunicaciones.', 'fecha_registro': '23/04/2026', 'solicitante': '', 'nombre_operador': 'CRECENCIO BALTAZAR GERONIMO', 'representante_legal': 'CRECENCIO BALTAZAR GERONIMO', 'asunto': '', 'descripcion': '', 'registro': '', 'folio': '172479'}
10:50:45  INFO      [ALT-DL] Descargando DOCUMENTOS ANEXOS para folio VE-172479
10:50:49  INFO      [ALT-DL] Seccion DOCUMENTOS ANEXOS localizada: text=DOCUMENTOS ANEXOS
10:50:50  INFO      [ALT-DL] DOCUMENTOS ANEXOS: Mostrando 1 a 3 de 3
10:50:50  INFO      [ALT-DL] Selector DOCUMENTOS ANEXOS cambiado a: 100
10:50:51  INFO      [ALT-DL] DOCUMENTOS ANEXOS (post-100): Mostrando 1 a 3 de 3
10:50:51  WARNING   [ALT-DL] 6 botones > 3 esperados -- usando solo los primeros 3
10:50:51  INFO      [ALT-DL] Pagina 1: 3 botones VER DOCUMENTO
10:50:51  INFO        [1] nombre=documento_VE-172479_1  tipo=  fecha=
10:50:52  INFO        [OK] 17769654631295r025-01.pdf  (72.3 KB)
10:50:52  INFO      [REG-PAGE] Resultados búsqueda: mostrando 1 de 1 trámites
10:50:52  INFO      [REG-VIEW] Abriendo detalle: registro=CRT26-016666, folio=VE-171478
10:50:53  INFO        [2] nombre=documento_VE-172479_2  tipo=  fecha=
10:50:53  INFO        [OK] 17769654572850escritolibrer025crecencio.pdf  (455.0 KB)
10:50:54  INFO        [3] nombre=documento_VE-172479_3  tipo=  fecha=
10:50:54  INFO      [REG-OK] Detalle cargado: registro=CRT26-016666
10:50:54  INFO      [WEB] Extrayendo metadatos web (intento 1) para folio CRT26-016666
10:50:54  INFO      [WEB] Extrayendo metadatos web (una vez) de SATyS para folio CRT26-016666
10:50:54  INFO        [OK] solicitud172479.pdf  (173.0 KB)
10:50:54  INFO      [ALT-DL] Paginacion: mostrando 1 a 3 de 3
10:50:54  INFO      [ALT-DL] VALIDACION OK: 3/3 documentos descargados
10:50:54  INFO      [REG-META] metadata_satys.json actualizado para registro CRT26-017348
10:50:54  INFO      [BACK] Regresando al tablero...
10:50:57  INFO      [INFO] Seccion 'ARCHIVOS ASOCIADOS' no existe en folio CRT26-016667 -- activar fallback
10:50:57  INFO      [WEB] Registro encontrado: CRT26-016666
10:50:57  WARNING   [WEB] page.evaluate retornó None en DATOS DEL DOCUMENTO -- intentando fallback con locators de Playwright
10:50:57  INFO      [REG-FUENTE] Sin ARCHIVOS ASOCIADOS -- activando flujo DOCUMENTOS ANEXOS para registro CRT26-016667 (folio=VE-171481)
10:50:57  INFO      [ALT] Iniciando flujo DOCUMENTOS ANEXOS para folio VE-171481 (raw=VE-171481)
10:50:57  INFO      [ALT-NAV] Navegando a Tramites Nuevos...
10:50:57  INFO      [BACK] Re-navegando al tablero...
10:50:57  INFO      [NAV] Navegando a Enlace Oficialia de Partes...
10:50:58  INFO      [WEB] DATOS DEL DOCUMENTO (fallback locator): folio_opc='VE-171478' | no_doc=''
10:50:58  INFO      [WEB] DATOS DEL DOCUMENTO: folio_opc='VE-171478' | no_doc='None'
10:50:58  INFO      [WEB] Fecha de folio OPC: 17-04-2026 11:52:00
10:50:58  INFO      [WEB] Metadatos guardados OK: Rep='JOSÉ LUIS ANGUIANO DE LA ROSA', Ope='JOSÉ LUIS ANGUIANO DE LA ROSA', Asunto='Trámite que ingreso por Ventanilla Electrónica. Más trámites y servicios', Registro='CRT26-016666'
10:50:58  INFO      [META-RETRY] Todos los campos criticos capturados en intento 1 para folio CRT26-016666
10:50:58  INFO      [FILES] Descargando archivos del folio CRT26-016666...
10:51:02  INFO      [ALT-NAV] Tramites Nuevos cargado OK
10:51:02  INFO      [ALT-SEARCH] Folio normalizado para busqueda: 'VE-171481' -> '171481'
10:51:02  INFO      [ALT-SEARCH] Buscando folio 171481 en Tramites Nuevos...
10:51:03  INFO      [OK] Tablero de Control cargado
10:51:04  INFO      [WR:SATyS-Reg_2] ── Registro CRT26-017348: 3/3 OK | 0 error(es) servidor | 0 error(es) red ──
10:51:06  INFO      [WR:SATyS-Reg_2] ── Iniciando registro CRT26-016632 ──
10:51:06  INFO      [CONC-REG] [29/718] ✓ Registro CRT26-017348 completado: 3 OK / 3 total
10:51:07  INFO      [API] Discovery activo: debug\api_log.jsonl
10:51:09  INFO      [ALT-SEARCH] Folio VE-171481 encontrado en Tramites Nuevos
10:51:09  INFO      [ALT-REVISAR] Abriendo detalle del tramite VE-171481...
10:51:11  INFO      [INFO] Seccion 'ARCHIVOS ASOCIADOS' no existe en folio CRT26-016666 -- activar fallback
10:51:11  INFO      [REG-FUENTE] Sin ARCHIVOS ASOCIADOS -- activando flujo DOCUMENTOS ANEXOS para registro CRT26-016666 (folio=VE-171478)
10:51:11  INFO      [ALT] Iniciando flujo DOCUMENTOS ANEXOS para folio VE-171478 (raw=VE-171478)
10:51:11  INFO      [ALT-NAV] Navegando a Tramites Nuevos...
10:51:16  INFO      [WR:SATyS-Reg_2] Sesión activa (registro CRT26-016632)
10:51:16  INFO      [NAV] Navegando a Enlace Oficialia de Partes...
10:51:17  INFO      [INFO] Pagina 1: 2 archivo(s) encontrado(s)
10:51:17  INFO        [1] Descargando: CRT26-017287.pdf
10:51:18  INFO           [OK] Descarga directa: CRT26-017287.pdf  (2578.4 KB)
10:51:18  INFO        [2] Descargando: INFORMACION ESTADISTICA COFRESA a marzo 2026 Digital IFT Entrega.xls
10:51:18  INFO           [OK] Descarga directa: INFORMACION ESTADISTICA COFRESA a marzo 2026 Digital IFT Entrega.xls  (110.5 KB)
10:51:18  INFO      [INFO] Folio CRT26-017287: 2/2 descargados en 1 pagina(s)
10:51:18  INFO      [REG-FUENTE] ARCHIVOS ASOCIADOS encontrado para registro CRT26-017287
10:51:18  INFO      [BACK] Regresando al tablero...
10:51:18  INFO      [OK] Tablero de Control cargado
10:51:18  INFO      [REG] Configurando tablero para búsqueda por Registro (Todos los años + 100)...
10:51:18  INFO      [REG] Cambiando Año a 'Todos los años' (value='0')...
10:51:18  INFO      [REG] ✅ Año cambiado a 'Todos los años'
10:51:18  INFO      [REG] Cambiando 'Mostrar' a 100 trámites...
10:51:18  INFO      [ALT-NAV] Tramites Nuevos cargado OK
10:51:18  INFO      [ALT-SEARCH] Folio normalizado para busqueda: 'VE-171478' -> '171478'
10:51:18  INFO      [ALT-SEARCH] Buscando folio 171478 en Tramites Nuevos...
10:51:19  INFO      [REG] ✅ Mostrar cambiado a 100 trámites
10:51:19  INFO      [REG-BUSCAR] Buscando registro CRT26-016632 en tabla (intento 1)...
10:51:20  INFO      [ALT-REVISAR] Detalle del tramite cargado OK
10:51:20  INFO      [ALT-META] Extrayendo metadatos de DATOS DEL TRAMITE para folio VE-171481
10:51:21  INFO      [INFO] Pagina 1: 7 archivo(s) encontrado(s)
10:51:21  INFO        [1] Descargando: CRT26-017292.pdf
10:51:22  INFO           [OK] Descarga directa: CRT26-017292.pdf  (7210.5 KB)
10:51:22  INFO        [2] Descargando: R002-01.csv
10:51:22  INFO           [OK] Descarga directa: R002-01.csv  (0.1 KB)
10:51:22  INFO        [3] Descargando: R002-02.csv
10:51:22  INFO           [OK] Descarga directa: R002-02.csv  (0.1 KB)
10:51:22  INFO        [4] Descargando: R002-03.csv
10:51:22  INFO           [OK] Descarga directa: R002-03.csv  (0.4 KB)
10:51:22  INFO        [5] Descargando: R002-04.csv
10:51:23  INFO           [OK] Descarga directa: R002-04.csv  (0.1 KB)
10:51:23  INFO        [6] Descargando: R002-05.csv
10:51:23  INFO           [OK] Descarga directa: R002-05.csv  (0.0 KB)
10:51:23  INFO        [7] Descargando: R024-01.csv
10:51:23  INFO           [OK] Descarga directa: R024-01.csv  (0.1 KB)
10:51:23  INFO      [INFO] Folio CRT26-017292: 7/7 descargados en 1 pagina(s)
10:51:23  INFO      [REG-FUENTE] ARCHIVOS ASOCIADOS encontrado para registro CRT26-017292
10:51:23  INFO      [BACK] Regresando al tablero...
10:51:25  INFO      [ALT-SEARCH] Folio VE-171478 encontrado en Tramites Nuevos
10:51:25  INFO      [ALT-REVISAR] Abriendo detalle del tramite VE-171478...
10:51:28  INFO      [BACK] Re-navegando al tablero...
10:51:28  INFO      [NAV] Navegando a Enlace Oficialia de Partes...
10:51:33  INFO      [BACK] Re-navegando al tablero...
10:51:33  INFO      [NAV] Navegando a Enlace Oficialia de Partes...
10:51:34  INFO      [OK] Tablero de Control cargado
10:51:35  INFO      [OK] Tablero de Control cargado
10:51:35  INFO      [ALT-REVISAR] Detalle del tramite cargado OK
10:51:35  INFO      [ALT-META] Extrayendo metadatos de DATOS DEL TRAMITE para folio VE-171478
10:51:37  INFO      [REG-PAGE] Resultados búsqueda: mostrando 1 de 1 trámites
10:51:37  INFO      [REG-VIEW] Abriendo detalle: registro=CRT26-016632, folio=CORREO-1374
10:51:38  INFO      [INFO] Pagina 1: 2 archivo(s) encontrado(s)
10:51:38  INFO        [1] Descargando: 17053.zip
10:51:43  INFO      [ZIP] Archivo ZIP detectado, descomprimiendo: 17053.zip
10:51:43  INFO      [ZIP] Descomprimido correctamente: 17053.zip. Eliminando ZIP original.
10:51:43  INFO           [OK] Descarga directa (ZIP extraído): 17053.zip (11 archivos)
10:51:43  INFO        [2] Descargando: CRT26-017053.pdf
10:51:44  INFO           [OK] Descarga directa: CRT26-017053.pdf  (4616.9 KB)
10:51:44  INFO      [INFO] Folio CRT26-017053: 12/12 descargados en 1 pagina(s)
10:51:44  INFO      [REG-FUENTE] ARCHIVOS ASOCIADOS encontrado para registro CRT26-017053
10:51:44  INFO      [BACK] Regresando al tablero...
10:51:45  INFO      [REG-OK] Detalle cargado: registro=CRT26-016632
10:51:45  INFO      [WEB] Extrayendo metadatos web (intento 1) para folio CRT26-016632
10:51:45  INFO      [WEB] Extrayendo metadatos web (una vez) de SATyS para folio CRT26-016632
10:51:45  INFO      [OK] De vuelta en el tablero
10:51:48  INFO      [WEB] Registro encontrado: CRT26-016632
10:51:48  WARNING   [WEB] page.evaluate retornó None en DATOS DEL DOCUMENTO -- intentando fallback con locators de Playwright
10:51:49  INFO      [WEB] DATOS DEL DOCUMENTO (fallback locator): folio_opc='' | no_doc=''
10:51:49  INFO      [WEB] DATOS DEL DOCUMENTO: folio_opc='None' | no_doc='None'
10:51:49  WARNING   [V11-META-FALTANTE] folio=CRT26-016632 campo=representante_legal es nulo/vacio
10:51:49  WARNING   [V11-META-FALTANTE] folio=CRT26-016632 campo=nombre_operador es nulo/vacio
10:51:49  WARNING   [V11-META-FALTANTE] folio=CRT26-016632 campo=asunto es nulo/vacio
10:51:49  INFO      [WEB] Metadatos guardados OK: Rep='None', Ope='None', Asunto='None', Registro='CRT26-016632'
10:51:49  WARNING   [META-RETRY] Campos faltantes: ['nombre_operador', 'representante_legal']
10:51:49  WARNING   [META-RETRY] Intento 1 fallido para folio CRT26-016632. Reintentando en 3s...
10:51:52  INFO      [WR:SATyS-Reg_4] ── Registro CRT26-017292: 7/7 OK | 0 error(es) servidor | 0 error(es) red ──
10:51:52  INFO      [WEB] Extrayendo metadatos web (intento 2) para folio CRT26-016632
10:51:52  INFO      [WEB] Extrayendo metadatos web (una vez) de SATyS para folio CRT26-016632
10:51:54  INFO      [WR:SATyS-Reg_4] ── Iniciando registro CRT26-016616 ──
10:51:54  INFO      [CONC-REG] [30/718] ✓ Registro CRT26-017292 completado: 7 OK / 7 total
10:51:54  INFO      [ALT-META] Metadatos guardados: {'tipo_tramite': 'CGPE-01-003-B: Entrega periódica de Información General Estadística B. Para Operador que no actualiza ninguno de los supuestos determinados por Servicio con base en su volumen de comercialización y/o provisión de servicios.', 'fecha_registro': '17/04/2026', 'solicitante': '', 'nombre_operador': 'JOSÉ LUIS ANGUIANO DE LA ROSA', 'representante_legal': 'JOSÉ LUIS ANGUIANO DE LA ROSA', 'asunto': 'SE EXHIBE ESCRITO, FORMATO Y ANEXOS R002 PARA 2024', 'descripcion': '', 'registro': '', 'folio': '171478'}
10:51:54  INFO      [ALT-DL] Descargando DOCUMENTOS ANEXOS para folio VE-171478
10:51:54  INFO      [API] Discovery activo: debug\api_log.jsonl
10:51:55  INFO      [WEB] Registro encontrado: CRT26-016632
10:51:55  WARNING   [WEB] page.evaluate retornó None en DATOS DEL DOCUMENTO -- intentando fallback con locators de Playwright
10:51:55  INFO      [ALT-DL] Seccion DOCUMENTOS ANEXOS localizada: text=DOCUMENTOS ANEXOS
10:51:56  INFO      [WEB] DATOS DEL DOCUMENTO (fallback locator): folio_opc='' | no_doc=''
10:51:56  INFO      [WEB] DATOS DEL DOCUMENTO: folio_opc='None' | no_doc='None'
10:51:56  WARNING   [V11-META-FALTANTE] folio=CRT26-016632 campo=representante_legal es nulo/vacio
10:51:56  WARNING   [V11-META-FALTANTE] folio=CRT26-016632 campo=nombre_operador es nulo/vacio
10:51:56  WARNING   [V11-META-FALTANTE] folio=CRT26-016632 campo=asunto es nulo/vacio
10:51:56  INFO      [WEB] Metadatos guardados OK: Rep='None', Ope='None', Asunto='None', Registro='CRT26-016632'
10:51:56  WARNING   [META-RETRY] Campos faltantes: ['nombre_operador', 'representante_legal']
10:51:56  WARNING   [META-RETRY] Intento 2 fallido para folio CRT26-016632. Reintentando en 3s...
10:51:57  INFO      [ALT-DL] DOCUMENTOS ANEXOS: Mostrando 1 a 10 de 11
10:51:57  INFO      [ALT-DL] Selector DOCUMENTOS ANEXOS cambiado a: 100
10:51:58  INFO      [ALT-DL] DOCUMENTOS ANEXOS (post-100): Mostrando 1 a 11 de 11
10:51:58  WARNING   [ALT-DL] 14 botones > 11 esperados -- usando solo los primeros 11
10:51:58  INFO      [ALT-DL] Pagina 1: 11 botones VER DOCUMENTO
10:51:58  INFO        [1] nombre=documento_VE-171478_1  tipo=  fecha=
10:51:58  INFO        [OK] 17764481968640r002-09.csv  (0.3 KB)
10:51:58  INFO        [2] nombre=documento_VE-171478_2  tipo=  fecha=
10:51:59  INFO        [OK] 17764481838041r002-08.csv  (0.4 KB)
10:51:59  INFO        [3] nombre=documento_VE-171478_3  tipo=  fecha=
10:51:59  INFO      [WEB] Extrayendo metadatos web (intento 3) para folio CRT26-016632
10:51:59  INFO      [WEB] Extrayendo metadatos web (una vez) de SATyS para folio CRT26-016632
10:51:59  INFO        [OK] 1776448170907r002-07.csv  (0.8 KB)
10:51:59  INFO        [4] nombre=documento_VE-171478_4  tipo=  fecha=
10:52:00  INFO        [OK] 17764481578995r002-06.csv  (0.9 KB)
10:52:00  INFO        [5] nombre=documento_VE-171478_5  tipo=  fecha=
10:52:00  INFO        [OK] 17764481438617r002-05.csv  (0.3 KB)
10:52:00  INFO        [6] nombre=documento_VE-171478_6  tipo=  fecha=
10:52:01  INFO        [OK] 17764481269692r002-04.csv  (0.1 KB)
10:52:01  INFO        [7] nombre=documento_VE-171478_7  tipo=  fecha=
10:52:01  INFO        [OK] 17764481006503r002-03.csv  (0.4 KB)
10:52:01  INFO      [WR:SATyS-Reg_4] Sesión activa (registro CRT26-016616)
10:52:01  INFO      [NAV] Navegando a Enlace Oficialia de Partes...
10:52:01  INFO        [8] nombre=documento_VE-171478_8  tipo=  fecha=
10:52:02  INFO        [OK] 17764480857846r002-02.csv  (0.9 KB)
10:52:02  INFO        [9] nombre=documento_VE-171478_9  tipo=  fecha=
10:52:02  INFO      [ALT-META] Metadatos guardados: {'tipo_tramite': 'CGPE-01-003-Z: Entrega periódica de Información General Estadística Z. Sobre la Disponibilidad de Redes de Acceso y Servicios', 'fecha_registro': '17/04/2026', 'solicitante': '', 'nombre_operador': 'JOSÉ LUIS ANGUIANO DE LA ROSA', 'representante_legal': 'JOSÉ LUIS ANGUIANO DE LA ROSA', 'asunto': 'SE EXHIBE, ESCRITO FORMATO Y ANEXO R027 PARA 2024', 'descripcion': '', 'registro': '', 'folio': '171481'}
10:52:02  INFO      [ALT-DL] Descargando DOCUMENTOS ANEXOS para folio VE-171481
10:52:02  INFO        [OK] 17764480575753r002-01.csv  (0.8 KB)
10:52:02  INFO      [WEB] Registro encontrado: CRT26-016632
10:52:02  WARNING   [WEB] page.evaluate retornó None en DATOS DEL DOCUMENTO -- intentando fallback con locators de Playwright
10:52:02  INFO        [10] nombre=documento_VE-171478_10  tipo=  fecha=
10:52:03  INFO        [OK] 17764479883445anexor002.pdf  (3609.7 KB)
10:52:03  INFO      [WEB] DATOS DEL DOCUMENTO (fallback locator): folio_opc='CORREO-1374' | no_doc=''
10:52:03  INFO      [WEB] DATOS DEL DOCUMENTO: folio_opc='CORREO-1374' | no_doc='None'
10:52:03  INFO      [WEB] Fecha de folio OPC: 16-04-2026 00:00:00
10:52:03  INFO        [11] nombre=documento_VE-171478_11  tipo=  fecha=
10:52:03  INFO      [WEB] Metadatos guardados OK: Rep='BRAYAN CISNEROS RUIZ', Ope='SECRETARÍA DE MARINA, DEPENDENCIA DE LA ADMINISTRACIÓN PÚBLICA FEDERAL', Asunto='SOLICITUD DE INFORMACION EN RELACION AL REGISTRO DE LINEAS TELEFONICAS CELULARES.  (Se recibió vía correo electrónico oficialiadepartes@crt.gob.mx) (02:41 p. m.) (AC)', Registro='CRT26-016632'
10:52:03  INFO      [META-RETRY] Todos los campos criticos capturados en intento 3 para folio CRT26-016632
10:52:03  INFO      [FILES] Descargando archivos del folio CRT26-016632...
10:52:03  INFO        [OK] solicitud171478.pdf  (316.1 KB)
10:52:03  INFO      [ALT-DL] Paginacion: mostrando 1 a 11 de 11
10:52:03  INFO      [ALT-DL] VALIDACION OK: 11/11 documentos descargados
10:52:03  INFO      [REG-META] metadata_satys.json actualizado para registro CRT26-016666
10:52:03  INFO      [BACK] Regresando al tablero...
10:52:05  INFO      [ALT-DL] Seccion DOCUMENTOS ANEXOS localizada: text=DOCUMENTOS ANEXOS
10:52:06  INFO      [ALT-DL] DOCUMENTOS ANEXOS: Mostrando 1 a 7 de 7
10:52:06  INFO      [ALT-DL] Selector DOCUMENTOS ANEXOS cambiado a: 100
10:52:06  INFO      [BACK] Re-navegando al tablero...
10:52:06  INFO      [NAV] Navegando a Enlace Oficialia de Partes...
10:52:07  INFO      [ALT-DL] DOCUMENTOS ANEXOS (post-100): Mostrando 1 a 7 de 7
10:52:07  WARNING   [ALT-DL] 10 botones > 7 esperados -- usando solo los primeros 7
10:52:07  INFO      [ALT-DL] Pagina 1: 7 botones VER DOCUMENTO
10:52:08  INFO        [1] nombre=documento_VE-171481_1  tipo=  fecha=
10:52:08  INFO      [OK] Tablero de Control cargado
10:52:08  INFO      [REG] Configurando tablero para búsqueda por Registro (Todos los años + 100)...
10:52:08  INFO      [REG] Cambiando Año a 'Todos los años' (value='0')...
10:52:08  INFO      [REG] ✅ Año cambiado a 'Todos los años'
10:52:08  INFO      [REG] Cambiando 'Mostrar' a 100 trámites...
10:52:08  INFO        [OK] 17764487088706r027-05.csv  (2.5 KB)
10:52:09  INFO      [REG-PAGE] Resultados búsqueda: mostrando 1 de 1 trámites
10:52:09  INFO      [WR:SATyS-Reg_3] ── Registro CRT26-017287: 2/2 OK | 0 error(es) servidor | 0 error(es) red ──
10:52:09  INFO        [2] nombre=documento_VE-171481_2  tipo=  fecha=
10:52:09  INFO      [REG] ✅ Mostrar cambiado a 100 trámites
10:52:09  INFO      [REG-BUSCAR] Buscando registro CRT26-016616 en tabla (intento 1)...
10:52:09  INFO        [OK] 17764486849326r027-04.csv  (2.3 KB)
10:52:10  INFO        [3] nombre=documento_VE-171481_3  tipo=  fecha=
10:52:10  INFO        [OK] 17764486724837r027-03.csv  (2.0 KB)
10:52:10  INFO      [WR:SATyS-Reg_3] ── Iniciando registro CRT26-015633 ──
10:52:10  INFO      [CONC-REG] [31/718] ✓ Registro CRT26-017287 completado: 2 OK / 2 total
10:52:11  INFO        [4] nombre=documento_VE-171481_4  tipo=  fecha=
10:52:11  INFO      [API] Discovery activo: debug\api_log.jsonl
10:52:11  INFO        [OK] 17764486526857r027-02.csv  (1.2 KB)
10:52:12  INFO        [5] nombre=documento_VE-171481_5  tipo=  fecha=
10:52:12  INFO        [OK] 17764486369607r027-01.csv  (0.1 KB)
10:52:12  INFO        [6] nombre=documento_VE-171481_6  tipo=  fecha=
10:52:13  INFO        [OK] 17764485614994anexor027.pdf  (2247.3 KB)
10:52:13  INFO        [7] nombre=documento_VE-171481_7  tipo=  fecha=
10:52:14  INFO        [OK] solicitud171481.pdf  (316.1 KB)
10:52:14  INFO      [ALT-DL] Paginacion: mostrando 1 a 7 de 7
10:52:14  INFO      [ALT-DL] VALIDACION OK: 7/7 documentos descargados
10:52:14  INFO      [REG-META] metadata_satys.json actualizado para registro CRT26-016667
10:52:14  INFO      [BACK] Regresando al tablero...
10:52:17  INFO      [BACK] Re-navegando al tablero...
10:52:17  INFO      [NAV] Navegando a Enlace Oficialia de Partes...
10:52:19  INFO      [WR:SATyS-Reg_3] Sesión activa (registro CRT26-015633)
10:52:19  INFO      [NAV] Navegando a Enlace Oficialia de Partes...
10:52:19  INFO      [OK] Tablero de Control cargado
10:52:21  INFO      [OK] Tablero de Control cargado
10:52:24  INFO      [REG-PAGE] Resultados búsqueda: mostrando 1 de 1 trámites
10:52:24  INFO      [WR:SATyS-Reg_1] ── Registro CRT26-016667: 7/7 OK | 0 error(es) servidor | 0 error(es) red ──
10:52:24  INFO      [REG-VIEW] Abriendo detalle: registro=CRT26-016616, folio=10545
10:52:26  INFO      [WR:SATyS-Reg_1] ── Iniciando registro CRT26-015632 ──
10:52:26  INFO      [CONC-REG] [32/718] ✓ Registro CRT26-016667 completado: 7 OK / 7 total
10:52:27  INFO      [API] Discovery activo: debug\api_log.jsonl
10:52:32  INFO      [INFO] Cambiando paginacion ARCHIVOS ASOCIADOS a '100' elementos
10:52:34  INFO      [WR:SATyS-Reg_1] Sesión activa (registro CRT26-015632)
10:52:34  INFO      [NAV] Navegando a Enlace Oficialia de Partes...
10:52:35  INFO      [WR:SATyS-Reg_0] ── Registro CRT26-016666: 11/11 OK | 0 error(es) servidor | 0 error(es) red ──
10:52:37  INFO      [WR:SATyS-Reg_0] ── Iniciando registro CRT26-016307 ──
10:52:37  INFO      [CONC-REG] [33/718] ✓ Registro CRT26-016666 completado: 11 OK / 11 total
10:52:37  INFO      [API] Discovery activo: debug\api_log.jsonl
10:52:55  INFO      [OK] Tablero de Control cargado
10:52:55  INFO      [REG] Configurando tablero para búsqueda por Registro (Todos los años + 100)...
10:52:55  INFO      [REG] Cambiando Año a 'Todos los años' (value='0')...
10:52:55  INFO      [REG] ✅ Año cambiado a 'Todos los años'
10:52:55  INFO      [REG] Cambiando 'Mostrar' a 100 trámites...
10:52:55  INFO      [OK] Tablero de Control cargado
10:52:55  INFO      [REG] Configurando tablero para búsqueda por Registro (Todos los años + 100)...
10:52:55  INFO      [WR:SATyS-Reg_0] Sesión activa (registro CRT26-016307)
10:52:55  INFO      [NAV] Navegando a Enlace Oficialia de Partes...
10:52:55  INFO      [REG] Cambiando Año a 'Todos los años' (value='0')...
10:52:55  INFO      [REG] ✅ Año cambiado a 'Todos los años'
10:52:55  INFO      [REG] Cambiando 'Mostrar' a 100 trámites...
10:52:56  INFO      [REG] ✅ Mostrar cambiado a 100 trámites
10:52:56  INFO      [REG-BUSCAR] Buscando registro CRT26-015632 en tabla (intento 1)...
10:52:56  INFO      [REG] ✅ Mostrar cambiado a 100 trámites
10:52:56  INFO      [REG-BUSCAR] Buscando registro CRT26-015633 en tabla (intento 1)...
10:52:56  INFO      [REG-PAGE] Resultados búsqueda: mostrando 1 de 1 trámites
10:52:56  INFO      [WR:SATyS-Reg_5] ── Registro CRT26-017053: 12/12 OK | 0 error(es) servidor | 0 error(es) red ──
10:52:58  INFO      [WR:SATyS-Reg_5] ── Iniciando registro CRT26-015142 ──
10:52:58  INFO      [CONC-REG] [34/718] ✓ Registro CRT26-017053 completado: 12 OK / 12 total
10:52:59  INFO      [API] Discovery activo: debug\api_log.jsonl
10:53:00  INFO      [REG-OK] Detalle cargado: registro=CRT26-016616
10:53:00  INFO      [WEB] Extrayendo metadatos web (intento 1) para folio CRT26-016616
10:53:00  INFO      [WEB] Extrayendo metadatos web (una vez) de SATyS para folio CRT26-016616
10:53:01  INFO      [REG-PAGE] Resultados búsqueda: mostrando 1 de 1 trámites
10:53:01  INFO      [REG-VIEW] Abriendo detalle: registro=CRT26-015633, folio=10404
10:53:01  INFO      [WR:SATyS-Reg_1] ── Registro CRT26-015632: 0/1 OK | 0 error(es) servidor | 0 error(es) red ──
10:53:02  INFO      [WR:SATyS-Reg_1] ── Iniciando registro CRT26-015128 ──
10:53:02  INFO      [CONC-REG] [35/718] ✓ Registro CRT26-015632 completado: 0 OK / 1 total
10:53:03  INFO      [API] Discovery activo: debug\api_log.jsonl
10:53:03  INFO      [WEB] Registro encontrado: CRT26-016616
10:53:03  WARNING   [WEB] page.evaluate retornó None en DATOS DEL DOCUMENTO -- intentando fallback con locators de Playwright
10:53:03  INFO      [WEB] DATOS DEL DOCUMENTO (fallback locator): folio_opc='' | no_doc=''
10:53:03  INFO      [WEB] DATOS DEL DOCUMENTO: folio_opc='None' | no_doc='None'
10:53:03  WARNING   [V11-META-FALTANTE] folio=CRT26-016616 campo=representante_legal es nulo/vacio
10:53:03  WARNING   [V11-META-FALTANTE] folio=CRT26-016616 campo=nombre_operador es nulo/vacio
10:53:03  WARNING   [V11-META-FALTANTE] folio=CRT26-016616 campo=asunto es nulo/vacio
10:53:03  INFO      [WEB] Metadatos guardados OK: Rep='None', Ope='None', Asunto='None', Registro='CRT26-016616'
10:53:03  WARNING   [META-RETRY] Campos faltantes: ['nombre_operador', 'representante_legal']
10:53:03  WARNING   [META-RETRY] Intento 1 fallido para folio CRT26-016616. Reintentando en 3s...
10:53:06  INFO      [WEB] Extrayendo metadatos web (intento 2) para folio CRT26-016616
10:53:06  INFO      [WEB] Extrayendo metadatos web (una vez) de SATyS para folio CRT26-016616
10:53:10  INFO      [WEB] Registro encontrado: CRT26-016616
10:53:10  WARNING   [WEB] page.evaluate retornó None en DATOS DEL DOCUMENTO -- intentando fallback con locators de Playwright
10:53:10  INFO      [WEB] DATOS DEL DOCUMENTO (fallback locator): folio_opc='' | no_doc=''
10:53:10  INFO      [WEB] DATOS DEL DOCUMENTO: folio_opc='None' | no_doc='None'
10:53:10  WARNING   [V11-META-FALTANTE] folio=CRT26-016616 campo=representante_legal es nulo/vacio
10:53:10  WARNING   [V11-META-FALTANTE] folio=CRT26-016616 campo=nombre_operador es nulo/vacio
10:53:10  WARNING   [V11-META-FALTANTE] folio=CRT26-016616 campo=asunto es nulo/vacio
10:53:10  INFO      [WEB] Metadatos guardados OK: Rep='None', Ope='None', Asunto='None', Registro='CRT26-016616'
10:53:10  WARNING   [META-RETRY] Campos faltantes: ['nombre_operador', 'representante_legal']
10:53:10  WARNING   [META-RETRY] Intento 2 fallido para folio CRT26-016616. Reintentando en 3s...
10:53:13  INFO      [WEB] Extrayendo metadatos web (intento 3) para folio CRT26-016616
10:53:13  INFO      [WEB] Extrayendo metadatos web (una vez) de SATyS para folio CRT26-016616
10:53:16  INFO      [OK] Tablero de Control cargado
10:53:16  INFO      [REG] Configurando tablero para búsqueda por Registro (Todos los años + 100)...
10:53:16  INFO      [WEB] Registro encontrado: CRT26-016616
10:53:16  WARNING   [WEB] page.evaluate retornó None en DATOS DEL DOCUMENTO -- intentando fallback con locators de Playwright
10:53:16  INFO      [REG] Cambiando Año a 'Todos los años' (value='0')...
10:53:16  INFO      [WR:SATyS-Reg_5] Sesión activa (registro CRT26-015142)
10:53:16  INFO      [NAV] Navegando a Enlace Oficialia de Partes...
10:53:16  INFO      [WR:SATyS-Reg_1] Sesión activa (registro CRT26-015128)
10:53:16  INFO      [NAV] Navegando a Enlace Oficialia de Partes...
10:53:16  INFO      [REG] ✅ Año cambiado a 'Todos los años'
10:53:16  INFO      [REG] Cambiando 'Mostrar' a 100 trámites...
10:53:16  INFO      [WEB] DATOS DEL DOCUMENTO (fallback locator): folio_opc='10545' | no_doc=''
10:53:16  INFO      [WEB] DATOS DEL DOCUMENTO: folio_opc='10545' | no_doc='None'
10:53:16  INFO      [WEB] Fecha de folio OPC: 16-04-2026 00:00:00
10:53:17  INFO      [WEB] Metadatos guardados OK: Rep='CESAR JAVIER DE LARA CHAVEZ', Ope='TECNOLOGÍA APLICADA EN ENERGÍAS DEL CENTRO', Asunto='FORMATO R024, R025', Registro='CRT26-016616'
10:53:17  INFO      [META-RETRY] Todos los campos criticos capturados en intento 3 para folio CRT26-016616
10:53:17  INFO      [FILES] Descargando archivos del folio CRT26-016616...
10:53:17  INFO      [REG] ✅ Mostrar cambiado a 100 trámites
10:53:17  INFO      [REG-BUSCAR] Buscando registro CRT26-016307 en tabla (intento 1)...
10:53:32  INFO      [INFO] Pagina 1: 1 archivo(s) encontrado(s)
10:53:32  INFO        [1] Descargando: MEMORANDUM.pdf
10:53:33  INFO           [OK] Descarga directa: MEMORANDUM.pdf  (809.1 KB)
10:53:33  INFO      [INFO] Folio CRT26-016632: 1/1 descargados en 1 pagina(s)
10:53:33  INFO      [REG-FUENTE] ARCHIVOS ASOCIADOS encontrado para registro CRT26-016632
10:53:33  INFO      [BACK] Regresando al tablero...
10:53:41  INFO      [OK] Tablero de Control cargado
10:53:41  INFO      [REG] Configurando tablero para búsqueda por Registro (Todos los años + 100)...
10:53:41  INFO      [REG] Cambiando Año a 'Todos los años' (value='0')...
10:53:41  INFO      [REG] ✅ Año cambiado a 'Todos los años'
10:53:41  INFO      [REG] Cambiando 'Mostrar' a 100 trámites...
10:53:41  INFO      [OK] De vuelta en el tablero
10:53:41  INFO      [REG-OK] Detalle cargado: registro=CRT26-015633
10:53:41  INFO      [WEB] Extrayendo metadatos web (intento 1) para folio CRT26-015633
10:53:41  INFO      [WEB] Extrayendo metadatos web (una vez) de SATyS para folio CRT26-015633
10:53:42  INFO      [REG] ✅ Mostrar cambiado a 100 trámites
10:53:42  INFO      [REG-BUSCAR] Buscando registro CRT26-015128 en tabla (intento 1)...
10:53:42  INFO      [WR:SATyS-Reg_0] ── Registro CRT26-016307: 0/1 OK | 0 error(es) servidor | 0 error(es) red ──
10:53:44  INFO      [WR:SATyS-Reg_0] ── Iniciando registro CRT26-015127 ──
10:53:44  INFO      [CONC-REG] [36/718] ✓ Registro CRT26-016307 completado: 0 OK / 1 total
10:53:44  INFO      [API] Discovery activo: debug\api_log.jsonl
10:53:44  INFO      [WEB] Registro encontrado: CRT26-015633
10:53:44  WARNING   [WEB] page.evaluate retornó None en DATOS DEL DOCUMENTO -- intentando fallback con locators de Playwright
10:53:45  INFO      [WEB] DATOS DEL DOCUMENTO (fallback locator): folio_opc='' | no_doc=''
10:53:45  INFO      [WEB] DATOS DEL DOCUMENTO: folio_opc='None' | no_doc='None'
10:53:45  WARNING   [V11-META-FALTANTE] folio=CRT26-015633 campo=representante_legal es nulo/vacio
10:53:45  WARNING   [V11-META-FALTANTE] folio=CRT26-015633 campo=nombre_operador es nulo/vacio
10:53:45  WARNING   [V11-META-FALTANTE] folio=CRT26-015633 campo=asunto es nulo/vacio
10:53:45  INFO      [WEB] Metadatos guardados OK: Rep='None', Ope='None', Asunto='None', Registro='CRT26-015633'
10:53:45  WARNING   [META-RETRY] Campos faltantes: ['nombre_operador', 'representante_legal']
10:53:45  WARNING   [META-RETRY] Intento 1 fallido para folio CRT26-015633. Reintentando en 3s...
10:53:46  INFO      [INFO] Cambiando paginacion ARCHIVOS ASOCIADOS a '100' elementos
10:53:48  INFO      [WEB] Extrayendo metadatos web (intento 2) para folio CRT26-015633
10:53:48  INFO      [WEB] Extrayendo metadatos web (una vez) de SATyS para folio CRT26-015633
10:53:51  INFO      [WEB] Registro encontrado: CRT26-015633
10:53:51  WARNING   [WEB] page.evaluate retornó None en DATOS DEL DOCUMENTO -- intentando fallback con locators de Playwright
10:53:52  INFO      [WEB] DATOS DEL DOCUMENTO (fallback locator): folio_opc='' | no_doc=''
10:53:52  INFO      [WEB] DATOS DEL DOCUMENTO: folio_opc='None' | no_doc='None'
10:53:52  WARNING   [V11-META-FALTANTE] folio=CRT26-015633 campo=representante_legal es nulo/vacio
10:53:52  WARNING   [V11-META-FALTANTE] folio=CRT26-015633 campo=nombre_operador es nulo/vacio
10:53:52  WARNING   [V11-META-FALTANTE] folio=CRT26-015633 campo=asunto es nulo/vacio
10:53:52  INFO      [WEB] Metadatos guardados OK: Rep='None', Ope='None', Asunto='None', Registro='CRT26-015633'
10:53:52  WARNING   [META-RETRY] Campos faltantes: ['nombre_operador', 'representante_legal']
10:53:52  WARNING   [META-RETRY] Intento 2 fallido para folio CRT26-015633. Reintentando en 3s...
10:53:55  INFO      [WEB] Extrayendo metadatos web (intento 3) para folio CRT26-015633
10:53:55  INFO      [WEB] Extrayendo metadatos web (una vez) de SATyS para folio CRT26-015633
10:53:58  INFO      [WEB] Registro encontrado: CRT26-015633
10:53:58  WARNING   [WEB] page.evaluate retornó None en DATOS DEL DOCUMENTO -- intentando fallback con locators de Playwright
10:53:58  INFO      [WEB] DATOS DEL DOCUMENTO (fallback locator): folio_opc='' | no_doc=''
10:53:58  INFO      [WEB] DATOS DEL DOCUMENTO: folio_opc='None' | no_doc='None'
10:53:58  WARNING   [V11-META-FALTANTE] folio=CRT26-015633 campo=representante_legal es nulo/vacio
10:53:58  WARNING   [V11-META-FALTANTE] folio=CRT26-015633 campo=nombre_operador es nulo/vacio
10:53:58  WARNING   [V11-META-FALTANTE] folio=CRT26-015633 campo=asunto es nulo/vacio
10:53:58  INFO      [WEB] Metadatos guardados OK: Rep='None', Ope='None', Asunto='None', Registro='CRT26-015633'
10:53:58  WARNING   [META-RETRY] Campos faltantes: ['nombre_operador', 'representante_legal']
10:53:58  WARNING   [META-RETRY] Intento 3 fallido para folio CRT26-015633. Reintentando en 3s...
10:53:59  INFO      [WR:SATyS-Reg_0] Sesión activa (registro CRT26-015127)
10:53:59  INFO      [NAV] Navegando a Enlace Oficialia de Partes...
10:54:00  INFO      [OK] Tablero de Control cargado
10:54:00  INFO      [REG] Configurando tablero para búsqueda por Registro (Todos los años + 100)...
10:54:00  INFO      [REG] Cambiando Año a 'Todos los años' (value='0')...
10:54:00  INFO      [REG] ✅ Año cambiado a 'Todos los años'
10:54:00  INFO      [REG] Cambiando 'Mostrar' a 100 trámites...
10:54:01  INFO      [REG] ✅ Mostrar cambiado a 100 trámites
10:54:01  INFO      [REG-BUSCAR] Buscando registro CRT26-015127 en tabla (intento 1)...
10:54:01  INFO      [REG-PAGE] Resultados búsqueda: mostrando 1 de 1 trámites
10:54:01  INFO      [REG-VIEW] Abriendo detalle: registro=CRT26-015128, folio=9981
10:54:01  INFO      [WEB] Extrayendo metadatos web (intento 4) para folio CRT26-015633
10:54:01  INFO      [WEB] Extrayendo metadatos web (una vez) de SATyS para folio CRT26-015633
10:54:04  INFO      [WEB] Registro encontrado: CRT26-015633
10:54:05  WARNING   [WEB] page.evaluate retornó None en DATOS DEL DOCUMENTO -- intentando fallback con locators de Playwright
10:54:05  INFO      [WEB] DATOS DEL DOCUMENTO (fallback locator): folio_opc='10404' | no_doc=''
10:54:05  INFO      [WEB] DATOS DEL DOCUMENTO: folio_opc='10404' | no_doc='None'
10:54:05  INFO      [WEB] Fecha de folio OPC: 15-04-2026 00:00:00
10:54:05  INFO      [WEB] Metadatos guardados OK: Rep='PAMELA MORIN VILLARREAL', Ope='SERVICIOS CORPORATIVOS WISPI', Asunto='MANIFESTACION RESPECTO A LA OBLIGACION DE REMITIR LA INFORMACION ESTADISTICA DEL AÑO 2025.', Registro='CRT26-015633'
10:54:05  INFO      [META-RETRY] Todos los campos criticos capturados en intento 4 para folio CRT26-015633
10:54:05  INFO      [FILES] Descargando archivos del folio CRT26-015633...
10:54:11  INFO      [OK] Tablero de Control cargado
10:54:11  INFO      [REG] Configurando tablero para búsqueda por Registro (Todos los años + 100)...
10:54:11  INFO      [REG] Cambiando Año a 'Todos los años' (value='0')...
10:54:12  INFO      [REG] ✅ Año cambiado a 'Todos los años'
10:54:12  INFO      [REG] Cambiando 'Mostrar' a 100 trámites...
10:54:12  INFO      [REG] ✅ Mostrar cambiado a 100 trámites
10:54:12  INFO      [REG-BUSCAR] Buscando registro CRT26-015142 en tabla (intento 1)...
10:54:15  INFO      [REG-OK] Detalle cargado: registro=CRT26-015128
10:54:15  INFO      [WEB] Extrayendo metadatos web (intento 1) para folio CRT26-015128
10:54:15  INFO      [WEB] Extrayendo metadatos web (una vez) de SATyS para folio CRT26-015128
10:54:16  INFO      [REG-PAGE] Resultados búsqueda: mostrando 1 de 1 trámites
10:54:16  INFO      [REG-VIEW] Abriendo detalle: registro=CRT26-015127, folio=9979
10:54:16  INFO      [REG-PAGE] Resultados búsqueda: mostrando 1 de 1 trámites
10:54:16  INFO      [REG-PAGE] Resultados búsqueda: mostrando 1 de 1 trámites
10:54:16  INFO      [REG-VIEW] Abriendo detalle: registro=CRT26-015142, folio=9982
10:54:16  INFO      [WR:SATyS-Reg_2] ── Registro CRT26-016632: 1/1 OK | 0 error(es) servidor | 0 error(es) red ──
10:54:18  INFO      [REG-OK] Detalle cargado: registro=CRT26-015127
10:54:18  INFO      [WEB] Extrayendo metadatos web (intento 1) para folio CRT26-015127
10:54:18  INFO      [WEB] Extrayendo metadatos web (una vez) de SATyS para folio CRT26-015127
10:54:18  INFO      [WR:SATyS-Reg_2] ── Iniciando registro CRT26-015126 ──
10:54:18  INFO      [CONC-REG] [37/718] ✓ Registro CRT26-016632 completado: 1 OK / 1 total
10:54:18  INFO      [WEB] Registro encontrado: CRT26-015128
10:54:18  WARNING   [WEB] page.evaluate retornó None en DATOS DEL DOCUMENTO -- intentando fallback con locators de Playwright
10:54:19  INFO      [API] Discovery activo: debug\api_log.jsonl
10:54:19  INFO      [WEB] DATOS DEL DOCUMENTO (fallback locator): folio_opc='' | no_doc=''
10:54:19  INFO      [WEB] DATOS DEL DOCUMENTO: folio_opc='None' | no_doc='None'
10:54:19  WARNING   [V11-META-FALTANTE] folio=CRT26-015128 campo=representante_legal es nulo/vacio
10:54:19  WARNING   [V11-META-FALTANTE] folio=CRT26-015128 campo=nombre_operador es nulo/vacio
10:54:19  WARNING   [V11-META-FALTANTE] folio=CRT26-015128 campo=asunto es nulo/vacio
10:54:19  INFO      [WEB] Metadatos guardados OK: Rep='None', Ope='None', Asunto='None', Registro='CRT26-015128'
10:54:19  WARNING   [META-RETRY] Campos faltantes: ['nombre_operador', 'representante_legal']
10:54:19  WARNING   [META-RETRY] Intento 1 fallido para folio CRT26-015128. Reintentando en 3s...
10:54:20  INFO      [WR:SATyS-Reg_2] Sesión activa (registro CRT26-015126)
10:54:20  INFO      [NAV] Navegando a Enlace Oficialia de Partes...
10:54:21  INFO      [REG-OK] Detalle cargado: registro=CRT26-015142
10:54:21  INFO      [WEB] Extrayendo metadatos web (intento 1) para folio CRT26-015142
10:54:21  INFO      [WEB] Extrayendo metadatos web (una vez) de SATyS para folio CRT26-015142
10:54:21  INFO      [WEB] Registro encontrado: CRT26-015127
10:54:21  WARNING   [WEB] page.evaluate retornó None en DATOS DEL DOCUMENTO -- intentando fallback con locators de Playwright
10:54:22  INFO      [WEB] DATOS DEL DOCUMENTO (fallback locator): folio_opc='9979' | no_doc=''
10:54:22  INFO      [WEB] DATOS DEL DOCUMENTO: folio_opc='9979' | no_doc='None'
10:54:22  INFO      [WEB] Fecha de folio OPC: 10-04-2026 00:00:00
10:54:22  INFO      [WEB] Metadatos guardados OK: Rep='HERBIN FRANCISCO CAUICH UITZIL', Ope='HERBIN FRANCISCO CAUICH UITZIL', Asunto='FORMATO R026', Registro='CRT26-015127'
10:54:22  INFO      [META-RETRY] Todos los campos criticos capturados en intento 1 para folio CRT26-015127
10:54:22  INFO      [FILES] Descargando archivos del folio CRT26-015127...
10:54:22  INFO      [WEB] Extrayendo metadatos web (intento 2) para folio CRT26-015128
10:54:22  INFO      [WEB] Extrayendo metadatos web (una vez) de SATyS para folio CRT26-015128
10:54:24  INFO      [WEB] Registro encontrado: CRT26-015142
10:54:24  WARNING   [WEB] page.evaluate retornó None en DATOS DEL DOCUMENTO -- intentando fallback con locators de Playwright
10:54:24  INFO      [WEB] DATOS DEL DOCUMENTO (fallback locator): folio_opc='' | no_doc=''
10:54:24  INFO      [WEB] DATOS DEL DOCUMENTO: folio_opc='None' | no_doc='None'
10:54:25  WARNING   [V11-META-FALTANTE] folio=CRT26-015142 campo=representante_legal es nulo/vacio
10:54:25  WARNING   [V11-META-FALTANTE] folio=CRT26-015142 campo=nombre_operador es nulo/vacio
10:54:25  WARNING   [V11-META-FALTANTE] folio=CRT26-015142 campo=asunto es nulo/vacio
10:54:25  INFO      [WEB] Metadatos guardados OK: Rep='None', Ope='None', Asunto='None', Registro='CRT26-015142'
10:54:25  WARNING   [META-RETRY] Campos faltantes: ['nombre_operador', 'representante_legal']
10:54:25  WARNING   [META-RETRY] Intento 1 fallido para folio CRT26-015142. Reintentando en 3s...
10:54:25  INFO      [WEB] Registro encontrado: CRT26-015128
10:54:25  WARNING   [WEB] page.evaluate retornó None en DATOS DEL DOCUMENTO -- intentando fallback con locators de Playwright
10:54:26  INFO      [WEB] DATOS DEL DOCUMENTO (fallback locator): folio_opc='9981' | no_doc=''
10:54:26  INFO      [WEB] DATOS DEL DOCUMENTO: folio_opc='9981' | no_doc='None'
10:54:26  INFO      [WEB] Fecha de folio OPC: 10-04-2026 00:00:00
10:54:26  INFO      [WEB] Metadatos guardados OK: Rep='PAMELA MORIN VILLARREAL', Ope='SERVICIOS CORPORATIVOS WISPI', Asunto='FORMATO R026', Registro='CRT26-015128'
10:54:26  INFO      [META-RETRY] Todos los campos criticos capturados en intento 2 para folio CRT26-015128
10:54:26  INFO      [FILES] Descargando archivos del folio CRT26-015128...
10:54:28  INFO      [WEB] Extrayendo metadatos web (intento 2) para folio CRT26-015142
10:54:28  INFO      [WEB] Extrayendo metadatos web (una vez) de SATyS para folio CRT26-015142
10:54:31  INFO      [WEB] Registro encontrado: CRT26-015142
10:54:31  WARNING   [WEB] page.evaluate retornó None en DATOS DEL DOCUMENTO -- intentando fallback con locators de Playwright
10:54:31  INFO      [OK] Tablero de Control cargado
10:54:31  INFO      [REG] Configurando tablero para búsqueda por Registro (Todos los años + 100)...
10:54:32  INFO      [WEB] DATOS DEL DOCUMENTO (fallback locator): folio_opc='' | no_doc=''
10:54:32  INFO      [WEB] DATOS DEL DOCUMENTO: folio_opc='None' | no_doc='None'
10:54:32  INFO      [REG] Cambiando Año a 'Todos los años' (value='0')...
10:54:32  INFO      [REG] ✅ Año cambiado a 'Todos los años'
10:54:32  INFO      [REG] Cambiando 'Mostrar' a 100 trámites...
10:54:32  INFO      [WEB] Metadatos guardados OK: Rep='JORGE LUIS TIRADO LIZARRAGA', Ope='BOOSTNET', Asunto='FORMATO R025, R025', Registro='CRT26-015142'
10:54:32  INFO      [META-RETRY] Todos los campos criticos capturados en intento 2 para folio CRT26-015142
10:54:32  INFO      [FILES] Descargando archivos del folio CRT26-015142...
10:54:33  INFO      [REG] ✅ Mostrar cambiado a 100 trámites
10:54:33  INFO      [REG-BUSCAR] Buscando registro CRT26-015126 en tabla (intento 1)...
10:54:34  INFO      [INFO] Cambiando paginacion ARCHIVOS ASOCIADOS a '100' elementos
10:54:44  INFO      [REG-PAGE] Resultados búsqueda: mostrando 1 de 1 trámites
10:54:44  INFO      [REG-VIEW] Abriendo detalle: registro=CRT26-015126, folio=9940
10:54:46  INFO      [REG-OK] Detalle cargado: registro=CRT26-015126
10:54:46  INFO      [WEB] Extrayendo metadatos web (intento 1) para folio CRT26-015126
10:54:46  INFO      [WEB] Extrayendo metadatos web (una vez) de SATyS para folio CRT26-015126
10:54:46  INFO      [INFO] Pagina 1: 3 archivo(s) encontrado(s)
10:54:46  INFO        [1] Descargando: CRT26-016616.pdf
10:54:47  INFO           [OK] Descarga directa: CRT26-016616.pdf  (5026.6 KB)
10:54:47  INFO        [2] Descargando: R024-01.csv
10:54:47  INFO           [OK] Descarga directa: R024-01.csv  (0.1 KB)
10:54:47  INFO        [3] Descargando: R025-01.csv
10:54:47  INFO           [OK] Descarga directa: R025-01.csv  (0.3 KB)
10:54:47  INFO      [INFO] Folio CRT26-016616: 3/3 descargados en 1 pagina(s)
10:54:47  INFO      [REG-FUENTE] ARCHIVOS ASOCIADOS encontrado para registro CRT26-016616
10:54:47  INFO      [BACK] Regresando al tablero...
10:54:47  INFO      [OK] De vuelta en el tablero
10:54:49  INFO      [WEB] Registro encontrado: CRT26-015126
10:54:49  WARNING   [WEB] page.evaluate retornó None en DATOS DEL DOCUMENTO -- intentando fallback con locators de Playwright
10:54:49  INFO      [WR:SATyS-Reg_4] ── Registro CRT26-016616: 3/3 OK | 0 error(es) servidor | 0 error(es) red ──
10:54:49  INFO      [WEB] DATOS DEL DOCUMENTO (fallback locator): folio_opc='9940' | no_doc=''
10:54:49  INFO      [WEB] DATOS DEL DOCUMENTO: folio_opc='9940' | no_doc='None'
10:54:49  INFO      [WEB] Fecha de folio OPC: 10-04-2026 00:00:00
10:54:50  INFO      [WEB] Metadatos guardados OK: Rep='MARTIN FLORES SAUCEDO', Ope='MARTÍN FLORES SAUCEDO', Asunto='FORMATO R026', Registro='CRT26-015126'
10:54:50  INFO      [META-RETRY] Todos los campos criticos capturados en intento 1 para folio CRT26-015126
10:54:50  INFO      [FILES] Descargando archivos del folio CRT26-015126...
10:54:50  INFO      [WR:SATyS-Reg_4] ── Iniciando registro CRT26-015125 ──
10:54:50  INFO      [CONC-REG] [38/718] ✓ Registro CRT26-016616 completado: 3 OK / 3 total
10:54:51  INFO      [API] Discovery activo: debug\api_log.jsonl
10:54:51  INFO      [INFO] Cambiando paginacion ARCHIVOS ASOCIADOS a '100' elementos
10:54:55  INFO      [INFO] Cambiando paginacion ARCHIVOS ASOCIADOS a '100' elementos
10:55:00  INFO      [WR:SATyS-Reg_4] Sesión activa (registro CRT26-015125)
10:55:00  INFO      [NAV] Navegando a Enlace Oficialia de Partes...
10:55:00  INFO      [OK] Tablero de Control cargado
10:55:00  INFO      [REG] Configurando tablero para búsqueda por Registro (Todos los años + 100)...
10:55:00  INFO      [REG] Cambiando Año a 'Todos los años' (value='0')...
10:55:00  INFO      [REG] ✅ Año cambiado a 'Todos los años'
10:55:00  INFO      [REG] Cambiando 'Mostrar' a 100 trámites...
10:55:01  INFO      [REG] ✅ Mostrar cambiado a 100 trámites
10:55:01  INFO      [REG-BUSCAR] Buscando registro CRT26-015125 en tabla (intento 1)...
10:55:01  INFO      [INFO] Cambiando paginacion ARCHIVOS ASOCIADOS a '100' elementos
10:55:04  INFO      [REG-PAGE] Resultados búsqueda: mostrando 1 de 1 trámites
10:55:04  INFO      [REG-VIEW] Abriendo detalle: registro=CRT26-015125, folio=9939
10:55:10  INFO      [REG-OK] Detalle cargado: registro=CRT26-015125
10:55:10  INFO      [WEB] Extrayendo metadatos web (intento 1) para folio CRT26-015125
10:55:10  INFO      [WEB] Extrayendo metadatos web (una vez) de SATyS para folio CRT26-015125
10:55:13  INFO      [WEB] Registro encontrado: CRT26-015125
10:55:13  WARNING   [WEB] page.evaluate retornó None en DATOS DEL DOCUMENTO -- intentando fallback con locators de Playwright
10:55:14  INFO      [WEB] DATOS DEL DOCUMENTO (fallback locator): folio_opc='9939' | no_doc=''
10:55:14  INFO      [WEB] DATOS DEL DOCUMENTO: folio_opc='9939' | no_doc='None'
10:55:14  INFO      [WEB] Fecha de folio OPC: 10-04-2026 00:00:00
10:55:14  INFO      [WEB] Metadatos guardados OK: Rep='ROSALBA ABARCA CARREÑO', Ope='ROSALBA ABARCA CARREÑO', Asunto='FORMATO R026', Registro='CRT26-015125'
10:55:14  INFO      [META-RETRY] Todos los campos criticos capturados en intento 1 para folio CRT26-015125
10:55:14  INFO      [FILES] Descargando archivos del folio CRT26-015125...
10:55:19  INFO      [INFO] Cambiando paginacion ARCHIVOS ASOCIADOS a '100' elementos
10:55:35  INFO      [INFO] Pagina 1: 1 archivo(s) encontrado(s)
10:55:35  INFO        [1] Descargando: CRT26-015633.pdf
10:55:35  INFO           [OK] Descarga directa: CRT26-015633.pdf  (836.4 KB)
10:55:35  INFO      [INFO] Folio CRT26-015633: 1/1 descargados en 1 pagina(s)
10:55:35  INFO      [REG-FUENTE] ARCHIVOS ASOCIADOS encontrado para registro CRT26-015633
10:55:35  INFO      [BACK] Regresando al tablero...
10:55:35  INFO      [OK] De vuelta en el tablero
10:55:37  INFO      [WR:SATyS-Reg_3] ── Registro CRT26-015633: 1/1 OK | 0 error(es) servidor | 0 error(es) red ──
10:55:38  INFO      [WR:SATyS-Reg_3] ── Iniciando registro CRT26-016255 ──
10:55:38  INFO      [CONC-REG] [39/718] ✓ Registro CRT26-015633 completado: 1 OK / 1 total
10:55:39  INFO      [API] Discovery activo: debug\api_log.jsonl
10:55:44  INFO      [INFO] Cambiando paginacion ARCHIVOS ASOCIADOS a '100' elementos
10:55:45  INFO      [WR:SATyS-Reg_3] Sesión activa (registro CRT26-016255)
10:55:45  INFO      [NAV] Navegando a Enlace Oficialia de Partes...
10:55:47  INFO      [OK] Tablero de Control cargado
10:55:47  INFO      [REG] Configurando tablero para búsqueda por Registro (Todos los años + 100)...
10:55:47  INFO      [REG] Cambiando Año a 'Todos los años' (value='0')...
10:55:47  INFO      [REG] ✅ Año cambiado a 'Todos los años'
10:55:48  INFO      [REG] Cambiando 'Mostrar' a 100 trámites...
10:55:48  INFO      [REG] ✅ Mostrar cambiado a 100 trámites
10:55:48  INFO      [REG-BUSCAR] Buscando registro CRT26-016255 en tabla (intento 1)...
10:55:51  INFO      [INFO] Pagina 1: 1 archivo(s) encontrado(s)
10:55:51  INFO        [1] Descargando: CRT26-015127.pdf
10:55:52  INFO           [OK] Descarga directa: CRT26-015127.pdf  (4005.7 KB)
10:55:52  INFO      [INFO] Folio CRT26-015127: 1/1 descargados en 1 pagina(s)
10:55:52  INFO      [REG-FUENTE] ARCHIVOS ASOCIADOS encontrado para registro CRT26-015127
10:55:52  INFO      [BACK] Regresando al tablero...
10:55:53  INFO      [OK] De vuelta en el tablero
10:55:53  INFO      [REG-PAGE] Resultados búsqueda: mostrando 1 de 1 trámites
10:55:53  INFO      [REG-VIEW] Abriendo detalle: registro=CRT26-016255, folio=VE-170281
10:55:55  INFO      [WR:SATyS-Reg_0] ── Registro CRT26-015127: 1/1 OK | 0 error(es) servidor | 0 error(es) red ──
10:55:56  INFO      [INFO] Pagina 1: 1 archivo(s) encontrado(s)
10:55:56  INFO        [1] Descargando: CRT26-015128.pdf
10:55:56  INFO           [OK] Descarga directa: CRT26-015128.pdf  (3974.5 KB)
10:55:56  INFO      [INFO] Folio CRT26-015128: 1/1 descargados en 1 pagina(s)
10:55:56  INFO      [REG-FUENTE] ARCHIVOS ASOCIADOS encontrado para registro CRT26-015128
10:55:56  INFO      [BACK] Regresando al tablero...
10:55:56  INFO      [WR:SATyS-Reg_0] ── Iniciando registro CRT26-016252 ──
10:55:56  INFO      [CONC-REG] [40/718] ✓ Registro CRT26-015127 completado: 1 OK / 1 total
10:55:57  INFO      [API] Discovery activo: debug\api_log.jsonl
10:56:01  INFO      [OK] De vuelta en el tablero
10:56:01  INFO      [REG-OK] Detalle cargado: registro=CRT26-016255
10:56:01  INFO      [WEB] Extrayendo metadatos web (intento 1) para folio CRT26-016255
10:56:01  INFO      [WEB] Extrayendo metadatos web (una vez) de SATyS para folio CRT26-016255
10:56:01  INFO      [WR:SATyS-Reg_0] Sesión activa (registro CRT26-016252)
10:56:01  INFO      [NAV] Navegando a Enlace Oficialia de Partes...
10:56:02  INFO      [INFO] Pagina 1: 3 archivo(s) encontrado(s)
10:56:02  INFO        [1] Descargando: CRT26-015142.pdf
10:56:02  INFO           [OK] Descarga directa: CRT26-015142.pdf  (4262.8 KB)
10:56:02  INFO        [2] Descargando: R024-01.csv
10:56:02  INFO           [OK] Descarga directa: R024-01.csv  (0.0 KB)
10:56:02  INFO        [3] Descargando: R025-01.csv
10:56:02  INFO      [WR:SATyS-Reg_1] ── Registro CRT26-015128: 1/1 OK | 0 error(es) servidor | 0 error(es) red ──
10:56:02  INFO           [OK] Descarga directa: R025-01.csv  (0.2 KB)
10:56:02  INFO      [INFO] Folio CRT26-015142: 3/3 descargados en 1 pagina(s)
10:56:02  INFO      [REG-FUENTE] ARCHIVOS ASOCIADOS encontrado para registro CRT26-015142
10:56:02  INFO      [BACK] Regresando al tablero...
10:56:03  INFO      [WR:SATyS-Reg_1] ── Iniciando registro CRT26-015031 ──
10:56:03  INFO      [CONC-REG] [41/718] ✓ Registro CRT26-015128 completado: 1 OK / 1 total
10:56:04  INFO      [API] Discovery activo: debug\api_log.jsonl
10:56:04  INFO      [WEB] Registro encontrado: CRT26-016255
10:56:04  WARNING   [WEB] page.evaluate retornó None en DATOS DEL DOCUMENTO -- intentando fallback con locators de Playwright
10:56:05  INFO      [WEB] DATOS DEL DOCUMENTO (fallback locator): folio_opc='' | no_doc=''
10:56:05  INFO      [WEB] DATOS DEL DOCUMENTO: folio_opc='None' | no_doc='None'
10:56:05  WARNING   [V11-META-FALTANTE] folio=CRT26-016255 campo=representante_legal es nulo/vacio
10:56:05  WARNING   [V11-META-FALTANTE] folio=CRT26-016255 campo=nombre_operador es nulo/vacio
10:56:05  WARNING   [V11-META-FALTANTE] folio=CRT26-016255 campo=asunto es nulo/vacio
10:56:05  INFO      [WEB] Metadatos guardados OK: Rep='None', Ope='None', Asunto='None', Registro='CRT26-016255'
10:56:05  WARNING   [META-RETRY] Campos faltantes: ['nombre_operador', 'representante_legal']
10:56:05  WARNING   [META-RETRY] Intento 1 fallido para folio CRT26-016255. Reintentando en 3s...
10:56:08  INFO      [WEB] Extrayendo metadatos web (intento 2) para folio CRT26-016255
10:56:08  INFO      [WEB] Extrayendo metadatos web (una vez) de SATyS para folio CRT26-016255
10:56:11  INFO      [WEB] Registro encontrado: CRT26-016255
10:56:11  WARNING   [WEB] page.evaluate retornó None en DATOS DEL DOCUMENTO -- intentando fallback con locators de Playwright
10:56:12  INFO      [WEB] DATOS DEL DOCUMENTO (fallback locator): folio_opc='' | no_doc=''
10:56:12  INFO      [WEB] DATOS DEL DOCUMENTO: folio_opc='None' | no_doc='None'
10:56:12  WARNING   [V11-META-FALTANTE] folio=CRT26-016255 campo=representante_legal es nulo/vacio
10:56:12  WARNING   [V11-META-FALTANTE] folio=CRT26-016255 campo=nombre_operador es nulo/vacio
10:56:12  WARNING   [V11-META-FALTANTE] folio=CRT26-016255 campo=asunto es nulo/vacio
10:56:12  INFO      [WEB] Metadatos guardados OK: Rep='None', Ope='None', Asunto='None', Registro='CRT26-016255'
10:56:12  WARNING   [META-RETRY] Campos faltantes: ['nombre_operador', 'representante_legal']
10:56:12  WARNING   [META-RETRY] Intento 2 fallido para folio CRT26-016255. Reintentando en 3s...
10:56:13  INFO      [BACK] Re-navegando al tablero...
10:56:13  INFO      [NAV] Navegando a Enlace Oficialia de Partes...
10:56:14  INFO      [OK] Tablero de Control cargado
10:56:14  INFO      [REG] Configurando tablero para búsqueda por Registro (Todos los años + 100)...
10:56:14  INFO      [WR:SATyS-Reg_1] Sesión activa (registro CRT26-015031)
10:56:14  INFO      [NAV] Navegando a Enlace Oficialia de Partes...
10:56:14  INFO      [REG] Cambiando Año a 'Todos los años' (value='0')...
10:56:15  INFO      [OK] Tablero de Control cargado
10:56:15  INFO      [REG] ✅ Año cambiado a 'Todos los años'
10:56:15  INFO      [REG] Cambiando 'Mostrar' a 100 trámites...
10:56:15  INFO      [WEB] Extrayendo metadatos web (intento 3) para folio CRT26-016255
10:56:15  INFO      [WEB] Extrayendo metadatos web (una vez) de SATyS para folio CRT26-016255
10:56:15  INFO      [REG] ✅ Mostrar cambiado a 100 trámites
10:56:15  INFO      [REG-BUSCAR] Buscando registro CRT26-016252 en tabla (intento 1)...
10:56:18  INFO      [WEB] Registro encontrado: CRT26-016255
10:56:18  WARNING   [WEB] page.evaluate retornó None en DATOS DEL DOCUMENTO -- intentando fallback con locators de Playwright
10:56:19  INFO      [WEB] DATOS DEL DOCUMENTO (fallback locator): folio_opc='VE-170281' | no_doc=''
10:56:19  INFO      [WEB] DATOS DEL DOCUMENTO: folio_opc='VE-170281' | no_doc='None'
10:56:19  INFO      [WEB] Fecha de folio OPC: 10-04-2026 12:42:38
10:56:19  INFO      [WEB] Metadatos guardados OK: Rep='CARLA GRACIELA BERROSPE BECERRA', Ope='CARLA GRACIELA BERROSPE BECERRA', Asunto='Trámite que ingreso por Ventanilla Electrónica. Más trámites y servicios', Registro='CRT26-016255'
10:56:19  INFO      [META-RETRY] Todos los campos criticos capturados en intento 3 para folio CRT26-016255
10:56:19  INFO      [FILES] Descargando archivos del folio CRT26-016255...
10:56:19  INFO      [INFO] Pagina 1: 1 archivo(s) encontrado(s)
10:56:19  INFO        [1] Descargando: CRT26-015126.pdf
10:56:20  INFO           [OK] Descarga directa: CRT26-015126.pdf  (3663.6 KB)
10:56:21  INFO      [INFO] Folio CRT26-015126: 1/1 descargados en 1 pagina(s)
10:56:21  INFO      [REG-FUENTE] ARCHIVOS ASOCIADOS encontrado para registro CRT26-015126
10:56:21  INFO      [BACK] Regresando al tablero...
10:56:27  INFO      [WR:SATyS-Reg_5] ── Registro CRT26-015142: 3/3 OK | 0 error(es) servidor | 0 error(es) red ──
10:56:28  INFO      [REG-PAGE] Resultados búsqueda: mostrando 1 de 1 trámites
10:56:28  INFO      [REG-VIEW] Abriendo detalle: registro=CRT26-016252, folio=VE-170277
10:56:29  INFO      [WR:SATyS-Reg_5] ── Iniciando registro CRT26-015030 ──
10:56:29  INFO      [CONC-REG] [42/718] ✓ Registro CRT26-015142 completado: 3 OK / 3 total
10:56:29  INFO      [API] Discovery activo: debug\api_log.jsonl
10:56:31  INFO      [BACK] Re-navegando al tablero...
10:56:31  INFO      [NAV] Navegando a Enlace Oficialia de Partes...
10:56:31  INFO      [INFO] Seccion 'ARCHIVOS ASOCIADOS' no existe en folio CRT26-016255 -- activar fallback
10:56:32  INFO      [REG-FUENTE] Sin ARCHIVOS ASOCIADOS -- activando flujo DOCUMENTOS ANEXOS para registro CRT26-016255 (folio=VE-170281)
10:56:32  INFO      [ALT] Iniciando flujo DOCUMENTOS ANEXOS para folio VE-170281 (raw=VE-170281)
10:56:32  INFO      [ALT-NAV] Navegando a Tramites Nuevos...
10:56:40  INFO      [OK] Tablero de Control cargado
10:56:40  INFO      [OK] Tablero de Control cargado
10:56:40  INFO      [REG] Configurando tablero para búsqueda por Registro (Todos los años + 100)...
10:56:40  INFO      [WR:SATyS-Reg_5] Sesión activa (registro CRT26-015030)
10:56:40  INFO      [NAV] Navegando a Enlace Oficialia de Partes...
10:56:40  INFO      [REG-OK] Detalle cargado: registro=CRT26-016252
10:56:40  INFO      [WEB] Extrayendo metadatos web (intento 1) para folio CRT26-016252
10:56:40  INFO      [WEB] Extrayendo metadatos web (una vez) de SATyS para folio CRT26-016252
10:56:40  INFO      [REG] Cambiando Año a 'Todos los años' (value='0')...
10:56:40  INFO      [REG] ✅ Año cambiado a 'Todos los años'
10:56:40  INFO      [REG] Cambiando 'Mostrar' a 100 trámites...
10:56:41  INFO      [REG] ✅ Mostrar cambiado a 100 trámites
10:56:41  INFO      [REG-BUSCAR] Buscando registro CRT26-015031 en tabla (intento 1)...
10:56:43  INFO      [ALT-NAV] Tramites Nuevos cargado OK
10:56:43  INFO      [ALT-SEARCH] Folio normalizado para busqueda: 'VE-170281' -> '170281'
10:56:43  INFO      [ALT-SEARCH] Buscando folio 170281 en Tramites Nuevos...
10:56:43  INFO      [WEB] Registro encontrado: CRT26-016252
10:56:43  WARNING   [WEB] page.evaluate retornó None en DATOS DEL DOCUMENTO -- intentando fallback con locators de Playwright
10:56:44  INFO      [WEB] DATOS DEL DOCUMENTO (fallback locator): folio_opc='' | no_doc=''
10:56:44  INFO      [WEB] DATOS DEL DOCUMENTO: folio_opc='None' | no_doc='None'
10:56:44  INFO      [INFO] Pagina 1: 1 archivo(s) encontrado(s)
10:56:44  INFO        [1] Descargando: CRT26-015125.pdf
10:56:44  WARNING   [V11-META-FALTANTE] folio=CRT26-016252 campo=representante_legal es nulo/vacio
10:56:44  WARNING   [V11-META-FALTANTE] folio=CRT26-016252 campo=nombre_operador es nulo/vacio
10:56:44  WARNING   [V11-META-FALTANTE] folio=CRT26-016252 campo=asunto es nulo/vacio
10:56:44  INFO      [WEB] Metadatos guardados OK: Rep='None', Ope='None', Asunto='None', Registro='CRT26-016252'
10:56:44  WARNING   [META-RETRY] Campos faltantes: ['nombre_operador', 'representante_legal']
10:56:44  WARNING   [META-RETRY] Intento 1 fallido para folio CRT26-016252. Reintentando en 3s...
10:56:44  INFO           [OK] Descarga directa: CRT26-015125.pdf  (3776.7 KB)
10:56:44  INFO      [INFO] Folio CRT26-015125: 1/1 descargados en 1 pagina(s)
10:56:44  INFO      [REG-FUENTE] ARCHIVOS ASOCIADOS encontrado para registro CRT26-015125
10:56:44  INFO      [BACK] Regresando al tablero...
10:56:47  INFO      [WEB] Extrayendo metadatos web (intento 2) para folio CRT26-016252
10:56:47  INFO      [WEB] Extrayendo metadatos web (una vez) de SATyS para folio CRT26-016252
10:56:50  INFO      [ALT-SEARCH] Folio VE-170281 encontrado en Tramites Nuevos
10:56:50  INFO      [ALT-REVISAR] Abriendo detalle del tramite VE-170281...
10:56:50  INFO      [WEB] Registro encontrado: CRT26-016252
10:56:50  WARNING   [WEB] page.evaluate retornó None en DATOS DEL DOCUMENTO -- intentando fallback con locators de Playwright
10:56:51  INFO      [WEB] DATOS DEL DOCUMENTO (fallback locator): folio_opc='' | no_doc=''
10:56:51  INFO      [WEB] DATOS DEL DOCUMENTO: folio_opc='None' | no_doc='None'
10:56:51  WARNING   [V11-META-FALTANTE] folio=CRT26-016252 campo=representante_legal es nulo/vacio
10:56:51  WARNING   [V11-META-FALTANTE] folio=CRT26-016252 campo=nombre_operador es nulo/vacio
10:56:51  WARNING   [V11-META-FALTANTE] folio=CRT26-016252 campo=asunto es nulo/vacio
10:56:51  INFO      [WEB] Metadatos guardados OK: Rep='None', Ope='None', Asunto='None', Registro='CRT26-016252'
10:56:51  WARNING   [META-RETRY] Campos faltantes: ['nombre_operador', 'representante_legal']
10:56:51  WARNING   [META-RETRY] Intento 2 fallido para folio CRT26-016252. Reintentando en 3s...
10:56:52  INFO      [OK] De vuelta en el tablero
10:56:53  INFO      [REG-PAGE] Resultados búsqueda: mostrando 1 de 1 trámites
10:56:54  INFO      [REG-VIEW] Abriendo detalle: registro=CRT26-015031, folio=9868
10:56:54  INFO      [WEB] Extrayendo metadatos web (intento 3) para folio CRT26-016252
10:56:54  INFO      [WEB] Extrayendo metadatos web (una vez) de SATyS para folio CRT26-016252
10:56:57  INFO      [WEB] Registro encontrado: CRT26-016252
10:56:57  WARNING   [WEB] page.evaluate retornó None en DATOS DEL DOCUMENTO -- intentando fallback con locators de Playwright
10:56:58  INFO      [WEB] DATOS DEL DOCUMENTO (fallback locator): folio_opc='VE-170277' | no_doc=''
10:56:58  INFO      [WEB] DATOS DEL DOCUMENTO: folio_opc='VE-170277' | no_doc='None'
10:56:58  INFO      [WEB] Fecha de folio OPC: 10-04-2026 12:37:48
10:56:59  INFO      [WEB] Metadatos guardados OK: Rep='CARLA GRACIELA BERROSPE BECERRA', Ope='CARLA GRACIELA BERROSPE BECERRA', Asunto='Trámite que ingreso por Ventanilla Electrónica. Más trámites y servicios', Registro='CRT26-016252'
10:56:59  INFO      [META-RETRY] Todos los campos criticos capturados en intento 3 para folio CRT26-016252
10:56:59  INFO      [FILES] Descargando archivos del folio CRT26-016252...
10:57:11  INFO      [INFO] Seccion 'ARCHIVOS ASOCIADOS' no existe en folio CRT26-016252 -- activar fallback
10:57:11  INFO      [REG-FUENTE] Sin ARCHIVOS ASOCIADOS -- activando flujo DOCUMENTOS ANEXOS para registro CRT26-016252 (folio=VE-170277)
10:57:11  INFO      [ALT] Iniciando flujo DOCUMENTOS ANEXOS para folio VE-170277 (raw=VE-170277)
10:57:11  INFO      [ALT-NAV] Navegando a Tramites Nuevos...
10:57:16  INFO      [REG-OK] Detalle cargado: registro=CRT26-015031
10:57:16  INFO      [WEB] Extrayendo metadatos web (intento 1) para folio CRT26-015031
10:57:16  INFO      [WEB] Extrayendo metadatos web (una vez) de SATyS para folio CRT26-015031
10:57:16  INFO      [ALT-REVISAR] Detalle del tramite cargado OK
10:57:16  INFO      [ALT-META] Extrayendo metadatos de DATOS DEL TRAMITE para folio VE-170281
10:57:19  INFO      [WEB] Registro encontrado: CRT26-015031
10:57:19  WARNING   [WEB] page.evaluate retornó None en DATOS DEL DOCUMENTO -- intentando fallback con locators de Playwright
10:57:19  INFO      [REG-PAGE] Resultados búsqueda: mostrando 1 de 1 trámites
10:57:19  INFO      [WR:SATyS-Reg_2] ── Registro CRT26-015126: 1/1 OK | 0 error(es) servidor | 0 error(es) red ──
10:57:19  INFO      [WEB] DATOS DEL DOCUMENTO (fallback locator): folio_opc='' | no_doc=''
10:57:19  INFO      [WEB] DATOS DEL DOCUMENTO: folio_opc='None' | no_doc='None'
10:57:20  WARNING   [V11-META-FALTANTE] folio=CRT26-015031 campo=representante_legal es nulo/vacio
10:57:20  WARNING   [V11-META-FALTANTE] folio=CRT26-015031 campo=nombre_operador es nulo/vacio
10:57:20  WARNING   [V11-META-FALTANTE] folio=CRT26-015031 campo=asunto es nulo/vacio
10:57:20  INFO      [WEB] Metadatos guardados OK: Rep='None', Ope='None', Asunto='None', Registro='CRT26-015031'
10:57:20  WARNING   [META-RETRY] Campos faltantes: ['nombre_operador', 'representante_legal']
10:57:20  WARNING   [META-RETRY] Intento 1 fallido para folio CRT26-015031. Reintentando en 3s...
10:57:21  INFO      [WR:SATyS-Reg_2] ── Iniciando registro CRT26-016183 ──
10:57:21  INFO      [CONC-REG] [43/718] ✓ Registro CRT26-015126 completado: 1 OK / 1 total
10:57:22  INFO      [API] Discovery activo: debug\api_log.jsonl
10:57:23  INFO      [WEB] Extrayendo metadatos web (intento 2) para folio CRT26-015031
10:57:23  INFO      [WEB] Extrayendo metadatos web (una vez) de SATyS para folio CRT26-015031
10:57:23  INFO      [WR:SATyS-Reg_2] Sesión activa (registro CRT26-016183)
10:57:23  INFO      [NAV] Navegando a Enlace Oficialia de Partes...
10:57:24  INFO      [ALT-NAV] Tramites Nuevos cargado OK
10:57:24  INFO      [ALT-SEARCH] Folio normalizado para busqueda: 'VE-170277' -> '170277'
10:57:24  INFO      [ALT-SEARCH] Buscando folio 170277 en Tramites Nuevos...
10:57:24  INFO      [REG-PAGE] Resultados búsqueda: mostrando 1 de 1 trámites
10:57:24  INFO      [WR:SATyS-Reg_4] ── Registro CRT26-015125: 1/1 OK | 0 error(es) servidor | 0 error(es) red ──
10:57:25  INFO      [OK] Tablero de Control cargado
10:57:25  INFO      [REG] Configurando tablero para búsqueda por Registro (Todos los años + 100)...
10:57:25  INFO      [OK] Tablero de Control cargado
10:57:25  INFO      [REG] Configurando tablero para búsqueda por Registro (Todos los años + 100)...
10:57:25  INFO      [REG] Cambiando Año a 'Todos los años' (value='0')...
10:57:25  INFO      [REG] Cambiando Año a 'Todos los años' (value='0')...
10:57:25  INFO      [REG] ✅ Año cambiado a 'Todos los años'
10:57:25  INFO      [REG] Cambiando 'Mostrar' a 100 trámites...
10:57:25  INFO      [REG] ✅ Año cambiado a 'Todos los años'
10:57:25  INFO      [REG] Cambiando 'Mostrar' a 100 trámites...
10:57:25  INFO      [WR:SATyS-Reg_4] ── Iniciando registro CRT26-014477 ──
10:57:25  INFO      [CONC-REG] [44/718] ✓ Registro CRT26-015125 completado: 1 OK / 1 total
10:57:26  INFO      [WEB] Registro encontrado: CRT26-015031
10:57:26  WARNING   [WEB] page.evaluate retornó None en DATOS DEL DOCUMENTO -- intentando fallback con locators de Playwright
10:57:26  INFO      [API] Discovery activo: debug\api_log.jsonl
10:57:26  INFO      [REG] ✅ Mostrar cambiado a 100 trámites
10:57:26  INFO      [REG-BUSCAR] Buscando registro CRT26-016183 en tabla (intento 1)...
10:57:26  INFO      [REG] ✅ Mostrar cambiado a 100 trámites
10:57:26  INFO      [REG-BUSCAR] Buscando registro CRT26-015030 en tabla (intento 1)...
10:57:26  INFO      [WEB] DATOS DEL DOCUMENTO (fallback locator): folio_opc='9868' | no_doc=''
10:57:26  INFO      [WEB] DATOS DEL DOCUMENTO: folio_opc='9868' | no_doc='None'
10:57:26  INFO      [WEB] Fecha de folio OPC: 09-04-2026 00:00:00
10:57:27  INFO      [WEB] Metadatos guardados OK: Rep='JOSE JUSTO GRAJALES SOSA', Ope='CONECTARED', Asunto='FORMATO R024, R025', Registro='CRT26-015031'
10:57:27  INFO      [META-RETRY] Todos los campos criticos capturados en intento 2 para folio CRT26-015031
10:57:27  INFO      [FILES] Descargando archivos del folio CRT26-015031...
10:57:28  INFO      [REG-PAGE] Resultados búsqueda: mostrando 1 de 1 trámites
10:57:28  INFO      [REG-VIEW] Abriendo detalle: registro=CRT26-016183, folio=VE-170104
10:57:31  INFO      [ALT-SEARCH] Folio VE-170277 encontrado en Tramites Nuevos
10:57:31  INFO      [ALT-REVISAR] Abriendo detalle del tramite VE-170277...
10:57:37  INFO      [WR:SATyS-Reg_4] Sesión activa (registro CRT26-014477)
10:57:37  INFO      [NAV] Navegando a Enlace Oficialia de Partes...
10:57:39  INFO      [REG-PAGE] Resultados búsqueda: mostrando 1 de 1 trámites
10:57:39  INFO      [REG-VIEW] Abriendo detalle: registro=CRT26-015030, folio=9867
10:57:42  INFO      [OK] Tablero de Control cargado
10:57:42  INFO      [REG] Configurando tablero para búsqueda por Registro (Todos los años + 100)...
10:57:42  INFO      [REG] Cambiando Año a 'Todos los años' (value='0')...
10:57:42  INFO      [REG] ✅ Año cambiado a 'Todos los años'
10:57:42  INFO      [REG] Cambiando 'Mostrar' a 100 trámites...
10:57:43  INFO      [ALT-REVISAR] Detalle del tramite cargado OK
10:57:43  INFO      [ALT-META] Extrayendo metadatos de DATOS DEL TRAMITE para folio VE-170277
10:57:43  INFO      [REG] ✅ Mostrar cambiado a 100 trámites
10:57:43  INFO      [REG-BUSCAR] Buscando registro CRT26-014477 en tabla (intento 1)...
10:57:43  INFO      [REG-OK] Detalle cargado: registro=CRT26-016183
10:57:43  INFO      [WEB] Extrayendo metadatos web (intento 1) para folio CRT26-016183
10:57:43  INFO      [WEB] Extrayendo metadatos web (una vez) de SATyS para folio CRT26-016183
10:57:44  INFO      [REG-PAGE] Resultados búsqueda: mostrando 1 de 1 trámites
10:57:44  INFO      [REG-OK] Detalle cargado: registro=CRT26-015030
10:57:44  INFO      [WEB] Extrayendo metadatos web (intento 1) para folio CRT26-015030
10:57:44  INFO      [WEB] Extrayendo metadatos web (una vez) de SATyS para folio CRT26-015030
10:57:44  INFO      [REG-VIEW] Abriendo detalle: registro=CRT26-014477, folio=9224
10:57:46  INFO      [WEB] Registro encontrado: CRT26-016183
10:57:46  WARNING   [WEB] page.evaluate retornó None en DATOS DEL DOCUMENTO -- intentando fallback con locators de Playwright
10:57:47  INFO      [WEB] DATOS DEL DOCUMENTO (fallback locator): folio_opc='' | no_doc=''
10:57:47  INFO      [WEB] DATOS DEL DOCUMENTO: folio_opc='None' | no_doc='None'
10:57:47  WARNING   [V11-META-FALTANTE] folio=CRT26-016183 campo=representante_legal es nulo/vacio
10:57:47  WARNING   [V11-META-FALTANTE] folio=CRT26-016183 campo=nombre_operador es nulo/vacio
10:57:47  WARNING   [V11-META-FALTANTE] folio=CRT26-016183 campo=asunto es nulo/vacio
10:57:47  INFO      [WEB] Metadatos guardados OK: Rep='None', Ope='None', Asunto='None', Registro='CRT26-016183'
10:57:47  WARNING   [META-RETRY] Campos faltantes: ['nombre_operador', 'representante_legal']
10:57:47  WARNING   [META-RETRY] Intento 1 fallido para folio CRT26-016183. Reintentando en 3s...
10:57:48  INFO      [WEB] Registro encontrado: CRT26-015030
10:57:48  WARNING   [WEB] page.evaluate retornó None en DATOS DEL DOCUMENTO -- intentando fallback con locators de Playwright
10:57:48  INFO      [ALT-META] Metadatos guardados: {'tipo_tramite': 'CGPE-01-003-Z: Entrega periódica de Información General Estadística Z. Sobre la Disponibilidad de Redes de Acceso y Servicios', 'fecha_registro': '10/04/2026', 'solicitante': '', 'nombre_operador': 'CARLA GRACIELA BERROSPE BECERRA', 'representante_legal': 'CARLA GRACIELA BERROSPE BECERRA', 'asunto': 'SE PRESENTA INFORMACION PARA ACERVO ESTADISTICO CORRESPONDIENTE AL EJERCICIO 2025', 'descripcion': '', 'registro': '', 'folio': '170281'}
10:57:48  INFO      [ALT-DL] Descargando DOCUMENTOS ANEXOS para folio VE-170281
10:57:48  INFO      [WEB] DATOS DEL DOCUMENTO (fallback locator): folio_opc='' | no_doc=''
10:57:48  INFO      [WEB] DATOS DEL DOCUMENTO: folio_opc='None' | no_doc='None'
10:57:48  WARNING   [V11-META-FALTANTE] folio=CRT26-015030 campo=representante_legal es nulo/vacio
10:57:48  WARNING   [V11-META-FALTANTE] folio=CRT26-015030 campo=nombre_operador es nulo/vacio
10:57:48  WARNING   [V11-META-FALTANTE] folio=CRT26-015030 campo=asunto es nulo/vacio
10:57:48  INFO      [WEB] Metadatos guardados OK: Rep='None', Ope='None', Asunto='None', Registro='CRT26-015030'
10:57:48  WARNING   [META-RETRY] Campos faltantes: ['nombre_operador', 'representante_legal']
10:57:48  WARNING   [META-RETRY] Intento 1 fallido para folio CRT26-015030. Reintentando en 3s...
10:57:50  INFO      [WEB] Extrayendo metadatos web (intento 2) para folio CRT26-016183
10:57:50  INFO      [WEB] Extrayendo metadatos web (una vez) de SATyS para folio CRT26-016183
10:57:51  INFO      [ALT-DL] Seccion DOCUMENTOS ANEXOS localizada: text=DOCUMENTOS ANEXOS
10:57:51  INFO      [WEB] Extrayendo metadatos web (intento 2) para folio CRT26-015030
10:57:51  INFO      [WEB] Extrayendo metadatos web (una vez) de SATyS para folio CRT26-015030
10:57:52  INFO      [ALT-DL] DOCUMENTOS ANEXOS: Mostrando 1 a 6 de 6
10:57:52  INFO      [ALT-DL] Selector DOCUMENTOS ANEXOS cambiado a: 100
10:57:53  INFO      [WEB] Registro encontrado: CRT26-016183
10:57:53  WARNING   [WEB] page.evaluate retornó None en DATOS DEL DOCUMENTO -- intentando fallback con locators de Playwright
10:57:53  INFO      [ALT-DL] DOCUMENTOS ANEXOS (post-100): Mostrando 1 a 6 de 6
10:57:54  WARNING   [ALT-DL] 9 botones > 6 esperados -- usando solo los primeros 6
10:57:54  INFO      [ALT-DL] Pagina 1: 6 botones VER DOCUMENTO
10:57:54  INFO      [WEB] DATOS DEL DOCUMENTO (fallback locator): folio_opc='' | no_doc=''
10:57:54  INFO      [WEB] DATOS DEL DOCUMENTO: folio_opc='None' | no_doc='None'
10:57:54  INFO        [1] nombre=documento_VE-170281_1  tipo=  fecha=
10:57:54  WARNING   [V11-META-FALTANTE] folio=CRT26-016183 campo=representante_legal es nulo/vacio
10:57:54  WARNING   [V11-META-FALTANTE] folio=CRT26-016183 campo=nombre_operador es nulo/vacio
10:57:54  WARNING   [V11-META-FALTANTE] folio=CRT26-016183 campo=asunto es nulo/vacio
10:57:54  INFO      [WEB] Metadatos guardados OK: Rep='None', Ope='None', Asunto='None', Registro='CRT26-016183'
10:57:54  WARNING   [META-RETRY] Campos faltantes: ['nombre_operador', 'representante_legal']
10:57:54  WARNING   [META-RETRY] Intento 2 fallido para folio CRT26-016183. Reintentando en 3s...
10:57:54  INFO      [WEB] Registro encontrado: CRT26-015030
10:57:54  WARNING   [WEB] page.evaluate retornó None en DATOS DEL DOCUMENTO -- intentando fallback con locators de Playwright
10:57:55  INFO        [OK] 17758464893189r027-05.csv  (0.9 KB)
10:57:55  INFO      [WEB] DATOS DEL DOCUMENTO (fallback locator): folio_opc='' | no_doc=''
10:57:55  INFO      [WEB] DATOS DEL DOCUMENTO: folio_opc='None' | no_doc='None'
10:57:55  INFO        [2] nombre=documento_VE-170281_2  tipo=  fecha=
10:57:55  WARNING   [V11-META-FALTANTE] folio=CRT26-015030 campo=representante_legal es nulo/vacio
10:57:55  WARNING   [V11-META-FALTANTE] folio=CRT26-015030 campo=nombre_operador es nulo/vacio
10:57:55  WARNING   [V11-META-FALTANTE] folio=CRT26-015030 campo=asunto es nulo/vacio
10:57:55  INFO      [WEB] Metadatos guardados OK: Rep='None', Ope='None', Asunto='None', Registro='CRT26-015030'
10:57:55  WARNING   [META-RETRY] Campos faltantes: ['nombre_operador', 'representante_legal']
10:57:55  WARNING   [META-RETRY] Intento 2 fallido para folio CRT26-015030. Reintentando en 3s...
10:57:55  INFO        [OK] 17758464796080r027-04.csv  (0.8 KB)
10:57:56  INFO        [3] nombre=documento_VE-170281_3  tipo=  fecha=
10:57:56  INFO      [INFO] Cambiando paginacion ARCHIVOS ASOCIADOS a '100' elementos
10:57:56  INFO        [OK] 17758464702452r027-03.csv  (0.9 KB)
10:57:56  INFO      [REG-OK] Detalle cargado: registro=CRT26-014477
10:57:56  INFO      [WEB] Extrayendo metadatos web (intento 1) para folio CRT26-014477
10:57:56  INFO      [WEB] Extrayendo metadatos web (una vez) de SATyS para folio CRT26-014477
10:57:57  INFO        [4] nombre=documento_VE-170281_4  tipo=  fecha=
10:57:57  INFO        [OK] 17758464601606r027-02.csv  (0.9 KB)
10:57:57  INFO      [WEB] Extrayendo metadatos web (intento 3) para folio CRT26-016183
10:57:57  INFO      [WEB] Extrayendo metadatos web (una vez) de SATyS para folio CRT26-016183
10:57:57  INFO        [5] nombre=documento_VE-170281_5  tipo=  fecha=
10:57:58  INFO        [OK] 17758464498426r027-01.csv  (0.1 KB)
10:57:58  INFO      [WEB] Extrayendo metadatos web (intento 3) para folio CRT26-015030
10:57:58  INFO      [WEB] Extrayendo metadatos web (una vez) de SATyS para folio CRT26-015030
10:57:58  INFO        [6] nombre=documento_VE-170281_6  tipo=  fecha=
10:57:59  INFO        [OK] solicitud170281.pdf  (326.8 KB)
10:57:59  INFO      [ALT-DL] Paginacion: mostrando 1 a 6 de 6
10:57:59  INFO      [ALT-DL] VALIDACION OK: 6/6 documentos descargados
10:57:59  INFO      [REG-META] metadata_satys.json actualizado para registro CRT26-016255
10:57:59  INFO      [BACK] Regresando al tablero...
10:57:59  INFO      [ALT-META] Metadatos guardados: {'tipo_tramite': 'CGPE-01-003-B: Entrega periódica de Información General Estadística B. Para Operador que no actualiza ninguno de los supuestos determinados por Servicio con base en su volumen de comercialización y/o provisión de servicios.', 'fecha_registro': '10/04/2026', 'solicitante': '', 'nombre_operador': 'CARLA GRACIELA BERROSPE BECERRA', 'representante_legal': 'CARLA GRACIELA BERROSPE BECERRA', 'asunto': 'SE PRESENTA INFORME DE ACERVO ESTADISTICO PARA EL EJERCICIO 2025', 'descripcion': '', 'registro': '', 'folio': '170277'}
10:57:59  INFO      [ALT-DL] Descargando DOCUMENTOS ANEXOS para folio VE-170277
10:57:59  INFO      [WEB] Registro encontrado: CRT26-014477
10:57:59  WARNING   [WEB] page.evaluate retornó None en DATOS DEL DOCUMENTO -- intentando fallback con locators de Playwright
10:58:00  INFO      [WEB] DATOS DEL DOCUMENTO (fallback locator): folio_opc='' | no_doc=''
10:58:00  INFO      [WEB] DATOS DEL DOCUMENTO: folio_opc='None' | no_doc='None'
10:58:00  WARNING   [V11-META-FALTANTE] folio=CRT26-014477 campo=representante_legal es nulo/vacio
10:58:00  WARNING   [V11-META-FALTANTE] folio=CRT26-014477 campo=nombre_operador es nulo/vacio
10:58:00  WARNING   [V11-META-FALTANTE] folio=CRT26-014477 campo=asunto es nulo/vacio
10:58:00  INFO      [WEB] Metadatos guardados OK: Rep='None', Ope='None', Asunto='None', Registro='CRT26-014477'
10:58:00  WARNING   [META-RETRY] Campos faltantes: ['nombre_operador', 'representante_legal']
10:58:00  WARNING   [META-RETRY] Intento 1 fallido para folio CRT26-014477. Reintentando en 3s...
10:58:00  INFO      [WEB] Registro encontrado: CRT26-016183
10:58:00  WARNING   [WEB] page.evaluate retornó None en DATOS DEL DOCUMENTO -- intentando fallback con locators de Playwright
10:58:01  INFO      [WEB] DATOS DEL DOCUMENTO (fallback locator): folio_opc='' | no_doc=''
10:58:01  INFO      [WEB] DATOS DEL DOCUMENTO: folio_opc='None' | no_doc='None'
10:58:01  INFO      [ALT-DL] Seccion DOCUMENTOS ANEXOS localizada: text=DOCUMENTOS ANEXOS
10:58:01  WARNING   [V11-META-FALTANTE] folio=CRT26-016183 campo=representante_legal es nulo/vacio
10:58:01  WARNING   [V11-META-FALTANTE] folio=CRT26-016183 campo=nombre_operador es nulo/vacio
10:58:01  WARNING   [V11-META-FALTANTE] folio=CRT26-016183 campo=asunto es nulo/vacio
10:58:01  INFO      [WEB] Metadatos guardados OK: Rep='None', Ope='None', Asunto='None', Registro='CRT26-016183'
10:58:01  WARNING   [META-RETRY] Campos faltantes: ['nombre_operador', 'representante_legal']
10:58:01  WARNING   [META-RETRY] Intento 3 fallido para folio CRT26-016183. Reintentando en 3s...
10:58:01  INFO      [WEB] Registro encontrado: CRT26-015030
10:58:01  WARNING   [WEB] page.evaluate retornó None en DATOS DEL DOCUMENTO -- intentando fallback con locators de Playwright
10:58:02  INFO      [WEB] DATOS DEL DOCUMENTO (fallback locator): folio_opc='9867' | no_doc=''
10:58:02  INFO      [WEB] DATOS DEL DOCUMENTO: folio_opc='9867' | no_doc='None'
10:58:02  INFO      [WEB] Fecha de folio OPC: 09-04-2026 00:00:00
10:58:02  INFO      [WEB] Metadatos guardados OK: Rep='KARLA GOSVIG CAMILLI', Ope='SITE MAX', Asunto='FORMATO R024, R025', Registro='CRT26-015030'
10:58:02  INFO      [META-RETRY] Todos los campos criticos capturados en intento 3 para folio CRT26-015030
10:58:02  INFO      [FILES] Descargando archivos del folio CRT26-015030...
10:58:02  INFO      [ALT-DL] DOCUMENTOS ANEXOS: Mostrando 1 a 10 de 10
10:58:02  INFO      [ALT-DL] Selector DOCUMENTOS ANEXOS cambiado a: 100
10:58:02  INFO      [BACK] Re-navegando al tablero...
10:58:02  INFO      [NAV] Navegando a Enlace Oficialia de Partes...
10:58:03  INFO      [ALT-DL] DOCUMENTOS ANEXOS (post-100): Mostrando 1 a 10 de 10
10:58:03  WARNING   [ALT-DL] 13 botones > 10 esperados -- usando solo los primeros 10
10:58:03  INFO      [ALT-DL] Pagina 1: 10 botones VER DOCUMENTO
10:58:03  INFO      [WEB] Extrayendo metadatos web (intento 2) para folio CRT26-014477
10:58:03  INFO      [WEB] Extrayendo metadatos web (una vez) de SATyS para folio CRT26-014477
10:58:03  INFO        [1] nombre=documento_VE-170277_1  tipo=  fecha=
10:58:04  INFO        [OK] 17758461743995r002-09.csv  (0.2 KB)
10:58:04  INFO        [2] nombre=documento_VE-170277_2  tipo=  fecha=
10:58:04  INFO      [WEB] Extrayendo metadatos web (intento 4) para folio CRT26-016183
10:58:04  INFO      [WEB] Extrayendo metadatos web (una vez) de SATyS para folio CRT26-016183
10:58:04  INFO        [OK] 17758461648333r002-08.csv  (0.3 KB)
10:58:04  INFO        [3] nombre=documento_VE-170277_3  tipo=  fecha=
10:58:05  INFO        [OK] 17758461559095r002-07.csv  (0.6 KB)
10:58:05  INFO        [4] nombre=documento_VE-170277_4  tipo=  fecha=
10:58:05  INFO        [OK] 17758461453095r002-06.csv  (0.6 KB)
10:58:05  INFO        [5] nombre=documento_VE-170277_5  tipo=  fecha=
10:58:06  INFO        [OK] 17758461355127r002-05.csv  (0.2 KB)
10:58:06  INFO        [6] nombre=documento_VE-170277_6  tipo=  fecha=
10:58:06  INFO        [OK] 17758461278395r002-04.csv  (0.1 KB)
10:58:06  INFO        [7] nombre=documento_VE-170277_7  tipo=  fecha=
10:58:06  INFO      [WEB] Registro encontrado: CRT26-014477
10:58:06  WARNING   [WEB] page.evaluate retornó None en DATOS DEL DOCUMENTO -- intentando fallback con locators de Playwright
10:58:06  INFO        [OK] 17758461185502r002-03.csv  (0.5 KB)
10:58:07  INFO        [8] nombre=documento_VE-170277_8  tipo=  fecha=
10:58:07  INFO      [WEB] DATOS DEL DOCUMENTO (fallback locator): folio_opc='' | no_doc=''
10:58:07  INFO      [WEB] DATOS DEL DOCUMENTO: folio_opc='None' | no_doc='None'
10:58:07  INFO        [OK] 17758461086510r002-02.csv  (1.3 KB)
10:58:07  WARNING   [V11-META-FALTANTE] folio=CRT26-014477 campo=representante_legal es nulo/vacio
10:58:07  WARNING   [V11-META-FALTANTE] folio=CRT26-014477 campo=nombre_operador es nulo/vacio
10:58:07  WARNING   [V11-META-FALTANTE] folio=CRT26-014477 campo=asunto es nulo/vacio
10:58:07  INFO      [WEB] Metadatos guardados OK: Rep='None', Ope='None', Asunto='None', Registro='CRT26-014477'
10:58:07  WARNING   [META-RETRY] Campos faltantes: ['nombre_operador', 'representante_legal']
10:58:07  WARNING   [META-RETRY] Intento 2 fallido para folio CRT26-014477. Reintentando en 3s...
10:58:07  INFO        [9] nombre=documento_VE-170277_9  tipo=  fecha=
10:58:07  INFO      [WEB] Registro encontrado: CRT26-016183
10:58:07  WARNING   [WEB] page.evaluate retornó None en DATOS DEL DOCUMENTO -- intentando fallback con locators de Playwright
10:58:07  INFO        [OK] 17758460975957r002-01.csv  (1.2 KB)
10:58:08  INFO        [10] nombre=documento_VE-170277_10  tipo=  fecha=
10:58:08  INFO      [WEB] DATOS DEL DOCUMENTO (fallback locator): folio_opc='' | no_doc=''
10:58:08  INFO      [WEB] DATOS DEL DOCUMENTO: folio_opc='None' | no_doc='None'
10:58:08  WARNING   [V11-META-FALTANTE] folio=CRT26-016183 campo=representante_legal es nulo/vacio
10:58:08  WARNING   [V11-META-FALTANTE] folio=CRT26-016183 campo=nombre_operador es nulo/vacio
10:58:08  WARNING   [V11-META-FALTANTE] folio=CRT26-016183 campo=asunto es nulo/vacio
10:58:08  INFO      [WEB] Metadatos guardados OK: Rep='None', Ope='None', Asunto='None', Registro='CRT26-016183'
10:58:08  WARNING   [META-RETRY] Campos faltantes: ['nombre_operador', 'representante_legal']
10:58:08  WARNING   [META-RETRY] Intento 4 fallido para folio CRT26-016183. Reintentando en 3s...
10:58:08  INFO        [OK] solicitud170277.pdf  (367.1 KB)
10:58:08  INFO      [ALT-DL] Paginacion: mostrando 1 a 10 de 10
10:58:08  INFO      [ALT-DL] VALIDACION OK: 10/10 documentos descargados
10:58:08  INFO      [REG-META] metadata_satys.json actualizado para registro CRT26-016252
10:58:08  INFO      [BACK] Regresando al tablero...
10:58:10  INFO      [WEB] Extrayendo metadatos web (intento 3) para folio CRT26-014477
10:58:10  INFO      [WEB] Extrayendo metadatos web (una vez) de SATyS para folio CRT26-014477
10:58:10  INFO      [OK] Tablero de Control cargado
10:58:11  INFO      [WEB] Extrayendo metadatos web (intento 5) para folio CRT26-016183
10:58:11  INFO      [WEB] Extrayendo metadatos web (una vez) de SATyS para folio CRT26-016183
10:58:11  INFO      [BACK] Re-navegando al tablero...
10:58:11  INFO      [NAV] Navegando a Enlace Oficialia de Partes...
10:58:13  INFO      [WEB] Registro encontrado: CRT26-014477
10:58:13  WARNING   [WEB] page.evaluate retornó None en DATOS DEL DOCUMENTO -- intentando fallback con locators de Playwright
10:58:14  INFO      [WEB] DATOS DEL DOCUMENTO (fallback locator): folio_opc='9224' | no_doc=''
10:58:14  INFO      [WEB] DATOS DEL DOCUMENTO: folio_opc='9224' | no_doc='None'
10:58:14  INFO      [WEB] Fecha de folio OPC: 02-04-2026 00:00:00
10:58:14  INFO      [WEB] Registro encontrado: CRT26-016183
10:58:14  INFO      [WEB] Metadatos guardados OK: Rep='OSCAR ENRIQUE TORRES CANCINO', Ope='CABLE Y MÁS', Asunto='FORMATO R025', Registro='CRT26-014477'
10:58:14  INFO      [META-RETRY] Todos los campos criticos capturados en intento 3 para folio CRT26-014477
10:58:14  INFO      [FILES] Descargando archivos del folio CRT26-014477...
10:58:14  WARNING   [WEB] page.evaluate retornó None en DATOS DEL DOCUMENTO -- intentando fallback con locators de Playwright
10:58:15  INFO      [WEB] DATOS DEL DOCUMENTO (fallback locator): folio_opc='VE-170104' | no_doc=''
10:58:15  INFO      [WEB] DATOS DEL DOCUMENTO: folio_opc='VE-170104' | no_doc='None'
10:58:15  INFO      [WEB] Fecha de folio OPC: 09-04-2026 17:08:54
10:58:15  INFO      [WEB] Metadatos guardados OK: Rep='NOEL JACINTO JACINTO', Ope='NOEL JACINTO JACINTO', Asunto='Trámite que ingreso por Ventanilla Electrónica. Más trámites y servicios', Registro='CRT26-016183'
10:58:15  INFO      [META-RETRY] Todos los campos criticos capturados en intento 5 para folio CRT26-016183
10:58:15  INFO      [FILES] Descargando archivos del folio CRT26-016183...
10:58:25  INFO      [OK] Tablero de Control cargado
10:58:25  INFO      [WR:SATyS-Reg_3] ── Registro CRT26-016255: 6/6 OK | 0 error(es) servidor | 0 error(es) red ──
10:58:26  INFO      [WR:SATyS-Reg_0] ── Registro CRT26-016252: 10/10 OK | 0 error(es) servidor | 0 error(es) red ──
10:58:27  INFO      [WR:SATyS-Reg_3] ── Iniciando registro CRT26-015703 ──
10:58:27  INFO      [CONC-REG] [45/718] ✓ Registro CRT26-016255 completado: 6 OK / 6 total
10:58:27  INFO      [WR:SATyS-Reg_0] ── Iniciando registro CRT26-015697 ──
10:58:27  INFO      [CONC-REG] [46/718] ✓ Registro CRT26-016252 completado: 10 OK / 10 total
10:58:28  INFO      [INFO] Seccion 'ARCHIVOS ASOCIADOS' no existe en folio CRT26-016183 -- activar fallback
10:58:28  INFO      [REG-FUENTE] Sin ARCHIVOS ASOCIADOS -- activando flujo DOCUMENTOS ANEXOS para registro CRT26-016183 (folio=VE-170104)
10:58:28  INFO      [ALT] Iniciando flujo DOCUMENTOS ANEXOS para folio VE-170104 (raw=VE-170104)
10:58:28  INFO      [ALT-NAV] Navegando a Tramites Nuevos...
10:58:28  INFO      [API] Discovery activo: debug\api_log.jsonl
10:58:28  INFO      [API] Discovery activo: debug\api_log.jsonl
10:58:31  INFO      [INFO] Cambiando paginacion ARCHIVOS ASOCIADOS a '100' elementos
10:58:34  INFO      [WR:SATyS-Reg_0] Sesión activa (registro CRT26-015697)
10:58:34  INFO      [NAV] Navegando a Enlace Oficialia de Partes...
10:58:36  INFO      [WR:SATyS-Reg_3] Sesión activa (registro CRT26-015703)
10:58:36  INFO      [NAV] Navegando a Enlace Oficialia de Partes...
10:58:40  INFO      [OK] Tablero de Control cargado
10:58:40  INFO      [REG] Configurando tablero para búsqueda por Registro (Todos los años + 100)...
10:58:40  INFO      [OK] Tablero de Control cargado
10:58:40  INFO      [REG] Configurando tablero para búsqueda por Registro (Todos los años + 100)...
10:58:40  INFO      [REG] Cambiando Año a 'Todos los años' (value='0')...
10:58:40  INFO      [REG] Cambiando Año a 'Todos los años' (value='0')...
10:58:40  INFO      [ALT-NAV] Tramites Nuevos cargado OK
10:58:40  INFO      [ALT-SEARCH] Folio normalizado para busqueda: 'VE-170104' -> '170104'
10:58:40  INFO      [ALT-SEARCH] Buscando folio 170104 en Tramites Nuevos...
10:58:40  INFO      [REG] ✅ Año cambiado a 'Todos los años'
10:58:40  INFO      [REG] ✅ Año cambiado a 'Todos los años'
10:58:40  INFO      [REG] Cambiando 'Mostrar' a 100 trámites...
10:58:40  INFO      [REG] Cambiando 'Mostrar' a 100 trámites...
10:58:41  INFO      [REG] ✅ Mostrar cambiado a 100 trámites
10:58:41  INFO      [REG-BUSCAR] Buscando registro CRT26-015697 en tabla (intento 1)...
10:58:41  INFO      [REG] ✅ Mostrar cambiado a 100 trámites
10:58:41  INFO      [REG-BUSCAR] Buscando registro CRT26-015703 en tabla (intento 1)...
10:58:43  INFO      [INFO] Cambiando paginacion ARCHIVOS ASOCIADOS a '100' elementos
10:58:47  INFO      [ALT-SEARCH] Folio VE-170104 encontrado en Tramites Nuevos
10:58:47  INFO      [ALT-REVISAR] Abriendo detalle del tramite VE-170104...
10:58:56  INFO      [INFO] Pagina 1: 2 archivo(s) encontrado(s)
10:58:56  INFO        [1] Descargando: Conectared Anexos R024-01 R025-01.zip
10:58:57  INFO      [ZIP] Archivo ZIP detectado, descomprimiendo: Conectared Anexos R024-01 R025-01.zip
10:58:57  INFO      [ZIP] Descomprimido correctamente: Conectared Anexos R024-01 R025-01.zip. Eliminando ZIP original.
10:58:57  INFO           [OK] Descarga directa (ZIP extraído): Conectared Anexos R024-01 R025-01.zip (2 archivos)
10:58:57  INFO        [2] Descargando: CRT26-015031.pdf
10:58:58  INFO           [OK] Descarga directa: CRT26-015031.pdf  (5280.0 KB)
10:58:58  INFO      [INFO] Folio CRT26-015031: 3/3 descargados en 1 pagina(s)
10:58:58  INFO      [REG-FUENTE] ARCHIVOS ASOCIADOS encontrado para registro CRT26-015031
10:58:58  INFO      [BACK] Regresando al tablero...
10:59:06  INFO      [REG-PAGE] Resultados búsqueda: mostrando 1 de 1 trámites
10:59:06  INFO      [REG-VIEW] Abriendo detalle: registro=CRT26-015697, folio=VE-168731
10:59:08  INFO      [WR:SATyS-Reg_3] ── Registro CRT26-015703: 0/1 OK | 0 error(es) servidor | 0 error(es) red ──
10:59:08  INFO      [BACK] Re-navegando al tablero...
10:59:08  INFO      [NAV] Navegando a Enlace Oficialia de Partes...
10:59:09  INFO      [ALT-REVISAR] Detalle del tramite cargado OK
10:59:09  INFO      [ALT-META] Extrayendo metadatos de DATOS DEL TRAMITE para folio VE-170104
10:59:09  INFO      [OK] Tablero de Control cargado
10:59:09  INFO      [REG-OK] Detalle cargado: registro=CRT26-015697
10:59:09  INFO      [WEB] Extrayendo metadatos web (intento 1) para folio CRT26-015697
10:59:09  INFO      [WEB] Extrayendo metadatos web (una vez) de SATyS para folio CRT26-015697
10:59:10  INFO      [WR:SATyS-Reg_3] ── Iniciando registro CRT26-015695 ──
10:59:10  INFO      [CONC-REG] [47/718] ✓ Registro CRT26-015703 completado: 0 OK / 1 total
10:59:11  INFO      [API] Discovery activo: debug\api_log.jsonl
10:59:12  INFO      [WEB] Registro encontrado: CRT26-015697
10:59:12  WARNING   [WEB] page.evaluate retornó None en DATOS DEL DOCUMENTO -- intentando fallback con locators de Playwright
10:59:13  INFO      [WR:SATyS-Reg_3] Sesión activa (registro CRT26-015695)
10:59:13  INFO      [NAV] Navegando a Enlace Oficialia de Partes...
10:59:14  INFO      [WEB] DATOS DEL DOCUMENTO (fallback locator): folio_opc='VE-168731' | no_doc=''
10:59:14  INFO      [WEB] DATOS DEL DOCUMENTO: folio_opc='VE-168731' | no_doc='None'
10:59:14  INFO      [WEB] Fecha de folio OPC: 01-04-2026 16:33:21
10:59:14  INFO      [WEB] Metadatos guardados OK: Rep='GALDINO HERNÁNDEZ HINOJOSA', Ope='GALDINO HERNÁNDEZ HINOJOSA', Asunto='Trámite que ingreso por Ventanilla Electrónica. Más trámites y servicios', Registro='CRT26-015697'
10:59:14  INFO      [META-RETRY] Todos los campos criticos capturados en intento 1 para folio CRT26-015697
10:59:14  INFO      [FILES] Descargando archivos del folio CRT26-015697...
10:59:14  INFO      [OK] Tablero de Control cargado
10:59:14  INFO      [REG] Configurando tablero para búsqueda por Registro (Todos los años + 100)...
10:59:14  INFO      [REG] Cambiando Año a 'Todos los años' (value='0')...
10:59:14  INFO      [REG] ✅ Año cambiado a 'Todos los años'
10:59:15  INFO      [REG] Cambiando 'Mostrar' a 100 trámites...
10:59:15  INFO      [REG] ✅ Mostrar cambiado a 100 trámites
10:59:15  INFO      [REG-BUSCAR] Buscando registro CRT26-015695 en tabla (intento 1)...
10:59:20  INFO      [REG-PAGE] Resultados búsqueda: mostrando 1 de 1 trámites
10:59:20  INFO      [REG-VIEW] Abriendo detalle: registro=CRT26-015695, folio=VE-168716
10:59:27  INFO      [INFO] Seccion 'ARCHIVOS ASOCIADOS' no existe en folio CRT26-015697 -- activar fallback
10:59:27  INFO      [REG-FUENTE] Sin ARCHIVOS ASOCIADOS -- activando flujo DOCUMENTOS ANEXOS para registro CRT26-015697 (folio=VE-168731)
10:59:27  INFO      [ALT] Iniciando flujo DOCUMENTOS ANEXOS para folio VE-168731 (raw=VE-168731)
10:59:27  INFO      [ALT-NAV] Navegando a Tramites Nuevos...
10:59:32  INFO      [INFO] Pagina 1: 2 archivo(s) encontrado(s)
10:59:32  INFO        [1] Descargando: CRT26-015030.pdf
10:59:32  INFO           [OK] Descarga directa: CRT26-015030.pdf  (4298.4 KB)
10:59:32  INFO        [2] Descargando: SITE MAX Anexos R024-01 y R025-01.zip
10:59:33  INFO      [ZIP] Archivo ZIP detectado, descomprimiendo: SITE MAX Anexos R024-01 y R025-01.zip
10:59:33  INFO      [WR:SATyS-Reg_1] ── Registro CRT26-015031: 3/3 OK | 0 error(es) servidor | 0 error(es) red ──
10:59:33  INFO      [ZIP] Descomprimido correctamente: SITE MAX Anexos R024-01 y R025-01.zip. Eliminando ZIP original.
10:59:33  INFO           [OK] Descarga directa (ZIP extraído): SITE MAX Anexos R024-01 y R025-01.zip (1 archivos)
10:59:33  INFO      [INFO] Folio CRT26-015030: 2/2 descargados en 1 pagina(s)
10:59:33  INFO      [REG-FUENTE] ARCHIVOS ASOCIADOS encontrado para registro CRT26-015030
10:59:33  INFO      [BACK] Regresando al tablero...
10:59:34  INFO      [WR:SATyS-Reg_1] ── Iniciando registro CRT26-015691 ──
10:59:34  INFO      [CONC-REG] [48/718] ✓ Registro CRT26-015031 completado: 3 OK / 3 total
10:59:35  INFO      [REG-OK] Detalle cargado: registro=CRT26-015695
10:59:35  INFO      [WEB] Extrayendo metadatos web (intento 1) para folio CRT26-015695
10:59:35  INFO      [WEB] Extrayendo metadatos web (una vez) de SATyS para folio CRT26-015695
10:59:36  INFO      [API] Discovery activo: debug\api_log.jsonl
10:59:36  INFO      [OK] De vuelta en el tablero
10:59:37  INFO      [ALT-NAV] Tramites Nuevos cargado OK
10:59:37  INFO      [ALT-SEARCH] Folio normalizado para busqueda: 'VE-168731' -> '168731'
10:59:37  INFO      [ALT-SEARCH] Buscando folio 168731 en Tramites Nuevos...
10:59:38  INFO      [WEB] Registro encontrado: CRT26-015695
10:59:38  WARNING   [WEB] page.evaluate retornó None en DATOS DEL DOCUMENTO -- intentando fallback con locators de Playwright
10:59:39  INFO      [WEB] DATOS DEL DOCUMENTO (fallback locator): folio_opc='VE-168716' | no_doc=''
10:59:39  INFO      [WEB] DATOS DEL DOCUMENTO: folio_opc='VE-168716' | no_doc='None'
10:59:39  INFO      [WEB] Fecha de folio OPC: 01-04-2026 15:19:46
10:59:40  INFO      [WEB] Metadatos guardados OK: Rep='RODRIGO MENDOZA GUTIÉRREZ', Ope='RODRIGO MENDOZA GUTIÉRREZ', Asunto='Trámite que ingreso por Ventanilla Electrónica. Más trámites y servicios', Registro='CRT26-015695'
10:59:40  INFO      [META-RETRY] Todos los campos criticos capturados en intento 1 para folio CRT26-015695
10:59:40  INFO      [FILES] Descargando archivos del folio CRT26-015695...
10:59:44  INFO      [INFO] Pagina 1: 2 archivo(s) encontrado(s)
10:59:44  INFO        [1] Descargando: CRT26-014477.pdf
10:59:44  INFO           [OK] Descarga directa: CRT26-014477.pdf  (519.3 KB)
10:59:44  INFO        [2] Descargando: R025-01.csv
10:59:44  INFO           [OK] Descarga directa: R025-01.csv  (0.2 KB)
10:59:44  INFO      [INFO] Folio CRT26-014477: 2/2 descargados en 1 pagina(s)
10:59:44  INFO      [REG-FUENTE] ARCHIVOS ASOCIADOS encontrado para registro CRT26-014477
10:59:44  INFO      [ALT-SEARCH] Folio VE-168731 encontrado en Tramites Nuevos
10:59:44  INFO      [ALT-REVISAR] Abriendo detalle del tramite VE-168731...
10:59:44  INFO      [BACK] Regresando al tablero...
10:59:47  INFO      [WR:SATyS-Reg_1] Sesión activa (registro CRT26-015691)
10:59:47  INFO      [NAV] Navegando a Enlace Oficialia de Partes...
10:59:49  INFO      [REG-PAGE] Resultados búsqueda: mostrando 1 de 1 trámites
10:59:49  INFO      [OK] De vuelta en el tablero
10:59:49  INFO      [OK] Tablero de Control cargado
10:59:49  INFO      [REG] Configurando tablero para búsqueda por Registro (Todos los años + 100)...
10:59:49  INFO      [WR:SATyS-Reg_5] ── Registro CRT26-015030: 2/2 OK | 0 error(es) servidor | 0 error(es) red ──
10:59:49  INFO      [REG] Cambiando Año a 'Todos los años' (value='0')...
10:59:50  INFO      [REG] ✅ Año cambiado a 'Todos los años'
10:59:50  INFO      [REG] Cambiando 'Mostrar' a 100 trámites...
10:59:50  INFO      [REG] ✅ Mostrar cambiado a 100 trámites
10:59:50  INFO      [REG-BUSCAR] Buscando registro CRT26-015691 en tabla (intento 1)...
10:59:51  INFO      [ALT-REVISAR] Detalle del tramite cargado OK
10:59:51  INFO      [ALT-META] Extrayendo metadatos de DATOS DEL TRAMITE para folio VE-168731
10:59:51  INFO      [WR:SATyS-Reg_5] ── Iniciando registro CRT26-013781 ──
10:59:51  INFO      [CONC-REG] [49/718] ✓ Registro CRT26-015030 completado: 2 OK / 2 total
10:59:51  INFO      [WR:SATyS-Reg_4] ── Registro CRT26-014477: 2/2 OK | 0 error(es) servidor | 0 error(es) red ──
10:59:52  INFO      [API] Discovery activo: debug\api_log.jsonl
10:59:52  INFO      [INFO] Seccion 'ARCHIVOS ASOCIADOS' no existe en folio CRT26-015695 -- activar fallback
10:59:52  INFO      [WR:SATyS-Reg_4] ── Iniciando registro CRT26-013763 ──
10:59:52  INFO      [CONC-REG] [50/718] ✓ Registro CRT26-014477 completado: 2 OK / 2 total
10:59:53  INFO      [REG-FUENTE] Sin ARCHIVOS ASOCIADOS -- activando flujo DOCUMENTOS ANEXOS para registro CRT26-015695 (folio=VE-168716)
10:59:53  INFO      [ALT] Iniciando flujo DOCUMENTOS ANEXOS para folio VE-168716 (raw=VE-168716)
10:59:53  INFO      [ALT-NAV] Navegando a Tramites Nuevos...
10:59:53  INFO      [API] Discovery activo: debug\api_log.jsonl
10:59:58  INFO      [ALT-NAV] Tramites Nuevos cargado OK
10:59:58  INFO      [ALT-SEARCH] Folio normalizado para busqueda: 'VE-168716' -> '168716'
10:59:58  INFO      [ALT-SEARCH] Buscando folio 168716 en Tramites Nuevos...
10:59:58  INFO      [ALT-META] Metadatos guardados: {'tipo_tramite': 'CGPE-01-001: Solicitud de Registro inicial de los servicios de telecomunicaciones comercializados, para efectos del acervo estadístico del Instituto Federal de Telecomunicaciones', 'fecha_registro': '09/04/2026', 'solicitante': '', 'nombre_operador': 'NOEL JACINTO JACINTO', 'representante_legal': 'NOEL JACINTO JACINTO', 'asunto': '', 'descripcion': '', 'registro': '', 'folio': '170104'}
10:59:58  INFO      [ALT-DL] Descargando DOCUMENTOS ANEXOS para folio VE-170104
11:00:02  INFO      [ALT-DL] Seccion DOCUMENTOS ANEXOS localizada: text=DOCUMENTOS ANEXOS
11:00:03  INFO      [ALT-DL] DOCUMENTOS ANEXOS: Mostrando 1 a 2 de 2
11:00:03  INFO      [ALT-DL] Selector DOCUMENTOS ANEXOS cambiado a: 100
11:00:04  INFO      [ALT-DL] DOCUMENTOS ANEXOS (post-100): Mostrando 1 a 2 de 2
11:00:04  WARNING   [ALT-DL] 5 botones > 2 esperados -- usando solo los primeros 2
11:00:04  INFO      [ALT-DL] Pagina 1: 2 botones VER DOCUMENTO
11:00:05  INFO        [1] nombre=documento_VE-170104_1  tipo=  fecha=
11:00:06  INFO      [ALT-SEARCH] Folio VE-168716 encontrado en Tramites Nuevos
11:00:06  INFO      [ALT-REVISAR] Abriendo detalle del tramite VE-168716...
11:00:06  INFO        [OK] 17757760108597r024-01.xlsx  (10.8 KB)
11:00:06  INFO        [2] nombre=documento_VE-170104_2  tipo=  fecha=
11:00:08  INFO        [OK] solicitud170104.pdf  (5076.9 KB)
11:00:08  INFO      [ALT-DL] Paginacion: mostrando 1 a 2 de 2
11:00:08  INFO      [ALT-DL] VALIDACION OK: 2/2 documentos descargados
11:00:08  INFO      [REG-META] metadata_satys.json actualizado para registro CRT26-016183
11:00:08  INFO      [BACK] Regresando al tablero...
11:00:09  INFO      [ALT-REVISAR] Detalle del tramite cargado OK
11:00:09  INFO      [ALT-META] Extrayendo metadatos de DATOS DEL TRAMITE para folio VE-168716
11:00:11  INFO      [BACK] Re-navegando al tablero...
11:00:11  INFO      [NAV] Navegando a Enlace Oficialia de Partes...
11:00:11  INFO      [ALT-META] Metadatos guardados: {'tipo_tramite': 'CGPE-01-001: Solicitud de Registro inicial de los servicios de telecomunicaciones comercializados, para efectos del acervo estadístico del Instituto Federal de Telecomunicaciones', 'fecha_registro': '01/04/2026', 'solicitante': '', 'nombre_operador': 'GALDINO HERNÁNDEZ HINOJOSA', 'representante_legal': 'GALDINO HERNÁNDEZ HINOJOSA', 'asunto': '', 'descripcion': '', 'registro': '', 'folio': '168731'}
11:00:11  INFO      [ALT-DL] Descargando DOCUMENTOS ANEXOS para folio VE-168731
11:00:11  INFO      [WR:SATyS-Reg_4] Sesión activa (registro CRT26-013763)
11:00:11  INFO      [NAV] Navegando a Enlace Oficialia de Partes...
11:00:13  INFO      [ALT-DL] Seccion DOCUMENTOS ANEXOS localizada: text=DOCUMENTOS ANEXOS
11:00:14  INFO      [OK] Tablero de Control cargado
11:00:14  INFO      [REG] Configurando tablero para búsqueda por Registro (Todos los años + 100)...
11:00:14  INFO      [REG] Cambiando Año a 'Todos los años' (value='0')...
11:00:14  INFO      [REG] ✅ Año cambiado a 'Todos los años'
11:00:14  INFO      [REG] Cambiando 'Mostrar' a 100 trámites...
11:00:14  INFO      [ALT-DL] DOCUMENTOS ANEXOS: Mostrando 1 a 2 de 2
11:00:14  INFO      [ALT-DL] Selector DOCUMENTOS ANEXOS cambiado a: 100
11:00:15  INFO      [WR:SATyS-Reg_1] ── Registro CRT26-015691: 0/1 OK | 0 error(es) servidor | 0 error(es) red ──
11:00:15  INFO      [REG] ✅ Mostrar cambiado a 100 trámites
11:00:15  INFO      [REG-BUSCAR] Buscando registro CRT26-013763 en tabla (intento 1)...
11:00:15  INFO      [ALT-DL] DOCUMENTOS ANEXOS (post-100): Mostrando 1 a 2 de 2
11:00:15  WARNING   [ALT-DL] 5 botones > 2 esperados -- usando solo los primeros 2
11:00:15  INFO      [ALT-DL] Pagina 1: 2 botones VER DOCUMENTO
11:00:15  INFO        [1] nombre=documento_VE-168731_1  tipo=  fecha=
11:00:17  INFO      [WR:SATyS-Reg_1] ── Iniciando registro CRT26-011153 ──
11:00:17  INFO      [CONC-REG] [51/718] ✓ Registro CRT26-015691 completado: 0 OK / 1 total
11:00:17  INFO        [OK] 17750827371927escritolibrer026.pdf  (471.9 KB)
11:00:18  INFO      [API] Discovery activo: debug\api_log.jsonl
11:00:18  INFO        [2] nombre=documento_VE-168731_2  tipo=  fecha=
11:00:19  INFO        [OK] solicitud168731.pdf  (191.8 KB)
11:00:19  INFO      [ALT-DL] Paginacion: mostrando 1 a 2 de 2
11:00:19  INFO      [ALT-DL] VALIDACION OK: 2/2 documentos descargados
11:00:19  INFO      [REG-META] metadata_satys.json actualizado para registro CRT26-015697
11:00:19  INFO      [BACK] Regresando al tablero...
11:00:21  INFO      [WR:SATyS-Reg_5] Sesión activa (registro CRT26-013781)
11:00:21  INFO      [NAV] Navegando a Enlace Oficialia de Partes...
11:00:22  INFO      [BACK] Re-navegando al tablero...
11:00:22  INFO      [NAV] Navegando a Enlace Oficialia de Partes...
11:00:24  INFO      [OK] Tablero de Control cargado
11:00:24  INFO      [REG] Configurando tablero para búsqueda por Registro (Todos los años + 100)...
11:00:25  INFO      [REG] Cambiando Año a 'Todos los años' (value='0')...
11:00:25  INFO      [REG] ✅ Año cambiado a 'Todos los años'
11:00:25  INFO      [REG] Cambiando 'Mostrar' a 100 trámites...
11:00:25  INFO      [OK] Tablero de Control cargado
11:00:26  INFO      [REG] ✅ Mostrar cambiado a 100 trámites
11:00:26  INFO      [REG-BUSCAR] Buscando registro CRT26-013781 en tabla (intento 1)...
11:00:26  INFO      [REG-PAGE] Resultados búsqueda: mostrando 1 de 1 trámites
11:00:26  INFO      [REG-VIEW] Abriendo detalle: registro=CRT26-013763, folio=VE-167356
11:00:38  INFO      [OK] Tablero de Control cargado
11:00:39  INFO      [REG-OK] Detalle cargado: registro=CRT26-013763
11:00:39  INFO      [WEB] Extrayendo metadatos web (intento 1) para folio CRT26-013763
11:00:39  INFO      [WEB] Extrayendo metadatos web (una vez) de SATyS para folio CRT26-013763
11:00:42  INFO      [WEB] Registro encontrado: CRT26-013763
11:00:42  WARNING   [WEB] page.evaluate retornó None en DATOS DEL DOCUMENTO -- intentando fallback con locators de Playwright
11:00:42  INFO      [WEB] DATOS DEL DOCUMENTO (fallback locator): folio_opc='' | no_doc=''
11:00:42  INFO      [WEB] DATOS DEL DOCUMENTO: folio_opc='None' | no_doc='None'
11:00:43  WARNING   [V11-META-FALTANTE] folio=CRT26-013763 campo=representante_legal es nulo/vacio
11:00:43  WARNING   [V11-META-FALTANTE] folio=CRT26-013763 campo=nombre_operador es nulo/vacio
11:00:43  WARNING   [V11-META-FALTANTE] folio=CRT26-013763 campo=asunto es nulo/vacio
11:00:43  INFO      [WEB] Metadatos guardados OK: Rep='None', Ope='None', Asunto='None', Registro='CRT26-013763'
11:00:43  WARNING   [META-RETRY] Campos faltantes: ['nombre_operador', 'representante_legal']
11:00:43  WARNING   [META-RETRY] Intento 1 fallido para folio CRT26-013763. Reintentando en 3s...
11:00:46  INFO      [WEB] Extrayendo metadatos web (intento 2) para folio CRT26-013763
11:00:46  INFO      [WEB] Extrayendo metadatos web (una vez) de SATyS para folio CRT26-013763
11:00:49  INFO      [WEB] Registro encontrado: CRT26-013763
11:00:49  WARNING   [WEB] page.evaluate retornó None en DATOS DEL DOCUMENTO -- intentando fallback con locators de Playwright
11:00:49  INFO      [WEB] DATOS DEL DOCUMENTO (fallback locator): folio_opc='' | no_doc=''
11:00:49  INFO      [WEB] DATOS DEL DOCUMENTO: folio_opc='None' | no_doc='None'
11:00:49  WARNING   [V11-META-FALTANTE] folio=CRT26-013763 campo=representante_legal es nulo/vacio
11:00:49  WARNING   [V11-META-FALTANTE] folio=CRT26-013763 campo=nombre_operador es nulo/vacio
11:00:49  WARNING   [V11-META-FALTANTE] folio=CRT26-013763 campo=asunto es nulo/vacio
11:00:49  INFO      [WEB] Metadatos guardados OK: Rep='None', Ope='None', Asunto='None', Registro='CRT26-013763'
11:00:49  WARNING   [META-RETRY] Campos faltantes: ['nombre_operador', 'representante_legal']
11:00:49  WARNING   [META-RETRY] Intento 2 fallido para folio CRT26-013763. Reintentando en 3s...
11:00:53  INFO      [WEB] Extrayendo metadatos web (intento 3) para folio CRT26-013763
11:00:53  INFO      [WEB] Extrayendo metadatos web (una vez) de SATyS para folio CRT26-013763
11:00:56  INFO      [WEB] Registro encontrado: CRT26-013763
11:00:56  WARNING   [WEB] page.evaluate retornó None en DATOS DEL DOCUMENTO -- intentando fallback con locators de Playwright
11:00:56  INFO      [WEB] DATOS DEL DOCUMENTO (fallback locator): folio_opc='' | no_doc=''
11:00:56  INFO      [WEB] DATOS DEL DOCUMENTO: folio_opc='None' | no_doc='None'
11:00:56  WARNING   [V11-META-FALTANTE] folio=CRT26-013763 campo=representante_legal es nulo/vacio
11:00:56  WARNING   [V11-META-FALTANTE] folio=CRT26-013763 campo=nombre_operador es nulo/vacio
11:00:56  WARNING   [V11-META-FALTANTE] folio=CRT26-013763 campo=asunto es nulo/vacio
11:00:56  INFO      [WEB] Metadatos guardados OK: Rep='None', Ope='None', Asunto='None', Registro='CRT26-013763'
11:00:56  WARNING   [META-RETRY] Campos faltantes: ['nombre_operador', 'representante_legal']
11:00:56  WARNING   [META-RETRY] Intento 3 fallido para folio CRT26-013763. Reintentando en 3s...
11:00:59  INFO      [ALT-META] Metadatos guardados: {'tipo_tramite': 'CGPE-01-008: Entrega periódica de Información General Estadística para efectos del Acervo Estadístico del Instituto Federal de Telecomunicaciones.', 'fecha_registro': '01/04/2026', 'solicitante': '', 'nombre_operador': 'RODRIGO MENDOZA GUTIÉRREZ', 'representante_legal': 'RODRIGO MENDOZA GUTIÉRREZ', 'asunto': '', 'descripcion': '', 'registro': '', 'folio': '168716'}
11:00:59  INFO      [ALT-DL] Descargando DOCUMENTOS ANEXOS para folio VE-168716
11:01:00  INFO      [WEB] Extrayendo metadatos web (intento 4) para folio CRT26-013763
11:01:00  INFO      [WEB] Extrayendo metadatos web (una vez) de SATyS para folio CRT26-013763
11:01:03  INFO      [WEB] Registro encontrado: CRT26-013763
11:01:03  WARNING   [WEB] page.evaluate retornó None en DATOS DEL DOCUMENTO -- intentando fallback con locators de Playwright
11:01:03  INFO      [ALT-DL] Seccion DOCUMENTOS ANEXOS localizada: text=DOCUMENTOS ANEXOS
11:01:03  INFO      [WEB] DATOS DEL DOCUMENTO (fallback locator): folio_opc='' | no_doc=''
11:01:03  INFO      [WEB] DATOS DEL DOCUMENTO: folio_opc='None' | no_doc='None'
11:01:04  WARNING   [V11-META-FALTANTE] folio=CRT26-013763 campo=representante_legal es nulo/vacio
11:01:04  WARNING   [V11-META-FALTANTE] folio=CRT26-013763 campo=nombre_operador es nulo/vacio
11:01:04  WARNING   [V11-META-FALTANTE] folio=CRT26-013763 campo=asunto es nulo/vacio
11:01:04  INFO      [WEB] Metadatos guardados OK: Rep='None', Ope='None', Asunto='None', Registro='CRT26-013763'
11:01:04  WARNING   [META-RETRY] Campos faltantes: ['nombre_operador', 'representante_legal']
11:01:04  WARNING   [META-RETRY] Intento 4 fallido para folio CRT26-013763. Reintentando en 3s...
11:01:04  INFO      [ALT-DL] DOCUMENTOS ANEXOS: Mostrando 1 a 3 de 3
11:01:04  INFO      [ALT-DL] Selector DOCUMENTOS ANEXOS cambiado a: 100
11:01:05  INFO      [ALT-DL] DOCUMENTOS ANEXOS (post-100): Mostrando 1 a 3 de 3
11:01:05  WARNING   [ALT-DL] 6 botones > 3 esperados -- usando solo los primeros 3
11:01:05  INFO      [ALT-DL] Pagina 1: 3 botones VER DOCUMENTO
11:01:06  INFO        [1] nombre=documento_VE-168716_1  tipo=  fecha=
11:01:07  INFO        [OK] 17750783426678r024-01.pdf  (60.3 KB)
11:01:07  INFO      [WEB] Extrayendo metadatos web (intento 5) para folio CRT26-013763
11:01:07  INFO      [WEB] Extrayendo metadatos web (una vez) de SATyS para folio CRT26-013763
11:01:07  INFO      [REG-PAGE] Resultados búsqueda: mostrando 1 de 1 trámites
11:01:07  INFO        [2] nombre=documento_VE-168716_2  tipo=  fecha=
11:01:07  INFO      [REG-VIEW] Abriendo detalle: registro=CRT26-013781, folio=VE-167426
11:01:08  INFO        [OK] 17750783376250escritolibrer024rodrigo.pdf  (435.1 KB)
11:01:08  INFO      [WR:SATyS-Reg_0] ── Registro CRT26-015697: 2/2 OK | 0 error(es) servidor | 0 error(es) red ──
11:01:09  INFO        [3] nombre=documento_VE-168716_3  tipo=  fecha=
11:01:09  INFO      [WR:SATyS-Reg_2] ── Registro CRT26-016183: 2/2 OK | 0 error(es) servidor | 0 error(es) red ──
11:01:10  INFO        [OK] solicitud168716.pdf  (154.5 KB)
11:01:10  INFO      [ALT-DL] Paginacion: mostrando 1 a 3 de 3
11:01:10  INFO      [ALT-DL] VALIDACION OK: 3/3 documentos descargados
11:01:10  INFO      [REG-META] metadata_satys.json actualizado para registro CRT26-015695
11:01:10  INFO      [BACK] Regresando al tablero...
11:01:10  INFO      [WEB] Registro encontrado: CRT26-013763
11:01:10  WARNING   [WEB] page.evaluate retornó None en DATOS DEL DOCUMENTO -- intentando fallback con locators de Playwright
11:01:10  INFO      [WR:SATyS-Reg_0] ── Iniciando registro CRT26-011151 ──
11:01:10  INFO      [CONC-REG] [52/718] ✓ Registro CRT26-015697 completado: 2 OK / 2 total
11:01:10  INFO      [WR:SATyS-Reg_2] ── Iniciando registro CRT26-011149 ──
11:01:10  INFO      [CONC-REG] [53/718] ✓ Registro CRT26-016183 completado: 2 OK / 2 total
11:01:11  INFO      [WEB] DATOS DEL DOCUMENTO (fallback locator): folio_opc='VE-167356' | no_doc=''
11:01:11  INFO      [WEB] DATOS DEL DOCUMENTO: folio_opc='VE-167356' | no_doc='None'
11:01:11  INFO      [WEB] Fecha de folio OPC: 25-03-2026 10:43:03
11:01:12  INFO      [WEB] Metadatos guardados OK: Rep='MARIANO VÁZQUEZ MALDONADO', Ope='INTERNET TECHNOLOGICAL SYSTEMS', Asunto='Trámite que ingreso por Ventanilla Electrónica. Más trámites y servicios', Registro='CRT26-013763'
11:01:12  INFO      [META-RETRY] Todos los campos criticos capturados en intento 5 para folio CRT26-013763
11:01:12  INFO      [FILES] Descargando archivos del folio CRT26-013763...
11:01:12  INFO      [API] Discovery activo: debug\api_log.jsonl
11:01:12  INFO      [API] Discovery activo: debug\api_log.jsonl
11:01:13  INFO      [BACK] Re-navegando al tablero...
11:01:13  INFO      [NAV] Navegando a Enlace Oficialia de Partes...
11:01:15  INFO      [OK] Tablero de Control cargado
11:01:18  WARNING   [WR:SATyS-Reg_1] Error validando sesión: Page.goto: Timeout 60000ms exceeded.
Call log:
  - navigating to "https://satys.ift.org.mx/Sarccontroller", waiting until "domcontentloaded"

11:01:19  INFO      [WR:SATyS-Reg_0] Sesión activa (registro CRT26-011151)
11:01:19  INFO      [NAV] Navegando a Enlace Oficialia de Partes...
11:01:19  INFO      [WR:SATyS-Reg_2] Sesión activa (registro CRT26-011149)
11:01:19  INFO      [NAV] Navegando a Enlace Oficialia de Partes...
11:01:19  INFO      [REG-OK] Detalle cargado: registro=CRT26-013781
11:01:19  INFO      [WEB] Extrayendo metadatos web (intento 1) para folio CRT26-013781
11:01:19  INFO      [WEB] Extrayendo metadatos web (una vez) de SATyS para folio CRT26-013781
11:01:19  INFO      [WR:SATyS-Reg_1] ── Iniciando registro CRT26-011147 ──
11:01:19  INFO      [CONC-REG] [54/718] ✓ Registro CRT26-011153 completado: 0 OK / 1 total
11:01:20  INFO      [OK] Tablero de Control cargado
11:01:20  INFO      [REG] Configurando tablero para búsqueda por Registro (Todos los años + 100)...
11:01:20  INFO      [OK] Tablero de Control cargado
11:01:20  INFO      [REG] Configurando tablero para búsqueda por Registro (Todos los años + 100)...
11:01:20  INFO      [REG] Cambiando Año a 'Todos los años' (value='0')...
11:01:20  INFO      [REG] Cambiando Año a 'Todos los años' (value='0')...
11:01:20  INFO      [REG] ✅ Año cambiado a 'Todos los años'
11:01:20  INFO      [REG] Cambiando 'Mostrar' a 100 trámites...
11:01:20  INFO      [API] Discovery activo: debug\api_log.jsonl
11:01:20  INFO      [REG] ✅ Año cambiado a 'Todos los años'
11:01:20  INFO      [REG] Cambiando 'Mostrar' a 100 trámites...
11:01:21  INFO      [REG] ✅ Mostrar cambiado a 100 trámites
11:01:21  INFO      [REG-BUSCAR] Buscando registro CRT26-011149 en tabla (intento 1)...
11:01:21  INFO      [REG] ✅ Mostrar cambiado a 100 trámites
11:01:21  INFO      [REG-BUSCAR] Buscando registro CRT26-011151 en tabla (intento 1)...
11:01:22  INFO      [WEB] Registro encontrado: CRT26-013781
11:01:22  WARNING   [WEB] page.evaluate retornó None en DATOS DEL DOCUMENTO -- intentando fallback con locators de Playwright
11:01:23  INFO      [WEB] DATOS DEL DOCUMENTO (fallback locator): folio_opc='VE-167426' | no_doc=''
11:01:23  INFO      [WEB] DATOS DEL DOCUMENTO: folio_opc='VE-167426' | no_doc='None'
11:01:23  INFO      [WEB] Fecha de folio OPC: 25-03-2026 13:33:47
11:01:24  INFO      [WEB] Metadatos guardados OK: Rep='MARIO ARMANDO FAVELA MORENO', Ope='MARIO ARMANDO FAVELA MORENO', Asunto='Trámite que ingreso por Ventanilla Electrónica. Más trámites y servicios', Registro='CRT26-013781'
11:01:24  INFO      [META-RETRY] Todos los campos criticos capturados en intento 1 para folio CRT26-013781
11:01:24  INFO      [FILES] Descargando archivos del folio CRT26-013781...
11:01:24  INFO      [INFO] Seccion 'ARCHIVOS ASOCIADOS' no existe en folio CRT26-013763 -- activar fallback
11:01:25  INFO      [REG-FUENTE] Sin ARCHIVOS ASOCIADOS -- activando flujo DOCUMENTOS ANEXOS para registro CRT26-013763 (folio=VE-167356)
11:01:25  INFO      [ALT] Iniciando flujo DOCUMENTOS ANEXOS para folio VE-167356 (raw=VE-167356)
11:01:25  INFO      [ALT-NAV] Navegando a Tramites Nuevos...
11:01:29  INFO      [WR:SATyS-Reg_3] ── Registro CRT26-015695: 3/3 OK | 0 error(es) servidor | 0 error(es) red ──
11:01:31  INFO      [WR:SATyS-Reg_3] ── Iniciando registro CRT26-013635 ──
11:01:31  INFO      [CONC-REG] [55/718] ✓ Registro CRT26-015695 completado: 3 OK / 3 total
11:01:32  INFO      [API] Discovery activo: debug\api_log.jsonl
11:01:36  INFO      [INFO] Seccion 'ARCHIVOS ASOCIADOS' no existe en folio CRT26-013781 -- activar fallback
11:01:36  INFO      [REG-FUENTE] Sin ARCHIVOS ASOCIADOS -- activando flujo DOCUMENTOS ANEXOS para registro CRT26-013781 (folio=VE-167426)
11:01:36  INFO      [ALT] Iniciando flujo DOCUMENTOS ANEXOS para folio VE-167426 (raw=VE-167426)
11:01:36  INFO      [ALT-NAV] Navegando a Tramites Nuevos...
11:01:39  INFO      [REG-PAGE] Resultados búsqueda: mostrando 1 de 1 trámites
11:01:39  INFO      [REG-VIEW] Abriendo detalle: registro=CRT26-011151, folio=7910
11:01:52  INFO      [ALT-NAV] Tramites Nuevos cargado OK
11:01:52  INFO      [ALT-SEARCH] Folio normalizado para busqueda: 'VE-167426' -> '167426'
11:01:52  INFO      [ALT-SEARCH] Buscando folio 167426 en Tramites Nuevos...
11:01:52  INFO      [REG-OK] Detalle cargado: registro=CRT26-011151
11:01:52  INFO      [WEB] Extrayendo metadatos web (intento 1) para folio CRT26-011151
11:01:52  INFO      [WEB] Extrayendo metadatos web (una vez) de SATyS para folio CRT26-011151
11:01:53  INFO      [WR:SATyS-Reg_3] Sesión activa (registro CRT26-013635)
11:01:53  INFO      [NAV] Navegando a Enlace Oficialia de Partes...
11:01:53  INFO      [REG-PAGE] Resultados búsqueda: mostrando 1 de 1 trámites
11:01:54  INFO      [REG-VIEW] Abriendo detalle: registro=CRT26-011149, folio=7911
11:01:55  INFO      [WEB] Registro encontrado: CRT26-011151
11:01:55  WARNING   [WEB] page.evaluate retornó None en DATOS DEL DOCUMENTO -- intentando fallback con locators de Playwright
11:01:56  INFO      [WEB] DATOS DEL DOCUMENTO (fallback locator): folio_opc='' | no_doc=''
11:01:56  INFO      [WEB] DATOS DEL DOCUMENTO: folio_opc='None' | no_doc='None'
11:01:56  WARNING   [V11-META-FALTANTE] folio=CRT26-011151 campo=representante_legal es nulo/vacio
11:01:56  WARNING   [V11-META-FALTANTE] folio=CRT26-011151 campo=nombre_operador es nulo/vacio
11:01:56  WARNING   [V11-META-FALTANTE] folio=CRT26-011151 campo=asunto es nulo/vacio
11:01:56  INFO      [WEB] Metadatos guardados OK: Rep='None', Ope='None', Asunto='None', Registro='CRT26-011151'
11:01:56  WARNING   [META-RETRY] Campos faltantes: ['nombre_operador', 'representante_legal']
11:01:56  WARNING   [META-RETRY] Intento 1 fallido para folio CRT26-011151. Reintentando en 3s...
11:01:58  INFO      [OK] Tablero de Control cargado
11:01:58  INFO      [REG] Configurando tablero para búsqueda por Registro (Todos los años + 100)...
11:01:58  INFO      [REG] Cambiando Año a 'Todos los años' (value='0')...
11:01:58  INFO      [REG] ✅ Año cambiado a 'Todos los años'
11:01:58  INFO      [REG-OK] Detalle cargado: registro=CRT26-011149
11:01:58  INFO      [WEB] Extrayendo metadatos web (intento 1) para folio CRT26-011149
11:01:58  INFO      [WEB] Extrayendo metadatos web (una vez) de SATyS para folio CRT26-011149
11:01:58  INFO      [REG] Cambiando 'Mostrar' a 100 trámites...
11:01:59  INFO      [ALT-SEARCH] Folio VE-167426 encontrado en Tramites Nuevos
11:01:59  INFO      [ALT-REVISAR] Abriendo detalle del tramite VE-167426...
11:01:59  INFO      [REG] ✅ Mostrar cambiado a 100 trámites
11:01:59  INFO      [REG-BUSCAR] Buscando registro CRT26-013635 en tabla (intento 1)...
11:01:59  INFO      [WEB] Extrayendo metadatos web (intento 2) para folio CRT26-011151
11:01:59  INFO      [WEB] Extrayendo metadatos web (una vez) de SATyS para folio CRT26-011151
11:02:02  INFO      [WEB] Registro encontrado: CRT26-011149
11:02:02  WARNING   [WEB] page.evaluate retornó None en DATOS DEL DOCUMENTO -- intentando fallback con locators de Playwright
11:02:02  INFO      [WR:SATyS-Reg_3] ── Registro CRT26-013635: 0/1 OK | 0 error(es) servidor | 0 error(es) red ──
11:02:02  INFO      [WEB] DATOS DEL DOCUMENTO (fallback locator): folio_opc='' | no_doc=''
11:02:02  INFO      [WEB] DATOS DEL DOCUMENTO: folio_opc='None' | no_doc='None'
11:02:02  INFO      [WEB] Registro encontrado: CRT26-011151
11:02:02  WARNING   [WEB] page.evaluate retornó None en DATOS DEL DOCUMENTO -- intentando fallback con locators de Playwright
11:02:03  WARNING   [V11-META-FALTANTE] folio=CRT26-011149 campo=representante_legal es nulo/vacio
11:02:03  WARNING   [V11-META-FALTANTE] folio=CRT26-011149 campo=nombre_operador es nulo/vacio
11:02:03  WARNING   [V11-META-FALTANTE] folio=CRT26-011149 campo=asunto es nulo/vacio
11:02:03  INFO      [WEB] Metadatos guardados OK: Rep='None', Ope='None', Asunto='None', Registro='CRT26-011149'
11:02:03  WARNING   [META-RETRY] Campos faltantes: ['nombre_operador', 'representante_legal']
11:02:03  WARNING   [META-RETRY] Intento 1 fallido para folio CRT26-011149. Reintentando en 3s...
11:02:03  INFO      [WR:SATyS-Reg_1] Sesión activa (registro CRT26-011147)
11:02:03  INFO      [NAV] Navegando a Enlace Oficialia de Partes...
11:02:03  INFO      [WEB] DATOS DEL DOCUMENTO (fallback locator): folio_opc='7910' | no_doc=''
11:02:03  INFO      [WEB] DATOS DEL DOCUMENTO: folio_opc='7910' | no_doc='None'
11:02:03  INFO      [WEB] Fecha de folio OPC: 23-03-2026 00:00:00
11:02:03  INFO      [ALT-REVISAR] Detalle del tramite cargado OK
11:02:03  INFO      [ALT-META] Extrayendo metadatos de DATOS DEL TRAMITE para folio VE-167426
11:02:04  INFO      [WEB] Metadatos guardados OK: Rep='JUAN JOSE LUNA RODRIGUEZ', Ope='JUAN JOSÉ LUNA RODRÍGUEZ', Asunto='FORMATO R024', Registro='CRT26-011151'
11:02:04  INFO      [META-RETRY] Todos los campos criticos capturados en intento 2 para folio CRT26-011151
11:02:04  INFO      [FILES] Descargando archivos del folio CRT26-011151...
11:02:04  INFO      [WR:SATyS-Reg_3] ── Iniciando registro CRT26-013586 ──
11:02:04  INFO      [CONC-REG] [56/718] ✓ Registro CRT26-013635 completado: 0 OK / 1 total
11:02:05  INFO      [API] Discovery activo: debug\api_log.jsonl
11:02:06  INFO      [WEB] Extrayendo metadatos web (intento 2) para folio CRT26-011149
11:02:06  INFO      [WEB] Extrayendo metadatos web (una vez) de SATyS para folio CRT26-011149
11:02:09  INFO      [WEB] Registro encontrado: CRT26-011149
11:02:09  WARNING   [WEB] page.evaluate retornó None en DATOS DEL DOCUMENTO -- intentando fallback con locators de Playwright
11:02:09  INFO      [WEB] DATOS DEL DOCUMENTO (fallback locator): folio_opc='7911' | no_doc=''
11:02:09  INFO      [WEB] DATOS DEL DOCUMENTO: folio_opc='7911' | no_doc='None'
11:02:09  INFO      [WEB] Fecha de folio OPC: 23-03-2026 00:00:00
11:02:10  INFO      [WEB] Metadatos guardados OK: Rep='JUAN JOSE LUNA RODRIGUEZ', Ope='JUAN JOSÉ LUNA RODRÍGUEZ', Asunto='FORMATO R025', Registro='CRT26-011149'
11:02:10  INFO      [META-RETRY] Todos los campos criticos capturados en intento 2 para folio CRT26-011149
11:02:10  INFO      [FILES] Descargando archivos del folio CRT26-011149...
11:02:10  INFO      [ALT-NAV] Tramites Nuevos cargado OK
11:02:10  INFO      [ALT-SEARCH] Folio normalizado para busqueda: 'VE-167356' -> '167356'
11:02:10  INFO      [ALT-SEARCH] Buscando folio 167356 en Tramites Nuevos...
11:02:17  INFO      [ALT-META] Metadatos guardados: {'tipo_tramite': 'CGPE-01-008: Entrega periódica de Información General Estadística para efectos del Acervo Estadístico del Instituto Federal de Telecomunicaciones.', 'fecha_registro': '25/03/2026', 'solicitante': '', 'nombre_operador': 'MARIO ARMANDO FAVELA MORENO', 'representante_legal': 'MARIO ARMANDO FAVELA MORENO', 'asunto': '', 'descripcion': '', 'registro': '', 'folio': '167426'}
11:02:17  INFO      [ALT-DL] Descargando DOCUMENTOS ANEXOS para folio VE-167426
11:02:17  INFO      [ALT-SEARCH] Folio VE-167356 encontrado en Tramites Nuevos
11:02:17  INFO      [ALT-REVISAR] Abriendo detalle del tramite VE-167356...
11:02:19  INFO      [ALT-DL] Seccion DOCUMENTOS ANEXOS localizada: text=DOCUMENTOS ANEXOS
11:02:20  INFO      [OK] Tablero de Control cargado
11:02:20  INFO      [REG] Configurando tablero para búsqueda por Registro (Todos los años + 100)...
11:02:20  INFO      [REG] Cambiando Año a 'Todos los años' (value='0')...
11:02:20  INFO      [ALT-DL] DOCUMENTOS ANEXOS: Mostrando 1 a 3 de 3
11:02:20  INFO      [ALT-DL] Selector DOCUMENTOS ANEXOS cambiado a: 100
11:02:20  INFO      [REG] ✅ Año cambiado a 'Todos los años'
11:02:20  INFO      [REG] Cambiando 'Mostrar' a 100 trámites...
11:02:21  INFO      [REG] ✅ Mostrar cambiado a 100 trámites
11:02:21  INFO      [REG-BUSCAR] Buscando registro CRT26-011147 en tabla (intento 1)...
11:02:21  INFO      [ALT-DL] DOCUMENTOS ANEXOS (post-100): Mostrando 1 a 3 de 3
11:02:21  WARNING   [ALT-DL] 6 botones > 3 esperados -- usando solo los primeros 3
11:02:21  INFO      [ALT-DL] Pagina 1: 3 botones VER DOCUMENTO
11:02:21  INFO        [1] nombre=documento_VE-167426_1  tipo=  fecha=
11:02:22  INFO        [OK] 17744671919456r025-01.pdf  (72.7 KB)
11:02:22  INFO        [2] nombre=documento_VE-167426_2  tipo=  fecha=
11:02:23  INFO        [OK] 17744671848588escritolibrer025marioar.pdf  (432.6 KB)
11:02:23  INFO      [WR:SATyS-Reg_3] Sesión activa (registro CRT26-013586)
11:02:23  INFO      [NAV] Navegando a Enlace Oficialia de Partes...
11:02:23  INFO        [3] nombre=documento_VE-167426_3  tipo=  fecha=
11:02:23  INFO        [OK] solicitud167426.pdf  (172.6 KB)
11:02:23  INFO      [ALT-DL] Paginacion: mostrando 1 a 3 de 3
11:02:23  INFO      [ALT-DL] VALIDACION OK: 3/3 documentos descargados
11:02:23  INFO      [REG-META] metadata_satys.json actualizado para registro CRT26-013781
11:02:23  INFO      [BACK] Regresando al tablero...
11:02:24  INFO      [REG-PAGE] Resultados búsqueda: mostrando 1 de 1 trámites
11:02:24  INFO      [REG-VIEW] Abriendo detalle: registro=CRT26-011147, folio=7913
11:02:24  INFO      [ALT-REVISAR] Detalle del tramite cargado OK
11:02:24  INFO      [ALT-META] Extrayendo metadatos de DATOS DEL TRAMITE para folio VE-167356
11:02:26  INFO      [BACK] Re-navegando al tablero...
11:02:26  INFO      [NAV] Navegando a Enlace Oficialia de Partes...
11:02:33  INFO      [INFO] Cambiando paginacion ARCHIVOS ASOCIADOS a '100' elementos
11:02:39  INFO      [INFO] Cambiando paginacion ARCHIVOS ASOCIADOS a '100' elementos
11:02:41  INFO      [OK] Tablero de Control cargado
11:02:41  INFO      [REG] Configurando tablero para búsqueda por Registro (Todos los años + 100)...
11:02:41  INFO      [REG] Cambiando Año a 'Todos los años' (value='0')...
11:02:41  INFO      [REG] ✅ Año cambiado a 'Todos los años'
11:02:41  INFO      [REG] Cambiando 'Mostrar' a 100 trámites...
11:02:42  INFO      [REG] ✅ Mostrar cambiado a 100 trámites
11:02:42  INFO      [REG-BUSCAR] Buscando registro CRT26-013586 en tabla (intento 1)...
11:02:42  INFO      [REG-OK] Detalle cargado: registro=CRT26-011147
11:02:42  INFO      [WEB] Extrayendo metadatos web (intento 1) para folio CRT26-011147
11:02:42  INFO      [WEB] Extrayendo metadatos web (una vez) de SATyS para folio CRT26-011147
11:02:45  INFO      [WEB] Registro encontrado: CRT26-011147
11:02:45  WARNING   [WEB] page.evaluate retornó None en DATOS DEL DOCUMENTO -- intentando fallback con locators de Playwright
11:02:46  INFO      [WEB] DATOS DEL DOCUMENTO (fallback locator): folio_opc='' | no_doc=''
11:02:46  INFO      [WEB] DATOS DEL DOCUMENTO: folio_opc='None' | no_doc='None'
11:02:46  WARNING   [V11-META-FALTANTE] folio=CRT26-011147 campo=representante_legal es nulo/vacio
11:02:46  WARNING   [V11-META-FALTANTE] folio=CRT26-011147 campo=nombre_operador es nulo/vacio
11:02:46  WARNING   [V11-META-FALTANTE] folio=CRT26-011147 campo=asunto es nulo/vacio
11:02:46  INFO      [WEB] Metadatos guardados OK: Rep='None', Ope='None', Asunto='None', Registro='CRT26-011147'
11:02:46  WARNING   [META-RETRY] Campos faltantes: ['nombre_operador', 'representante_legal']
11:02:46  WARNING   [META-RETRY] Intento 1 fallido para folio CRT26-011147. Reintentando en 3s...
11:02:48  INFO      [ALT-META] Metadatos guardados: {'tipo_tramite': 'CGPE-01-008: Entrega periódica de Información General Estadística para efectos del Acervo Estadístico del Instituto Federal de Telecomunicaciones.', 'fecha_registro': '25/03/2026', 'solicitante': '', 'nombre_operador': 'INTERNET TECHNOLOGICAL SYSTEMS, S.A. DE C.V.', 'representante_legal': 'MARIANO VÁZQUEZ MALDONADO', 'asunto': '', 'descripcion': '', 'registro': '', 'folio': '167356'}
11:02:48  INFO      [ALT-DL] Descargando DOCUMENTOS ANEXOS para folio VE-167356
11:02:48  INFO      [REG-PAGE] Resultados búsqueda: mostrando 1 de 1 trámites
11:02:48  INFO      [REG-VIEW] Abriendo detalle: registro=CRT26-013586, folio=VE-166550
11:02:49  INFO      [WEB] Extrayendo metadatos web (intento 2) para folio CRT26-011147
11:02:49  INFO      [WEB] Extrayendo metadatos web (una vez) de SATyS para folio CRT26-011147
11:02:51  INFO      [ALT-DL] Seccion DOCUMENTOS ANEXOS localizada: text=DOCUMENTOS ANEXOS
11:02:52  INFO      [WEB] Registro encontrado: CRT26-011147
11:02:52  WARNING   [WEB] page.evaluate retornó None en DATOS DEL DOCUMENTO -- intentando fallback con locators de Playwright
11:02:52  INFO      [ALT-DL] DOCUMENTOS ANEXOS: Mostrando 1 a 3 de 3
11:02:52  INFO      [ALT-DL] Selector DOCUMENTOS ANEXOS cambiado a: 100
11:02:53  INFO      [WEB] DATOS DEL DOCUMENTO (fallback locator): folio_opc='' | no_doc=''
11:02:53  INFO      [WEB] DATOS DEL DOCUMENTO: folio_opc='None' | no_doc='None'
11:02:53  WARNING   [V11-META-FALTANTE] folio=CRT26-011147 campo=representante_legal es nulo/vacio
11:02:53  WARNING   [V11-META-FALTANTE] folio=CRT26-011147 campo=nombre_operador es nulo/vacio
11:02:53  WARNING   [V11-META-FALTANTE] folio=CRT26-011147 campo=asunto es nulo/vacio
11:02:53  INFO      [WEB] Metadatos guardados OK: Rep='None', Ope='None', Asunto='None', Registro='CRT26-011147'
11:02:53  WARNING   [META-RETRY] Campos faltantes: ['nombre_operador', 'representante_legal']
11:02:53  WARNING   [META-RETRY] Intento 2 fallido para folio CRT26-011147. Reintentando en 3s...
11:02:54  INFO      [ALT-DL] DOCUMENTOS ANEXOS (post-100): Mostrando 1 a 3 de 3
11:02:54  WARNING   [ALT-DL] 6 botones > 3 esperados -- usando solo los primeros 3
11:02:54  INFO      [ALT-DL] Pagina 1: 3 botones VER DOCUMENTO
11:02:54  INFO        [1] nombre=documento_VE-167356_1  tipo=  fecha=
11:02:55  INFO        [OK] 17744568968221r025-01.pdf  (79.9 KB)
11:02:56  INFO        [2] nombre=documento_VE-167356_2  tipo=  fecha=
11:02:56  INFO      [WEB] Extrayendo metadatos web (intento 3) para folio CRT26-011147
11:02:56  INFO      [WEB] Extrayendo metadatos web (una vez) de SATyS para folio CRT26-011147
11:02:56  INFO        [OK] 17744568918027escritolibrer025its.pdf  (433.9 KB)
11:02:57  INFO        [3] nombre=documento_VE-167356_3  tipo=  fecha=
11:02:57  INFO      [REG-OK] Detalle cargado: registro=CRT26-013586
11:02:57  INFO      [WEB] Extrayendo metadatos web (intento 1) para folio CRT26-013586
11:02:57  INFO      [WEB] Extrayendo metadatos web (una vez) de SATyS para folio CRT26-013586
11:02:58  INFO        [OK] solicitud167356.pdf  (172.9 KB)
11:02:58  INFO      [OK] Tablero de Control cargado
11:02:58  INFO      [ALT-DL] Paginacion: mostrando 1 a 3 de 3
11:02:58  INFO      [ALT-DL] VALIDACION OK: 3/3 documentos descargados
11:02:58  INFO      [REG-META] metadata_satys.json actualizado para registro CRT26-013763
11:02:58  INFO      [BACK] Regresando al tablero...
11:02:59  INFO      [WEB] Registro encontrado: CRT26-011147
11:02:59  WARNING   [WEB] page.evaluate retornó None en DATOS DEL DOCUMENTO -- intentando fallback con locators de Playwright
11:03:00  INFO      [WEB] DATOS DEL DOCUMENTO (fallback locator): folio_opc='7913' | no_doc=''
11:03:00  INFO      [WEB] DATOS DEL DOCUMENTO: folio_opc='7913' | no_doc='None'
11:03:00  INFO      [WEB] Fecha de folio OPC: 23-03-2026 00:00:00
11:03:00  INFO      [WEB] Registro encontrado: CRT26-013586
11:03:00  WARNING   [WEB] page.evaluate retornó None en DATOS DEL DOCUMENTO -- intentando fallback con locators de Playwright
11:03:01  INFO      [WEB] Metadatos guardados OK: Rep='EDUARDO IVAN CARDENAS DE LA ROSA', Ope='EDUARDO IVÁN CÁRDENAS DE LA ROSA', Asunto='FORMATO R024', Registro='CRT26-011147'
11:03:01  INFO      [META-RETRY] Todos los campos criticos capturados en intento 3 para folio CRT26-011147
11:03:01  INFO      [FILES] Descargando archivos del folio CRT26-011147...
11:03:01  INFO      [BACK] Re-navegando al tablero...
11:03:01  INFO      [NAV] Navegando a Enlace Oficialia de Partes...
11:03:01  INFO      [WEB] DATOS DEL DOCUMENTO (fallback locator): folio_opc='' | no_doc=''
11:03:01  INFO      [WEB] DATOS DEL DOCUMENTO: folio_opc='None' | no_doc='None'
11:03:01  WARNING   [V11-META-FALTANTE] folio=CRT26-013586 campo=representante_legal es nulo/vacio
11:03:01  WARNING   [V11-META-FALTANTE] folio=CRT26-013586 campo=nombre_operador es nulo/vacio
11:03:01  WARNING   [V11-META-FALTANTE] folio=CRT26-013586 campo=asunto es nulo/vacio
11:03:01  INFO      [WEB] Metadatos guardados OK: Rep='None', Ope='None', Asunto='None', Registro='CRT26-013586'
11:03:01  WARNING   [META-RETRY] Campos faltantes: ['nombre_operador', 'representante_legal']
11:03:01  WARNING   [META-RETRY] Intento 1 fallido para folio CRT26-013586. Reintentando en 3s...
11:03:03  INFO      [WR:SATyS-Reg_5] ── Registro CRT26-013781: 3/3 OK | 0 error(es) servidor | 0 error(es) red ──
11:03:04  INFO      [WEB] Extrayendo metadatos web (intento 2) para folio CRT26-013586
11:03:04  INFO      [WEB] Extrayendo metadatos web (una vez) de SATyS para folio CRT26-013586
11:03:05  INFO      [WR:SATyS-Reg_5] ── Iniciando registro CRT26-013585 ──
11:03:05  INFO      [CONC-REG] [57/718] ✓ Registro CRT26-013781 completado: 3 OK / 3 total
11:03:06  INFO      [API] Discovery activo: debug\api_log.jsonl
11:03:08  INFO      [WEB] Registro encontrado: CRT26-013586
11:03:08  WARNING   [WEB] page.evaluate retornó None en DATOS DEL DOCUMENTO -- intentando fallback con locators de Playwright
11:03:08  INFO      [WEB] DATOS DEL DOCUMENTO (fallback locator): folio_opc='' | no_doc=''
11:03:08  INFO      [WEB] DATOS DEL DOCUMENTO: folio_opc='None' | no_doc='None'
11:03:09  WARNING   [V11-META-FALTANTE] folio=CRT26-013586 campo=representante_legal es nulo/vacio
11:03:09  WARNING   [V11-META-FALTANTE] folio=CRT26-013586 campo=nombre_operador es nulo/vacio
11:03:09  WARNING   [V11-META-FALTANTE] folio=CRT26-013586 campo=asunto es nulo/vacio
11:03:09  INFO      [WEB] Metadatos guardados OK: Rep='None', Ope='None', Asunto='None', Registro='CRT26-013586'
11:03:09  WARNING   [META-RETRY] Campos faltantes: ['nombre_operador', 'representante_legal']
11:03:09  WARNING   [META-RETRY] Intento 2 fallido para folio CRT26-013586. Reintentando en 3s...
11:03:12  INFO      [WEB] Extrayendo metadatos web (intento 3) para folio CRT26-013586
11:03:12  INFO      [WEB] Extrayendo metadatos web (una vez) de SATyS para folio CRT26-013586
11:03:13  INFO      [OK] Tablero de Control cargado
11:03:15  INFO      [WEB] Registro encontrado: CRT26-013586
11:03:15  WARNING   [WEB] page.evaluate retornó None en DATOS DEL DOCUMENTO -- intentando fallback con locators de Playwright
11:03:15  INFO      [WEB] DATOS DEL DOCUMENTO (fallback locator): folio_opc='VE-166550' | no_doc=''
11:03:15  INFO      [WEB] DATOS DEL DOCUMENTO: folio_opc='VE-166550' | no_doc='None'
11:03:15  INFO      [WEB] Fecha de folio OPC: 19-03-2026 20:35:35
11:03:16  INFO      [WEB] Metadatos guardados OK: Rep='JUAN ALFREDO MARTÍNEZ MENDOZA', Ope='RED SIN LÍMITE', Asunto='Trámite que ingreso por Ventanilla Electrónica. Más trámites y servicios', Registro='CRT26-013586'
11:03:16  INFO      [META-RETRY] Todos los campos criticos capturados en intento 3 para folio CRT26-013586
11:03:16  INFO      [FILES] Descargando archivos del folio CRT26-013586...
11:03:17  INFO      [WR:SATyS-Reg_4] ── Registro CRT26-013763: 3/3 OK | 0 error(es) servidor | 0 error(es) red ──
11:03:18  INFO      [WR:SATyS-Reg_5] Sesión activa (registro CRT26-013585)
11:03:18  INFO      [NAV] Navegando a Enlace Oficialia de Partes...
11:03:19  INFO      [WR:SATyS-Reg_4] ── Iniciando registro CRT26-010583 ──
11:03:19  INFO      [CONC-REG] [58/718] ✓ Registro CRT26-013763 completado: 3 OK / 3 total
11:03:19  INFO      [API] Discovery activo: debug\api_log.jsonl
11:03:28  INFO      [INFO] Seccion 'ARCHIVOS ASOCIADOS' no existe en folio CRT26-013586 -- activar fallback
11:03:29  INFO      [OK] Tablero de Control cargado
11:03:29  INFO      [REG] Configurando tablero para búsqueda por Registro (Todos los años + 100)...
11:03:29  INFO      [REG] Cambiando Año a 'Todos los años' (value='0')...
11:03:29  INFO      [REG-FUENTE] Sin ARCHIVOS ASOCIADOS -- activando flujo DOCUMENTOS ANEXOS para registro CRT26-013586 (folio=VE-166550)
11:03:29  INFO      [ALT] Iniciando flujo DOCUMENTOS ANEXOS para folio VE-166550 (raw=VE-166550)
11:03:29  INFO      [ALT-NAV] Navegando a Tramites Nuevos...
11:03:29  INFO      [REG] ✅ Año cambiado a 'Todos los años'
11:03:29  INFO      [REG] Cambiando 'Mostrar' a 100 trámites...
11:03:29  INFO      [WR:SATyS-Reg_4] Sesión activa (registro CRT26-010583)
11:03:29  INFO      [NAV] Navegando a Enlace Oficialia de Partes...
11:03:30  INFO      [REG] ✅ Mostrar cambiado a 100 trámites
11:03:30  INFO      [REG-BUSCAR] Buscando registro CRT26-013585 en tabla (intento 1)...
11:03:30  INFO      [INFO] Cambiando paginacion ARCHIVOS ASOCIADOS a '100' elementos
11:03:33  INFO      [INFO] Pagina 1: 2 archivo(s) encontrado(s)
11:03:33  INFO        [1] Descargando: CRT26-011151.pdf
11:03:34  INFO           [OK] Descarga directa: CRT26-011151.pdf  (2034.9 KB)
11:03:34  INFO        [2] Descargando: R025-01.csv
11:03:34  INFO           [OK] Descarga directa: R025-01.csv  (0.2 KB)
11:03:34  INFO      [INFO] Folio CRT26-011151: 2/2 descargados en 1 pagina(s)
11:03:34  INFO      [REG-FUENTE] ARCHIVOS ASOCIADOS encontrado para registro CRT26-011151
11:03:34  INFO      [BACK] Regresando al tablero...
11:03:36  INFO      [REG-PAGE] Resultados búsqueda: mostrando 1 de 1 trámites
11:03:37  INFO      [REG-VIEW] Abriendo detalle: registro=CRT26-013585, folio=VE-166544
11:03:39  INFO      [INFO] Pagina 1: 2 archivo(s) encontrado(s)
11:03:39  INFO        [1] Descargando: CRT26-011149.pdf
11:03:39  INFO           [OK] Descarga directa: CRT26-011149.pdf  (652.9 KB)
11:03:39  INFO        [2] Descargando: R025-01.csv
11:03:39  INFO           [OK] Descarga directa: R025-01.csv  (0.2 KB)
11:03:39  INFO      [INFO] Folio CRT26-011149: 2/2 descargados en 1 pagina(s)
11:03:39  INFO      [REG-FUENTE] ARCHIVOS ASOCIADOS encontrado para registro CRT26-011149
11:03:39  INFO      [BACK] Regresando al tablero...
11:03:44  INFO      [BACK] Re-navegando al tablero...
11:03:44  INFO      [NAV] Navegando a Enlace Oficialia de Partes...
11:03:45  INFO      [OK] Tablero de Control cargado
11:03:45  INFO      [REG] Configurando tablero para búsqueda por Registro (Todos los años + 100)...
11:03:45  INFO      [REG] Cambiando Año a 'Todos los años' (value='0')...
11:03:45  INFO      [OK] Tablero de Control cargado
11:03:45  INFO      [REG] ✅ Año cambiado a 'Todos los años'
11:03:45  INFO      [OK] De vuelta en el tablero
11:03:45  INFO      [REG] Cambiando 'Mostrar' a 100 trámites...
11:03:45  INFO      [REG-OK] Detalle cargado: registro=CRT26-013585
11:03:45  INFO      [WEB] Extrayendo metadatos web (intento 1) para folio CRT26-013585
11:03:45  INFO      [WEB] Extrayendo metadatos web (una vez) de SATyS para folio CRT26-013585
11:03:46  INFO      [REG] ✅ Mostrar cambiado a 100 trámites
11:03:46  INFO      [REG-BUSCAR] Buscando registro CRT26-010583 en tabla (intento 1)...
11:03:47  INFO      [ALT-NAV] Tramites Nuevos cargado OK
11:03:47  INFO      [ALT-SEARCH] Folio normalizado para busqueda: 'VE-166550' -> '166550'
11:03:47  INFO      [ALT-SEARCH] Buscando folio 166550 en Tramites Nuevos...
11:03:48  INFO      [WEB] Registro encontrado: CRT26-013585
11:03:48  WARNING   [WEB] page.evaluate retornó None en DATOS DEL DOCUMENTO -- intentando fallback con locators de Playwright
11:03:49  INFO      [WEB] DATOS DEL DOCUMENTO (fallback locator): folio_opc='' | no_doc=''
11:03:49  INFO      [WEB] DATOS DEL DOCUMENTO: folio_opc='None' | no_doc='None'
11:03:49  WARNING   [V11-META-FALTANTE] folio=CRT26-013585 campo=representante_legal es nulo/vacio
11:03:49  WARNING   [V11-META-FALTANTE] folio=CRT26-013585 campo=nombre_operador es nulo/vacio
11:03:49  WARNING   [V11-META-FALTANTE] folio=CRT26-013585 campo=asunto es nulo/vacio
11:03:49  INFO      [WEB] Metadatos guardados OK: Rep='None', Ope='None', Asunto='None', Registro='CRT26-013585'
11:03:49  WARNING   [META-RETRY] Campos faltantes: ['nombre_operador', 'representante_legal']
11:03:49  WARNING   [META-RETRY] Intento 1 fallido para folio CRT26-013585. Reintentando en 3s...
11:03:52  INFO      [WEB] Extrayendo metadatos web (intento 2) para folio CRT26-013585
11:03:52  INFO      [WEB] Extrayendo metadatos web (una vez) de SATyS para folio CRT26-013585
11:03:54  INFO      [ALT-SEARCH] Folio VE-166550 encontrado en Tramites Nuevos
11:03:54  INFO      [ALT-REVISAR] Abriendo detalle del tramite VE-166550...
11:03:55  INFO      [WEB] Registro encontrado: CRT26-013585
11:03:55  WARNING   [WEB] page.evaluate retornó None en DATOS DEL DOCUMENTO -- intentando fallback con locators de Playwright
11:03:56  INFO      [WEB] DATOS DEL DOCUMENTO (fallback locator): folio_opc='' | no_doc=''
11:03:56  INFO      [WEB] DATOS DEL DOCUMENTO: folio_opc='None' | no_doc='None'
11:03:57  WARNING   [V11-META-FALTANTE] folio=CRT26-013585 campo=representante_legal es nulo/vacio
11:03:57  WARNING   [V11-META-FALTANTE] folio=CRT26-013585 campo=nombre_operador es nulo/vacio
11:03:57  WARNING   [V11-META-FALTANTE] folio=CRT26-013585 campo=asunto es nulo/vacio
11:03:57  INFO      [WEB] Metadatos guardados OK: Rep='None', Ope='None', Asunto='None', Registro='CRT26-013585'
11:03:57  WARNING   [META-RETRY] Campos faltantes: ['nombre_operador', 'representante_legal']
11:03:57  WARNING   [META-RETRY] Intento 2 fallido para folio CRT26-013585. Reintentando en 3s...
11:04:00  INFO      [WEB] Extrayendo metadatos web (intento 3) para folio CRT26-013585
11:04:00  INFO      [WEB] Extrayendo metadatos web (una vez) de SATyS para folio CRT26-013585
11:04:03  INFO      [WEB] Registro encontrado: CRT26-013585
11:04:03  WARNING   [WEB] page.evaluate retornó None en DATOS DEL DOCUMENTO -- intentando fallback con locators de Playwright
11:04:03  INFO      [WEB] DATOS DEL DOCUMENTO (fallback locator): folio_opc='' | no_doc=''
11:04:03  INFO      [WEB] DATOS DEL DOCUMENTO: folio_opc='None' | no_doc='None'
11:04:04  WARNING   [V11-META-FALTANTE] folio=CRT26-013585 campo=representante_legal es nulo/vacio
11:04:04  WARNING   [V11-META-FALTANTE] folio=CRT26-013585 campo=nombre_operador es nulo/vacio
11:04:04  WARNING   [V11-META-FALTANTE] folio=CRT26-013585 campo=asunto es nulo/vacio
11:04:04  INFO      [WEB] Metadatos guardados OK: Rep='None', Ope='None', Asunto='None', Registro='CRT26-013585'
11:04:04  WARNING   [META-RETRY] Campos faltantes: ['nombre_operador', 'representante_legal']
11:04:04  WARNING   [META-RETRY] Intento 3 fallido para folio CRT26-013585. Reintentando en 3s...
11:04:07  INFO      [WEB] Extrayendo metadatos web (intento 4) para folio CRT26-013585
11:04:07  INFO      [WEB] Extrayendo metadatos web (una vez) de SATyS para folio CRT26-013585
11:04:10  INFO      [WEB] Registro encontrado: CRT26-013585
11:04:10  WARNING   [WEB] page.evaluate retornó None en DATOS DEL DOCUMENTO -- intentando fallback con locators de Playwright
11:04:10  INFO      [WEB] DATOS DEL DOCUMENTO (fallback locator): folio_opc='' | no_doc=''
11:04:10  INFO      [WEB] DATOS DEL DOCUMENTO: folio_opc='None' | no_doc='None'
11:04:11  WARNING   [V11-META-FALTANTE] folio=CRT26-013585 campo=representante_legal es nulo/vacio
11:04:11  WARNING   [V11-META-FALTANTE] folio=CRT26-013585 campo=nombre_operador es nulo/vacio
11:04:11  WARNING   [V11-META-FALTANTE] folio=CRT26-013585 campo=asunto es nulo/vacio
11:04:11  INFO      [WEB] Metadatos guardados OK: Rep='None', Ope='None', Asunto='None', Registro='CRT26-013585'
11:04:11  WARNING   [META-RETRY] Campos faltantes: ['nombre_operador', 'representante_legal']
11:04:11  WARNING   [META-RETRY] Intento 4 fallido para folio CRT26-013585. Reintentando en 3s...
11:04:14  INFO      [WEB] Extrayendo metadatos web (intento 5) para folio CRT26-013585
11:04:14  INFO      [WEB] Extrayendo metadatos web (una vez) de SATyS para folio CRT26-013585
11:04:16  INFO      [REG-PAGE] Resultados búsqueda: mostrando 1 de 1 trámites
11:04:16  INFO      [REG-VIEW] Abriendo detalle: registro=CRT26-010583, folio=7415
11:04:17  INFO      [WEB] Registro encontrado: CRT26-013585
11:04:17  WARNING   [WEB] page.evaluate retornó None en DATOS DEL DOCUMENTO -- intentando fallback con locators de Playwright
11:04:17  INFO      [WEB] DATOS DEL DOCUMENTO (fallback locator): folio_opc='' | no_doc=''
11:04:17  INFO      [WEB] DATOS DEL DOCUMENTO: folio_opc='None' | no_doc='None'
11:04:18  WARNING   [V11-META-FALTANTE] folio=CRT26-013585 campo=representante_legal es nulo/vacio
11:04:18  WARNING   [V11-META-FALTANTE] folio=CRT26-013585 campo=nombre_operador es nulo/vacio
11:04:18  WARNING   [V11-META-FALTANTE] folio=CRT26-013585 campo=asunto es nulo/vacio
11:04:18  INFO      [WEB] Metadatos guardados OK: Rep='None', Ope='None', Asunto='None', Registro='CRT26-013585'
11:04:18  WARNING   [META-RETRY] Campos faltantes: ['nombre_operador', 'representante_legal']
11:04:18  WARNING   [META-RETRY] Intento 5 fallido para folio CRT26-013585. Reintentando en 3s...
11:04:19  INFO      [ALT-REVISAR] Detalle del tramite cargado OK
11:04:19  INFO      [ALT-META] Extrayendo metadatos de DATOS DEL TRAMITE para folio VE-166550
11:04:19  INFO      [WR:SATyS-Reg_2] ── Registro CRT26-011149: 2/2 OK | 0 error(es) servidor | 0 error(es) red ──
11:04:21  INFO      [WR:SATyS-Reg_2] ── Iniciando registro CRT26-013520 ──
11:04:21  INFO      [CONC-REG] [59/718] ✓ Registro CRT26-011149 completado: 2 OK / 2 total
11:04:21  INFO      [WEB] Extrayendo metadatos web (intento 6) para folio CRT26-013585
11:04:21  INFO      [WEB] Extrayendo metadatos web (una vez) de SATyS para folio CRT26-013585
11:04:21  INFO      [API] Discovery activo: debug\api_log.jsonl
11:04:23  INFO      [WR:SATyS-Reg_2] Sesión activa (registro CRT26-013520)
11:04:23  INFO      [NAV] Navegando a Enlace Oficialia de Partes...
11:04:24  INFO      [OK] Tablero de Control cargado
11:04:24  INFO      [REG] Configurando tablero para búsqueda por Registro (Todos los años + 100)...
11:04:24  INFO      [REG] Cambiando Año a 'Todos los años' (value='0')...
11:04:24  INFO      [REG] ✅ Año cambiado a 'Todos los años'
11:04:24  INFO      [REG] Cambiando 'Mostrar' a 100 trámites...
11:04:24  INFO      [WEB] Registro encontrado: CRT26-013585
11:04:24  WARNING   [WEB] page.evaluate retornó None en DATOS DEL DOCUMENTO -- intentando fallback con locators de Playwright
11:04:25  INFO      [REG] ✅ Mostrar cambiado a 100 trámites
11:04:25  INFO      [WEB] DATOS DEL DOCUMENTO (fallback locator): folio_opc='VE-166544' | no_doc=''
11:04:25  INFO      [WEB] DATOS DEL DOCUMENTO: folio_opc='VE-166544' | no_doc='None'
11:04:25  INFO      [WEB] Fecha de folio OPC: 19-03-2026 19:23:38
11:04:25  INFO      [REG-BUSCAR] Buscando registro CRT26-013520 en tabla (intento 1)...
11:04:25  INFO      [WEB] Metadatos guardados OK: Rep='DANIEL GARZA GUTIÉRREZ', Ope='DANIEL GARZA GUTIERREZ', Asunto='Trámite que ingreso por Ventanilla Electrónica. Más trámites y servicios', Registro='CRT26-013585'
11:04:25  INFO      [META-RETRY] Todos los campos criticos capturados en intento 6 para folio CRT26-013585
11:04:25  INFO      [FILES] Descargando archivos del folio CRT26-013585...
11:04:26  INFO      [REG-PAGE] Resultados búsqueda: mostrando 1 de 1 trámites
11:04:26  INFO      [REG-VIEW] Abriendo detalle: registro=CRT26-013520, folio=VE-166305
11:04:30  INFO      [INFO] Pagina 1: 2 archivo(s) encontrado(s)
11:04:30  INFO        [1] Descargando: CRT26-011147.pdf
11:04:30  INFO           [OK] Descarga directa: CRT26-011147.pdf  (621.0 KB)
11:04:30  INFO        [2] Descargando: R025-01.csv
11:04:31  INFO           [OK] Descarga directa: R025-01.csv  (0.2 KB)
11:04:31  INFO      [INFO] Folio CRT26-011147: 2/2 descargados en 1 pagina(s)
11:04:31  INFO      [REG-FUENTE] ARCHIVOS ASOCIADOS encontrado para registro CRT26-011147
11:04:31  INFO      [BACK] Regresando al tablero...
11:04:38  INFO      [INFO] Seccion 'ARCHIVOS ASOCIADOS' no existe en folio CRT26-013585 -- activar fallback
11:04:38  INFO      [REG-FUENTE] Sin ARCHIVOS ASOCIADOS -- activando flujo DOCUMENTOS ANEXOS para registro CRT26-013585 (folio=VE-166544)
11:04:38  INFO      [ALT] Iniciando flujo DOCUMENTOS ANEXOS para folio VE-166544 (raw=VE-166544)
11:04:38  INFO      [ALT-NAV] Navegando a Tramites Nuevos...
11:04:40  INFO      [REG-OK] Detalle cargado: registro=CRT26-013520
11:04:40  INFO      [WEB] Extrayendo metadatos web (intento 1) para folio CRT26-013520
11:04:40  INFO      [WEB] Extrayendo metadatos web (una vez) de SATyS para folio CRT26-013520
11:04:41  INFO      [BACK] Re-navegando al tablero...
11:04:41  INFO      [NAV] Navegando a Enlace Oficialia de Partes...
11:04:42  INFO      [REG-OK] Detalle cargado: registro=CRT26-010583
11:04:42  INFO      [WEB] Extrayendo metadatos web (intento 1) para folio CRT26-010583
11:04:42  INFO      [WEB] Extrayendo metadatos web (una vez) de SATyS para folio CRT26-010583
11:04:43  INFO      [WEB] Registro encontrado: CRT26-013520
11:04:43  WARNING   [WEB] page.evaluate retornó None en DATOS DEL DOCUMENTO -- intentando fallback con locators de Playwright
11:04:44  INFO      [WEB] DATOS DEL DOCUMENTO (fallback locator): folio_opc='VE-166305' | no_doc=''
11:04:44  INFO      [WEB] DATOS DEL DOCUMENTO: folio_opc='VE-166305' | no_doc='None'
11:04:44  INFO      [WEB] Fecha de folio OPC: 18-03-2026 19:53:51
11:04:45  INFO      [WEB] Metadatos guardados OK: Rep='MARIO CARLOS RAMÍREZ', Ope='W-NET TELECOMUNICACIONES', Asunto='Trámite que ingreso por Ventanilla Electrónica. Más trámites y servicios', Registro='CRT26-013520'
11:04:45  INFO      [META-RETRY] Todos los campos criticos capturados en intento 1 para folio CRT26-013520
11:04:45  INFO      [FILES] Descargando archivos del folio CRT26-013520...
11:04:45  INFO      [WEB] Registro encontrado: CRT26-010583
11:04:45  WARNING   [WEB] page.evaluate retornó None en DATOS DEL DOCUMENTO -- intentando fallback con locators de Playwright
11:04:46  INFO      [WEB] DATOS DEL DOCUMENTO (fallback locator): folio_opc='' | no_doc=''
11:04:46  INFO      [WEB] DATOS DEL DOCUMENTO: folio_opc='None' | no_doc='None'
11:04:47  WARNING   [V11-META-FALTANTE] folio=CRT26-010583 campo=representante_legal es nulo/vacio
11:04:47  WARNING   [V11-META-FALTANTE] folio=CRT26-010583 campo=nombre_operador es nulo/vacio
11:04:47  WARNING   [V11-META-FALTANTE] folio=CRT26-010583 campo=asunto es nulo/vacio
11:04:47  INFO      [WEB] Metadatos guardados OK: Rep='None', Ope='None', Asunto='None', Registro='CRT26-010583'
11:04:47  WARNING   [META-RETRY] Campos faltantes: ['nombre_operador', 'representante_legal']
11:04:47  WARNING   [META-RETRY] Intento 1 fallido para folio CRT26-010583. Reintentando en 3s...
11:04:50  INFO      [WEB] Extrayendo metadatos web (intento 2) para folio CRT26-010583
11:04:50  INFO      [WEB] Extrayendo metadatos web (una vez) de SATyS para folio CRT26-010583
11:04:53  INFO      [WEB] Registro encontrado: CRT26-010583
11:04:53  WARNING   [WEB] page.evaluate retornó None en DATOS DEL DOCUMENTO -- intentando fallback con locators de Playwright
11:04:53  INFO      [WEB] DATOS DEL DOCUMENTO (fallback locator): folio_opc='' | no_doc=''
11:04:53  INFO      [WEB] DATOS DEL DOCUMENTO: folio_opc='None' | no_doc='None'
11:04:53  WARNING   [V11-META-FALTANTE] folio=CRT26-010583 campo=representante_legal es nulo/vacio
11:04:53  WARNING   [V11-META-FALTANTE] folio=CRT26-010583 campo=nombre_operador es nulo/vacio
11:04:53  WARNING   [V11-META-FALTANTE] folio=CRT26-010583 campo=asunto es nulo/vacio
11:04:53  INFO      [WEB] Metadatos guardados OK: Rep='None', Ope='None', Asunto='None', Registro='CRT26-010583'
11:04:53  WARNING   [META-RETRY] Campos faltantes: ['nombre_operador', 'representante_legal']
11:04:53  WARNING   [META-RETRY] Intento 2 fallido para folio CRT26-010583. Reintentando en 3s...
11:04:54  INFO      [ALT-META] Metadatos guardados: {'tipo_tramite': 'CGPE-01-001: Solicitud de Registro inicial de los servicios de telecomunicaciones comercializados, para efectos del acervo estadístico del Instituto Federal de Telecomunicaciones', 'fecha_registro': '19/03/2026', 'solicitante': '', 'nombre_operador': 'RED SIN LÍMITE, S.A.S. DE C.V.', 'representante_legal': 'JUAN ALFREDO MARTÍNEZ MENDOZA', 'asunto': 'SE PRESENTA EL ANEXO R026. REGISTRO DE SERVICIOS DE TELECOMUNICACIONES COMERCIALIZADOS CONFORME A LOS CLIENTES ACTIVOS DEL 31 DE DICIEMBRE 2025', 'descripcion': '', 'registro': '', 'folio': '166550'}
11:04:54  INFO      [ALT-DL] Descargando DOCUMENTOS ANEXOS para folio VE-166550
11:04:55  INFO      [ALT-NAV] Tramites Nuevos cargado OK
11:04:55  INFO      [ALT-SEARCH] Folio normalizado para busqueda: 'VE-166544' -> '166544'
11:04:55  INFO      [ALT-SEARCH] Buscando folio 166544 en Tramites Nuevos...
11:04:56  INFO      [OK] Tablero de Control cargado
11:04:57  INFO      [WEB] Extrayendo metadatos web (intento 3) para folio CRT26-010583
11:04:57  INFO      [WEB] Extrayendo metadatos web (una vez) de SATyS para folio CRT26-010583
11:04:57  INFO      [INFO] Seccion 'ARCHIVOS ASOCIADOS' no existe en folio CRT26-013520 -- activar fallback
11:04:57  INFO      [ALT-DL] Seccion DOCUMENTOS ANEXOS localizada: text=DOCUMENTOS ANEXOS
11:04:57  INFO      [REG-FUENTE] Sin ARCHIVOS ASOCIADOS -- activando flujo DOCUMENTOS ANEXOS para registro CRT26-013520 (folio=VE-166305)
11:04:57  INFO      [ALT] Iniciando flujo DOCUMENTOS ANEXOS para folio VE-166305 (raw=VE-166305)
11:04:57  INFO      [ALT-NAV] Navegando a Tramites Nuevos...
11:04:58  INFO      [ALT-DL] DOCUMENTOS ANEXOS: Mostrando 1 a 1 de 1
11:04:58  INFO      [ALT-DL] Selector DOCUMENTOS ANEXOS cambiado a: 100
11:04:59  INFO      [ALT-DL] DOCUMENTOS ANEXOS (post-100): Mostrando 1 a 1 de 1
11:05:00  INFO      [WEB] Registro encontrado: CRT26-010583
11:05:00  WARNING   [WEB] page.evaluate retornó None en DATOS DEL DOCUMENTO -- intentando fallback con locators de Playwright
11:05:00  WARNING   [ALT-DL] 4 botones > 1 esperados -- usando solo los primeros 1
11:05:00  INFO      [ALT-DL] Pagina 1: 1 botones VER DOCUMENTO
11:05:00  INFO        [1] nombre=documento_VE-166550_1  tipo=  fecha=
11:05:00  INFO      [WEB] DATOS DEL DOCUMENTO (fallback locator): folio_opc='7415' | no_doc=''
11:05:00  INFO      [WEB] DATOS DEL DOCUMENTO: folio_opc='7415' | no_doc='None'
11:05:00  INFO      [WEB] Fecha de folio OPC: 17-03-2026 00:00:00
11:05:01  INFO      [WEB] Metadatos guardados OK: Rep='CARLOS MISAEL SOSA VERGARA', Ope='CARLOS MISAEL SOSA VERGARA', Asunto='FORMATO R025', Registro='CRT26-010583'
11:05:01  INFO      [META-RETRY] Todos los campos criticos capturados en intento 3 para folio CRT26-010583
11:05:01  INFO      [FILES] Descargando archivos del folio CRT26-010583...
11:05:01  INFO        [OK] solicitud166550.pdf  (277.5 KB)
11:05:01  INFO      [ALT-DL] Paginacion: mostrando 1 a 1 de 1
11:05:01  INFO      [ALT-DL] VALIDACION OK: 1/1 documentos descargados
11:05:01  INFO      [REG-META] metadata_satys.json actualizado para registro CRT26-013586
11:05:01  INFO      [BACK] Regresando al tablero...
11:05:02  INFO      [ALT-NAV] Tramites Nuevos cargado OK
11:05:02  INFO      [ALT-SEARCH] Folio normalizado para busqueda: 'VE-166305' -> '166305'
11:05:02  INFO      [ALT-SEARCH] Buscando folio 166305 en Tramites Nuevos...
11:05:03  INFO      [ALT-SEARCH] Folio VE-166544 encontrado en Tramites Nuevos
11:05:03  INFO      [ALT-REVISAR] Abriendo detalle del tramite VE-166544...
11:05:04  INFO      [BACK] Re-navegando al tablero...
11:05:04  INFO      [NAV] Navegando a Enlace Oficialia de Partes...
11:05:09  INFO      [OK] Tablero de Control cargado
11:05:09  INFO      [ALT-SEARCH] Folio VE-166305 encontrado en Tramites Nuevos
11:05:09  INFO      [ALT-REVISAR] Abriendo detalle del tramite VE-166305...
11:05:09  INFO      [ALT-REVISAR] Detalle del tramite cargado OK
11:05:09  INFO      [ALT-META] Extrayendo metadatos de DATOS DEL TRAMITE para folio VE-166544
11:05:11  INFO      [ALT-REVISAR] Detalle del tramite cargado OK
11:05:11  INFO      [ALT-META] Extrayendo metadatos de DATOS DEL TRAMITE para folio VE-166305
11:05:12  INFO      [WR:SATyS-Reg_1] ── Registro CRT26-011147: 2/2 OK | 0 error(es) servidor | 0 error(es) red ──
11:05:13  INFO      [WR:SATyS-Reg_1] ── Iniciando registro CRT26-013514 ──
11:05:13  INFO      [CONC-REG] [60/718] ✓ Registro CRT26-011147 completado: 2 OK / 2 total
11:05:14  INFO      [REG-PAGE] Resultados búsqueda: mostrando 1 de 1 trámites
11:05:14  INFO      [WR:SATyS-Reg_0] ── Registro CRT26-011151: 2/2 OK | 0 error(es) servidor | 0 error(es) red ──
11:05:14  INFO      [API] Discovery activo: debug\api_log.jsonl
11:05:15  INFO      [WR:SATyS-Reg_0] ── Iniciando registro CRT26-013437 ──
11:05:15  INFO      [CONC-REG] [61/718] ✓ Registro CRT26-011151 completado: 2 OK / 2 total
11:05:16  INFO      [API] Discovery activo: debug\api_log.jsonl
11:05:22  INFO      [WR:SATyS-Reg_1] Sesión activa (registro CRT26-013514)
11:05:22  INFO      [NAV] Navegando a Enlace Oficialia de Partes...
11:05:22  INFO      [WR:SATyS-Reg_0] Sesión activa (registro CRT26-013437)
11:05:22  INFO      [NAV] Navegando a Enlace Oficialia de Partes...
11:05:27  INFO      [ALT-META] Metadatos guardados: {'tipo_tramite': 'CGPE-01-008: Entrega periódica de Información General Estadística para efectos del Acervo Estadístico del Instituto Federal de Telecomunicaciones.', 'fecha_registro': '19/03/2026', 'solicitante': '', 'nombre_operador': 'DANIEL GARZA GUTIERREZ', 'representante_legal': 'DANIEL GARZA GUTIÉRREZ', 'asunto': 'SE PRESENTA EL ANEXO R024. INFORMACIÓN ESTADÍSTICA SOBRE VIVIENDAS PASADAS CORRESPONDIENTE AL AÑO 2025', 'descripcion': '', 'registro': '', 'folio': '166544'}
11:05:27  INFO      [ALT-DL] Descargando DOCUMENTOS ANEXOS para folio VE-166544
11:05:29  INFO      [ALT-DL] Seccion DOCUMENTOS ANEXOS localizada: text=DOCUMENTOS ANEXOS
11:05:30  INFO      [OK] Tablero de Control cargado
11:05:30  INFO      [REG] Configurando tablero para búsqueda por Registro (Todos los años + 100)...
11:05:30  INFO      [INFO] Cambiando paginacion ARCHIVOS ASOCIADOS a '100' elementos
11:05:30  INFO      [REG] Cambiando Año a 'Todos los años' (value='0')...
11:05:30  INFO      [ALT-DL] DOCUMENTOS ANEXOS: Mostrando 1 a 2 de 2
11:05:30  INFO      [ALT-DL] Selector DOCUMENTOS ANEXOS cambiado a: 100
11:05:30  INFO      [REG] ✅ Año cambiado a 'Todos los años'
11:05:30  INFO      [REG] Cambiando 'Mostrar' a 100 trámites...
11:05:31  INFO      [REG] ✅ Mostrar cambiado a 100 trámites
11:05:31  INFO      [REG-BUSCAR] Buscando registro CRT26-013514 en tabla (intento 1)...
11:05:31  INFO      [ALT-DL] DOCUMENTOS ANEXOS (post-100): Mostrando 1 a 2 de 2
11:05:31  WARNING   [ALT-DL] 5 botones > 2 esperados -- usando solo los primeros 2
11:05:31  INFO      [ALT-DL] Pagina 1: 2 botones VER DOCUMENTO
11:05:31  INFO        [1] nombre=documento_VE-166544_1  tipo=  fecha=
11:05:32  INFO        [OK] 17739697484966r024-01.xlsx  (10.7 KB)
11:05:32  INFO        [2] nombre=documento_VE-166544_2  tipo=  fecha=
11:05:33  INFO      [REG-PAGE] Resultados búsqueda: mostrando 1 de 1 trámites
11:05:33  INFO        [OK] solicitud166544.pdf  (293.7 KB)
11:05:33  INFO      [ALT-DL] Paginacion: mostrando 1 a 2 de 2
11:05:33  INFO      [ALT-DL] VALIDACION OK: 2/2 documentos descargados
11:05:33  INFO      [REG-META] metadata_satys.json actualizado para registro CRT26-013585
11:05:33  INFO      [BACK] Regresando al tablero...
11:05:33  INFO      [REG-VIEW] Abriendo detalle: registro=CRT26-013514, folio=VE-166293
11:05:34  INFO      [OK] Tablero de Control cargado
11:05:34  INFO      [REG] Configurando tablero para búsqueda por Registro (Todos los años + 100)...
11:05:34  INFO      [REG] Cambiando Año a 'Todos los años' (value='0')...
11:05:34  INFO      [REG] ✅ Año cambiado a 'Todos los años'
11:05:34  INFO      [REG] Cambiando 'Mostrar' a 100 trámites...
11:05:35  INFO      [REG-OK] Detalle cargado: registro=CRT26-013514
11:05:35  INFO      [WEB] Extrayendo metadatos web (intento 1) para folio CRT26-013514
11:05:35  INFO      [WEB] Extrayendo metadatos web (una vez) de SATyS para folio CRT26-013514
11:05:35  INFO      [WR:SATyS-Reg_3] ── Registro CRT26-013586: 1/1 OK | 0 error(es) servidor | 0 error(es) red ──
11:05:35  INFO      [REG] ✅ Mostrar cambiado a 100 trámites
11:05:35  INFO      [REG-BUSCAR] Buscando registro CRT26-013437 en tabla (intento 1)...
11:05:36  INFO      [BACK] Re-navegando al tablero...
11:05:36  INFO      [NAV] Navegando a Enlace Oficialia de Partes...
11:05:37  INFO      [WR:SATyS-Reg_3] ── Iniciando registro CRT26-013434 ──
11:05:37  INFO      [CONC-REG] [62/718] ✓ Registro CRT26-013586 completado: 1 OK / 1 total
11:05:38  INFO      [WEB] Registro encontrado: CRT26-013514
11:05:38  WARNING   [WEB] page.evaluate retornó None en DATOS DEL DOCUMENTO -- intentando fallback con locators de Playwright
11:05:38  INFO      [API] Discovery activo: debug\api_log.jsonl
11:05:38  INFO      [WEB] DATOS DEL DOCUMENTO (fallback locator): folio_opc='' | no_doc=''
11:05:38  INFO      [WEB] DATOS DEL DOCUMENTO: folio_opc='None' | no_doc='None'
11:05:39  WARNING   [V11-META-FALTANTE] folio=CRT26-013514 campo=representante_legal es nulo/vacio
11:05:39  WARNING   [V11-META-FALTANTE] folio=CRT26-013514 campo=nombre_operador es nulo/vacio
11:05:39  WARNING   [V11-META-FALTANTE] folio=CRT26-013514 campo=asunto es nulo/vacio
11:05:39  INFO      [WEB] Metadatos guardados OK: Rep='None', Ope='None', Asunto='None', Registro='CRT26-013514'
11:05:39  WARNING   [META-RETRY] Campos faltantes: ['nombre_operador', 'representante_legal']
11:05:39  WARNING   [META-RETRY] Intento 1 fallido para folio CRT26-013514. Reintentando en 3s...
11:05:42  INFO      [WEB] Extrayendo metadatos web (intento 2) para folio CRT26-013514
11:05:42  INFO      [WEB] Extrayendo metadatos web (una vez) de SATyS para folio CRT26-013514
11:05:45  INFO      [WEB] Registro encontrado: CRT26-013514
11:05:45  WARNING   [WEB] page.evaluate retornó None en DATOS DEL DOCUMENTO -- intentando fallback con locators de Playwright
11:05:46  INFO      [WEB] DATOS DEL DOCUMENTO (fallback locator): folio_opc='VE-166293' | no_doc=''
11:05:46  INFO      [WEB] DATOS DEL DOCUMENTO: folio_opc='VE-166293' | no_doc='None'
11:05:46  INFO      [WEB] Fecha de folio OPC: 18-03-2026 18:11:37
11:05:46  INFO      [WEB] Metadatos guardados OK: Rep='VERÓNICA AGUILAR NEGRETE', Ope='TALENTO NET', Asunto='Trámite que ingreso por Ventanilla Electrónica. Más trámites y servicios', Registro='CRT26-013514'
11:05:46  INFO      [META-RETRY] Todos los campos criticos capturados en intento 2 para folio CRT26-013514
11:05:46  INFO      [FILES] Descargando archivos del folio CRT26-013514...
11:05:46  INFO      [REG-PAGE] Resultados búsqueda: mostrando 1 de 1 trámites
11:05:47  INFO      [REG-VIEW] Abriendo detalle: registro=CRT26-013437, folio=VE-166015
11:05:52  INFO      [REG-OK] Detalle cargado: registro=CRT26-013437
11:05:52  INFO      [WEB] Extrayendo metadatos web (intento 1) para folio CRT26-013437
11:05:52  INFO      [WEB] Extrayendo metadatos web (una vez) de SATyS para folio CRT26-013437
11:05:55  INFO      [WR:SATyS-Reg_3] Sesión activa (registro CRT26-013434)
11:05:55  INFO      [NAV] Navegando a Enlace Oficialia de Partes...
11:05:55  INFO      [OK] Tablero de Control cargado
11:05:55  INFO      [WEB] Registro encontrado: CRT26-013437
11:05:55  WARNING   [WEB] page.evaluate retornó None en DATOS DEL DOCUMENTO -- intentando fallback con locators de Playwright
11:05:56  INFO      [WEB] DATOS DEL DOCUMENTO (fallback locator): folio_opc='VE-166015' | no_doc=''
11:05:56  INFO      [WEB] DATOS DEL DOCUMENTO: folio_opc='VE-166015' | no_doc='None'
11:05:56  INFO      [WEB] Fecha de folio OPC: 17-03-2026 20:23:40
11:05:56  INFO      [ALT-META] Metadatos guardados: {'tipo_tramite': 'CGPE-01-001: Solicitud de Registro inicial de los servicios de telecomunicaciones comercializados, para efectos del acervo estadístico del Instituto Federal de Telecomunicaciones', 'fecha_registro': '18/03/2026', 'solicitante': '', 'nombre_operador': 'W-NET TELECOMUNICACIONES, S.A. DE C.V.', 'representante_legal': 'MARIO CARLOS RAMÍREZ', 'asunto': 'SE PRESEBNTA EL ANEXO R026. REGISTRO DE SERVICIOS DE TELECOMUNICACIONES COMERCIALIZADOS.', 'descripcion': '', 'registro': '', 'folio': '166305'}
11:05:56  INFO      [ALT-DL] Descargando DOCUMENTOS ANEXOS para folio VE-166305
11:05:56  INFO      [WR:SATyS-Reg_5] ── Registro CRT26-013585: 2/2 OK | 0 error(es) servidor | 0 error(es) red ──
11:05:56  INFO      [WEB] Metadatos guardados OK: Rep='SAMANTA PAOLA LEMUS NIETO', Ope='AXTEL', Asunto='Trámite que ingreso por Ventanilla Electrónica. Más trámites y servicios', Registro='CRT26-013437'
11:05:56  INFO      [META-RETRY] Todos los campos criticos capturados en intento 1 para folio CRT26-013437
11:05:56  INFO      [FILES] Descargando archivos del folio CRT26-013437...
11:05:58  INFO      [WR:SATyS-Reg_5] ── Iniciando registro CRT26-013426 ──
11:05:58  INFO      [CONC-REG] [63/718] ✓ Registro CRT26-013585 completado: 2 OK / 2 total
11:05:59  INFO      [INFO] Seccion 'ARCHIVOS ASOCIADOS' no existe en folio CRT26-013514 -- activar fallback
11:05:59  INFO      [REG-FUENTE] Sin ARCHIVOS ASOCIADOS -- activando flujo DOCUMENTOS ANEXOS para registro CRT26-013514 (folio=VE-166293)
11:05:59  INFO      [ALT] Iniciando flujo DOCUMENTOS ANEXOS para folio VE-166293 (raw=VE-166293)
11:05:59  INFO      [ALT-NAV] Navegando a Tramites Nuevos...
11:05:59  INFO      [API] Discovery activo: debug\api_log.jsonl
11:06:00  INFO      [ALT-DL] Seccion DOCUMENTOS ANEXOS localizada: text=DOCUMENTOS ANEXOS
11:06:01  INFO      [ALT-DL] DOCUMENTOS ANEXOS: Mostrando 1 a 1 de 1
11:06:01  INFO      [ALT-DL] Selector DOCUMENTOS ANEXOS cambiado a: 100
11:06:02  INFO      [ALT-DL] DOCUMENTOS ANEXOS (post-100): Mostrando 1 a 1 de 1
11:06:02  WARNING   [ALT-DL] 4 botones > 1 esperados -- usando solo los primeros 1
11:06:02  INFO      [ALT-DL] Pagina 1: 1 botones VER DOCUMENTO
11:06:02  INFO        [1] nombre=documento_VE-166305_1  tipo=  fecha=
11:06:03  INFO        [OK] solicitud166305.pdf  (277.6 KB)
11:06:03  INFO      [ALT-DL] Paginacion: mostrando 1 a 1 de 1
11:06:03  INFO      [ALT-DL] VALIDACION OK: 1/1 documentos descargados
11:06:03  INFO      [REG-META] metadata_satys.json actualizado para registro CRT26-013520
11:06:03  INFO      [BACK] Regresando al tablero...
11:06:06  INFO      [OK] Tablero de Control cargado
11:06:06  INFO      [REG] Configurando tablero para búsqueda por Registro (Todos los años + 100)...
11:06:06  INFO      [BACK] Re-navegando al tablero...
11:06:06  INFO      [NAV] Navegando a Enlace Oficialia de Partes...
11:06:06  INFO      [REG] Cambiando Año a 'Todos los años' (value='0')...
11:06:06  INFO      [REG] ✅ Año cambiado a 'Todos los años'
11:06:06  INFO      [REG] Cambiando 'Mostrar' a 100 trámites...
11:06:07  INFO      [WR:SATyS-Reg_5] Sesión activa (registro CRT26-013426)
11:06:07  INFO      [NAV] Navegando a Enlace Oficialia de Partes...
11:06:07  INFO      [REG] ✅ Mostrar cambiado a 100 trámites
11:06:07  INFO      [REG-BUSCAR] Buscando registro CRT26-013434 en tabla (intento 1)...
11:06:08  INFO      [ALT-NAV] Tramites Nuevos cargado OK
11:06:08  INFO      [ALT-SEARCH] Folio normalizado para busqueda: 'VE-166293' -> '166293'
11:06:08  INFO      [ALT-SEARCH] Buscando folio 166293 en Tramites Nuevos...
11:06:08  INFO      [OK] Tablero de Control cargado
11:06:09  INFO      [INFO] Seccion 'ARCHIVOS ASOCIADOS' no existe en folio CRT26-013437 -- activar fallback
11:06:09  INFO      [OK] Tablero de Control cargado
11:06:09  INFO      [REG] Configurando tablero para búsqueda por Registro (Todos los años + 100)...
11:06:09  INFO      [REG-FUENTE] Sin ARCHIVOS ASOCIADOS -- activando flujo DOCUMENTOS ANEXOS para registro CRT26-013437 (folio=VE-166015)
11:06:09  INFO      [ALT] Iniciando flujo DOCUMENTOS ANEXOS para folio VE-166015 (raw=VE-166015)
11:06:09  INFO      [ALT-NAV] Navegando a Tramites Nuevos...
11:06:09  INFO      [REG] Cambiando Año a 'Todos los años' (value='0')...
11:06:09  INFO      [REG] ✅ Año cambiado a 'Todos los años'
11:06:09  INFO      [WR:SATyS-Reg_2] ── Registro CRT26-013520: 1/1 OK | 0 error(es) servidor | 0 error(es) red ──
11:06:10  INFO      [REG] Cambiando 'Mostrar' a 100 trámites...
11:06:10  INFO      [REG] ✅ Mostrar cambiado a 100 trámites
11:06:10  INFO      [REG-BUSCAR] Buscando registro CRT26-013426 en tabla (intento 1)...
11:06:11  INFO      [REG-PAGE] Resultados búsqueda: mostrando 1 de 1 trámites
11:06:11  INFO      [REG-VIEW] Abriendo detalle: registro=CRT26-013434, folio=VE-166012
11:06:11  INFO      [WR:SATyS-Reg_2] ── Iniciando registro CRT26-013400 ──
11:06:11  INFO      [CONC-REG] [64/718] ✓ Registro CRT26-013520 completado: 1 OK / 1 total
11:06:12  INFO      [API] Discovery activo: debug\api_log.jsonl
11:06:15  INFO      [ALT-SEARCH] Folio VE-166293 encontrado en Tramites Nuevos
11:06:15  INFO      [ALT-REVISAR] Abriendo detalle del tramite VE-166293...
11:06:19  INFO      [WR:SATyS-Reg_2] Sesión activa (registro CRT26-013400)
11:06:19  INFO      [NAV] Navegando a Enlace Oficialia de Partes...
11:06:23  INFO      [ALT-NAV] Tramites Nuevos cargado OK
11:06:23  INFO      [ALT-SEARCH] Folio normalizado para busqueda: 'VE-166015' -> '166015'
11:06:23  INFO      [ALT-SEARCH] Buscando folio 166015 en Tramites Nuevos...
11:06:23  INFO      [WR:SATyS-Reg_5] ── Registro CRT26-013426: 0/1 OK | 0 error(es) servidor | 0 error(es) red ──
11:06:25  INFO      [OK] Tablero de Control cargado
11:06:25  INFO      [REG] Configurando tablero para búsqueda por Registro (Todos los años + 100)...
11:06:25  INFO      [REG-OK] Detalle cargado: registro=CRT26-013434
11:06:25  INFO      [WEB] Extrayendo metadatos web (intento 1) para folio CRT26-013434
11:06:25  INFO      [WEB] Extrayendo metadatos web (una vez) de SATyS para folio CRT26-013434
11:06:25  INFO      [WR:SATyS-Reg_5] ── Iniciando registro CRT26-013374 ──
11:06:25  INFO      [CONC-REG] [65/718] ✓ Registro CRT26-013426 completado: 0 OK / 1 total
11:06:25  INFO      [REG] Cambiando Año a 'Todos los años' (value='0')...
11:06:25  INFO      [REG] ✅ Año cambiado a 'Todos los años'
11:06:26  INFO      [REG] Cambiando 'Mostrar' a 100 trámites...
11:06:26  INFO      [API] Discovery activo: debug\api_log.jsonl
11:06:26  INFO      [ALT-REVISAR] Detalle del tramite cargado OK
11:06:26  INFO      [ALT-META] Extrayendo metadatos de DATOS DEL TRAMITE para folio VE-166293
11:06:26  INFO      [REG] ✅ Mostrar cambiado a 100 trámites
11:06:26  INFO      [REG-BUSCAR] Buscando registro CRT26-013400 en tabla (intento 1)...
11:06:28  INFO      [WEB] Registro encontrado: CRT26-013434
11:06:28  WARNING   [WEB] page.evaluate retornó None en DATOS DEL DOCUMENTO -- intentando fallback con locators de Playwright
11:06:29  INFO      [WEB] DATOS DEL DOCUMENTO (fallback locator): folio_opc='' | no_doc=''
11:06:29  INFO      [WEB] DATOS DEL DOCUMENTO: folio_opc='None' | no_doc='None'
11:06:29  WARNING   [V11-META-FALTANTE] folio=CRT26-013434 campo=representante_legal es nulo/vacio
11:06:29  WARNING   [V11-META-FALTANTE] folio=CRT26-013434 campo=nombre_operador es nulo/vacio
11:06:29  WARNING   [V11-META-FALTANTE] folio=CRT26-013434 campo=asunto es nulo/vacio
11:06:29  INFO      [WEB] Metadatos guardados OK: Rep='None', Ope='None', Asunto='None', Registro='CRT26-013434'
11:06:29  WARNING   [META-RETRY] Campos faltantes: ['nombre_operador', 'representante_legal']
11:06:29  WARNING   [META-RETRY] Intento 1 fallido para folio CRT26-013434. Reintentando en 3s...
11:06:30  INFO      [ALT-SEARCH] Folio VE-166015 encontrado en Tramites Nuevos
11:06:30  INFO      [ALT-REVISAR] Abriendo detalle del tramite VE-166015...
11:06:30  INFO      [INFO] Pagina 1: 1 archivo(s) encontrado(s)
11:06:30  INFO        [1] Descargando: CRT26-010583.pdf
11:06:31  INFO           [OK] Descarga directa: CRT26-010583.pdf  (2955.7 KB)
11:06:31  INFO      [INFO] Folio CRT26-010583: 1/1 descargados en 1 pagina(s)
11:06:31  INFO      [REG-FUENTE] ARCHIVOS ASOCIADOS encontrado para registro CRT26-010583
11:06:31  INFO      [BACK] Regresando al tablero...
11:06:32  INFO      [WEB] Extrayendo metadatos web (intento 2) para folio CRT26-013434
11:06:32  INFO      [WEB] Extrayendo metadatos web (una vez) de SATyS para folio CRT26-013434
11:06:36  INFO      [WEB] Registro encontrado: CRT26-013434
11:06:36  WARNING   [WEB] page.evaluate retornó None en DATOS DEL DOCUMENTO -- intentando fallback con locators de Playwright
11:06:36  INFO      [WEB] DATOS DEL DOCUMENTO (fallback locator): folio_opc='' | no_doc=''
11:06:36  INFO      [WEB] DATOS DEL DOCUMENTO: folio_opc='None' | no_doc='None'
11:06:37  WARNING   [V11-META-FALTANTE] folio=CRT26-013434 campo=representante_legal es nulo/vacio
11:06:37  WARNING   [V11-META-FALTANTE] folio=CRT26-013434 campo=nombre_operador es nulo/vacio
11:06:37  WARNING   [V11-META-FALTANTE] folio=CRT26-013434 campo=asunto es nulo/vacio
11:06:37  INFO      [WEB] Metadatos guardados OK: Rep='None', Ope='None', Asunto='None', Registro='CRT26-013434'
11:06:37  WARNING   [META-RETRY] Campos faltantes: ['nombre_operador', 'representante_legal']
11:06:37  WARNING   [META-RETRY] Intento 2 fallido para folio CRT26-013434. Reintentando en 3s...
11:06:40  INFO      [WEB] Extrayendo metadatos web (intento 3) para folio CRT26-013434
11:06:40  INFO      [WEB] Extrayendo metadatos web (una vez) de SATyS para folio CRT26-013434
11:06:41  INFO      [BACK] Re-navegando al tablero...
11:06:41  INFO      [NAV] Navegando a Enlace Oficialia de Partes...
11:06:43  INFO      [WEB] Registro encontrado: CRT26-013434
11:06:43  WARNING   [WEB] page.evaluate retornó None en DATOS DEL DOCUMENTO -- intentando fallback con locators de Playwright
11:06:44  INFO      [WEB] DATOS DEL DOCUMENTO (fallback locator): folio_opc='' | no_doc=''
11:06:44  INFO      [WEB] DATOS DEL DOCUMENTO: folio_opc='None' | no_doc='None'
11:06:44  WARNING   [V11-META-FALTANTE] folio=CRT26-013434 campo=representante_legal es nulo/vacio
11:06:44  WARNING   [V11-META-FALTANTE] folio=CRT26-013434 campo=nombre_operador es nulo/vacio
11:06:44  WARNING   [V11-META-FALTANTE] folio=CRT26-013434 campo=asunto es nulo/vacio
11:06:44  INFO      [WEB] Metadatos guardados OK: Rep='None', Ope='None', Asunto='None', Registro='CRT26-013434'
11:06:44  WARNING   [META-RETRY] Campos faltantes: ['nombre_operador', 'representante_legal']
11:06:44  WARNING   [META-RETRY] Intento 3 fallido para folio CRT26-013434. Reintentando en 3s...
11:06:45  INFO      [ALT-META] Metadatos guardados: {'tipo_tramite': 'CGPE-01-008: Entrega periódica de Información General Estadística para efectos del Acervo Estadístico del Instituto Federal de Telecomunicaciones.', 'fecha_registro': '18/03/2026', 'solicitante': '', 'nombre_operador': 'TALENTO NET, S. DE R.L. DE C.V.', 'representante_legal': 'VERÓNICA AGUILAR NEGRETE', 'asunto': '', 'descripcion': '', 'registro': '', 'folio': '166293'}
11:06:45  INFO      [ALT-DL] Descargando DOCUMENTOS ANEXOS para folio VE-166293
11:06:45  INFO      [REG-PAGE] Resultados búsqueda: mostrando 1 de 1 trámites
11:06:45  INFO      [REG-VIEW] Abriendo detalle: registro=CRT26-013400, folio=VE-165950
11:06:46  INFO      [OK] Tablero de Control cargado
11:06:46  INFO      [WR:SATyS-Reg_5] Sesión activa (registro CRT26-013374)
11:06:46  INFO      [NAV] Navegando a Enlace Oficialia de Partes...
11:06:46  INFO      [REG-OK] Detalle cargado: registro=CRT26-013400
11:06:46  INFO      [WEB] Extrayendo metadatos web (intento 1) para folio CRT26-013400
11:06:46  INFO      [WEB] Extrayendo metadatos web (una vez) de SATyS para folio CRT26-013400
11:06:47  INFO      [WEB] Extrayendo metadatos web (intento 4) para folio CRT26-013434
11:06:47  INFO      [WEB] Extrayendo metadatos web (una vez) de SATyS para folio CRT26-013434
11:06:47  INFO      [ALT-REVISAR] Detalle del tramite cargado OK
11:06:47  INFO      [ALT-META] Extrayendo metadatos de DATOS DEL TRAMITE para folio VE-166015
11:06:48  INFO      [OK] Tablero de Control cargado
11:06:48  INFO      [REG] Configurando tablero para búsqueda por Registro (Todos los años + 100)...
11:06:48  INFO      [REG] Cambiando Año a 'Todos los años' (value='0')...
11:06:48  INFO      [ALT-DL] Seccion DOCUMENTOS ANEXOS localizada: text=DOCUMENTOS ANEXOS
11:06:48  INFO      [REG] ✅ Año cambiado a 'Todos los años'
11:06:48  INFO      [REG] Cambiando 'Mostrar' a 100 trámites...
11:06:49  INFO      [REG] ✅ Mostrar cambiado a 100 trámites
11:06:49  INFO      [REG-BUSCAR] Buscando registro CRT26-013374 en tabla (intento 1)...
11:06:49  INFO      [ALT-DL] DOCUMENTOS ANEXOS: Mostrando 1 a 10 de 20
11:06:49  INFO      [ALT-DL] Selector DOCUMENTOS ANEXOS cambiado a: 100
11:06:50  INFO      [WEB] Registro encontrado: CRT26-013400
11:06:50  WARNING   [WEB] page.evaluate retornó None en DATOS DEL DOCUMENTO -- intentando fallback con locators de Playwright
11:06:50  INFO      [WEB] Registro encontrado: CRT26-013434
11:06:50  WARNING   [WEB] page.evaluate retornó None en DATOS DEL DOCUMENTO -- intentando fallback con locators de Playwright
11:06:50  INFO      [WEB] DATOS DEL DOCUMENTO (fallback locator): folio_opc='' | no_doc=''
11:06:50  INFO      [WEB] DATOS DEL DOCUMENTO: folio_opc='None' | no_doc='None'
11:06:51  INFO      [ALT-DL] DOCUMENTOS ANEXOS (post-100): Mostrando 1 a 20 de 20
11:06:51  WARNING   [ALT-DL] 23 botones > 20 esperados -- usando solo los primeros 20
11:06:51  INFO      [ALT-DL] Pagina 1: 20 botones VER DOCUMENTO
11:06:51  WARNING   [V11-META-FALTANTE] folio=CRT26-013400 campo=representante_legal es nulo/vacio
11:06:51  WARNING   [V11-META-FALTANTE] folio=CRT26-013400 campo=nombre_operador es nulo/vacio
11:06:51  WARNING   [V11-META-FALTANTE] folio=CRT26-013400 campo=asunto es nulo/vacio
11:06:51  INFO      [WEB] Metadatos guardados OK: Rep='None', Ope='None', Asunto='None', Registro='CRT26-013400'
11:06:51  WARNING   [META-RETRY] Campos faltantes: ['nombre_operador', 'representante_legal']
11:06:51  WARNING   [META-RETRY] Intento 1 fallido para folio CRT26-013400. Reintentando en 3s...
11:06:51  INFO      [WEB] DATOS DEL DOCUMENTO (fallback locator): folio_opc='VE-166012' | no_doc=''
11:06:51  INFO      [WEB] DATOS DEL DOCUMENTO: folio_opc='VE-166012' | no_doc='None'
11:06:51  INFO      [WEB] Fecha de folio OPC: 17-03-2026 20:04:13
11:06:51  INFO        [1] nombre=documento_VE-166293_1  tipo=  fecha=
11:06:52  INFO      [WEB] Metadatos guardados OK: Rep='SAMANTA PAOLA LEMUS NIETO', Ope='AXE REDES E INFRAESTRUCTURA', Asunto='Trámite que ingreso por Ventanilla Electrónica. Más trámites y servicios', Registro='CRT26-013434'
11:06:52  INFO      [META-RETRY] Todos los campos criticos capturados en intento 4 para folio CRT26-013434
11:06:52  INFO      [FILES] Descargando archivos del folio CRT26-013434...
11:06:52  INFO      [WR:SATyS-Reg_5] ── Registro CRT26-013374: 0/1 OK | 0 error(es) servidor | 0 error(es) red ──
11:06:52  INFO        [OK] 17738789922392r010_05.csv  (0.0 KB)
11:06:52  INFO      [WR:SATyS-Reg_4] ── Registro CRT26-010583: 1/1 OK | 0 error(es) servidor | 0 error(es) red ──
11:06:52  INFO        [2] nombre=documento_VE-166293_2  tipo=  fecha=
11:06:53  INFO        [OK] 17738789837882r010_04.csv  (0.1 KB)
11:06:53  INFO        [3] nombre=documento_VE-166293_3  tipo=  fecha=
11:06:54  INFO      [WR:SATyS-Reg_5] ── Iniciando registro CRT26-013371 ──
11:06:54  INFO      [CONC-REG] [66/718] ✓ Registro CRT26-013374 completado: 0 OK / 1 total
11:06:54  INFO      [WR:SATyS-Reg_4] ── Iniciando registro CRT26-013357 ──
11:06:54  INFO      [CONC-REG] [67/718] ✓ Registro CRT26-010583 completado: 1 OK / 1 total
11:06:54  INFO      [WEB] Extrayendo metadatos web (intento 2) para folio CRT26-013400
11:06:54  INFO      [WEB] Extrayendo metadatos web (una vez) de SATyS para folio CRT26-013400
11:06:54  INFO        [OK] 17738789754987r010_03.csv  (0.0 KB)
11:06:54  INFO        [4] nombre=documento_VE-166293_4  tipo=  fecha=
11:06:55  INFO      [API] Discovery activo: debug\api_log.jsonl
11:06:55  INFO      [API] Discovery activo: debug\api_log.jsonl
11:06:55  INFO        [OK] 17738789663020r010_02.csv  (0.0 KB)
11:06:56  INFO        [5] nombre=documento_VE-166293_5  tipo=  fecha=
11:06:56  INFO        [OK] 1773878955180r010_01.csv  (0.0 KB)
11:06:56  INFO        [6] nombre=documento_VE-166293_6  tipo=  fecha=
11:06:57  INFO      [WEB] Registro encontrado: CRT26-013400
11:06:57  WARNING   [WEB] page.evaluate retornó None en DATOS DEL DOCUMENTO -- intentando fallback con locators de Playwright
11:06:57  INFO        [OK] 1773878909433r005-08.csv  (0.0 KB)
11:06:58  INFO        [7] nombre=documento_VE-166293_7  tipo=  fecha=
11:06:58  INFO      [WEB] DATOS DEL DOCUMENTO (fallback locator): folio_opc='VE-165950' | no_doc=''
11:06:58  INFO      [WEB] DATOS DEL DOCUMENTO: folio_opc='VE-165950' | no_doc='None'
11:06:58  INFO      [WEB] Fecha de folio OPC: 17-03-2026 17:37:04
11:06:58  INFO        [OK] 17738789008676r005_07.csv  (0.0 KB)
11:06:58  INFO      [WEB] Metadatos guardados OK: Rep='MARIANA AGUILERA SÁNCHEZ', Ope='SIZATEK SPECTRUM', Asunto='Trámite que ingreso por Ventanilla Electrónica. Más trámites y servicios', Registro='CRT26-013400'
11:06:58  INFO      [META-RETRY] Todos los campos criticos capturados en intento 2 para folio CRT26-013400
11:06:58  INFO      [FILES] Descargando archivos del folio CRT26-013400...
11:06:59  INFO        [8] nombre=documento_VE-166293_8  tipo=  fecha=
11:06:59  INFO        [OK] 17738788905695r005_06.csv  (0.0 KB)
11:06:59  INFO        [9] nombre=documento_VE-166293_9  tipo=  fecha=
11:07:00  INFO        [OK] 17738788827637r005_05.csv  (0.1 KB)
11:07:00  INFO        [10] nombre=documento_VE-166293_10  tipo=  fecha=
11:07:01  INFO        [OK] 17738788738768r005_04.csv  (0.1 KB)
11:07:01  INFO        [11] nombre=documento_VE-166293_11  tipo=  fecha=
11:07:02  INFO        [OK] 1773878864821r005_03.csv  (0.0 KB)
11:07:02  INFO        [12] nombre=documento_VE-166293_12  tipo=  fecha=
11:07:03  INFO        [OK] 17738788553858r005_02.csv  (0.1 KB)
11:07:03  INFO        [13] nombre=documento_VE-166293_13  tipo=  fecha=
11:07:04  INFO      [INFO] Seccion 'ARCHIVOS ASOCIADOS' no existe en folio CRT26-013434 -- activar fallback
11:07:04  INFO      [REG-FUENTE] Sin ARCHIVOS ASOCIADOS -- activando flujo DOCUMENTOS ANEXOS para registro CRT26-013434 (folio=VE-166012)
11:07:04  INFO      [ALT] Iniciando flujo DOCUMENTOS ANEXOS para folio VE-166012 (raw=VE-166012)
11:07:04  INFO      [ALT-NAV] Navegando a Tramites Nuevos...
11:07:05  INFO        [OK] 17738788254316r005_01.csv  (0.1 KB)
11:07:05  INFO        [14] nombre=documento_VE-166293_14  tipo=  fecha=
11:07:05  INFO        [OK] 17738788109008r001_06.csv  (0.0 KB)
11:07:06  INFO        [15] nombre=documento_VE-166293_15  tipo=  fecha=
11:07:06  INFO        [OK] 17738787978004r001-05.csv  (0.1 KB)
11:07:07  INFO        [16] nombre=documento_VE-166293_16  tipo=  fecha=
11:07:07  INFO        [OK] 17738787855877r001_04.csv  (0.2 KB)
11:07:08  INFO        [17] nombre=documento_VE-166293_17  tipo=  fecha=
11:07:08  INFO        [OK] 17738787713767r001_03.csv  (0.2 KB)
11:07:08  INFO      [WR:SATyS-Reg_4] Sesión activa (registro CRT26-013357)
11:07:08  INFO      [NAV] Navegando a Enlace Oficialia de Partes...
11:07:09  INFO      [ALT-META] Metadatos guardados: {'tipo_tramite': 'CGPE-01-008: Entrega periódica de Información General Estadística para efectos del Acervo Estadístico del Instituto Federal de Telecomunicaciones.', 'fecha_registro': '17/03/2026', 'solicitante': '', 'nombre_operador': 'AXTEL, S.A.B. DE C.V.', 'representante_legal': 'SAMANTA PAOLA LEMUS NIETO', 'asunto': '', 'descripcion': '', 'registro': '', 'folio': '166015'}
11:07:09  INFO      [ALT-DL] Descargando DOCUMENTOS ANEXOS para folio VE-166015
11:07:09  INFO        [18] nombre=documento_VE-166293_18  tipo=  fecha=
11:07:09  INFO      [WR:SATyS-Reg_5] Sesión activa (registro CRT26-013371)
11:07:09  INFO      [NAV] Navegando a Enlace Oficialia de Partes...
11:07:10  INFO        [OK] 17738787441162r001-02.csv  (0.3 KB)
11:07:10  INFO        [19] nombre=documento_VE-166293_19  tipo=  fecha=
11:07:11  INFO        [OK] 17738787341324r001-01.csv  (0.2 KB)
11:07:11  INFO      [INFO] Seccion 'ARCHIVOS ASOCIADOS' no existe en folio CRT26-013400 -- activar fallback
11:07:11  INFO        [20] nombre=documento_VE-166293_20  tipo=  fecha=
11:07:11  INFO      [REG-FUENTE] Sin ARCHIVOS ASOCIADOS -- activando flujo DOCUMENTOS ANEXOS para registro CRT26-013400 (folio=VE-165950)
11:07:11  INFO      [ALT] Iniciando flujo DOCUMENTOS ANEXOS para folio VE-165950 (raw=VE-165950)
11:07:11  INFO      [ALT-NAV] Navegando a Tramites Nuevos...
11:07:11  INFO      [OK] Tablero de Control cargado
11:07:11  INFO      [REG] Configurando tablero para búsqueda por Registro (Todos los años + 100)...
11:07:11  INFO      [OK] Tablero de Control cargado
11:07:11  INFO      [REG] Configurando tablero para búsqueda por Registro (Todos los años + 100)...
11:07:12  INFO        [OK] solicitud166293.pdf  (396.7 KB)
11:07:12  INFO      [ALT-DL] Paginacion: mostrando 1 a 20 de 20
11:07:12  INFO      [ALT-DL] VALIDACION OK: 20/20 documentos descargados
11:07:12  INFO      [REG] Cambiando Año a 'Todos los años' (value='0')...
11:07:12  INFO      [REG-META] metadata_satys.json actualizado para registro CRT26-013514
11:07:12  INFO      [BACK] Regresando al tablero...
11:07:12  INFO      [REG] Cambiando Año a 'Todos los años' (value='0')...
11:07:12  INFO      [REG] ✅ Año cambiado a 'Todos los años'
11:07:12  INFO      [REG] ✅ Año cambiado a 'Todos los años'
11:07:12  INFO      [REG] Cambiando 'Mostrar' a 100 trámites...
11:07:12  INFO      [REG] Cambiando 'Mostrar' a 100 trámites...
11:07:12  INFO      [ALT-NAV] Tramites Nuevos cargado OK
11:07:12  INFO      [ALT-SEARCH] Folio normalizado para busqueda: 'VE-166012' -> '166012'
11:07:12  INFO      [ALT-SEARCH] Buscando folio 166012 en Tramites Nuevos...
11:07:12  INFO      [ALT-DL] Seccion DOCUMENTOS ANEXOS localizada: text=DOCUMENTOS ANEXOS
11:07:13  INFO      [REG] ✅ Mostrar cambiado a 100 trámites
11:07:13  INFO      [REG-BUSCAR] Buscando registro CRT26-013371 en tabla (intento 1)...
11:07:13  INFO      [REG] ✅ Mostrar cambiado a 100 trámites
11:07:13  INFO      [REG-BUSCAR] Buscando registro CRT26-013357 en tabla (intento 1)...
11:07:13  INFO      [ALT-DL] DOCUMENTOS ANEXOS: Mostrando 1 a 6 de 6
11:07:13  INFO      [ALT-DL] Selector DOCUMENTOS ANEXOS cambiado a: 100
11:07:14  INFO      [ALT-DL] DOCUMENTOS ANEXOS (post-100): Mostrando 1 a 6 de 6
11:07:14  WARNING   [ALT-DL] 9 botones > 6 esperados -- usando solo los primeros 6
11:07:14  INFO      [ALT-DL] Pagina 1: 6 botones VER DOCUMENTO
11:07:15  INFO      [BACK] Re-navegando al tablero...
11:07:15  INFO      [NAV] Navegando a Enlace Oficialia de Partes...
11:07:15  INFO        [1] nombre=documento_VE-166015_1  tipo=  fecha=
11:07:16  INFO        [OK] 17738005493393r003-05csv.csv  (0.2 KB)
11:07:16  INFO        [2] nombre=documento_VE-166015_2  tipo=  fecha=
11:07:16  INFO        [OK] 17738005356590r003-04.csv  (3.9 KB)
11:07:17  INFO        [3] nombre=documento_VE-166015_3  tipo=  fecha=
11:07:17  INFO        [OK] 17738005207437r003-03csv.csv  (0.1 KB)
11:07:18  INFO        [4] nombre=documento_VE-166015_4  tipo=  fecha=
11:07:18  INFO        [OK] 17738005054029r003-02.csv  (0.0 KB)
11:07:19  INFO        [5] nombre=documento_VE-166015_5  tipo=  fecha=
11:07:19  INFO      [ALT-SEARCH] Folio VE-166012 encontrado en Tramites Nuevos
11:07:19  INFO      [ALT-REVISAR] Abriendo detalle del tramite VE-166012...
11:07:20  INFO        [OK] 17738004943386r003-01.csv  (16.3 KB)
11:07:20  INFO        [6] nombre=documento_VE-166015_6  tipo=  fecha=
11:07:21  INFO        [OK] solicitud166015.pdf  (317.9 KB)
11:07:21  INFO      [ALT-DL] Paginacion: mostrando 1 a 6 de 6
11:07:21  INFO      [ALT-DL] VALIDACION OK: 6/6 documentos descargados
11:07:21  INFO      [REG-META] metadata_satys.json actualizado para registro CRT26-013437
11:07:21  INFO      [BACK] Regresando al tablero...
11:07:24  INFO      [BACK] Re-navegando al tablero...
11:07:24  INFO      [NAV] Navegando a Enlace Oficialia de Partes...
11:07:30  INFO      [OK] Tablero de Control cargado
11:07:31  INFO      [REG-PAGE] Resultados búsqueda: mostrando 1 de 1 trámites
11:07:31  INFO      [REG-VIEW] Abriendo detalle: registro=CRT26-013371, folio=VE-165912
11:07:32  INFO      [REG-PAGE] Resultados búsqueda: mostrando 1 de 1 trámites
11:07:32  INFO      [REG-VIEW] Abriendo detalle: registro=CRT26-013357, folio=VE-165894
11:07:32  INFO      [ALT-REVISAR] Detalle del tramite cargado OK
11:07:32  INFO      [ALT-META] Extrayendo metadatos de DATOS DEL TRAMITE para folio VE-166012
11:07:33  INFO      [ALT-NAV] Tramites Nuevos cargado OK
11:07:33  INFO      [ALT-SEARCH] Folio normalizado para busqueda: 'VE-165950' -> '165950'
11:07:33  INFO      [ALT-SEARCH] Buscando folio 165950 en Tramites Nuevos...
11:07:35  INFO      [OK] Tablero de Control cargado
11:07:36  INFO      [WR:SATyS-Reg_0] ── Registro CRT26-013437: 6/6 OK | 0 error(es) servidor | 0 error(es) red ──
11:07:36  INFO      [WR:SATyS-Reg_1] ── Registro CRT26-013514: 20/20 OK | 0 error(es) servidor | 0 error(es) red ──
11:07:38  INFO      [WR:SATyS-Reg_0] ── Iniciando registro CRT26-010650 ──
11:07:38  INFO      [CONC-REG] [68/718] ✓ Registro CRT26-013437 completado: 6 OK / 6 total
11:07:38  INFO      [WR:SATyS-Reg_1] ── Iniciando registro CRT26-013349 ──
11:07:38  INFO      [CONC-REG] [69/718] ✓ Registro CRT26-013514 completado: 20 OK / 20 total
11:07:39  INFO      [API] Discovery activo: debug\api_log.jsonl
11:07:39  INFO      [API] Discovery activo: debug\api_log.jsonl
11:07:40  INFO      [ALT-SEARCH] Folio VE-165950 encontrado en Tramites Nuevos
11:07:40  INFO      [ALT-REVISAR] Abriendo detalle del tramite VE-165950...
11:07:44  INFO      [WR:SATyS-Reg_1] Sesión activa (registro CRT26-013349)
11:07:44  INFO      [NAV] Navegando a Enlace Oficialia de Partes...
11:07:44  INFO      [REG-OK] Detalle cargado: registro=CRT26-013357
11:07:44  INFO      [WEB] Extrayendo metadatos web (intento 1) para folio CRT26-013357
11:07:44  INFO      [WEB] Extrayendo metadatos web (una vez) de SATyS para folio CRT26-013357
11:07:44  INFO      [ALT-REVISAR] Detalle del tramite cargado OK
11:07:44  INFO      [ALT-META] Extrayendo metadatos de DATOS DEL TRAMITE para folio VE-165950
11:07:47  INFO      [WEB] Registro encontrado: CRT26-013357
11:07:47  WARNING   [WEB] page.evaluate retornó None en DATOS DEL DOCUMENTO -- intentando fallback con locators de Playwright
11:07:48  INFO      [WEB] DATOS DEL DOCUMENTO (fallback locator): folio_opc='' | no_doc=''
11:07:48  INFO      [WEB] DATOS DEL DOCUMENTO: folio_opc='None' | no_doc='None'
11:07:48  WARNING   [V11-META-FALTANTE] folio=CRT26-013357 campo=representante_legal es nulo/vacio
11:07:48  WARNING   [V11-META-FALTANTE] folio=CRT26-013357 campo=nombre_operador es nulo/vacio
11:07:48  WARNING   [V11-META-FALTANTE] folio=CRT26-013357 campo=asunto es nulo/vacio
11:07:48  INFO      [WEB] Metadatos guardados OK: Rep='None', Ope='None', Asunto='None', Registro='CRT26-013357'
11:07:48  WARNING   [META-RETRY] Campos faltantes: ['nombre_operador', 'representante_legal']
11:07:48  WARNING   [META-RETRY] Intento 1 fallido para folio CRT26-013357. Reintentando en 3s...
11:07:51  INFO      [WEB] Extrayendo metadatos web (intento 2) para folio CRT26-013357
11:07:51  INFO      [WEB] Extrayendo metadatos web (una vez) de SATyS para folio CRT26-013357
11:07:52  INFO      [OK] Tablero de Control cargado
11:07:52  INFO      [REG] Configurando tablero para búsqueda por Registro (Todos los años + 100)...
11:07:53  INFO      [WR:SATyS-Reg_0] Sesión activa (registro CRT26-010650)
11:07:53  INFO      [NAV] Navegando a Enlace Oficialia de Partes...
11:07:53  INFO      [REG] Cambiando Año a 'Todos los años' (value='0')...
11:07:53  INFO      [REG] ✅ Año cambiado a 'Todos los años'
11:07:53  INFO      [REG] Cambiando 'Mostrar' a 100 trámites...
11:07:54  INFO      [REG] ✅ Mostrar cambiado a 100 trámites
11:07:54  INFO      [REG-BUSCAR] Buscando registro CRT26-013349 en tabla (intento 1)...
11:07:54  INFO      [REG-OK] Detalle cargado: registro=CRT26-013371
11:07:54  INFO      [WEB] Extrayendo metadatos web (intento 1) para folio CRT26-013371
11:07:54  INFO      [WEB] Extrayendo metadatos web (una vez) de SATyS para folio CRT26-013371
11:07:54  INFO      [WEB] Registro encontrado: CRT26-013357
11:07:54  WARNING   [WEB] page.evaluate retornó None en DATOS DEL DOCUMENTO -- intentando fallback con locators de Playwright
11:07:55  INFO      [WEB] DATOS DEL DOCUMENTO (fallback locator): folio_opc='VE-165894' | no_doc=''
11:07:55  INFO      [WEB] DATOS DEL DOCUMENTO: folio_opc='VE-165894' | no_doc='None'
11:07:55  INFO      [WEB] Fecha de folio OPC: 17-03-2026 15:47:05
11:07:56  INFO      [WEB] Metadatos guardados OK: Rep='EDUARDO SOLANO ARREORTUA', Ope='EDUARDO SOLANO ARREORTUA', Asunto='Trámite que ingreso por Ventanilla Electrónica. Más trámites y servicios', Registro='CRT26-013357'
11:07:56  INFO      [META-RETRY] Todos los campos criticos capturados en intento 2 para folio CRT26-013357
11:07:56  INFO      [FILES] Descargando archivos del folio CRT26-013357...
11:07:56  INFO      [REG-PAGE] Resultados búsqueda: mostrando 1 de 1 trámites
11:07:56  INFO      [REG-VIEW] Abriendo detalle: registro=CRT26-013349, folio=VE-165871
11:07:57  INFO      [WEB] Registro encontrado: CRT26-013371
11:07:57  WARNING   [WEB] page.evaluate retornó None en DATOS DEL DOCUMENTO -- intentando fallback con locators de Playwright
11:07:58  INFO      [WEB] DATOS DEL DOCUMENTO (fallback locator): folio_opc='' | no_doc=''
11:07:58  INFO      [WEB] DATOS DEL DOCUMENTO: folio_opc='None' | no_doc='None'
11:07:58  WARNING   [V11-META-FALTANTE] folio=CRT26-013371 campo=representante_legal es nulo/vacio
11:07:58  WARNING   [V11-META-FALTANTE] folio=CRT26-013371 campo=nombre_operador es nulo/vacio
11:07:58  WARNING   [V11-META-FALTANTE] folio=CRT26-013371 campo=asunto es nulo/vacio
11:07:58  INFO      [WEB] Metadatos guardados OK: Rep='None', Ope='None', Asunto='None', Registro='CRT26-013371'
11:07:58  WARNING   [META-RETRY] Campos faltantes: ['nombre_operador', 'representante_legal']
11:07:58  WARNING   [META-RETRY] Intento 1 fallido para folio CRT26-013371. Reintentando en 3s...
11:08:01  INFO      [ALT-META] Metadatos guardados: {'tipo_tramite': 'CGPE-01-008: Entrega periódica de Información General Estadística para efectos del Acervo Estadístico del Instituto Federal de Telecomunicaciones.', 'fecha_registro': '17/03/2026', 'solicitante': '', 'nombre_operador': 'AXE REDES E INFRAESTRUCTURA, S.A. DE C.V.', 'representante_legal': 'SAMANTA PAOLA LEMUS NIETO', 'asunto': '', 'descripcion': '', 'registro': '', 'folio': '166012'}
11:08:01  INFO      [ALT-DL] Descargando DOCUMENTOS ANEXOS para folio VE-166012
11:08:01  INFO      [WEB] Extrayendo metadatos web (intento 2) para folio CRT26-013371
11:08:01  INFO      [WEB] Extrayendo metadatos web (una vez) de SATyS para folio CRT26-013371
11:08:02  INFO      [OK] Tablero de Control cargado
11:08:02  INFO      [REG] Configurando tablero para búsqueda por Registro (Todos los años + 100)...
11:08:02  INFO      [REG-OK] Detalle cargado: registro=CRT26-013349
11:08:02  INFO      [WEB] Extrayendo metadatos web (intento 1) para folio CRT26-013349
11:08:02  INFO      [WEB] Extrayendo metadatos web (una vez) de SATyS para folio CRT26-013349
11:08:02  INFO      [REG] Cambiando Año a 'Todos los años' (value='0')...
11:08:02  INFO      [REG] ✅ Año cambiado a 'Todos los años'
11:08:02  INFO      [REG] Cambiando 'Mostrar' a 100 trámites...
11:08:03  INFO      [REG] ✅ Mostrar cambiado a 100 trámites
11:08:03  INFO      [REG-BUSCAR] Buscando registro CRT26-010650 en tabla (intento 1)...
11:08:04  INFO      [WEB] Registro encontrado: CRT26-013371
11:08:04  WARNING   [WEB] page.evaluate retornó None en DATOS DEL DOCUMENTO -- intentando fallback con locators de Playwright
11:08:04  INFO      [ALT-DL] Seccion DOCUMENTOS ANEXOS localizada: text=DOCUMENTOS ANEXOS
11:08:05  INFO      [WEB] Registro encontrado: CRT26-013349
11:08:05  WARNING   [WEB] page.evaluate retornó None en DATOS DEL DOCUMENTO -- intentando fallback con locators de Playwright
11:08:05  INFO      [WR:SATyS-Reg_0] ── Registro CRT26-010650: 0/1 OK | 0 error(es) servidor | 0 error(es) red ──
11:08:05  INFO      [WEB] DATOS DEL DOCUMENTO (fallback locator): folio_opc='VE-165912' | no_doc=''
11:08:05  INFO      [WEB] DATOS DEL DOCUMENTO: folio_opc='VE-165912' | no_doc='None'
11:08:05  INFO      [WEB] Fecha de folio OPC: 17-03-2026 16:33:22
11:08:05  INFO      [ALT-DL] DOCUMENTOS ANEXOS: Mostrando 1 a 2 de 2
11:08:05  INFO      [ALT-DL] Selector DOCUMENTOS ANEXOS cambiado a: 100
11:08:06  INFO      [WEB] Metadatos guardados OK: Rep='JOSÉ ROBERTO SALGADO RODRÍGUEZ', Ope='JOSE ROBERTO SALGADO RODRIGUEZ', Asunto='Trámite que ingreso por Ventanilla Electrónica. Más trámites y servicios', Registro='CRT26-013371'
11:08:06  INFO      [META-RETRY] Todos los campos criticos capturados en intento 2 para folio CRT26-013371
11:08:06  INFO      [FILES] Descargando archivos del folio CRT26-013371...
11:08:06  INFO      [WEB] DATOS DEL DOCUMENTO (fallback locator): folio_opc='' | no_doc=''
11:08:06  INFO      [WEB] DATOS DEL DOCUMENTO: folio_opc='None' | no_doc='None'
11:08:06  WARNING   [V11-META-FALTANTE] folio=CRT26-013349 campo=representante_legal es nulo/vacio
11:08:06  WARNING   [V11-META-FALTANTE] folio=CRT26-013349 campo=nombre_operador es nulo/vacio
11:08:06  WARNING   [V11-META-FALTANTE] folio=CRT26-013349 campo=asunto es nulo/vacio
11:08:06  INFO      [WEB] Metadatos guardados OK: Rep='None', Ope='None', Asunto='None', Registro='CRT26-013349'
11:08:06  WARNING   [META-RETRY] Campos faltantes: ['nombre_operador', 'representante_legal']
11:08:06  WARNING   [META-RETRY] Intento 1 fallido para folio CRT26-013349. Reintentando en 3s...
11:08:07  INFO      [ALT-DL] DOCUMENTOS ANEXOS (post-100): Mostrando 1 a 2 de 2
11:08:07  INFO      [WR:SATyS-Reg_0] ── Iniciando registro CRT26-013348 ──
11:08:07  INFO      [CONC-REG] [70/718] ✓ Registro CRT26-010650 completado: 0 OK / 1 total
11:08:07  WARNING   [ALT-DL] 5 botones > 2 esperados -- usando solo los primeros 2
11:08:07  INFO      [ALT-DL] Pagina 1: 2 botones VER DOCUMENTO
11:08:07  INFO        [1] nombre=documento_VE-166012_1  tipo=  fecha=
11:08:08  INFO      [API] Discovery activo: debug\api_log.jsonl
11:08:08  INFO        [OK] 17737994143646r024.csv  (0.1 KB)
11:08:08  INFO      [INFO] Seccion 'ARCHIVOS ASOCIADOS' no existe en folio CRT26-013357 -- activar fallback
11:08:08  INFO      [REG-FUENTE] Sin ARCHIVOS ASOCIADOS -- activando flujo DOCUMENTOS ANEXOS para registro CRT26-013357 (folio=VE-165894)
11:08:08  INFO      [ALT] Iniciando flujo DOCUMENTOS ANEXOS para folio VE-165894 (raw=VE-165894)
11:08:08  INFO      [ALT-NAV] Navegando a Tramites Nuevos...
11:08:08  INFO        [2] nombre=documento_VE-166012_2  tipo=  fecha=
11:08:09  INFO        [OK] solicitud166012.pdf  (302.6 KB)
11:08:09  INFO      [ALT-DL] Paginacion: mostrando 1 a 2 de 2
11:08:09  INFO      [ALT-DL] VALIDACION OK: 2/2 documentos descargados
11:08:09  INFO      [REG-META] metadata_satys.json actualizado para registro CRT26-013434
11:08:09  INFO      [BACK] Regresando al tablero...
11:08:09  INFO      [WEB] Extrayendo metadatos web (intento 2) para folio CRT26-013349
11:08:09  INFO      [WEB] Extrayendo metadatos web (una vez) de SATyS para folio CRT26-013349
11:08:12  INFO      [BACK] Re-navegando al tablero...
11:08:12  INFO      [NAV] Navegando a Enlace Oficialia de Partes...
11:08:12  INFO      [WEB] Registro encontrado: CRT26-013349
11:08:12  WARNING   [WEB] page.evaluate retornó None en DATOS DEL DOCUMENTO -- intentando fallback con locators de Playwright
11:08:13  INFO      [WEB] DATOS DEL DOCUMENTO (fallback locator): folio_opc='VE-165871' | no_doc=''
11:08:13  INFO      [WEB] DATOS DEL DOCUMENTO: folio_opc='VE-165871' | no_doc='None'
11:08:13  INFO      [WEB] Fecha de folio OPC: 17-03-2026 13:56:29
11:08:13  INFO      [WEB] Metadatos guardados OK: Rep='EDUARDO SÁENZ ROBLES', Ope='ECCONETWORK', Asunto='Trámite que ingreso por Ventanilla Electrónica. Más trámites y servicios', Registro='CRT26-013349'
11:08:13  INFO      [META-RETRY] Todos los campos criticos capturados en intento 2 para folio CRT26-013349
11:08:13  INFO      [FILES] Descargando archivos del folio CRT26-013349...
11:08:15  INFO      [ALT-META] Metadatos guardados: {'tipo_tramite': 'CGPE-01-008: Entrega periódica de Información General Estadística para efectos del Acervo Estadístico del Instituto Federal de Telecomunicaciones.', 'fecha_registro': '17/03/2026', 'solicitante': '', 'nombre_operador': 'SIZATEK SPECTRUM, S.A.S. DE C.V.', 'representante_legal': 'MARIANA AGUILERA SÁNCHEZ', 'asunto': '', 'descripcion': '', 'registro': '', 'folio': '165950'}
11:08:15  INFO      [ALT-DL] Descargando DOCUMENTOS ANEXOS para folio VE-165950
11:08:15  INFO      [OK] Tablero de Control cargado
11:08:16  INFO      [WR:SATyS-Reg_0] Sesión activa (registro CRT26-013348)
11:08:16  INFO      [NAV] Navegando a Enlace Oficialia de Partes...
11:08:17  INFO      [ALT-NAV] Tramites Nuevos cargado OK
11:08:17  INFO      [ALT-SEARCH] Folio normalizado para busqueda: 'VE-165894' -> '165894'
11:08:17  INFO      [ALT-SEARCH] Buscando folio 165894 en Tramites Nuevos...
11:08:18  INFO      [ALT-DL] Seccion DOCUMENTOS ANEXOS localizada: text=DOCUMENTOS ANEXOS
11:08:18  INFO      [INFO] Seccion 'ARCHIVOS ASOCIADOS' no existe en folio CRT26-013371 -- activar fallback
11:08:19  INFO      [REG-FUENTE] Sin ARCHIVOS ASOCIADOS -- activando flujo DOCUMENTOS ANEXOS para registro CRT26-013371 (folio=VE-165912)
11:08:19  INFO      [ALT] Iniciando flujo DOCUMENTOS ANEXOS para folio VE-165912 (raw=VE-165912)
11:08:19  INFO      [ALT-NAV] Navegando a Tramites Nuevos...
11:08:19  INFO      [ALT-DL] DOCUMENTOS ANEXOS: Mostrando 1 a 3 de 3
11:08:19  INFO      [ALT-DL] Selector DOCUMENTOS ANEXOS cambiado a: 100
11:08:20  INFO      [ALT-DL] DOCUMENTOS ANEXOS (post-100): Mostrando 1 a 3 de 3
11:08:21  WARNING   [ALT-DL] 6 botones > 3 esperados -- usando solo los primeros 3
11:08:21  INFO      [ALT-DL] Pagina 1: 3 botones VER DOCUMENTO
11:08:21  INFO        [1] nombre=documento_VE-165950_1  tipo=  fecha=
11:08:22  INFO        [OK] 17737906023037r024-01.pdf  (60.3 KB)
11:08:22  INFO        [2] nombre=documento_VE-165950_2  tipo=  fecha=
11:08:23  INFO        [OK] 17737905664174escritolibrer024sizatek.pdf  (435.9 KB)
11:08:23  INFO        [3] nombre=documento_VE-165950_3  tipo=  fecha=
11:08:24  INFO        [OK] solicitud165950.pdf  (154.7 KB)
11:08:24  INFO      [ALT-DL] Paginacion: mostrando 1 a 3 de 3
11:08:24  INFO      [ALT-DL] VALIDACION OK: 3/3 documentos descargados
11:08:24  INFO      [REG-META] metadata_satys.json actualizado para registro CRT26-013400
11:08:24  INFO      [BACK] Regresando al tablero...
11:08:24  INFO      [ALT-SEARCH] Folio VE-165894 encontrado en Tramites Nuevos
11:08:24  INFO      [ALT-REVISAR] Abriendo detalle del tramite VE-165894...
11:08:26  INFO      [INFO] Seccion 'ARCHIVOS ASOCIADOS' no existe en folio CRT26-013349 -- activar fallback
11:08:26  INFO      [REG-FUENTE] Sin ARCHIVOS ASOCIADOS -- activando flujo DOCUMENTOS ANEXOS para registro CRT26-013349 (folio=VE-165871)
11:08:26  INFO      [ALT] Iniciando flujo DOCUMENTOS ANEXOS para folio VE-165871 (raw=VE-165871)
11:08:26  INFO      [ALT-NAV] Navegando a Tramites Nuevos...
11:08:27  INFO      [BACK] Re-navegando al tablero...
11:08:27  INFO      [NAV] Navegando a Enlace Oficialia de Partes...
11:08:29  INFO      [ALT-NAV] Tramites Nuevos cargado OK
11:08:29  INFO      [ALT-SEARCH] Folio normalizado para busqueda: 'VE-165912' -> '165912'
11:08:29  INFO      [ALT-SEARCH] Buscando folio 165912 en Tramites Nuevos...
11:08:31  INFO      [OK] Tablero de Control cargado
11:08:32  INFO      [ALT-REVISAR] Detalle del tramite cargado OK
11:08:32  INFO      [ALT-META] Extrayendo metadatos de DATOS DEL TRAMITE para folio VE-165894
11:08:32  INFO      [WR:SATyS-Reg_2] ── Registro CRT26-013400: 3/3 OK | 0 error(es) servidor | 0 error(es) red ──
11:08:33  INFO      [WR:SATyS-Reg_3] ── Registro CRT26-013434: 2/2 OK | 0 error(es) servidor | 0 error(es) red ──
11:08:34  INFO      [WR:SATyS-Reg_2] ── Iniciando registro CRT26-013347 ──
11:08:34  INFO      [CONC-REG] [71/718] ✓ Registro CRT26-013400 completado: 3 OK / 3 total
11:08:34  INFO      [WR:SATyS-Reg_3] ── Iniciando registro CRT26-013346 ──
11:08:34  INFO      [CONC-REG] [72/718] ✓ Registro CRT26-013434 completado: 2 OK / 2 total
11:08:35  INFO      [API] Discovery activo: debug\api_log.jsonl
11:08:35  INFO      [API] Discovery activo: debug\api_log.jsonl
11:08:36  INFO      [ALT-SEARCH] Folio VE-165912 encontrado en Tramites Nuevos
11:08:36  INFO      [ALT-REVISAR] Abriendo detalle del tramite VE-165912...
11:08:43  INFO      [ALT-NAV] Tramites Nuevos cargado OK
11:08:43  INFO      [ALT-SEARCH] Folio normalizado para busqueda: 'VE-165871' -> '165871'
11:08:43  INFO      [ALT-SEARCH] Buscando folio 165871 en Tramites Nuevos...
11:08:45  INFO      [OK] Tablero de Control cargado
11:08:45  INFO      [REG] Configurando tablero para búsqueda por Registro (Todos los años + 100)...
11:08:45  INFO      [REG] Cambiando Año a 'Todos los años' (value='0')...
11:08:45  INFO      [REG] ✅ Año cambiado a 'Todos los años'
11:08:45  INFO      [REG] Cambiando 'Mostrar' a 100 trámites...
11:08:45  INFO      [WR:SATyS-Reg_3] Sesión activa (registro CRT26-013346)
11:08:45  INFO      [NAV] Navegando a Enlace Oficialia de Partes...
11:08:46  INFO      [REG] ✅ Mostrar cambiado a 100 trámites
11:08:46  INFO      [REG-BUSCAR] Buscando registro CRT26-013348 en tabla (intento 1)...
11:08:49  INFO      [WR:SATyS-Reg_2] Sesión activa (registro CRT26-013347)
11:08:49  INFO      [NAV] Navegando a Enlace Oficialia de Partes...
11:08:50  INFO      [ALT-REVISAR] Detalle del tramite cargado OK
11:08:50  INFO      [ALT-META] Extrayendo metadatos de DATOS DEL TRAMITE para folio VE-165912
11:08:50  INFO      [ALT-META] Metadatos guardados: {'tipo_tramite': 'CGPE-01-003-B: Entrega periódica de Información General Estadística B. Para Operador que no actualiza ninguno de los supuestos determinados por Servicio con base en su volumen de comercialización y/o provisión de servicios.', 'fecha_registro': '17/03/2026', 'solicitante': '', 'nombre_operador': 'EDUARDO SOLANO ARREORTUA', 'representante_legal': 'EDUARDO SOLANO ARREORTUA', 'asunto': '', 'descripcion': '', 'registro': '', 'folio': '165894'}
11:08:50  INFO      [ALT-DL] Descargando DOCUMENTOS ANEXOS para folio VE-165894
11:08:50  INFO      [REG-PAGE] Resultados búsqueda: mostrando 1 de 1 trámites
11:08:50  INFO      [REG-VIEW] Abriendo detalle: registro=CRT26-013348, folio=VE-165865
11:08:50  INFO      [ALT-SEARCH] Folio VE-165871 encontrado en Tramites Nuevos
11:08:50  INFO      [ALT-REVISAR] Abriendo detalle del tramite VE-165871...
11:08:53  INFO      [ALT-DL] Seccion DOCUMENTOS ANEXOS localizada: text=DOCUMENTOS ANEXOS
11:08:54  INFO      [ALT-DL] DOCUMENTOS ANEXOS: Mostrando 1 a 3 de 3
11:08:54  INFO      [ALT-DL] Selector DOCUMENTOS ANEXOS cambiado a: 100
11:08:55  INFO      [ALT-DL] DOCUMENTOS ANEXOS (post-100): Mostrando 1 a 3 de 3
11:08:56  WARNING   [ALT-DL] 6 botones > 3 esperados -- usando solo los primeros 3
11:08:56  INFO      [ALT-DL] Pagina 1: 3 botones VER DOCUMENTO
11:08:56  INFO        [1] nombre=documento_VE-165894_1  tipo=  fecha=
11:08:57  INFO        [OK] 17737839083977r025-01.xlsx  (10.5 KB)
11:08:57  INFO      [OK] Tablero de Control cargado
11:08:57  INFO      [REG] Configurando tablero para búsqueda por Registro (Todos los años + 100)...
11:08:57  INFO      [REG] Cambiando Año a 'Todos los años' (value='0')...
11:08:57  INFO      [REG] ✅ Año cambiado a 'Todos los años'
11:08:57  INFO      [REG] Cambiando 'Mostrar' a 100 trámites...
11:08:57  INFO        [2] nombre=documento_VE-165894_2  tipo=  fecha=
11:08:58  INFO        [OK] 17737838762255r025.informacionestadisticageneralparaoperadoresquenoactualizanlossupuestosanilossupuestosb.pdf  (301.3 KB)
11:08:58  INFO      [REG] ✅ Mostrar cambiado a 100 trámites
11:08:58  INFO      [REG-BUSCAR] Buscando registro CRT26-013347 en tabla (intento 1)...
11:08:58  INFO        [3] nombre=documento_VE-165894_3  tipo=  fecha=
11:08:59  INFO        [OK] solicitud165894.pdf  (250.8 KB)
11:08:59  INFO      [ALT-DL] Paginacion: mostrando 1 a 3 de 3
11:08:59  INFO      [ALT-DL] VALIDACION OK: 3/3 documentos descargados
11:08:59  INFO      [REG-META] metadata_satys.json actualizado para registro CRT26-013357
11:08:59  INFO      [BACK] Regresando al tablero...
11:09:01  INFO      [OK] Tablero de Control cargado
11:09:01  INFO      [REG] Configurando tablero para búsqueda por Registro (Todos los años + 100)...
11:09:01  INFO      [REG] Cambiando Año a 'Todos los años' (value='0')...
11:09:01  INFO      [REG] ✅ Año cambiado a 'Todos los años'
11:09:01  INFO      [REG] Cambiando 'Mostrar' a 100 trámites...
11:09:02  INFO      [BACK] Re-navegando al tablero...
11:09:02  INFO      [NAV] Navegando a Enlace Oficialia de Partes...
11:09:02  INFO      [REG] ✅ Mostrar cambiado a 100 trámites
11:09:02  INFO      [REG-OK] Detalle cargado: registro=CRT26-013348
11:09:03  INFO      [WEB] Extrayendo metadatos web (intento 1) para folio CRT26-013348
11:09:03  INFO      [WEB] Extrayendo metadatos web (una vez) de SATyS para folio CRT26-013348
11:09:03  INFO      [REG-BUSCAR] Buscando registro CRT26-013346 en tabla (intento 1)...
11:09:03  INFO      [REG-PAGE] Resultados búsqueda: mostrando 1 de 1 trámites
11:09:03  INFO      [REG-VIEW] Abriendo detalle: registro=CRT26-013347, folio=VE-165859
11:09:04  INFO      [REG-PAGE] Resultados búsqueda: mostrando 1 de 1 trámites
11:09:04  INFO      [ALT-REVISAR] Detalle del tramite cargado OK
11:09:04  INFO      [ALT-META] Extrayendo metadatos de DATOS DEL TRAMITE para folio VE-165871
11:09:04  INFO      [REG-VIEW] Abriendo detalle: registro=CRT26-013346, folio=VE-165853
11:09:06  INFO      [WEB] Registro encontrado: CRT26-013348
11:09:06  WARNING   [WEB] page.evaluate retornó None en DATOS DEL DOCUMENTO -- intentando fallback con locators de Playwright
11:09:06  INFO      [WEB] DATOS DEL DOCUMENTO (fallback locator): folio_opc='' | no_doc=''
11:09:06  INFO      [WEB] DATOS DEL DOCUMENTO: folio_opc='None' | no_doc='None'
11:09:07  WARNING   [V11-META-FALTANTE] folio=CRT26-013348 campo=representante_legal es nulo/vacio
11:09:07  WARNING   [V11-META-FALTANTE] folio=CRT26-013348 campo=nombre_operador es nulo/vacio
11:09:07  WARNING   [V11-META-FALTANTE] folio=CRT26-013348 campo=asunto es nulo/vacio
11:09:07  INFO      [WEB] Metadatos guardados OK: Rep='None', Ope='None', Asunto='None', Registro='CRT26-013348'
11:09:07  WARNING   [META-RETRY] Campos faltantes: ['nombre_operador', 'representante_legal']
11:09:07  WARNING   [META-RETRY] Intento 1 fallido para folio CRT26-013348. Reintentando en 3s...
11:09:10  INFO      [WEB] Extrayendo metadatos web (intento 2) para folio CRT26-013348
11:09:10  INFO      [WEB] Extrayendo metadatos web (una vez) de SATyS para folio CRT26-013348
11:09:12  INFO      [REG-OK] Detalle cargado: registro=CRT26-013346
11:09:12  INFO      [WEB] Extrayendo metadatos web (intento 1) para folio CRT26-013346
11:09:12  INFO      [WEB] Extrayendo metadatos web (una vez) de SATyS para folio CRT26-013346
11:09:13  INFO      [WEB] Registro encontrado: CRT26-013348
11:09:13  WARNING   [WEB] page.evaluate retornó None en DATOS DEL DOCUMENTO -- intentando fallback con locators de Playwright
11:09:14  INFO      [WEB] DATOS DEL DOCUMENTO (fallback locator): folio_opc='VE-165865' | no_doc=''
11:09:14  INFO      [WEB] DATOS DEL DOCUMENTO: folio_opc='VE-165865' | no_doc='None'
11:09:14  INFO      [WEB] Fecha de folio OPC: 17-03-2026 13:44:15
11:09:14  INFO      [WEB] Metadatos guardados OK: Rep='RAFAEL CAMPOS HERNÁNDEZ', Ope='GRUPO DE TELECOMUNICACIONES DE ALTA CAPACIDAD', Asunto='Trámite que ingreso por Ventanilla Electrónica. Más trámites y servicios', Registro='CRT26-013348'
11:09:14  INFO      [META-RETRY] Todos los campos criticos capturados en intento 2 para folio CRT26-013348
11:09:14  INFO      [FILES] Descargando archivos del folio CRT26-013348...
11:09:15  INFO      [WEB] Registro encontrado: CRT26-013346
11:09:15  WARNING   [WEB] page.evaluate retornó None en DATOS DEL DOCUMENTO -- intentando fallback con locators de Playwright
11:09:16  INFO      [WEB] DATOS DEL DOCUMENTO (fallback locator): folio_opc='' | no_doc=''
11:09:16  INFO      [WEB] DATOS DEL DOCUMENTO: folio_opc='None' | no_doc='None'
11:09:17  WARNING   [V11-META-FALTANTE] folio=CRT26-013346 campo=representante_legal es nulo/vacio
11:09:17  INFO      [WEB] Metadatos guardados OK: Rep='None', Ope='GRUPO DE TELECOMUNICACIONES DE ALTA CAPACIDAD', Asunto='Trámite que ingreso por Ventanilla Electrónica. Más trámites y servicios', Registro='CRT26-013346'
11:09:17  WARNING   [META-RETRY] Campos faltantes: ['representante_legal']
11:09:17  WARNING   [META-RETRY] Intento 1 fallido para folio CRT26-013346. Reintentando en 3s...
11:09:17  INFO      [REG-OK] Detalle cargado: registro=CRT26-013347
11:09:17  INFO      [WEB] Extrayendo metadatos web (intento 1) para folio CRT26-013347
11:09:17  INFO      [WEB] Extrayendo metadatos web (una vez) de SATyS para folio CRT26-013347
11:09:17  INFO      [OK] Tablero de Control cargado
11:09:20  INFO      [WEB] Extrayendo metadatos web (intento 2) para folio CRT26-013346
11:09:20  INFO      [WEB] Extrayendo metadatos web (una vez) de SATyS para folio CRT26-013346
11:09:20  INFO      [WEB] Registro encontrado: CRT26-013347
11:09:20  WARNING   [WEB] page.evaluate retornó None en DATOS DEL DOCUMENTO -- intentando fallback con locators de Playwright
11:09:21  INFO      [WEB] DATOS DEL DOCUMENTO (fallback locator): folio_opc='VE-165859' | no_doc=''
11:09:21  INFO      [WEB] DATOS DEL DOCUMENTO: folio_opc='VE-165859' | no_doc='None'
11:09:21  INFO      [WEB] Fecha de folio OPC: 17-03-2026 13:34:14
11:09:21  INFO      [WEB] Metadatos guardados OK: Rep='RAFAEL CAMPOS HERNÁNDEZ', Ope='GRUPO DE TELECOMUNICACIONES DE ALTA CAPACIDAD', Asunto='Trámite que ingreso por Ventanilla Electrónica. Más trámites y servicios', Registro='CRT26-013347'
11:09:21  INFO      [META-RETRY] Todos los campos criticos capturados en intento 1 para folio CRT26-013347
11:09:21  INFO      [FILES] Descargando archivos del folio CRT26-013347...
11:09:23  INFO      [WEB] Registro encontrado: CRT26-013346
11:09:23  WARNING   [WEB] page.evaluate retornó None en DATOS DEL DOCUMENTO -- intentando fallback con locators de Playwright
11:09:23  INFO      [ALT-META] Metadatos guardados: {'tipo_tramite': 'CGPE-01-003-B: Entrega periódica de Información General Estadística B. Para Operador que no actualiza ninguno de los supuestos determinados por Servicio con base en su volumen de comercialización y/o provisión de servicios.', 'fecha_registro': '17/03/2026', 'solicitante': '', 'nombre_operador': 'JOSE ROBERTO SALGADO RODRIGUEZ', 'representante_legal': 'JOSÉ ROBERTO SALGADO RODRÍGUEZ', 'asunto': 'SE PRESENTA EL ANEXO R025. INFORMACIÓN ESTADÍSTICA GENERAL PARA OPERADORES QUE NO ACTUALIZAN LOS SUPUESTOS A NI LOS SUPUESTOS B, CORRESPODIENTE  AL AÑO 2025', 'descripcion': '', 'registro': '', 'folio': '165912'}
11:09:23  INFO      [ALT-DL] Descargando DOCUMENTOS ANEXOS para folio VE-165912
11:09:23  INFO      [WEB] DATOS DEL DOCUMENTO (fallback locator): folio_opc='VE-165853' | no_doc=''
11:09:23  INFO      [WEB] DATOS DEL DOCUMENTO: folio_opc='VE-165853' | no_doc='None'
11:09:23  INFO      [WEB] Fecha de folio OPC: 17-03-2026 13:24:56
11:09:24  INFO      [WEB] Metadatos guardados OK: Rep='RAFAEL CAMPOS HERNÁNDEZ', Ope='GRUPO DE TELECOMUNICACIONES DE ALTA CAPACIDAD', Asunto='Trámite que ingreso por Ventanilla Electrónica. Más trámites y servicios', Registro='CRT26-013346'
11:09:24  INFO      [META-RETRY] Todos los campos criticos capturados en intento 2 para folio CRT26-013346
11:09:24  INFO      [FILES] Descargando archivos del folio CRT26-013346...
11:09:27  INFO      [ALT-DL] Seccion DOCUMENTOS ANEXOS localizada: text=DOCUMENTOS ANEXOS
11:09:27  INFO      [INFO] Seccion 'ARCHIVOS ASOCIADOS' no existe en folio CRT26-013348 -- activar fallback
11:09:27  INFO      [REG-FUENTE] Sin ARCHIVOS ASOCIADOS -- activando flujo DOCUMENTOS ANEXOS para registro CRT26-013348 (folio=VE-165865)
11:09:27  INFO      [ALT] Iniciando flujo DOCUMENTOS ANEXOS para folio VE-165865 (raw=VE-165865)
11:09:27  INFO      [ALT-NAV] Navegando a Tramites Nuevos...
11:09:28  INFO      [ALT-DL] DOCUMENTOS ANEXOS: Mostrando 1 a 2 de 2
11:09:28  INFO      [ALT-DL] Selector DOCUMENTOS ANEXOS cambiado a: 100
11:09:29  INFO      [ALT-DL] DOCUMENTOS ANEXOS (post-100): Mostrando 1 a 2 de 2
11:09:29  WARNING   [ALT-DL] 5 botones > 2 esperados -- usando solo los primeros 2
11:09:29  INFO      [ALT-DL] Pagina 1: 2 botones VER DOCUMENTO
11:09:30  INFO        [1] nombre=documento_VE-165912_1  tipo=  fecha=
11:09:30  INFO      [ALT-META] Metadatos guardados: {'tipo_tramite': 'CGPE-01-003-B: Entrega periódica de Información General Estadística B. Para Operador que no actualiza ninguno de los supuestos determinados por Servicio con base en su volumen de comercialización y/o provisión de servicios.', 'fecha_registro': '17/03/2026', 'solicitante': '', 'nombre_operador': 'ECCONETWORK, S.A.S. DE C.V.', 'representante_legal': 'EDUARDO SÁENZ ROBLES', 'asunto': 'PARA LA INTEGRACION DE ACERVO ESTADISTICO', 'descripcion': '', 'registro': '', 'folio': '165871'}
11:09:30  INFO      [ALT-DL] Descargando DOCUMENTOS ANEXOS para folio VE-165871
11:09:30  INFO        [OK] 17737867096649r025-01.xlsx  (10.7 KB)
11:09:31  INFO        [2] nombre=documento_VE-165912_2  tipo=  fecha=
11:09:31  INFO        [OK] solicitud165912.pdf  (300.4 KB)
11:09:31  INFO      [ALT-DL] Paginacion: mostrando 1 a 2 de 2
11:09:31  INFO      [ALT-DL] VALIDACION OK: 2/2 documentos descargados
11:09:31  INFO      [REG-META] metadata_satys.json actualizado para registro CRT26-013371
11:09:31  INFO      [BACK] Regresando al tablero...
11:09:33  INFO      [ALT-DL] Seccion DOCUMENTOS ANEXOS localizada: text=DOCUMENTOS ANEXOS
11:09:34  INFO      [INFO] Seccion 'ARCHIVOS ASOCIADOS' no existe en folio CRT26-013347 -- activar fallback
11:09:34  INFO      [ALT-DL] DOCUMENTOS ANEXOS: Mostrando 1 a 2 de 2
11:09:34  INFO      [REG-FUENTE] Sin ARCHIVOS ASOCIADOS -- activando flujo DOCUMENTOS ANEXOS para registro CRT26-013347 (folio=VE-165859)
11:09:34  INFO      [ALT] Iniciando flujo DOCUMENTOS ANEXOS para folio VE-165859 (raw=VE-165859)
11:09:34  INFO      [ALT-NAV] Navegando a Tramites Nuevos...
11:09:34  INFO      [ALT-DL] Selector DOCUMENTOS ANEXOS cambiado a: 100
11:09:35  INFO      [BACK] Re-navegando al tablero...
11:09:35  INFO      [NAV] Navegando a Enlace Oficialia de Partes...
11:09:35  INFO      [ALT-DL] DOCUMENTOS ANEXOS (post-100): Mostrando 1 a 2 de 2
11:09:36  WARNING   [ALT-DL] 5 botones > 2 esperados -- usando solo los primeros 2
11:09:36  INFO      [ALT-DL] Pagina 1: 2 botones VER DOCUMENTO
11:09:36  INFO        [1] nombre=documento_VE-165871_1  tipo=  fecha=
11:09:37  INFO      [INFO] Seccion 'ARCHIVOS ASOCIADOS' no existe en folio CRT26-013346 -- activar fallback
11:09:37  INFO        [OK] 17737773337402copiader025-01.csv  (0.3 KB)
11:09:37  INFO      [REG-FUENTE] Sin ARCHIVOS ASOCIADOS -- activando flujo DOCUMENTOS ANEXOS para registro CRT26-013346 (folio=VE-165853)
11:09:37  INFO      [ALT] Iniciando flujo DOCUMENTOS ANEXOS para folio VE-165853 (raw=VE-165853)
11:09:37  INFO      [ALT-NAV] Navegando a Tramites Nuevos...
11:09:37  INFO      [WR:SATyS-Reg_4] ── Registro CRT26-013357: 3/3 OK | 0 error(es) servidor | 0 error(es) red ──
11:09:37  INFO        [2] nombre=documento_VE-165871_2  tipo=  fecha=
11:09:38  INFO        [OK] solicitud165871.pdf  (300.1 KB)
11:09:38  INFO      [ALT-DL] Paginacion: mostrando 1 a 2 de 2
11:09:38  INFO      [ALT-DL] VALIDACION OK: 2/2 documentos descargados
11:09:38  INFO      [REG-META] metadata_satys.json actualizado para registro CRT26-013349
11:09:38  INFO      [BACK] Regresando al tablero...
11:09:38  INFO      [ALT-NAV] Tramites Nuevos cargado OK
11:09:38  INFO      [ALT-SEARCH] Folio normalizado para busqueda: 'VE-165865' -> '165865'
11:09:38  INFO      [ALT-SEARCH] Buscando folio 165865 en Tramites Nuevos...
11:09:39  INFO      [WR:SATyS-Reg_4] ── Iniciando registro CRT26-013324 ──
11:09:39  INFO      [CONC-REG] [73/718] ✓ Registro CRT26-013357 completado: 3 OK / 3 total
11:09:40  INFO      [API] Discovery activo: debug\api_log.jsonl
11:09:40  INFO      [OK] Tablero de Control cargado
11:09:40  INFO      [ALT-NAV] Tramites Nuevos cargado OK
11:09:40  INFO      [ALT-SEARCH] Folio normalizado para busqueda: 'VE-165853' -> '165853'
11:09:40  INFO      [ALT-SEARCH] Buscando folio 165853 en Tramites Nuevos...
11:09:41  INFO      [BACK] Re-navegando al tablero...
11:09:41  INFO      [NAV] Navegando a Enlace Oficialia de Partes...
11:09:42  INFO      [ALT-NAV] Tramites Nuevos cargado OK
11:09:42  INFO      [ALT-SEARCH] Folio normalizado para busqueda: 'VE-165859' -> '165859'
11:09:42  INFO      [ALT-SEARCH] Buscando folio 165859 en Tramites Nuevos...
11:09:45  INFO      [ALT-SEARCH] Folio VE-165865 encontrado en Tramites Nuevos
11:09:45  INFO      [ALT-REVISAR] Abriendo detalle del tramite VE-165865...
11:09:48  INFO      [ALT-SEARCH] Folio VE-165853 encontrado en Tramites Nuevos
11:09:48  INFO      [ALT-REVISAR] Abriendo detalle del tramite VE-165853...
11:09:49  INFO      [ALT-SEARCH] Folio VE-165859 encontrado en Tramites Nuevos
11:09:49  INFO      [ALT-REVISAR] Abriendo detalle del tramite VE-165859...
11:09:50  INFO      [OK] Tablero de Control cargado
11:09:50  INFO      [WR:SATyS-Reg_4] Sesión activa (registro CRT26-013324)
11:09:50  INFO      [NAV] Navegando a Enlace Oficialia de Partes...
11:09:51  INFO      [OK] Tablero de Control cargado
11:09:51  INFO      [REG] Configurando tablero para búsqueda por Registro (Todos los años + 100)...
11:09:51  INFO      [REG] Cambiando Año a 'Todos los años' (value='0')...
11:09:51  INFO      [REG] ✅ Año cambiado a 'Todos los años'
11:09:51  INFO      [REG] Cambiando 'Mostrar' a 100 trámites...
11:09:51  INFO      [ALT-REVISAR] Detalle del tramite cargado OK
11:09:51  INFO      [ALT-META] Extrayendo metadatos de DATOS DEL TRAMITE para folio VE-165853
11:09:52  INFO      [REG] ✅ Mostrar cambiado a 100 trámites
11:09:52  INFO      [REG-BUSCAR] Buscando registro CRT26-013324 en tabla (intento 1)...
11:09:53  INFO      [REG-PAGE] Resultados búsqueda: mostrando 1 de 1 trámites
11:09:53  INFO      [REG-VIEW] Abriendo detalle: registro=CRT26-013324, folio=VE-165817
11:09:54  INFO      [ALT-REVISAR] Detalle del tramite cargado OK
11:09:54  INFO      [ALT-META] Extrayendo metadatos de DATOS DEL TRAMITE para folio VE-165859
11:10:01  INFO      [REG-OK] Detalle cargado: registro=CRT26-013324
11:10:01  INFO      [WEB] Extrayendo metadatos web (intento 1) para folio CRT26-013324
11:10:01  INFO      [WEB] Extrayendo metadatos web (una vez) de SATyS para folio CRT26-013324
11:10:04  INFO      [WEB] Registro encontrado: CRT26-013324
11:10:04  WARNING   [WEB] page.evaluate retornó None en DATOS DEL DOCUMENTO -- intentando fallback con locators de Playwright
11:10:05  INFO      [WEB] DATOS DEL DOCUMENTO (fallback locator): folio_opc='VE-165817' | no_doc=''
11:10:05  INFO      [WEB] DATOS DEL DOCUMENTO: folio_opc='VE-165817' | no_doc='None'
11:10:05  INFO      [WEB] Fecha de folio OPC: 17-03-2026 12:41:42
11:10:06  INFO      [WEB] Metadatos guardados OK: Rep='VÍCTOR ALONZO CHÁVEZ VEGA', Ope='VÍCTOR ALONZO CHÁVEZ VEGA', Asunto='Trámite que ingreso por Ventanilla Electrónica. Más trámites y servicios', Registro='CRT26-013324'
11:10:06  INFO      [META-RETRY] Todos los campos criticos capturados en intento 1 para folio CRT26-013324
11:10:06  INFO      [FILES] Descargando archivos del folio CRT26-013324...
11:10:08  INFO      [WR:SATyS-Reg_5] ── Registro CRT26-013371: 2/2 OK | 0 error(es) servidor | 0 error(es) red ──
11:10:09  INFO      [ALT-META] Metadatos guardados: {'tipo_tramite': 'CGPE-01-001: Solicitud de Registro inicial de los servicios de telecomunicaciones comercializados, para efectos del acervo estadístico del Instituto Federal de Telecomunicaciones', 'fecha_registro': '17/03/2026', 'solicitante': '', 'nombre_operador': 'GRUPO DE TELECOMUNICACIONES DE ALTA CAPACIDAD, S.A.P.I. DE C.V.', 'representante_legal': 'RAFAEL CAMPOS HERNÁNDEZ', 'asunto': 'SE REMITE INFORMACIÓN PARA INTEGRAR EL ACERVO ESTADÍSTICO', 'descripcion': '', 'registro': '', 'folio': '165853'}
11:10:09  INFO      [ALT-DL] Descargando DOCUMENTOS ANEXOS para folio VE-165853
11:10:09  INFO      [WR:SATyS-Reg_1] ── Registro CRT26-013349: 2/2 OK | 0 error(es) servidor | 0 error(es) red ──
11:10:10  INFO      [WR:SATyS-Reg_5] ── Iniciando registro CRT26-013316 ──
11:10:10  INFO      [CONC-REG] [74/718] ✓ Registro CRT26-013371 completado: 2 OK / 2 total
11:10:10  INFO      [WR:SATyS-Reg_1] ── Iniciando registro CRT26-010587 ──
11:10:10  INFO      [CONC-REG] [75/718] ✓ Registro CRT26-013349 completado: 2 OK / 2 total
11:10:10  INFO      [ALT-REVISAR] Detalle del tramite cargado OK
11:10:10  INFO      [ALT-META] Extrayendo metadatos de DATOS DEL TRAMITE para folio VE-165865
11:10:10  INFO      [API] Discovery activo: debug\api_log.jsonl
11:10:11  INFO      [API] Discovery activo: debug\api_log.jsonl
11:10:12  INFO      [ALT-DL] Seccion DOCUMENTOS ANEXOS localizada: text=DOCUMENTOS ANEXOS
11:10:13  INFO      [WR:SATyS-Reg_1] Sesión activa (registro CRT26-010587)
11:10:13  INFO      [NAV] Navegando a Enlace Oficialia de Partes...
11:10:13  INFO      [WR:SATyS-Reg_5] Sesión activa (registro CRT26-013316)
11:10:13  INFO      [NAV] Navegando a Enlace Oficialia de Partes...
11:10:13  INFO      [ALT-DL] DOCUMENTOS ANEXOS: Mostrando 1 a 4 de 4
11:10:13  INFO      [ALT-DL] Selector DOCUMENTOS ANEXOS cambiado a: 100
11:10:14  INFO      [OK] Tablero de Control cargado
11:10:14  INFO      [REG] Configurando tablero para búsqueda por Registro (Todos los años + 100)...
11:10:14  INFO      [OK] Tablero de Control cargado
11:10:14  INFO      [REG] Configurando tablero para búsqueda por Registro (Todos los años + 100)...
11:10:14  INFO      [REG] Cambiando Año a 'Todos los años' (value='0')...
11:10:14  INFO      [REG] Cambiando Año a 'Todos los años' (value='0')...
11:10:14  INFO      [REG] ✅ Año cambiado a 'Todos los años'
11:10:14  INFO      [REG] ✅ Año cambiado a 'Todos los años'
11:10:14  INFO      [REG] Cambiando 'Mostrar' a 100 trámites...
11:10:14  INFO      [REG] Cambiando 'Mostrar' a 100 trámites...
11:10:15  INFO      [ALT-DL] DOCUMENTOS ANEXOS (post-100): Mostrando 1 a 4 de 4
11:10:15  WARNING   [ALT-DL] 7 botones > 4 esperados -- usando solo los primeros 4
11:10:15  INFO      [ALT-DL] Pagina 1: 4 botones VER DOCUMENTO
11:10:15  INFO      [ALT-META] Metadatos guardados: {'tipo_tramite': 'CGPE-01-003-B: Entrega periódica de Información General Estadística B. Para Operador que no actualiza ninguno de los supuestos determinados por Servicio con base en su volumen de comercialización y/o provisión de servicios.', 'fecha_registro': '17/03/2026', 'solicitante': '', 'nombre_operador': 'GRUPO DE TELECOMUNICACIONES DE ALTA CAPACIDAD, S.A.P.I. DE C.V.', 'representante_legal': 'RAFAEL CAMPOS HERNÁNDEZ', 'asunto': 'SE REMITE INFORMACIÓN PARA INTEGRAR ACERVO ESTADÍSTICO 2025', 'descripcion': '', 'registro': '', 'folio': '165859'}
11:10:15  INFO      [ALT-DL] Descargando DOCUMENTOS ANEXOS para folio VE-165859
11:10:15  INFO        [1] nombre=documento_VE-165853_1  tipo=  fecha=
11:10:15  INFO      [REG] ✅ Mostrar cambiado a 100 trámites
11:10:15  INFO      [REG] ✅ Mostrar cambiado a 100 trámites
11:10:15  INFO      [REG-BUSCAR] Buscando registro CRT26-013316 en tabla (intento 1)...
11:10:15  INFO      [REG-BUSCAR] Buscando registro CRT26-010587 en tabla (intento 1)...
11:10:16  INFO        [OK] 1773775315983r001-05.xlsx  (15.2 KB)
11:10:17  INFO        [2] nombre=documento_VE-165853_2  tipo=  fecha=
11:10:17  INFO      [REG-PAGE] Resultados búsqueda: mostrando 1 de 1 trámites
11:10:17  INFO      [REG-VIEW] Abriendo detalle: registro=CRT26-010587, folio=7418
11:10:17  INFO      [REG-PAGE] Resultados búsqueda: mostrando 1 de 1 trámites
11:10:17  INFO        [OK] 1773775302176r001-02.xlsx  (44.8 KB)
11:10:18  INFO      [REG-VIEW] Abriendo detalle: registro=CRT26-013316, folio=VE-165789
11:10:18  INFO        [3] nombre=documento_VE-165853_3  tipo=  fecha=
11:10:18  INFO      [INFO] Seccion 'ARCHIVOS ASOCIADOS' no existe en folio CRT26-013324 -- activar fallback
11:10:18  INFO      [REG-FUENTE] Sin ARCHIVOS ASOCIADOS -- activando flujo DOCUMENTOS ANEXOS para registro CRT26-013324 (folio=VE-165817)
11:10:18  INFO      [ALT] Iniciando flujo DOCUMENTOS ANEXOS para folio VE-165817 (raw=VE-165817)
11:10:18  INFO      [ALT-NAV] Navegando a Tramites Nuevos...
11:10:19  INFO        [OK] 17737752787804r001-01.xlsx  (12.2 KB)
11:10:19  INFO      [ALT-DL] Seccion DOCUMENTOS ANEXOS localizada: text=DOCUMENTOS ANEXOS
11:10:19  INFO        [4] nombre=documento_VE-165853_4  tipo=  fecha=
11:10:20  INFO      [ALT-DL] DOCUMENTOS ANEXOS: Mostrando 1 a 7 de 7
11:10:20  INFO      [ALT-DL] Selector DOCUMENTOS ANEXOS cambiado a: 100
11:10:20  INFO        [OK] solicitud165853.pdf  (311.7 KB)
11:10:20  INFO      [ALT-DL] Paginacion: mostrando 1 a 4 de 4
11:10:20  INFO      [ALT-DL] VALIDACION OK: 4/4 documentos descargados
11:10:20  INFO      [REG-META] metadata_satys.json actualizado para registro CRT26-013346
11:10:20  INFO      [BACK] Regresando al tablero...
11:10:21  INFO      [ALT-DL] DOCUMENTOS ANEXOS (post-100): Mostrando 1 a 7 de 7
11:10:21  WARNING   [ALT-DL] 10 botones > 7 esperados -- usando solo los primeros 7
11:10:21  INFO      [ALT-DL] Pagina 1: 7 botones VER DOCUMENTO
11:10:22  INFO        [1] nombre=documento_VE-165859_1  tipo=  fecha=
11:10:23  INFO        [OK] 1773775856435r002-09.xlsx  (15.1 KB)
11:10:23  INFO      [BACK] Re-navegando al tablero...
11:10:23  INFO      [NAV] Navegando a Enlace Oficialia de Partes...
11:10:23  INFO      [ALT-NAV] Tramites Nuevos cargado OK
11:10:23  INFO      [ALT-SEARCH] Folio normalizado para busqueda: 'VE-165817' -> '165817'
11:10:23  INFO      [ALT-SEARCH] Buscando folio 165817 en Tramites Nuevos...
11:10:23  INFO        [2] nombre=documento_VE-165859_2  tipo=  fecha=
11:10:24  INFO        [OK] 17737758458856r002-05.xlsx  (16.9 KB)
11:10:25  INFO        [3] nombre=documento_VE-165859_3  tipo=  fecha=
11:10:26  INFO        [OK] 17737758341651r002-04.xlsx  (16.5 KB)
11:10:26  INFO        [4] nombre=documento_VE-165859_4  tipo=  fecha=
11:10:27  INFO        [OK] 17737758135029r002-03.xlsx  (15.7 KB)
11:10:27  INFO        [5] nombre=documento_VE-165859_5  tipo=  fecha=
11:10:28  INFO        [OK] 17737758034343r002-02.xlsx  (18.2 KB)
11:10:28  INFO        [6] nombre=documento_VE-165859_6  tipo=  fecha=
11:10:29  INFO        [OK] 17737757864217r002-01.xlsx  (16.0 KB)
11:10:30  INFO        [7] nombre=documento_VE-165859_7  tipo=  fecha=
11:10:30  INFO      [ALT-SEARCH] Folio VE-165817 encontrado en Tramites Nuevos
11:10:30  INFO      [ALT-REVISAR] Abriendo detalle del tramite VE-165817...
11:10:30  INFO        [OK] solicitud165859.pdf  (630.8 KB)
11:10:30  INFO      [ALT-DL] Paginacion: mostrando 1 a 7 de 7
11:10:30  INFO      [ALT-DL] VALIDACION OK: 7/7 documentos descargados
11:10:30  INFO      [REG-META] metadata_satys.json actualizado para registro CRT26-013347
11:10:30  INFO      [BACK] Regresando al tablero...
11:10:32  INFO      [ALT-REVISAR] Detalle del tramite cargado OK
11:10:32  INFO      [ALT-META] Extrayendo metadatos de DATOS DEL TRAMITE para folio VE-165817
11:10:33  INFO      [BACK] Re-navegando al tablero...
11:10:33  INFO      [NAV] Navegando a Enlace Oficialia de Partes...
11:10:34  INFO      [REG-OK] Detalle cargado: registro=CRT26-010587
11:10:34  INFO      [WEB] Extrayendo metadatos web (intento 1) para folio CRT26-010587
11:10:34  INFO      [WEB] Extrayendo metadatos web (una vez) de SATyS para folio CRT26-010587
11:10:35  INFO      [OK] Tablero de Control cargado
11:10:36  INFO      [REG-OK] Detalle cargado: registro=CRT26-013316
11:10:36  INFO      [WEB] Extrayendo metadatos web (intento 1) para folio CRT26-013316
11:10:36  INFO      [WEB] Extrayendo metadatos web (una vez) de SATyS para folio CRT26-013316
11:10:37  INFO      [WEB] Registro encontrado: CRT26-010587
11:10:37  WARNING   [WEB] page.evaluate retornó None en DATOS DEL DOCUMENTO -- intentando fallback con locators de Playwright
11:10:38  INFO      [WEB] DATOS DEL DOCUMENTO (fallback locator): folio_opc='' | no_doc=''
11:10:38  INFO      [WEB] DATOS DEL DOCUMENTO: folio_opc='None' | no_doc='None'
11:10:38  INFO      [OK] Tablero de Control cargado
11:10:38  WARNING   [V11-META-FALTANTE] folio=CRT26-010587 campo=representante_legal es nulo/vacio
11:10:38  WARNING   [V11-META-FALTANTE] folio=CRT26-010587 campo=nombre_operador es nulo/vacio
11:10:38  WARNING   [V11-META-FALTANTE] folio=CRT26-010587 campo=asunto es nulo/vacio
11:10:38  INFO      [WEB] Metadatos guardados OK: Rep='None', Ope='None', Asunto='None', Registro='CRT26-010587'
11:10:38  WARNING   [META-RETRY] Campos faltantes: ['nombre_operador', 'representante_legal']
11:10:38  WARNING   [META-RETRY] Intento 1 fallido para folio CRT26-010587. Reintentando en 3s...
11:10:39  INFO      [WEB] Registro encontrado: CRT26-013316
11:10:39  WARNING   [WEB] page.evaluate retornó None en DATOS DEL DOCUMENTO -- intentando fallback con locators de Playwright
11:10:40  INFO      [WEB] DATOS DEL DOCUMENTO (fallback locator): folio_opc='' | no_doc=''
11:10:40  INFO      [WEB] DATOS DEL DOCUMENTO: folio_opc='None' | no_doc='None'
11:10:40  WARNING   [V11-META-FALTANTE] folio=CRT26-013316 campo=representante_legal es nulo/vacio
11:10:40  WARNING   [V11-META-FALTANTE] folio=CRT26-013316 campo=nombre_operador es nulo/vacio
11:10:40  WARNING   [V11-META-FALTANTE] folio=CRT26-013316 campo=asunto es nulo/vacio
11:10:40  INFO      [WEB] Metadatos guardados OK: Rep='None', Ope='None', Asunto='None', Registro='CRT26-013316'
11:10:40  WARNING   [META-RETRY] Campos faltantes: ['nombre_operador', 'representante_legal']
11:10:40  WARNING   [META-RETRY] Intento 1 fallido para folio CRT26-013316. Reintentando en 3s...
11:10:41  INFO      [WEB] Extrayendo metadatos web (intento 2) para folio CRT26-010587
11:10:41  INFO      [WEB] Extrayendo metadatos web (una vez) de SATyS para folio CRT26-010587
11:10:42  INFO      [WR:SATyS-Reg_3] ── Registro CRT26-013346: 4/4 OK | 0 error(es) servidor | 0 error(es) red ──
11:10:43  INFO      [WEB] Extrayendo metadatos web (intento 2) para folio CRT26-013316
11:10:43  INFO      [WEB] Extrayendo metadatos web (una vez) de SATyS para folio CRT26-013316
11:10:44  INFO      [WR:SATyS-Reg_3] ── Iniciando registro CRT26-013314 ──
11:10:44  INFO      [CONC-REG] [76/718] ✓ Registro CRT26-013346 completado: 4 OK / 4 total
11:10:44  INFO      [API] Discovery activo: debug\api_log.jsonl
11:10:45  INFO      [WEB] Registro encontrado: CRT26-010587
11:10:45  WARNING   [WEB] page.evaluate retornó None en DATOS DEL DOCUMENTO -- intentando fallback con locators de Playwright
11:10:45  INFO      [WEB] DATOS DEL DOCUMENTO (fallback locator): folio_opc='' | no_doc=''
11:10:45  INFO      [WEB] DATOS DEL DOCUMENTO: folio_opc='None' | no_doc='None'
11:10:46  WARNING   [V11-META-FALTANTE] folio=CRT26-010587 campo=representante_legal es nulo/vacio
11:10:46  WARNING   [V11-META-FALTANTE] folio=CRT26-010587 campo=nombre_operador es nulo/vacio
11:10:46  WARNING   [V11-META-FALTANTE] folio=CRT26-010587 campo=asunto es nulo/vacio
11:10:46  INFO      [WEB] Metadatos guardados OK: Rep='None', Ope='None', Asunto='None', Registro='CRT26-010587'
11:10:46  WARNING   [META-RETRY] Campos faltantes: ['nombre_operador', 'representante_legal']
11:10:46  WARNING   [META-RETRY] Intento 2 fallido para folio CRT26-010587. Reintentando en 3s...
11:10:46  INFO      [WEB] Registro encontrado: CRT26-013316
11:10:46  WARNING   [WEB] page.evaluate retornó None en DATOS DEL DOCUMENTO -- intentando fallback con locators de Playwright
11:10:47  INFO      [WEB] DATOS DEL DOCUMENTO (fallback locator): folio_opc='VE-165789' | no_doc=''
11:10:47  INFO      [WEB] DATOS DEL DOCUMENTO: folio_opc='VE-165789' | no_doc='None'
11:10:47  INFO      [WEB] Fecha de folio OPC: 17-03-2026 11:53:11
11:10:48  INFO      [WEB] Metadatos guardados OK: Rep='MARIA ALEJANDRA AGUIRRE BARRAGAN', Ope='TELEVERA RED', Asunto='Trámite que ingreso por Ventanilla Electrónica. Más trámites y servicios', Registro='CRT26-013316'
11:10:48  INFO      [META-RETRY] Todos los campos criticos capturados en intento 2 para folio CRT26-013316
11:10:48  INFO      [FILES] Descargando archivos del folio CRT26-013316...
11:10:49  INFO      [WEB] Extrayendo metadatos web (intento 3) para folio CRT26-010587
11:10:49  INFO      [WEB] Extrayendo metadatos web (una vez) de SATyS para folio CRT26-010587
11:10:52  INFO      [WEB] Registro encontrado: CRT26-010587
11:10:52  WARNING   [WEB] page.evaluate retornó None en DATOS DEL DOCUMENTO -- intentando fallback con locators de Playwright
11:10:53  INFO      [WEB] DATOS DEL DOCUMENTO (fallback locator): folio_opc='' | no_doc=''
11:10:53  INFO      [WEB] DATOS DEL DOCUMENTO: folio_opc='None' | no_doc='None'
11:10:53  WARNING   [V11-META-FALTANTE] folio=CRT26-010587 campo=representante_legal es nulo/vacio
11:10:53  WARNING   [V11-META-FALTANTE] folio=CRT26-010587 campo=nombre_operador es nulo/vacio
11:10:53  WARNING   [V11-META-FALTANTE] folio=CRT26-010587 campo=asunto es nulo/vacio
11:10:53  INFO      [WEB] Metadatos guardados OK: Rep='None', Ope='None', Asunto='None', Registro='CRT26-010587'
11:10:53  WARNING   [META-RETRY] Campos faltantes: ['nombre_operador', 'representante_legal']
11:10:53  WARNING   [META-RETRY] Intento 3 fallido para folio CRT26-010587. Reintentando en 3s...
11:10:56  INFO      [WEB] Extrayendo metadatos web (intento 4) para folio CRT26-010587
11:10:56  INFO      [WEB] Extrayendo metadatos web (una vez) de SATyS para folio CRT26-010587
11:10:57  INFO      [ALT-META] Metadatos guardados: {'tipo_tramite': 'CGPE-01-003-X: Entrega periódica de Información General Estadística X. Sobre el Servicio Mayorista de Enlaces Dedicados', 'fecha_registro': '17/03/2026', 'solicitante': '', 'nombre_operador': 'GRUPO DE TELECOMUNICACIONES DE ALTA CAPACIDAD, S.A.P.I. DE C.V.', 'representante_legal': 'RAFAEL CAMPOS HERNÁNDEZ', 'asunto': 'SE REMITE INFORMACIÓN ANUAL PARA INTEGRAR EL ACERVO ESTADÍSTICO', 'descripcion': '', 'registro': '', 'folio': '165865'}
11:10:57  INFO      [ALT-DL] Descargando DOCUMENTOS ANEXOS para folio VE-165865
11:10:59  INFO      [WEB] Registro encontrado: CRT26-010587
11:10:59  WARNING   [WEB] page.evaluate retornó None en DATOS DEL DOCUMENTO -- intentando fallback con locators de Playwright
11:11:00  INFO      [WEB] DATOS DEL DOCUMENTO (fallback locator): folio_opc='' | no_doc=''
11:11:00  INFO      [WEB] DATOS DEL DOCUMENTO: folio_opc='None' | no_doc='None'
11:11:00  INFO      [INFO] Seccion 'ARCHIVOS ASOCIADOS' no existe en folio CRT26-013316 -- activar fallback
11:11:00  INFO      [ALT-DL] Seccion DOCUMENTOS ANEXOS localizada: text=DOCUMENTOS ANEXOS
11:11:01  INFO      [REG-FUENTE] Sin ARCHIVOS ASOCIADOS -- activando flujo DOCUMENTOS ANEXOS para registro CRT26-013316 (folio=VE-165789)
11:11:01  INFO      [ALT] Iniciando flujo DOCUMENTOS ANEXOS para folio VE-165789 (raw=VE-165789)
11:11:01  INFO      [ALT-NAV] Navegando a Tramites Nuevos...
11:11:01  INFO      [WR:SATyS-Reg_3] Sesión activa (registro CRT26-013314)
11:11:01  INFO      [NAV] Navegando a Enlace Oficialia de Partes...
11:11:01  WARNING   [V11-META-FALTANTE] folio=CRT26-010587 campo=representante_legal es nulo/vacio
11:11:01  INFO      [WEB] Metadatos guardados OK: Rep='None', Ope='PEGASO PCS, S.A. DE C.V.', Asunto='FOLIO DE ACUSE: 006571 / 008641 FECHA: 19/03/2025 - 11/04/2025 FORMATO: R027', Registro='CRT26-010587'
11:11:01  WARNING   [META-RETRY] Campos faltantes: ['representante_legal']
11:11:01  WARNING   [META-RETRY] Intento 4 fallido para folio CRT26-010587. Reintentando en 3s...
11:11:02  INFO      [ALT-DL] DOCUMENTOS ANEXOS: Mostrando 1 a 2 de 2
11:11:02  INFO      [WR:SATyS-Reg_2] ── Registro CRT26-013347: 7/7 OK | 0 error(es) servidor | 0 error(es) red ──
11:11:02  INFO      [ALT-DL] Selector DOCUMENTOS ANEXOS cambiado a: 100
11:11:03  INFO      [ALT-DL] DOCUMENTOS ANEXOS (post-100): Mostrando 1 a 2 de 2
11:11:03  WARNING   [ALT-DL] 5 botones > 2 esperados -- usando solo los primeros 2
11:11:03  INFO      [ALT-DL] Pagina 1: 2 botones VER DOCUMENTO
11:11:03  INFO        [1] nombre=documento_VE-165865_1  tipo=  fecha=
11:11:04  INFO      [WR:SATyS-Reg_2] ── Iniciando registro CRT26-013312 ──
11:11:04  INFO      [CONC-REG] [77/718] ✓ Registro CRT26-013347 completado: 7 OK / 7 total
11:11:04  INFO      [WEB] Extrayendo metadatos web (intento 5) para folio CRT26-010587
11:11:04  INFO      [WEB] Extrayendo metadatos web (una vez) de SATyS para folio CRT26-010587
11:11:04  INFO        [OK] 17737765837856r025-01_2.xlsx  (13.9 KB)
11:11:04  INFO      [API] Discovery activo: debug\api_log.jsonl
11:11:05  INFO      [OK] Tablero de Control cargado
11:11:05  INFO      [REG] Configurando tablero para búsqueda por Registro (Todos los años + 100)...
11:11:05  INFO      [REG] Cambiando Año a 'Todos los años' (value='0')...
11:11:05  INFO      [REG] ✅ Año cambiado a 'Todos los años'
11:11:05  INFO      [ALT-NAV] Tramites Nuevos cargado OK
11:11:05  INFO      [ALT-SEARCH] Folio normalizado para busqueda: 'VE-165789' -> '165789'
11:11:05  INFO      [ALT-SEARCH] Buscando folio 165789 en Tramites Nuevos...
11:11:05  INFO      [REG] Cambiando 'Mostrar' a 100 trámites...
11:11:05  INFO        [2] nombre=documento_VE-165865_2  tipo=  fecha=
11:11:06  INFO      [REG] ✅ Mostrar cambiado a 100 trámites
11:11:06  INFO      [REG-BUSCAR] Buscando registro CRT26-013314 en tabla (intento 1)...
11:11:06  INFO        [OK] solicitud165865.pdf  (2782.4 KB)
11:11:06  INFO      [ALT-DL] Paginacion: mostrando 1 a 2 de 2
11:11:06  INFO      [ALT-DL] VALIDACION OK: 2/2 documentos descargados
11:11:06  INFO      [REG-META] metadata_satys.json actualizado para registro CRT26-013348
11:11:06  INFO      [BACK] Regresando al tablero...
11:11:07  INFO      [WEB] Registro encontrado: CRT26-010587
11:11:07  WARNING   [WEB] page.evaluate retornó None en DATOS DEL DOCUMENTO -- intentando fallback con locators de Playwright
11:11:08  INFO      [WEB] DATOS DEL DOCUMENTO (fallback locator): folio_opc='7418' | no_doc='TEM/REG/030/2026'
11:11:08  INFO      [WEB] DATOS DEL DOCUMENTO: folio_opc='7418' | no_doc='TEM/REG/030/2026'
11:11:08  INFO      [WEB] Fecha de folio OPC: 17-03-2026 00:00:00
11:11:08  INFO      [WEB] Metadatos guardados OK: Rep='ANGELA NATALIA ANDREA FEDERICA GUERRA CAICEDO', Ope='PEGASO PCS, S.A. DE C.V.', Asunto='FOLIO DE ACUSE: 006571 / 008641 FECHA: 19/03/2025 - 11/04/2025 FORMATO: R027', Registro='CRT26-010587'
11:11:08  INFO      [META-RETRY] Todos los campos criticos capturados en intento 5 para folio CRT26-010587
11:11:08  INFO      [FILES] Descargando archivos del folio CRT26-010587...
11:11:09  INFO      [BACK] Re-navegando al tablero...
11:11:09  INFO      [NAV] Navegando a Enlace Oficialia de Partes...
11:11:11  INFO      [REG-PAGE] Resultados búsqueda: mostrando 1 de 1 trámites
11:11:11  INFO      [REG-VIEW] Abriendo detalle: registro=CRT26-013314, folio=VE-165779
11:11:12  INFO      [ALT-SEARCH] Folio VE-165789 encontrado en Tramites Nuevos
11:11:12  INFO      [ALT-REVISAR] Abriendo detalle del tramite VE-165789...
11:11:16  INFO      [OK] Tablero de Control cargado
11:11:18  INFO      [WR:SATyS-Reg_2] Sesión activa (registro CRT26-013312)
11:11:18  INFO      [NAV] Navegando a Enlace Oficialia de Partes...
11:11:18  INFO      [ALT-REVISAR] Detalle del tramite cargado OK
11:11:18  INFO      [ALT-META] Extrayendo metadatos de DATOS DEL TRAMITE para folio VE-165789
11:11:18  INFO      [REG-OK] Detalle cargado: registro=CRT26-013314
11:11:18  INFO      [WEB] Extrayendo metadatos web (intento 1) para folio CRT26-013314
11:11:18  INFO      [WEB] Extrayendo metadatos web (una vez) de SATyS para folio CRT26-013314
11:11:19  INFO      [WR:SATyS-Reg_0] ── Registro CRT26-013348: 2/2 OK | 0 error(es) servidor | 0 error(es) red ──
11:11:20  INFO      [WR:SATyS-Reg_0] ── Iniciando registro CRT26-013310 ──
11:11:20  INFO      [CONC-REG] [78/718] ✓ Registro CRT26-013348 completado: 2 OK / 2 total
11:11:21  INFO      [API] Discovery activo: debug\api_log.jsonl
11:11:22  INFO      [WEB] Registro encontrado: CRT26-013314
11:11:22  WARNING   [WEB] page.evaluate retornó None en DATOS DEL DOCUMENTO -- intentando fallback con locators de Playwright
11:11:23  INFO      [WEB] DATOS DEL DOCUMENTO (fallback locator): folio_opc='VE-165779' | no_doc=''
11:11:23  INFO      [WEB] DATOS DEL DOCUMENTO: folio_opc='VE-165779' | no_doc='None'
11:11:23  INFO      [WEB] Fecha de folio OPC: 17-03-2026 11:18:09
11:11:23  INFO      [WEB] Metadatos guardados OK: Rep='DANIEL ALBERTO ESTRADA RAMOS', Ope='DANIEL ALBERTO ESTRADA RAMOS', Asunto='Trámite que ingreso por Ventanilla Electrónica. Más trámites y servicios', Registro='CRT26-013314'
11:11:23  INFO      [META-RETRY] Todos los campos criticos capturados en intento 1 para folio CRT26-013314
11:11:23  INFO      [FILES] Descargando archivos del folio CRT26-013314...
11:11:26  INFO      [ALT-META] Metadatos guardados: {'tipo_tramite': 'CGPE-01-001: Solicitud de Registro inicial de los servicios de telecomunicaciones comercializados, para efectos del acervo estadístico del Instituto Federal de Telecomunicaciones', 'fecha_registro': '17/03/2026', 'solicitante': '', 'nombre_operador': 'VÍCTOR ALONZO CHÁVEZ VEGA', 'representante_legal': 'VÍCTOR ALONZO CHÁVEZ VEGA', 'asunto': '', 'descripcion': '', 'registro': '', 'folio': '165817'}
11:11:26  INFO      [ALT-DL] Descargando DOCUMENTOS ANEXOS para folio VE-165817
11:11:29  INFO      [OK] Tablero de Control cargado
11:11:29  INFO      [REG] Configurando tablero para búsqueda por Registro (Todos los años + 100)...
11:11:29  INFO      [REG] Cambiando Año a 'Todos los años' (value='0')...
11:11:29  INFO      [WR:SATyS-Reg_0] Sesión activa (registro CRT26-013310)
11:11:29  INFO      [NAV] Navegando a Enlace Oficialia de Partes...
11:11:29  INFO      [REG] ✅ Año cambiado a 'Todos los años'
11:11:29  INFO      [REG] Cambiando 'Mostrar' a 100 trámites...
11:11:29  INFO      [ALT-DL] Seccion DOCUMENTOS ANEXOS localizada: text=DOCUMENTOS ANEXOS
11:11:30  INFO      [REG] ✅ Mostrar cambiado a 100 trámites
11:11:30  INFO      [REG-BUSCAR] Buscando registro CRT26-013312 en tabla (intento 1)...
11:11:31  INFO      [ALT-DL] DOCUMENTOS ANEXOS: Mostrando 1 a 2 de 2
11:11:31  INFO      [ALT-DL] Selector DOCUMENTOS ANEXOS cambiado a: 100
11:11:32  INFO      [ALT-DL] DOCUMENTOS ANEXOS (post-100): Mostrando 1 a 2 de 2
11:11:32  WARNING   [ALT-DL] 5 botones > 2 esperados -- usando solo los primeros 2
11:11:32  INFO      [ALT-DL] Pagina 1: 2 botones VER DOCUMENTO
11:11:32  INFO        [1] nombre=documento_VE-165817_1  tipo=  fecha=
11:11:33  INFO        [OK] 17737727341593anexor026.registrodeserviciosdetelecomunicacionescomercializados.pdf  (224.1 KB)
11:11:34  INFO        [2] nombre=documento_VE-165817_2  tipo=  fecha=
11:11:34  INFO        [OK] solicitud165817.pdf  (105.1 KB)
11:11:34  INFO      [ALT-DL] Paginacion: mostrando 1 a 2 de 2
11:11:34  INFO      [ALT-DL] VALIDACION OK: 2/2 documentos descargados
11:11:34  INFO      [REG-META] metadata_satys.json actualizado para registro CRT26-013324
11:11:34  INFO      [BACK] Regresando al tablero...
11:11:36  INFO      [INFO] Seccion 'ARCHIVOS ASOCIADOS' no existe en folio CRT26-013314 -- activar fallback
11:11:36  INFO      [REG-FUENTE] Sin ARCHIVOS ASOCIADOS -- activando flujo DOCUMENTOS ANEXOS para registro CRT26-013314 (folio=VE-165779)
11:11:36  INFO      [ALT] Iniciando flujo DOCUMENTOS ANEXOS para folio VE-165779 (raw=VE-165779)
11:11:36  INFO      [ALT-NAV] Navegando a Tramites Nuevos...
11:11:37  INFO      [BACK] Re-navegando al tablero...
11:11:37  INFO      [NAV] Navegando a Enlace Oficialia de Partes...
11:11:38  INFO      [INFO] Cambiando paginacion ARCHIVOS ASOCIADOS a '100' elementos
11:11:39  INFO      [OK] Tablero de Control cargado
11:11:41  INFO      [WR:SATyS-Reg_4] ── Registro CRT26-013324: 2/2 OK | 0 error(es) servidor | 0 error(es) red ──
11:11:41  INFO      [OK] Tablero de Control cargado
11:11:41  INFO      [REG] Configurando tablero para búsqueda por Registro (Todos los años + 100)...
11:11:41  INFO      [WR:SATyS-Reg_2] ── Registro CRT26-013312: 0/1 OK | 0 error(es) servidor | 0 error(es) red ──
11:11:41  INFO      [REG] Cambiando Año a 'Todos los años' (value='0')...
11:11:41  INFO      [REG] ✅ Año cambiado a 'Todos los años'
11:11:41  INFO      [REG] Cambiando 'Mostrar' a 100 trámites...
11:11:42  INFO      [REG] ✅ Mostrar cambiado a 100 trámites
11:11:42  INFO      [REG-BUSCAR] Buscando registro CRT26-013310 en tabla (intento 1)...
11:11:43  INFO      [WR:SATyS-Reg_2] ── Iniciando registro CRT26-010586 ──
11:11:43  INFO      [CONC-REG] [79/718] ✓ Registro CRT26-013312 completado: 0 OK / 1 total
11:11:43  INFO      [WR:SATyS-Reg_4] ── Iniciando registro CRT26-010584 ──
11:11:43  INFO      [CONC-REG] [80/718] ✓ Registro CRT26-013324 completado: 2 OK / 2 total
11:11:44  INFO      [API] Discovery activo: debug\api_log.jsonl
11:11:44  INFO      [API] Discovery activo: debug\api_log.jsonl
11:11:46  INFO      [ALT-NAV] Tramites Nuevos cargado OK
11:11:46  INFO      [ALT-SEARCH] Folio normalizado para busqueda: 'VE-165779' -> '165779'
11:11:46  INFO      [ALT-SEARCH] Buscando folio 165779 en Tramites Nuevos...
11:11:48  INFO      [WR:SATyS-Reg_2] Sesión activa (registro CRT26-010586)
11:11:48  INFO      [NAV] Navegando a Enlace Oficialia de Partes...
11:11:49  INFO      [WR:SATyS-Reg_0] ── Registro CRT26-013310: 0/1 OK | 0 error(es) servidor | 0 error(es) red ──
11:11:49  INFO      [WR:SATyS-Reg_0] ── Iniciando registro CRT26-010573 ──
11:11:49  INFO      [CONC-REG] [81/718] ✓ Registro CRT26-013310 completado: 0 OK / 1 total
11:11:50  INFO      [API] Discovery activo: debug\api_log.jsonl
11:11:53  INFO      [ALT-SEARCH] Folio VE-165779 encontrado en Tramites Nuevos
11:11:53  INFO      [ALT-REVISAR] Abriendo detalle del tramite VE-165779...
11:11:55  INFO      [ALT-META] Metadatos guardados: {'tipo_tramite': 'CGPE-01-007: Solicitud de rectificación de información para efectos del Acervo Estadístico del Instituto Federal de Telecomunicaciones.', 'fecha_registro': '17/03/2026', 'solicitante': '', 'nombre_operador': 'TELEVERA RED, S.A.P.I. DE C.V.', 'representante_legal': 'MARIA ALEJANDRA AGUIRRE BARRAGAN', 'asunto': '', 'descripcion': '', 'registro': '', 'folio': '165789'}
11:11:55  INFO      [ALT-DL] Descargando DOCUMENTOS ANEXOS para folio VE-165789
11:11:56  INFO      [OK] Tablero de Control cargado
11:11:56  INFO      [REG] Configurando tablero para búsqueda por Registro (Todos los años + 100)...
11:11:56  INFO      [REG] Cambiando Año a 'Todos los años' (value='0')...
11:11:56  INFO      [REG] ✅ Año cambiado a 'Todos los años'
11:11:56  INFO      [REG] Cambiando 'Mostrar' a 100 trámites...
11:11:56  INFO      [WR:SATyS-Reg_4] Sesión activa (registro CRT26-010584)
11:11:56  INFO      [NAV] Navegando a Enlace Oficialia de Partes...
11:11:57  INFO      [WR:SATyS-Reg_0] Sesión activa (registro CRT26-010573)
11:11:57  INFO      [NAV] Navegando a Enlace Oficialia de Partes...
11:11:57  INFO      [REG] ✅ Mostrar cambiado a 100 trámites
11:11:57  INFO      [REG-BUSCAR] Buscando registro CRT26-010586 en tabla (intento 1)...
11:11:59  INFO      [ALT-DL] Seccion DOCUMENTOS ANEXOS localizada: text=DOCUMENTOS ANEXOS
11:11:59  INFO      [REG-PAGE] Resultados búsqueda: mostrando 1 de 1 trámites
11:11:59  INFO      [OK] Tablero de Control cargado
11:11:59  INFO      [REG] Configurando tablero para búsqueda por Registro (Todos los años + 100)...
11:11:59  INFO      [REG-VIEW] Abriendo detalle: registro=CRT26-010586, folio=7417
11:11:59  INFO      [REG] Cambiando Año a 'Todos los años' (value='0')...
11:11:59  INFO      [ALT-REVISAR] Detalle del tramite cargado OK
11:11:59  INFO      [ALT-META] Extrayendo metadatos de DATOS DEL TRAMITE para folio VE-165779
11:12:00  INFO      [REG] ✅ Año cambiado a 'Todos los años'
11:12:00  INFO      [REG] Cambiando 'Mostrar' a 100 trámites...
11:12:00  INFO      [ALT-DL] DOCUMENTOS ANEXOS: Mostrando 1 a 3 de 3
11:12:00  INFO      [ALT-DL] Selector DOCUMENTOS ANEXOS cambiado a: 100
11:12:00  INFO      [REG] ✅ Mostrar cambiado a 100 trámites
11:12:00  INFO      [REG-BUSCAR] Buscando registro CRT26-010584 en tabla (intento 1)...
11:12:01  INFO      [ALT-DL] DOCUMENTOS ANEXOS (post-100): Mostrando 1 a 3 de 3
11:12:01  WARNING   [ALT-DL] 6 botones > 3 esperados -- usando solo los primeros 3
11:12:01  INFO      [ALT-DL] Pagina 1: 3 botones VER DOCUMENTO
11:12:02  INFO        [1] nombre=documento_VE-165789_1  tipo=  fecha=
11:12:03  INFO        [OK] 17737699271860tr_r001-033t2025rectificado.csv  (49.9 KB)
11:12:03  INFO        [2] nombre=documento_VE-165789_2  tipo=  fecha=
11:12:04  INFO        [OK] 17737698778688anexor001.informacionestadisticageneraldeserviciosdetelecomunicacionesrectificacion.pdf  (294.9 KB)
11:12:05  INFO        [3] nombre=documento_VE-165789_3  tipo=  fecha=
11:12:05  INFO        [OK] solicitud165789.pdf  (215.3 KB)
11:12:05  INFO      [ALT-DL] Paginacion: mostrando 1 a 3 de 3
11:12:05  INFO      [ALT-DL] VALIDACION OK: 3/3 documentos descargados
11:12:05  INFO      [REG-META] metadata_satys.json actualizado para registro CRT26-013316
11:12:05  INFO      [BACK] Regresando al tablero...
11:12:08  INFO      [BACK] Re-navegando al tablero...
11:12:08  INFO      [NAV] Navegando a Enlace Oficialia de Partes...
11:12:11  INFO      [REG-PAGE] Resultados búsqueda: mostrando 1 de 1 trámites
11:12:11  INFO      [REG-VIEW] Abriendo detalle: registro=CRT26-010584, folio=7416
11:12:11  INFO      [OK] Tablero de Control cargado
11:12:11  INFO      [REG] Configurando tablero para búsqueda por Registro (Todos los años + 100)...
11:12:11  INFO      [REG] Cambiando Año a 'Todos los años' (value='0')...
11:12:11  INFO      [REG] ✅ Año cambiado a 'Todos los años'
11:12:11  INFO      [REG] Cambiando 'Mostrar' a 100 trámites...
11:12:12  INFO      [REG] ✅ Mostrar cambiado a 100 trámites
11:12:12  INFO      [REG-BUSCAR] Buscando registro CRT26-010573 en tabla (intento 1)...
11:12:19  INFO      [OK] Tablero de Control cargado
11:12:20  INFO      [ALT-META] Metadatos guardados: {'tipo_tramite': 'CGPE-01-008: Entrega periódica de Información General Estadística para efectos del Acervo Estadístico del Instituto Federal de Telecomunicaciones.', 'fecha_registro': '17/03/2026', 'solicitante': '', 'nombre_operador': 'DANIEL ALBERTO ESTRADA RAMOS', 'representante_legal': 'DANIEL ALBERTO ESTRADA RAMOS', 'asunto': '', 'descripcion': '', 'registro': '', 'folio': '165779'}
11:12:20  INFO      [ALT-DL] Descargando DOCUMENTOS ANEXOS para folio VE-165779
11:12:21  INFO      [REG-PAGE] Resultados búsqueda: mostrando 1 de 1 trámites
11:12:21  INFO      [REG-VIEW] Abriendo detalle: registro=CRT26-010573, folio=CORREO-1076
11:12:22  INFO      [ALT-DL] Seccion DOCUMENTOS ANEXOS localizada: text=DOCUMENTOS ANEXOS
11:12:23  INFO      [ALT-DL] DOCUMENTOS ANEXOS: Mostrando 1 a 3 de 3
11:12:23  INFO      [ALT-DL] Selector DOCUMENTOS ANEXOS cambiado a: 100
11:12:24  INFO      [ALT-DL] DOCUMENTOS ANEXOS (post-100): Mostrando 1 a 3 de 3
11:12:24  WARNING   [ALT-DL] 6 botones > 3 esperados -- usando solo los primeros 3
11:12:24  INFO      [ALT-DL] Pagina 1: 3 botones VER DOCUMENTO
11:12:24  INFO        [1] nombre=documento_VE-165779_1  tipo=  fecha=
11:12:25  INFO        [OK] 17737678526337r025-01.pdf  (72.2 KB)
11:12:25  INFO        [2] nombre=documento_VE-165779_2  tipo=  fecha=
11:12:26  INFO        [OK] 177376784516escritolibrer025danielalberto.pdf  (431.3 KB)
11:12:26  INFO        [3] nombre=documento_VE-165779_3  tipo=  fecha=
11:12:26  INFO        [OK] solicitud165779.pdf  (172.6 KB)
11:12:26  INFO      [ALT-DL] Paginacion: mostrando 1 a 3 de 3
11:12:26  INFO      [ALT-DL] VALIDACION OK: 3/3 documentos descargados
11:12:26  INFO      [REG-META] metadata_satys.json actualizado para registro CRT26-013314
11:12:26  INFO      [BACK] Regresando al tablero...
11:12:28  INFO      [REG-OK] Detalle cargado: registro=CRT26-010586
11:12:28  INFO      [WEB] Extrayendo metadatos web (intento 1) para folio CRT26-010586
11:12:28  INFO      [WEB] Extrayendo metadatos web (una vez) de SATyS para folio CRT26-010586
11:12:28  INFO      [REG-OK] Detalle cargado: registro=CRT26-010584
11:12:28  INFO      [WEB] Extrayendo metadatos web (intento 1) para folio CRT26-010584
11:12:28  INFO      [WEB] Extrayendo metadatos web (una vez) de SATyS para folio CRT26-010584
11:12:29  INFO      [REG-OK] Detalle cargado: registro=CRT26-010573
11:12:29  INFO      [WEB] Extrayendo metadatos web (intento 1) para folio CRT26-010573
11:12:29  INFO      [WEB] Extrayendo metadatos web (una vez) de SATyS para folio CRT26-010573
11:12:29  INFO      [WR:SATyS-Reg_5] ── Registro CRT26-013316: 3/3 OK | 0 error(es) servidor | 0 error(es) red ──
11:12:29  INFO      [BACK] Re-navegando al tablero...
11:12:29  INFO      [NAV] Navegando a Enlace Oficialia de Partes...
11:12:31  INFO      [WR:SATyS-Reg_5] ── Iniciando registro CRT26-010572 ──
11:12:31  INFO      [CONC-REG] [82/718] ✓ Registro CRT26-013316 completado: 3 OK / 3 total
11:12:31  INFO      [WEB] Registro encontrado: CRT26-010586
11:12:31  WARNING   [WEB] page.evaluate retornó None en DATOS DEL DOCUMENTO -- intentando fallback con locators de Playwright
11:12:32  INFO      [WEB] Registro encontrado: CRT26-010584
11:12:32  WARNING   [WEB] page.evaluate retornó None en DATOS DEL DOCUMENTO -- intentando fallback con locators de Playwright
11:12:32  INFO      [WEB] Registro encontrado: CRT26-010573
11:12:32  WARNING   [WEB] page.evaluate retornó None en DATOS DEL DOCUMENTO -- intentando fallback con locators de Playwright
11:12:32  INFO      [API] Discovery activo: debug\api_log.jsonl
11:12:33  INFO      [WEB] DATOS DEL DOCUMENTO (fallback locator): folio_opc='7416' | no_doc='TEM/REG/029/2026'
11:12:33  INFO      [WEB] DATOS DEL DOCUMENTO: folio_opc='7416' | no_doc='TEM/REG/029/2026'
11:12:33  INFO      [WEB] Fecha de folio OPC: 17-03-2026 00:00:00
11:12:33  INFO      [WEB] DATOS DEL DOCUMENTO (fallback locator): folio_opc='7417' | no_doc='TGS/REG/005/2026'
11:12:33  INFO      [WEB] DATOS DEL DOCUMENTO: folio_opc='7417' | no_doc='TGS/REG/005/2026'
11:12:33  INFO      [WEB] Fecha de folio OPC: 17-03-2026 00:00:00
11:12:33  INFO      [WEB] DATOS DEL DOCUMENTO (fallback locator): folio_opc='CORREO-1076' | no_doc='TEM/REG/029/2026'
11:12:33  INFO      [WEB] DATOS DEL DOCUMENTO: folio_opc='CORREO-1076' | no_doc='TEM/REG/029/2026'
11:12:33  INFO      [WEB] Fecha de folio OPC: 17-03-2026 00:00:00
11:12:34  INFO      [WEB] Metadatos guardados OK: Rep='ANGELA NATALIA ANDREA FEDERICA GUERRA CAICEDO', Ope='PEGASO PCS, S.A. DE C.V.', Asunto='FORMATO R001, R004, R009, R013, R015, R016, R017, R019, R022', Registro='CRT26-010584'
11:12:34  INFO      [META-RETRY] Todos los campos criticos capturados en intento 1 para folio CRT26-010584
11:12:34  INFO      [FILES] Descargando archivos del folio CRT26-010584...
11:12:34  INFO      [WEB] Metadatos guardados OK: Rep='ZYNTIA CONCEPCION PEREZ HERNANDEZ', Ope='TELEFÓNICA GLOBAL SOLUTIONS MÉXICO', Asunto='FORMATO R001, R015, R017', Registro='CRT26-010586'
11:12:34  INFO      [META-RETRY] Todos los campos criticos capturados en intento 1 para folio CRT26-010586
11:12:34  INFO      [FILES] Descargando archivos del folio CRT26-010586...
11:12:34  INFO      [WEB] Metadatos guardados OK: Rep='ANGELA NATALIA ANDREA FEDERICA GUERRA CAICEDO', Ope='PEGASO PCS', Asunto='FORMATO R001, R004, R009, R013, R015, R016, R017, R019, R022 (Se recibió vía correo electrónico oficialiadepartes@crt.gob.mx) (07:18 p. m.)', Registro='CRT26-010573'
11:12:34  INFO      [META-RETRY] Todos los campos criticos capturados en intento 1 para folio CRT26-010573
11:12:34  INFO      [FILES] Descargando archivos del folio CRT26-010573...
11:12:38  INFO      [INFO] Pagina 1: 2 archivo(s) encontrado(s)
11:12:38  INFO        [1] Descargando: CRT26-010587.pdf
11:12:41  INFO           [OK] Descarga directa: CRT26-010587.pdf  (13481.7 KB)
11:12:41  INFO        [2] Descargando: R027-01.csv
11:12:41  INFO           [OK] Descarga directa: R027-01.csv  (0.1 KB)
11:12:41  INFO      [WR:SATyS-Reg_5] Sesión activa (registro CRT26-010572)
11:12:41  INFO      [NAV] Navegando a Enlace Oficialia de Partes...
11:12:41  INFO      [INFO] Folio CRT26-010587: 2/2 descargados en 1 pagina(s)
11:12:41  INFO      [OK] Tablero de Control cargado
11:12:41  INFO      [REG-FUENTE] ARCHIVOS ASOCIADOS encontrado para registro CRT26-010587
11:12:41  INFO      [BACK] Regresando al tablero...
11:12:43  INFO      [OK] Tablero de Control cargado
11:12:43  INFO      [REG] Configurando tablero para búsqueda por Registro (Todos los años + 100)...
11:12:43  INFO      [REG] Cambiando Año a 'Todos los años' (value='0')...
11:12:43  INFO      [REG] ✅ Año cambiado a 'Todos los años'
11:12:43  INFO      [REG] Cambiando 'Mostrar' a 100 trámites...
11:12:44  INFO      [OK] De vuelta en el tablero
11:12:44  INFO      [REG] ✅ Mostrar cambiado a 100 trámites
11:12:44  INFO      [REG-BUSCAR] Buscando registro CRT26-010572 en tabla (intento 1)...
11:12:45  INFO      [WR:SATyS-Reg_3] ── Registro CRT26-013314: 3/3 OK | 0 error(es) servidor | 0 error(es) red ──
11:12:46  INFO      [WR:SATyS-Reg_3] ── Iniciando registro CRT26-013304 ──
11:12:46  INFO      [CONC-REG] [83/718] ✓ Registro CRT26-013314 completado: 3 OK / 3 total
11:12:47  INFO      [API] Discovery activo: debug\api_log.jsonl
11:12:56  INFO      [WR:SATyS-Reg_1] ── Registro CRT26-010587: 2/2 OK | 0 error(es) servidor | 0 error(es) red ──
11:12:57  INFO      [WR:SATyS-Reg_1] ── Iniciando registro CRT26-013301 ──
11:12:57  INFO      [CONC-REG] [84/718] ✓ Registro CRT26-010587 completado: 2 OK / 2 total
11:12:58  INFO      [API] Discovery activo: debug\api_log.jsonl
11:13:02  INFO      [WR:SATyS-Reg_1] Sesión activa (registro CRT26-013301)
11:13:02  INFO      [NAV] Navegando a Enlace Oficialia de Partes...
11:13:03  INFO      [WR:SATyS-Reg_5] ── Registro CRT26-010572: 0/1 OK | 0 error(es) servidor | 0 error(es) red ──
11:13:04  INFO      [WR:SATyS-Reg_5] ── Iniciando registro CRT26-013300 ──
11:13:04  INFO      [CONC-REG] [85/718] ✓ Registro CRT26-010572 completado: 0 OK / 1 total
11:13:04  INFO      [OK] Tablero de Control cargado
11:13:04  INFO      [REG] Configurando tablero para búsqueda por Registro (Todos los años + 100)...
11:13:04  INFO      [REG] Cambiando Año a 'Todos los años' (value='0')...
11:13:04  INFO      [REG] ✅ Año cambiado a 'Todos los años'
11:13:04  INFO      [REG] Cambiando 'Mostrar' a 100 trámites...
11:13:04  INFO      [INFO] Cambiando paginacion ARCHIVOS ASOCIADOS a '100' elementos
11:13:04  INFO      [INFO] Cambiando paginacion ARCHIVOS ASOCIADOS a '100' elementos
11:13:04  INFO      [INFO] Cambiando paginacion ARCHIVOS ASOCIADOS a '100' elementos
11:13:05  INFO      [API] Discovery activo: debug\api_log.jsonl
11:13:05  INFO      [REG] ✅ Mostrar cambiado a 100 trámites
11:13:05  INFO      [REG-BUSCAR] Buscando registro CRT26-013301 en tabla (intento 1)...
11:13:25  INFO      [WR:SATyS-Reg_3] Sesión activa (registro CRT26-013304)
11:13:25  INFO      [NAV] Navegando a Enlace Oficialia de Partes...
11:13:25  INFO      [WR:SATyS-Reg_5] Sesión activa (registro CRT26-013300)
11:13:25  INFO      [NAV] Navegando a Enlace Oficialia de Partes...
11:13:25  INFO      [OK] Tablero de Control cargado
11:13:25  INFO      [REG] Configurando tablero para búsqueda por Registro (Todos los años + 100)...
11:13:26  INFO      [REG] Cambiando Año a 'Todos los años' (value='0')...
11:13:26  INFO      [REG] ✅ Año cambiado a 'Todos los años'
11:13:26  INFO      [REG] Cambiando 'Mostrar' a 100 trámites...
11:13:27  INFO      [REG] ✅ Mostrar cambiado a 100 trámites
11:13:27  INFO      [REG-BUSCAR] Buscando registro CRT26-013304 en tabla (intento 1)...
11:13:27  INFO      [REG-PAGE] Resultados búsqueda: mostrando 1 de 1 trámites
11:13:27  INFO      [REG-VIEW] Abriendo detalle: registro=CRT26-013301, folio=VE-165720
11:13:29  INFO      [OK] Tablero de Control cargado
11:13:29  INFO      [REG] Configurando tablero para búsqueda por Registro (Todos los años + 100)...
11:13:29  INFO      [REG] Cambiando Año a 'Todos los años' (value='0')...
11:13:29  INFO      [REG] ✅ Año cambiado a 'Todos los años'
11:13:29  INFO      [REG] Cambiando 'Mostrar' a 100 trámites...
11:13:30  INFO      [REG] ✅ Mostrar cambiado a 100 trámites
11:13:30  INFO      [REG-BUSCAR] Buscando registro CRT26-013300 en tabla (intento 1)...
11:13:31  INFO      [REG-PAGE] Resultados búsqueda: mostrando 1 de 1 trámites
11:13:31  INFO      [REG-VIEW] Abriendo detalle: registro=CRT26-013304, folio=VE-165750
11:13:45  INFO      [REG-OK] Detalle cargado: registro=CRT26-013304
11:13:45  INFO      [WEB] Extrayendo metadatos web (intento 1) para folio CRT26-013304
11:13:45  INFO      [WEB] Extrayendo metadatos web (una vez) de SATyS para folio CRT26-013304
11:13:46  INFO      [REG-OK] Detalle cargado: registro=CRT26-013301
11:13:46  INFO      [WEB] Extrayendo metadatos web (intento 1) para folio CRT26-013301
11:13:46  INFO      [WEB] Extrayendo metadatos web (una vez) de SATyS para folio CRT26-013301
11:13:48  INFO      [WEB] Registro encontrado: CRT26-013304
11:13:48  WARNING   [WEB] page.evaluate retornó None en DATOS DEL DOCUMENTO -- intentando fallback con locators de Playwright
11:13:48  INFO      [REG-PAGE] Resultados búsqueda: mostrando 1 de 1 trámites
11:13:48  INFO      [REG-VIEW] Abriendo detalle: registro=CRT26-013300, folio=VE-165717
11:13:48  INFO      [WEB] DATOS DEL DOCUMENTO (fallback locator): folio_opc='VE-165750' | no_doc=''
11:13:48  INFO      [WEB] DATOS DEL DOCUMENTO: folio_opc='VE-165750' | no_doc='None'
11:13:48  INFO      [WEB] Fecha de folio OPC: 17-03-2026 09:36:23
11:13:49  INFO      [WEB] Metadatos guardados OK: Rep='DIANA LETICIA ARREGUIN PAREDES', Ope='AS INTERCONEXIONES', Asunto='Trámite que ingreso por Ventanilla Electrónica. Más trámites y servicios', Registro='CRT26-013304'
11:13:49  INFO      [META-RETRY] Todos los campos criticos capturados en intento 1 para folio CRT26-013304
11:13:49  INFO      [FILES] Descargando archivos del folio CRT26-013304...
11:13:49  INFO      [WEB] Registro encontrado: CRT26-013301
11:13:49  WARNING   [WEB] page.evaluate retornó None en DATOS DEL DOCUMENTO -- intentando fallback con locators de Playwright
11:13:49  INFO      [REG-OK] Detalle cargado: registro=CRT26-013300
11:13:49  INFO      [WEB] Extrayendo metadatos web (intento 1) para folio CRT26-013300
11:13:49  INFO      [WEB] Extrayendo metadatos web (una vez) de SATyS para folio CRT26-013300
11:13:50  INFO      [WEB] DATOS DEL DOCUMENTO (fallback locator): folio_opc='VE-165720' | no_doc=''
11:13:50  INFO      [WEB] DATOS DEL DOCUMENTO: folio_opc='VE-165720' | no_doc='None'
11:13:50  INFO      [WEB] Fecha de folio OPC: 16-03-2026 21:01:46
11:13:50  INFO      [WEB] Metadatos guardados OK: Rep='BLANCA DENISE PLATA VIEYRA', Ope='SOMNET DE MÉXICO', Asunto='Trámite que ingreso por Ventanilla Electrónica. Más trámites y servicios', Registro='CRT26-013301'
11:13:50  INFO      [META-RETRY] Todos los campos criticos capturados en intento 1 para folio CRT26-013301
11:13:50  INFO      [FILES] Descargando archivos del folio CRT26-013301...
11:13:52  INFO      [WEB] Registro encontrado: CRT26-013300
11:13:52  WARNING   [WEB] page.evaluate retornó None en DATOS DEL DOCUMENTO -- intentando fallback con locators de Playwright
11:13:53  INFO      [WEB] DATOS DEL DOCUMENTO (fallback locator): folio_opc='VE-165717' | no_doc=''
11:13:53  INFO      [WEB] DATOS DEL DOCUMENTO: folio_opc='VE-165717' | no_doc='None'
11:13:53  INFO      [WEB] Fecha de folio OPC: 16-03-2026 20:54:04
11:13:53  INFO      [WEB] Metadatos guardados OK: Rep='BLANCA DENISE PLATA VIEYRA', Ope='SOMNET DE MÉXICO', Asunto='Trámite que ingreso por Ventanilla Electrónica. Más trámites y servicios', Registro='CRT26-013300'
11:13:53  INFO      [META-RETRY] Todos los campos criticos capturados en intento 1 para folio CRT26-013300
11:13:53  INFO      [FILES] Descargando archivos del folio CRT26-013300...
11:14:01  INFO      [INFO] Seccion 'ARCHIVOS ASOCIADOS' no existe en folio CRT26-013304 -- activar fallback
11:14:02  INFO      [REG-FUENTE] Sin ARCHIVOS ASOCIADOS -- activando flujo DOCUMENTOS ANEXOS para registro CRT26-013304 (folio=VE-165750)
11:14:02  INFO      [ALT] Iniciando flujo DOCUMENTOS ANEXOS para folio VE-165750 (raw=VE-165750)
11:14:02  INFO      [ALT-NAV] Navegando a Tramites Nuevos...
11:14:03  INFO      [INFO] Seccion 'ARCHIVOS ASOCIADOS' no existe en folio CRT26-013301 -- activar fallback
11:14:03  INFO      [REG-FUENTE] Sin ARCHIVOS ASOCIADOS -- activando flujo DOCUMENTOS ANEXOS para registro CRT26-013301 (folio=VE-165720)
11:14:03  INFO      [ALT] Iniciando flujo DOCUMENTOS ANEXOS para folio VE-165720 (raw=VE-165720)
11:14:03  INFO      [ALT-NAV] Navegando a Tramites Nuevos...
11:14:04  INFO      [ALT-NAV] Tramites Nuevos cargado OK
11:14:04  INFO      [ALT-SEARCH] Folio normalizado para busqueda: 'VE-165750' -> '165750'
11:14:04  INFO      [ALT-SEARCH] Buscando folio 165750 en Tramites Nuevos...
11:14:05  INFO      [INFO] Pagina 1: 5 archivo(s) encontrado(s)
11:14:05  INFO        [1] Descargando: Anexo 1 - Esc. 262600 - Pegaso PCS - Poder Natalia Guerra.pdf
11:14:05  INFO      [INFO] Pagina 1: 5 archivo(s) encontrado(s)
11:14:05  INFO        [1] Descargando: Anexo 1 - Esc. 262600 - Pegaso PCS - Poder Natalia Guerra.pdf
11:14:05  INFO      [INFO] Pagina 1: 5 archivo(s) encontrado(s)
11:14:05  INFO        [1] Descargando: Anexo 1 - Poder - TGS.pdf
11:14:06  INFO      [INFO] Seccion 'ARCHIVOS ASOCIADOS' no existe en folio CRT26-013300 -- activar fallback
11:14:06  INFO      [REG-FUENTE] Sin ARCHIVOS ASOCIADOS -- activando flujo DOCUMENTOS ANEXOS para registro CRT26-013300 (folio=VE-165717)
11:14:06  INFO      [ALT] Iniciando flujo DOCUMENTOS ANEXOS para folio VE-165717 (raw=VE-165717)
11:14:06  INFO      [ALT-NAV] Navegando a Tramites Nuevos...
11:14:07  INFO      [ALT-NAV] Tramites Nuevos cargado OK
11:14:07  INFO      [ALT-SEARCH] Folio normalizado para busqueda: 'VE-165720' -> '165720'
11:14:08  INFO      [ALT-SEARCH] Buscando folio 165720 en Tramites Nuevos...
11:14:08  INFO           [OK] Descarga directa: Anexo 1 - Esc. 262600 - Pegaso PCS - Poder Natalia Guerra.pdf  (10161.7 KB)
11:14:08  INFO        [2] Descargando: Anexo 2 - eFormatos.zip
11:14:09  INFO      [ALT-NAV] Tramites Nuevos cargado OK
11:14:09  INFO      [ALT-SEARCH] Folio normalizado para busqueda: 'VE-165717' -> '165717'
11:14:09  INFO      [ALT-SEARCH] Buscando folio 165717 en Tramites Nuevos...
11:14:10  INFO           [OK] Descarga directa: Anexo 1 - Esc. 262600 - Pegaso PCS - Poder Natalia Guerra.pdf  (10161.7 KB)
11:14:10  INFO        [2] Descargando: Anexo 2 - eFormatos.zip
11:14:10  INFO           [OK] Descarga directa: Anexo 1 - Poder - TGS.pdf  (11981.4 KB)
11:14:10  INFO        [2] Descargando: Anexo 2 eFormatos.zip
11:14:10  INFO      [ZIP] Archivo ZIP detectado, descomprimiendo: Anexo 2 eFormatos.zip
11:14:10  INFO      [ZIP] Archivo ZIP detectado, descomprimiendo: Anexo 2 - eFormatos.zip
11:14:11  INFO      [ZIP] Descomprimido correctamente: Anexo 2 eFormatos.zip. Eliminando ZIP original.
11:14:11  INFO           [OK] Descarga directa (ZIP extraído): Anexo 2 eFormatos.zip (3 archivos)
11:14:11  INFO        [3] Descargando: Anexo 3 Archivos de Presentación.zip
11:14:11  INFO      [ZIP] Descomprimido correctamente: Anexo 2 - eFormatos.zip. Eliminando ZIP original.
11:14:11  INFO           [OK] Descarga directa (ZIP extraído): Anexo 2 - eFormatos.zip (9 archivos)
11:14:11  INFO        [3] Descargando: Anexo 3 - Archivos de Presentación.zip
11:14:11  INFO      [ZIP] Archivo ZIP detectado, descomprimiendo: Anexo 2 - eFormatos.zip
11:14:11  INFO      [ZIP] Archivo ZIP detectado, descomprimiendo: Anexo 3 Archivos de Presentación.zip
11:14:11  INFO      [ZIP] Descomprimido correctamente: Anexo 2 - eFormatos.zip. Eliminando ZIP original.
11:14:11  INFO           [OK] Descarga directa (ZIP extraído): Anexo 2 - eFormatos.zip (9 archivos)
11:14:11  INFO        [3] Descargando: Anexo 3 - Archivos de Presentación.zip
11:14:11  INFO      [ZIP] Descomprimido correctamente: Anexo 3 Archivos de Presentación.zip. Eliminando ZIP original.
11:14:11  INFO           [OK] Descarga directa (ZIP extraído): Anexo 3 Archivos de Presentación.zip (8 archivos)
11:14:11  INFO        [4] Descargando: CRT26-010586.pdf
11:14:11  INFO      [ZIP] Archivo ZIP detectado, descomprimiendo: Anexo 3 - Archivos de Presentación.zip
11:14:11  INFO      [ZIP] Archivo ZIP detectado, descomprimiendo: Anexo 3 - Archivos de Presentación.zip
11:14:11  INFO      [ZIP] Descomprimido correctamente: Anexo 3 - Archivos de Presentación.zip. Eliminando ZIP original.
11:14:11  INFO           [OK] Descarga directa (ZIP extraído): Anexo 3 - Archivos de Presentación.zip (34 archivos)
11:14:11  INFO        [4] Descargando: Escrito Acervo Estadístico 4T-25 (firmado).pdf
11:14:11  INFO      [ZIP] Descomprimido correctamente: Anexo 3 - Archivos de Presentación.zip. Eliminando ZIP original.
11:14:11  INFO           [OK] Descarga directa (ZIP extraído): Anexo 3 - Archivos de Presentación.zip (34 archivos)
11:14:11  INFO        [4] Descargando: CRT26-010584.pdf
11:14:12  INFO           [OK] Descarga directa: Escrito Acervo Estadístico 4T-25 (firmado).pdf  (316.2 KB)
11:14:12  INFO        [5] Descargando: MEMORANDUM.pdf
11:14:12  INFO      [ALT-SEARCH] Folio VE-165750 encontrado en Tramites Nuevos
11:14:12  INFO      [ALT-REVISAR] Abriendo detalle del tramite VE-165750...
11:14:12  INFO           [OK] Descarga directa: MEMORANDUM.pdf  (854.4 KB)
11:14:13  INFO      [INFO] Folio CRT26-010573: 46/46 descargados en 1 pagina(s)
11:14:13  INFO      [REG-FUENTE] ARCHIVOS ASOCIADOS encontrado para registro CRT26-010573
11:14:13  INFO      [BACK] Regresando al tablero...
11:14:14  INFO      [OK] De vuelta en el tablero
11:14:15  INFO           [OK] Descarga directa: CRT26-010586.pdf  (15271.5 KB)
11:14:15  INFO        [5] Descargando: Escrito entrega Acervo Estadístico 4T-25 TGS _Mar_26 (1).pdf
11:14:15  INFO      [ALT-SEARCH] Folio VE-165720 encontrado en Tramites Nuevos
11:14:15  INFO      [ALT-REVISAR] Abriendo detalle del tramite VE-165720...
11:14:16  INFO      [ALT-REVISAR] Detalle del tramite cargado OK
11:14:16  INFO      [ALT-META] Extrayendo metadatos de DATOS DEL TRAMITE para folio VE-165750
11:14:16  INFO           [OK] Descarga directa: Escrito entrega Acervo Estadístico 4T-25 TGS _Mar_26 (1).pdf  (433.8 KB)
11:14:17  INFO      [INFO] Folio CRT26-010586: 14/14 descargados en 1 pagina(s)
11:14:17  INFO      [ALT-SEARCH] Folio VE-165717 encontrado en Tramites Nuevos
11:14:17  INFO      [ALT-REVISAR] Abriendo detalle del tramite VE-165717...
11:14:17  INFO           [OK] Descarga directa: CRT26-010584.pdf  (18063.3 KB)
11:14:17  INFO        [5] Descargando: Escrito Acervo Estadístico 4T-25 (firmado).pdf
11:14:17  INFO      [REG-FUENTE] ARCHIVOS ASOCIADOS encontrado para registro CRT26-010586
11:14:18  INFO      [BACK] Regresando al tablero...
11:14:18  INFO      [WR:SATyS-Reg_0] ── Registro CRT26-010573: 46/46 OK | 0 error(es) servidor | 0 error(es) red ──
11:14:18  INFO           [OK] Descarga directa: Escrito Acervo Estadístico 4T-25 (firmado).pdf  (316.2 KB)
11:14:18  INFO      [INFO] Folio CRT26-010584: 46/46 descargados en 1 pagina(s)
11:14:18  INFO      [REG-FUENTE] ARCHIVOS ASOCIADOS encontrado para registro CRT26-010584
11:14:18  INFO      [BACK] Regresando al tablero...
11:14:20  INFO      [WR:SATyS-Reg_0] ── Iniciando registro CRT26-013299 ──
11:14:20  INFO      [CONC-REG] [86/718] ✓ Registro CRT26-010573 completado: 46 OK / 46 total
11:14:20  INFO      [API] Discovery activo: debug\api_log.jsonl
11:14:24  INFO      [OK] De vuelta en el tablero
11:14:24  INFO      [OK] De vuelta en el tablero
11:14:25  INFO      [ALT-REVISAR] Detalle del tramite cargado OK
11:14:25  INFO      [ALT-META] Extrayendo metadatos de DATOS DEL TRAMITE para folio VE-165717
11:14:29  INFO      [WR:SATyS-Reg_4] ── Registro CRT26-010584: 46/46 OK | 0 error(es) servidor | 0 error(es) red ──
11:14:30  INFO      [ALT-REVISAR] Detalle del tramite cargado OK
11:14:30  INFO      [ALT-META] Extrayendo metadatos de DATOS DEL TRAMITE para folio VE-165720
11:14:30  INFO      [ALT-META] Metadatos guardados: {'tipo_tramite': 'CGPE-01-001: Solicitud de Registro inicial de los servicios de telecomunicaciones comercializados, para efectos del acervo estadístico del Instituto Federal de Telecomunicaciones', 'fecha_registro': '17/03/2026', 'solicitante': '', 'nombre_operador': 'AS INTERCONEXIONES, S.A. DE C.V.', 'representante_legal': 'DIANA LETICIA ARREGUIN PAREDES', 'asunto': '', 'descripcion': '', 'registro': '', 'folio': '165750'}
11:14:30  INFO      [ALT-DL] Descargando DOCUMENTOS ANEXOS para folio VE-165750
11:14:31  INFO      [WR:SATyS-Reg_4] ── Iniciando registro CRT26-013298 ──
11:14:31  INFO      [CONC-REG] [87/718] ✓ Registro CRT26-010584 completado: 46 OK / 46 total
11:14:32  INFO      [API] Discovery activo: debug\api_log.jsonl
11:14:32  INFO      [ALT-DL] Seccion DOCUMENTOS ANEXOS localizada: text=DOCUMENTOS ANEXOS
11:14:33  INFO      [WR:SATyS-Reg_0] Sesión activa (registro CRT26-013299)
11:14:33  INFO      [NAV] Navegando a Enlace Oficialia de Partes...
11:14:34  INFO      [ALT-DL] DOCUMENTOS ANEXOS: Mostrando 1 a 2 de 2
11:14:34  INFO      [ALT-DL] Selector DOCUMENTOS ANEXOS cambiado a: 100
11:14:35  INFO      [ALT-DL] DOCUMENTOS ANEXOS (post-100): Mostrando 1 a 2 de 2
11:14:35  WARNING   [ALT-DL] 5 botones > 2 esperados -- usando solo los primeros 2
11:14:35  INFO      [ALT-DL] Pagina 1: 2 botones VER DOCUMENTO
11:14:35  INFO        [1] nombre=documento_VE-165750_1  tipo=  fecha=
11:14:36  INFO        [OK] 17737617391934r025-01.xlsx  (8.7 KB)
11:14:37  INFO        [2] nombre=documento_VE-165750_2  tipo=  fecha=
11:14:37  INFO        [OK] solicitud165750.pdf  (219.0 KB)
11:14:37  INFO      [ALT-DL] Paginacion: mostrando 1 a 2 de 2
11:14:37  INFO      [ALT-DL] VALIDACION OK: 2/2 documentos descargados
11:14:37  INFO      [REG-META] metadata_satys.json actualizado para registro CRT26-013304
11:14:37  INFO      [BACK] Regresando al tablero...
11:14:40  INFO      [BACK] Re-navegando al tablero...
11:14:40  INFO      [NAV] Navegando a Enlace Oficialia de Partes...
