C601,C602,C003 No llenar,C006,C101,C102,C103,R001-0501
2024,P10,NA,55,P108,P01,P01,426
2024,P10,NA,676,P108,P01,P01,1
2024,P10,NA,33,P108,P01,P02,"1,367"
2024,P10,NA,55,P108,P01,P02,"2,593"
2024,P10,NA,81,P108,P01,P02,746
2024,P10,NA,222,P108,P01,P02,511
2024,P10,NA,227,P108,P01,P02,3
2024,P10,NA,228,P108,P01,P02,200
2024,P10,NA,229,P108,P01,P02,221
2024,P10,NA,231,P108,P01,P02,10
2024,P10,NA,232,P108,P01,P02,19
2024,P10,NA,237,P108,P01,P02,1
2024,P10,NA,238,P108,P01,P02,30
2024,P10,NA,241,P108,P01,P02,46
2024,P10,NA,244,P108,P01,P02,40
2024,P10,NA,245,P108,P01,P02,1
2024,P10,NA,246,P108,P01,P02,56
2024,P10,NA,247,P108,P01,P02,26
2024,P10,NA,248,P108,P01,P02,63
2024,P10,NA,249,P108,P01,P02,1
2024,P10,NA,271,P108,P01,P02,72
2024,P10,NA,272,P108,P01,P02,73
2024,P10,NA,274,P108,P01,P02,2
2024,P10,NA,287,P108,P01,P02,8
2024,P10,NA,294,P108,P01,P02,1
2024,P10,NA,296,P108,P01,P02,2
2024,P10,NA,311,P108,P01,P02,166
2024,P10,NA,312,P108,P01,P02,139
2024,P10,NA,313,P108,P01,P02,13
2024,P10,NA,314,P108,P01,P02,95
2024,P10,NA,315,P108,P01,P02,5
2024,P10,NA,322,P108,P01,P02,72
2024,P10,NA,325,P108,P01,P02,0
2024,P10,NA,341,P108,P01,P02,45
2024,P10,NA,348,P108,P01,P02,90
2024,P10,NA,351,P108,P01,P02,70
2024,P10,NA,352,P108,P01,P02,46
2024,P10,NA,353,P108,P01,P02,3
2024,P10,NA,373,P108,P01,P02,1
2024,P10,NA,374,P108,P01,P02,1
2024,P10,NA,378,P108,P01,P02,68
2024,P10,NA,392,P108,P01,P02,37
2024,P10,NA,393,P108,P01,P02,9
2024,P10,NA,395,P108,P01,P02,13
2024,P10,NA,411,P108,P01,P02,18
2024,P10,NA,412,P108,P01,P02,9
2024,P10,NA,414,P108,P01,P02,2
2024,P10,NA,415,P108,P01,P02,23
2024,P10,NA,417,P108,P01,P02,11
2024,P10,NA,418,P108,P01,P02,7
2024,P10,NA,419,P108,P01,P02,9
2024,P10,NA,427,P108,P01,P02,61
2024,P10,NA,428,P108,P01,P02,1
2024,P10,NA,429,P108,P01,P02,7
2024,P10,NA,434,P108,P01,P02,19
2024,P10,NA,441,P108,P01,P02,1
2024,P10,NA,442,P108,P01,P02,354
2024,P10,NA,443,P108,P01,P02,233
2024,P10,NA,444,P108,P01,P02,315
2024,P10,NA,445,P108,P01,P02,1
2024,P10,NA,448,P108,P01,P02,9
2024,P10,NA,449,P108,P01,P02,315
2024,P10,NA,452,P108,P01,P02,69
2024,P10,NA,453,P108,P01,P02,16
2024,P10,NA,456,P108,P01,P02,21
2024,P10,NA,461,P108,P01,P02,176
2024,P10,NA,462,P108,P01,P02,155
2024,P10,NA,464,P108,P01,P02,110
2024,P10,NA,466,P108,P01,P02,1
2024,P10,NA,468,P108,P01,P02,1
2024,P10,NA,469,P108,P01,P02,3
2024,P10,NA,472,P108,P01,P02,47
2024,P10,NA,473,P108,P01,P02,79
2024,P10,NA,474,P108,P01,P02,23
2024,P10,NA,476,P108,P01,P02,134
2024,P10,NA,477,P108,P01,P02,950
2024,P10,NA,478,P108,P01,P02,5
2024,P10,NA,481,P108,P01,P02,2
2024,P10,NA,488,P108,P01,P02,29
2024,P10,NA,492,P108,P01,P02,161
2024,P10,NA,493,P108,P01,P02,3
2024,P10,NA,494,P108,P01,P02,2
2024,P10,NA,495,P108,P01,P02,12
2024,P10,NA,496,P108,P01,P02,3
2024,P10,NA,612,P108,P01,P02,2
2024,P10,NA,614,P108,P01,P02,172
2024,P10,NA,618,P108,P01,P02,109
2024,P10,NA,622,P108,P01,P02,90
2024,P10,NA,624,P108,P01,P02,0
2024,P10,NA,625,P108,P01,P02,24
2024,P10,NA,627,P108,P01,P02,0
2024,P10,NA,629,P108,P01,P02,1
2024,P10,NA,631,P108,P01,P02,70
2024,P10,NA,638,P108,P01,P02,0
2024,P10,NA,639,P108,P01,P02,28
2024,P10,NA,642,P108,P01,P02,52
2024,P10,NA,644,P108,P01,P02,145
2024,P10,NA,646,P108,P01,P02,292
2024,P10,NA,648,P108,P01,P02,9
2024,P10,NA,653,P108,P01,P02,45
2024,P10,NA,656,P108,P01,P02,228
2024,P10,NA,661,P108,P01,P02,33
2024,P10,NA,662,P108,P01,P02,256
2024,P10,NA,664,P108,P01,P02,326
2024,P10,NA,665,P108,P01,P02,58
2024,P10,NA,667,P108,P01,P02,375
2024,P10,NA,668,P108,P01,P02,134
2024,P10,NA,669,P108,P01,P02,216
2024,P10,NA,673,P108,P01,P02,67
2024,P10,NA,686,P108,P01,P02,193
2024,P10,NA,687,P108,P01,P02,63
2024,P10,NA,712,P108,P01,P02,89
2024,P10,NA,715,P108,P01,P02,1
2024,P10,NA,722,P108,P01,P02,40
2024,P10,NA,729,P108,P01,P02,277
2024,P10,NA,733,P108,P01,P02,8
2024,P10,NA,735,P108,P01,P02,80
2024,P10,NA,744,P108,P01,P02,102
2024,P10,NA,747,P108,P01,P02,30
2024,P10,NA,753,P108,P01,P02,17
2024,P10,NA,755,P108,P01,P02,14
2024,P10,NA,762,P108,P01,P02,1
2024,P10,NA,771,P108,P01,P02,162
2024,P10,NA,773,P108,P01,P02,21
2024,P10,NA,775,P108,P01,P02,40
2024,P10,NA,776,P108,P01,P02,1
2024,P10,NA,777,P108,P01,P02,217
2024,P10,NA,782,P108,P01,P02,67
2024,P10,NA,783,P108,P01,P02,24
2024,P10,NA,784,P108,P01,P02,12
2024,P10,NA,821,P108,P01,P02,8
2024,P10,NA,824,P108,P01,P02,1
2024,P10,NA,826,P108,P01,P02,53
2024,P10,NA,828,P108,P01,P02,3
2024,P10,NA,831,P108,P01,P02,0
2024,P10,NA,833,P108,P01,P02,106
2024,P10,NA,834,P108,P01,P02,58
2024,P10,NA,844,P108,P01,P02,168
2024,P10,NA,866,P108,P01,P02,70
2024,P10,NA,867,P108,P01,P02,138
2024,P10,NA,868,P108,P01,P02,41
2024,P10,NA,871,P108,P01,P02,137
2024,P10,NA,877,P108,P01,P02,1
2024,P10,NA,878,P108,P01,P02,23
2024,P10,NA,899,P108,P01,P02,129
2024,P10,NA,916,P108,P01,P02,1
2024,P10,NA,921,P108,P01,P02,77
2024,P10,NA,922,P108,P01,P02,40
2024,P10,NA,923,P108,P01,P02,21
2024,P10,NA,924,P108,P01,P02,3
2024,P10,NA,932,P108,P01,P02,2
2024,P10,NA,933,P108,P01,P02,24
2024,P10,NA,936,P108,P01,P02,14
2024,P10,NA,937,P108,P01,P02,14
2024,P10,NA,938,P108,P01,P02,95
2024,P10,NA,951,P108,P01,P02,53
2024,P10,NA,953,P108,P01,P02,5
2024,P10,NA,961,P108,P01,P02,192
2024,P10,NA,962,P108,P01,P02,42
2024,P10,NA,963,P108,P01,P02,1
2024,P10,NA,966,P108,P01,P02,4
2024,P10,NA,967,P108,P01,P02,19
2024,P10,NA,971,P108,P01,P02,1
2024,P10,NA,981,P108,P01,P02,186
2024,P10,NA,982,P108,P01,P02,15
2024,P10,NA,983,P108,P01,P02,106
2024,P10,NA,984,P108,P01,P02,111
2024,P10,NA,985,P108,P01,P02,45
2024,P10,NA,986,P108,P01,P02,17
2024,P10,NA,987,P108,P01,P02,28
2024,P10,NA,993,P108,P01,P02,316
2024,P10,NA,998,P108,P01,P02,132
2024,P10,NA,999,P108,P01,P02,551
2024,P10,NA,33,P109,P01,P02,4
2024,P10,NA,55,P109,P01,P02,58
2024,P10,NA,81,P109,P01,P02,4
2024,P10,NA,222,P109,P01,P02,2
2024,P10,NA,228,P109,P01,P02,0
2024,P10,NA,229,P109,P01,P02,0
2024,P10,NA,311,P109,P01,P02,0
2024,P10,NA,322,P109,P01,P02,0
2024,P10,NA,442,P109,P01,P02,1
2024,P10,NA,443,P109,P01,P02,0
2024,P10,NA,444,P109,P01,P02,1
2024,P10,NA,449,P109,P01,P02,1
2024,P10,NA,461,P109,P01,P02,0
2024,P10,NA,462,P109,P01,P02,0
2024,P10,NA,464,P109,P01,P02,1
2024,P10,NA,473,P109,P01,P02,0
2024,P10,NA,477,P109,P01,P02,0
2024,P10,NA,656,P109,P01,P02,0
2024,P10,NA,664,P109,P01,P02,0
2024,P10,NA,686,P109,P01,P02,0
2024,P10,NA,722,P109,P01,P02,2
2024,P10,NA,735,P109,P01,P02,0
2024,P10,NA,744,P109,P01,P02,0
2024,P10,NA,771,P109,P01,P02,0
2024,P10,NA,777,P109,P01,P02,1
2024,P10,NA,844,P109,P01,P02,0
2024,P10,NA,921,P109,P01,P02,0
2024,P10,NA,951,P109,P01,P02,0
2024,P10,NA,961,P109,P01,P02,0
2024,P10,NA,981,P109,P01,P02,0
2024,P10,NA,983,P109,P01,P02,0
2024,P10,NA,984,P109,P01,P02,0
2024,P10,NA,993,P109,P01,P02,1
2024,P10,NA,999,P109,P01,P02,0
2024,P10,NA,33,P109,P01,P03,73
2024,P10,NA,55,P109,P01,P03,252
2024,P10,NA,442,P109,P01,P03,29
2024,P10,NA,469,P109,P01,P03,29
2024,P10,NA,722,P109,P01,P03,73
2024,P10,NA,921,P109,P01,P03,29
2024,P10,NA,998,P109,P01,P03,29
2024,P10,NA,33,P109,P02,P02,390
2024,P10,NA,55,P109,P02,P02,"7,574"
2024,P10,NA,81,P109,P02,P02,"4,298"
2024,P10,NA,222,P109,P02,P02,582
2024,P10,NA,227,P109,P02,P02,1
2024,P10,NA,228,P109,P02,P02,390
2024,P10,NA,229,P109,P02,P02,71
2024,P10,NA,237,P109,P02,P02,960
2024,P10,NA,247,P109,P02,P02,24
2024,P10,NA,271,P109,P02,P02,244
2024,P10,NA,272,P109,P02,P02,241
2024,P10,NA,311,P109,P02,P02,4
2024,P10,NA,312,P109,P02,P02,3
2024,P10,NA,314,P109,P02,P02,35
2024,P10,NA,351,P109,P02,P02,52
2024,P10,NA,441,P109,P02,P02,6
2024,P10,NA,442,P109,P02,P02,99
2024,P10,NA,443,P109,P02,P02,6
2024,P10,NA,444,P109,P02,P02,77
2024,P10,NA,449,P109,P02,P02,26
2024,P10,NA,452,P109,P02,P02,51
2024,P10,NA,461,P109,P02,P02,8
2024,P10,NA,462,P109,P02,P02,17
2024,P10,NA,464,P109,P02,P02,4
2024,P10,NA,472,P109,P02,P02,17
2024,P10,NA,473,P109,P02,P02,3
2024,P10,NA,477,P109,P02,P02,161
2024,P10,NA,612,P109,P02,P02,1
2024,P10,NA,614,P109,P02,P02,79
2024,P10,NA,631,P109,P02,P02,3
2024,P10,NA,644,P109,P02,P02,1
2024,P10,NA,646,P109,P02,P02,408
2024,P10,NA,653,P109,P02,P02,1
2024,P10,NA,656,P109,P02,P02,386
2024,P10,NA,662,P109,P02,P02,63
2024,P10,NA,664,P109,P02,P02,751
2024,P10,NA,667,P109,P02,P02,9
2024,P10,NA,668,P109,P02,P02,1
2024,P10,NA,669,P109,P02,P02,1
2024,P10,NA,673,P109,P02,P02,1
2024,P10,NA,686,P109,P02,P02,356
2024,P10,NA,687,P109,P02,P02,26
2024,P10,NA,722,P109,P02,P02,650
2024,P10,NA,729,P109,P02,P02,26
2024,P10,NA,735,P109,P02,P02,4
2024,P10,NA,744,P109,P02,P02,15
2024,P10,NA,771,P109,P02,P02,49
2024,P10,NA,777,P109,P02,P02,51
2024,P10,NA,782,P109,P02,P02,1
2024,P10,NA,833,P109,P02,P02,6
2024,P10,NA,834,P109,P02,P02,4
2024,P10,NA,844,P109,P02,P02,177
2024,P10,NA,866,P109,P02,P02,95
2024,P10,NA,867,P109,P02,P02,171
2024,P10,NA,868,P109,P02,P02,4
2024,P10,NA,871,P109,P02,P02,91
2024,P10,NA,899,P109,P02,P02,191
2024,P10,NA,938,P109,P02,P02,6
2024,P10,NA,951,P109,P02,P02,1
2024,P10,NA,981,P109,P02,P02,1
2024,P10,NA,991,P109,P02,P02,3
2024,P10,NA,993,P109,P02,P02,20
2024,P10,NA,998,P109,P02,P02,171
2024,P10,NA,999,P109,P02,P02,79
2024,P10,NA,55,P109,P02,P03,"18,463"
2024,P10,NA,228,P109,P02,P03,977
2024,P10,NA,656,P109,P02,P03,868
2024,P10,NA,744,P109,P02,P03,"1,411"
2024,P10,NA,33,P110,P02,P02,"1,760"
2024,P10,NA,55,P110,P02,P02,"584,135"
2024,P10,NA,81,P110,P02,P02,28
2024,P10,NA,899,P110,P02,P02,"3,145"
2024,P10,NA,33,P205,P01,P01,"819,952"
2024,P10,NA,55,P205,P01,P01,"6,517,996"
2024,P10,NA,81,P205,P01,P01,"624,182"
2024,P10,NA,222,P205,P01,P01,"455,786"
2024,P10,NA,223,P205,P01,P01,"8,580"
2024,P10,NA,224,P205,P01,P01,131
2024,P10,NA,225,P205,P01,P01,"12,491"
2024,P10,NA,226,P205,P01,P01,"7,800"
2024,P10,NA,227,P205,P01,P01,"14,119"
2024,P10,NA,228,P205,P01,P01,"126,525"
2024,P10,NA,229,P205,P01,P01,"173,918"
2024,P10,NA,231,P205,P01,P01,"44,220"
2024,P10,NA,232,P205,P01,P01,"76,651"
2024,P10,NA,233,P205,P01,P01,7
2024,P10,NA,235,P205,P01,P01,523
2024,P10,NA,236,P205,P01,P01,1
2024,P10,NA,237,P205,P01,P01,509
2024,P10,NA,238,P205,P01,P01,"60,753"
2024,P10,NA,241,P205,P01,P01,"76,730"
2024,P10,NA,243,P205,P01,P01,"9,933"
2024,P10,NA,244,P205,P01,P01,"31,636"
2024,P10,NA,245,P205,P01,P01,"5,844"
2024,P10,NA,246,P205,P01,P01,"65,032"
2024,P10,NA,247,P205,P01,P01,"15,853"
2024,P10,NA,248,P205,P01,P01,"36,171"
2024,P10,NA,249,P205,P01,P01,"21,367"
2024,P10,NA,271,P205,P01,P01,"112,601"
2024,P10,NA,272,P205,P01,P01,"72,078"
2024,P10,NA,273,P205,P01,P01,"6,597"
2024,P10,NA,274,P205,P01,P01,"22,821"
2024,P10,NA,275,P205,P01,P01,5
2024,P10,NA,276,P205,P01,P01,"2,189"
2024,P10,NA,278,P205,P01,P01,"3,789"
2024,P10,NA,279,P205,P01,P01,"1,646"
2024,P10,NA,281,P205,P01,P01,"7,102"
2024,P10,NA,282,P205,P01,P01,"41,516"
2024,P10,NA,283,P205,P01,P01,2
2024,P10,NA,284,P205,P01,P01,"2,712"
2024,P10,NA,285,P205,P01,P01,"8,286"
2024,P10,NA,287,P205,P01,P01,"19,412"
2024,P10,NA,288,P205,P01,P01,"21,240"
2024,P10,NA,294,P205,P01,P01,"63,162"
2024,P10,NA,296,P205,P01,P01,"11,522"
2024,P10,NA,297,P205,P01,P01,"2,304"
2024,P10,NA,311,P205,P01,P01,"62,146"
2024,P10,NA,312,P205,P01,P01,"43,386"
2024,P10,NA,313,P205,P01,P01,"12,671"
2024,P10,NA,314,P205,P01,P01,"23,437"
2024,P10,NA,315,P205,P01,P01,"10,638"
2024,P10,NA,317,P205,P01,P01,177
2024,P10,NA,319,P205,P01,P01,521
2024,P10,NA,322,P205,P01,P01,"77,647"
2024,P10,NA,323,P205,P01,P01,"6,442"
2024,P10,NA,324,P205,P01,P01,"3,779"
2024,P10,NA,325,P205,P01,P01,"1,769"
2024,P10,NA,327,P205,P01,P01,577
2024,P10,NA,341,P205,P01,P01,"22,338"
2024,P10,NA,342,P205,P01,P01,293
2024,P10,NA,343,P205,P01,P01,1
2024,P10,NA,344,P205,P01,P01,1
2024,P10,NA,347,P205,P01,P01,133
2024,P10,NA,348,P205,P01,P01,"14,546"
2024,P10,NA,351,P205,P01,P01,"26,392"
2024,P10,NA,352,P205,P01,P01,"25,814"
2024,P10,NA,353,P205,P01,P01,"9,662"
2024,P10,NA,354,P205,P01,P01,"8,458"
2024,P10,NA,358,P205,P01,P01,205
2024,P10,NA,373,P205,P01,P01,"1,878"
2024,P10,NA,374,P205,P01,P01,"7,815"
2024,P10,NA,375,P205,P01,P01,"2,783"
2024,P10,NA,376,P205,P01,P01,77
2024,P10,NA,378,P205,P01,P01,"7,443"
2024,P10,NA,384,P205,P01,P01,"4,293"
2024,P10,NA,386,P205,P01,P01,338
2024,P10,NA,389,P205,P01,P01,159
2024,P10,NA,391,P205,P01,P01,"1,257"
2024,P10,NA,392,P205,P01,P01,"14,848"
2024,P10,NA,393,P205,P01,P01,"10,840"
2024,P10,NA,395,P205,P01,P01,"2,607"
2024,P10,NA,411,P205,P01,P01,"40,225"
2024,P10,NA,412,P205,P01,P01,"24,994"
2024,P10,NA,413,P205,P01,P01,"13,625"
2024,P10,NA,414,P205,P01,P01,"14,329"
2024,P10,NA,415,P205,P01,P01,"27,009"
2024,P10,NA,417,P205,P01,P01,"13,166"
2024,P10,NA,418,P205,P01,P01,"42,487"
2024,P10,NA,419,P205,P01,P01,"14,999"
2024,P10,NA,421,P205,P01,P01,77
2024,P10,NA,425,P205,P01,P01,"5,892"
2024,P10,NA,427,P205,P01,P01,"52,655"
2024,P10,NA,428,P205,P01,P01,"10,157"
2024,P10,NA,429,P205,P01,P01,"25,226"
2024,P10,NA,431,P205,P01,P01,"1,310"
2024,P10,NA,432,P205,P01,P01,"5,875"
2024,P10,NA,433,P205,P01,P01,133
2024,P10,NA,434,P205,P01,P01,"28,737"
2024,P10,NA,436,P205,P01,P01,"4,308"
2024,P10,NA,438,P205,P01,P01,3
2024,P10,NA,441,P205,P01,P01,"11,574"
2024,P10,NA,442,P205,P01,P01,"182,914"
2024,P10,NA,443,P205,P01,P01,"132,719"
2024,P10,NA,444,P205,P01,P01,"239,482"
2024,P10,NA,445,P205,P01,P01,"15,217"
2024,P10,NA,447,P205,P01,P01,"12,632"
2024,P10,NA,448,P205,P01,P01,"9,256"
2024,P10,NA,449,P205,P01,P01,"150,536"
2024,P10,NA,451,P205,P01,P01,1
2024,P10,NA,452,P205,P01,P01,"40,287"
2024,P10,NA,453,P205,P01,P01,"9,959"
2024,P10,NA,454,P205,P01,P01,1
2024,P10,NA,456,P205,P01,P01,"13,938"
2024,P10,NA,458,P205,P01,P01,"8,852"
2024,P10,NA,461,P205,P01,P01,"100,571"
2024,P10,NA,462,P205,P01,P01,"126,367"
2024,P10,NA,464,P205,P01,P01,"55,901"
2024,P10,NA,465,P205,P01,P01,"7,817"
2024,P10,NA,466,P205,P01,P01,"11,128"
2024,P10,NA,468,P205,P01,P01,"25,810"
2024,P10,NA,469,P205,P01,P01,"14,461"
2024,P10,NA,472,P205,P01,P01,"48,619"
2024,P10,NA,473,P205,P01,P01,"40,737"
2024,P10,NA,474,P205,P01,P01,"24,822"
2024,P10,NA,475,P205,P01,P01,"6,700"
2024,P10,NA,476,P205,P01,P01,"45,306"
2024,P10,NA,477,P205,P01,P01,"413,946"
2024,P10,NA,478,P205,P01,P01,"3,732"
2024,P10,NA,481,P205,P01,P01,"3,274"
2024,P10,NA,483,P205,P01,P01,146
2024,P10,NA,485,P205,P01,P01,"4,992"
2024,P10,NA,487,P205,P01,P01,"4,531"
2024,P10,NA,488,P205,P01,P01,"17,850"
2024,P10,NA,489,P205,P01,P01,111
2024,P10,NA,492,P205,P01,P01,"56,724"
2024,P10,NA,493,P205,P01,P01,"27,182"
2024,P10,NA,494,P205,P01,P01,"6,533"
2024,P10,NA,495,P205,P01,P01,"11,800"
2024,P10,NA,496,P205,P01,P01,"6,601"
2024,P10,NA,498,P205,P01,P01,"10,593"
2024,P10,NA,591,P205,P01,P01,1
2024,P10,NA,595,P205,P01,P01,"2,029"
2024,P10,NA,612,P205,P01,P01,"10,939"
2024,P10,NA,613,P205,P01,P01,52
2024,P10,NA,614,P205,P01,P01,"47,758"
2024,P10,NA,616,P205,P01,P01,1
2024,P10,NA,618,P205,P01,P01,"47,447"
2024,P10,NA,622,P205,P01,P01,"16,267"
2024,P10,NA,624,P205,P01,P01,"18,960"
2024,P10,NA,625,P205,P01,P01,"4,719"
2024,P10,NA,627,P205,P01,P01,"3,482"
2024,P10,NA,629,P205,P01,P01,"1,258"
2024,P10,NA,631,P205,P01,P01,"10,108"
2024,P10,NA,632,P205,P01,P01,444
2024,P10,NA,636,P205,P01,P01,63
2024,P10,NA,638,P205,P01,P01,733
2024,P10,NA,639,P205,P01,P01,"6,203"
2024,P10,NA,641,P205,P01,P01,66
2024,P10,NA,642,P205,P01,P01,"9,160"
2024,P10,NA,644,P205,P01,P01,"27,345"
2024,P10,NA,646,P205,P01,P01,"33,841"
2024,P10,NA,647,P205,P01,P01,"2,343"
2024,P10,NA,648,P205,P01,P01,"3,942"
2024,P10,NA,653,P205,P01,P01,"11,989"
2024,P10,NA,656,P205,P01,P01,"110,102"
2024,P10,NA,659,P205,P01,P01,1
2024,P10,NA,661,P205,P01,P01,"8,019"
2024,P10,NA,662,P205,P01,P01,"43,160"
2024,P10,NA,664,P205,P01,P01,"247,217"
2024,P10,NA,665,P205,P01,P01,"8,373"
2024,P10,NA,667,P205,P01,P01,"57,437"
2024,P10,NA,668,P205,P01,P01,"21,054"
2024,P10,NA,669,P205,P01,P01,"55,696"
2024,P10,NA,671,P205,P01,P01,229
2024,P10,NA,672,P205,P01,P01,"2,742"
2024,P10,NA,673,P205,P01,P01,"3,483"
2024,P10,NA,674,P205,P01,P01,2
2024,P10,NA,675,P205,P01,P01,659
2024,P10,NA,676,P205,P01,P01,"2,325"
2024,P10,NA,686,P205,P01,P01,"71,950"
2024,P10,NA,687,P205,P01,P01,"7,459"
2024,P10,NA,694,P205,P01,P01,"1,951"
2024,P10,NA,695,P205,P01,P01,"1,181"
2024,P10,NA,696,P205,P01,P01,194
2024,P10,NA,697,P205,P01,P01,282
2024,P10,NA,698,P205,P01,P01,686
2024,P10,NA,712,P205,P01,P01,"113,618"
2024,P10,NA,713,P205,P01,P01,"8,790"
2024,P10,NA,714,P205,P01,P01,438
2024,P10,NA,715,P205,P01,P01,"11,613"
2024,P10,NA,721,P205,P01,P01,105
2024,P10,NA,722,P205,P01,P01,"216,904"
2024,P10,NA,723,P205,P01,P01,3
2024,P10,NA,726,P205,P01,P01,"2,240"
2024,P10,NA,728,P205,P01,P01,11
2024,P10,NA,729,P205,P01,P01,"465,850"
2024,P10,NA,732,P205,P01,P01,447
2024,P10,NA,733,P205,P01,P01,"30,373"
2024,P10,NA,734,P205,P01,P01,"25,676"
2024,P10,NA,735,P205,P01,P01,"90,993"
2024,P10,NA,736,P205,P01,P01,1
2024,P10,NA,738,P205,P01,P01,6
2024,P10,NA,739,P205,P01,P01,31
2024,P10,NA,742,P205,P01,P01,151
2024,P10,NA,744,P205,P01,P01,"109,020"
2024,P10,NA,746,P205,P01,P01,"1,388"
2024,P10,NA,747,P205,P01,P01,"29,487"
2024,P10,NA,748,P205,P01,P01,889
2024,P10,NA,749,P205,P01,P01,644
2024,P10,NA,753,P205,P01,P01,"16,770"
2024,P10,NA,754,P205,P01,P01,297
2024,P10,NA,755,P205,P01,P01,"14,086"
2024,P10,NA,756,P205,P01,P01,"4,273"
2024,P10,NA,757,P205,P01,P01,147
2024,P10,NA,759,P205,P01,P01,52
2024,P10,NA,762,P205,P01,P01,"5,943"
2024,P10,NA,764,P205,P01,P01,"1,243"
2024,P10,NA,765,P205,P01,P01,190
2024,P10,NA,766,P205,P01,P01,"9,389"
2024,P10,NA,767,P205,P01,P01,711
2024,P10,NA,768,P205,P01,P01,1
2024,P10,NA,771,P205,P01,P01,"173,815"
2024,P10,NA,772,P205,P01,P01,"32,900"
2024,P10,NA,773,P205,P01,P01,"62,090"
2024,P10,NA,775,P205,P01,P01,"87,295"
2024,P10,NA,776,P205,P01,P01,"35,768"
2024,P10,NA,777,P205,P01,P01,"254,729"
2024,P10,NA,779,P205,P01,P01,"18,911"
2024,P10,NA,781,P205,P01,P01,199
2024,P10,NA,782,P205,P01,P01,"47,940"
2024,P10,NA,783,P205,P01,P01,"19,323"
2024,P10,NA,784,P205,P01,P01,"9,673"
2024,P10,NA,785,P205,P01,P01,105
2024,P10,NA,786,P205,P01,P01,"8,069"
2024,P10,NA,789,P205,P01,P01,1
2024,P10,NA,791,P205,P01,P01,"3,311"
2024,P10,NA,797,P205,P01,P01,428
2024,P10,NA,821,P205,P01,P01,"5,606"
2024,P10,NA,824,P205,P01,P01,"2,335"
2024,P10,NA,825,P205,P01,P01,94
2024,P10,NA,826,P205,P01,P01,"11,935"
2024,P10,NA,828,P205,P01,P01,"8,719"
2024,P10,NA,831,P205,P01,P01,"8,769"
2024,P10,NA,833,P205,P01,P01,"63,050"
2024,P10,NA,834,P205,P01,P01,"26,760"
2024,P10,NA,842,P205,P01,P01,698
2024,P10,NA,844,P205,P01,P01,"98,353"
2024,P10,NA,861,P205,P01,P01,"1,931"
2024,P10,NA,862,P205,P01,P01,60
2024,P10,NA,864,P205,P01,P01,155
2024,P10,NA,866,P205,P01,P01,"14,987"
2024,P10,NA,867,P205,P01,P01,"94,445"
2024,P10,NA,868,P205,P01,P01,"53,365"
2024,P10,NA,871,P205,P01,P01,"107,787"
2024,P10,NA,872,P205,P01,P01,"8,704"
2024,P10,NA,877,P205,P01,P01,"3,542"
2024,P10,NA,878,P205,P01,P01,"10,913"
2024,P10,NA,891,P205,P01,P01,132
2024,P10,NA,894,P205,P01,P01,"5,791"
2024,P10,NA,897,P205,P01,P01,"2,114"
2024,P10,NA,899,P205,P01,P01,"85,355"
2024,P10,NA,913,P205,P01,P01,1
2024,P10,NA,914,P205,P01,P01,"1,471"
2024,P10,NA,916,P205,P01,P01,"17,325"
2024,P10,NA,917,P205,P01,P01,"19,173"
2024,P10,NA,918,P205,P01,P01,"5,377"
2024,P10,NA,919,P205,P01,P01,"12,630"
2024,P10,NA,921,P205,P01,P01,"72,888"
2024,P10,NA,922,P205,P01,P01,"49,574"
2024,P10,NA,923,P205,P01,P01,"14,599"
2024,P10,NA,924,P205,P01,P01,"15,990"
2024,P10,NA,932,P205,P01,P01,"10,559"
2024,P10,NA,933,P205,P01,P01,"18,155"
2024,P10,NA,934,P205,P01,P01,"13,763"
2024,P10,NA,936,P205,P01,P01,"20,930"
2024,P10,NA,937,P205,P01,P01,"19,865"
2024,P10,NA,938,P205,P01,P01,"31,185"
2024,P10,NA,951,P205,P01,P01,"73,712"
2024,P10,NA,953,P205,P01,P01,"27,793"
2024,P10,NA,954,P205,P01,P01,"15,588"
2024,P10,NA,958,P205,P01,P01,"20,187"
2024,P10,NA,961,P205,P01,P01,"124,357"
2024,P10,NA,962,P205,P01,P01,"54,044"
2024,P10,NA,963,P205,P01,P01,"18,150"
2024,P10,NA,964,P205,P01,P01,"5,860"
2024,P10,NA,965,P205,P01,P01,"6,671"
2024,P10,NA,966,P205,P01,P01,"8,946"
2024,P10,NA,967,P205,P01,P01,"29,317"
2024,P10,NA,968,P205,P01,P01,"13,081"
2024,P10,NA,971,P205,P01,P01,"46,301"
2024,P10,NA,972,P205,P01,P01,365
2024,P10,NA,981,P205,P01,P01,"41,992"
2024,P10,NA,982,P205,P01,P01,"12,812"
2024,P10,NA,983,P205,P01,P01,"29,566"
2024,P10,NA,984,P205,P01,P01,"42,015"
2024,P10,NA,985,P205,P01,P01,"16,133"
2024,P10,NA,986,P205,P01,P01,"11,292"
2024,P10,NA,987,P205,P01,P01,"16,545"
2024,P10,NA,988,P205,P01,P01,"3,415"
2024,P10,NA,991,P205,P01,P01,"6,104"
2024,P10,NA,993,P205,P01,P01,"105,965"
2024,P10,NA,996,P205,P01,P01,"2,959"
2024,P10,NA,997,P205,P01,P01,"2,439"
2024,P10,NA,998,P205,P01,P01,"130,385"
2024,P10,NA,999,P205,P01,P01,"193,345"
2024,P10,NA,33,P205,P01,P02,"147,436"
2024,P10,NA,55,P205,P01,P02,"757,105"
2024,P10,NA,81,P205,P01,P02,"95,927"
2024,P10,NA,222,P205,P01,P02,"60,747"
2024,P10,NA,223,P205,P01,P02,110
2024,P10,NA,224,P205,P01,P02,24
2024,P10,NA,225,P205,P01,P02,"1,077"
2024,P10,NA,226,P205,P01,P02,45
2024,P10,NA,227,P205,P01,P02,393
2024,P10,NA,228,P205,P01,P02,"16,644"
2024,P10,NA,229,P205,P01,P02,"25,799"
2024,P10,NA,231,P205,P01,P02,"1,133"
2024,P10,NA,232,P205,P01,P02,"1,254"
2024,P10,NA,233,P205,P01,P02,2
2024,P10,NA,235,P205,P01,P02,49
2024,P10,NA,237,P205,P01,P02,"1,003"
2024,P10,NA,238,P205,P01,P02,"5,126"
2024,P10,NA,241,P205,P01,P02,"4,105"
2024,P10,NA,243,P205,P01,P02,442
2024,P10,NA,244,P205,P01,P02,"2,000"
2024,P10,NA,245,P205,P01,P02,50
2024,P10,NA,246,P205,P01,P02,"6,115"
2024,P10,NA,247,P205,P01,P02,"1,509"
2024,P10,NA,248,P205,P01,P02,"2,087"
2024,P10,NA,249,P205,P01,P02,199
2024,P10,NA,271,P205,P01,P02,"7,726"
2024,P10,NA,272,P205,P01,P02,"8,858"
2024,P10,NA,273,P205,P01,P02,207
2024,P10,NA,274,P205,P01,P02,328
2024,P10,NA,276,P205,P01,P02,62
2024,P10,NA,278,P205,P01,P02,221
2024,P10,NA,279,P205,P01,P02,36
2024,P10,NA,281,P205,P01,P02,44
2024,P10,NA,282,P205,P01,P02,194
2024,P10,NA,284,P205,P01,P02,23
2024,P10,NA,285,P205,P01,P02,194
2024,P10,NA,287,P205,P01,P02,998
2024,P10,NA,288,P205,P01,P02,396
2024,P10,NA,294,P205,P01,P02,312
2024,P10,NA,296,P205,P01,P02,258
2024,P10,NA,297,P205,P01,P02,60
2024,P10,NA,311,P205,P01,P02,"7,971"
2024,P10,NA,312,P205,P01,P02,"9,283"
2024,P10,NA,313,P205,P01,P02,"1,467"
2024,P10,NA,314,P205,P01,P02,"5,592"
2024,P10,NA,315,P205,P01,P02,326
2024,P10,NA,317,P205,P01,P02,63
2024,P10,NA,319,P205,P01,P02,109
2024,P10,NA,322,P205,P01,P02,"8,213"
2024,P10,NA,323,P205,P01,P02,228
2024,P10,NA,324,P205,P01,P02,45
2024,P10,NA,325,P205,P01,P02,52
2024,P10,NA,327,P205,P01,P02,39
2024,P10,NA,341,P205,P01,P02,"2,502"
2024,P10,NA,342,P205,P01,P02,55
2024,P10,NA,346,P205,P01,P02,2
2024,P10,NA,347,P205,P01,P02,35
2024,P10,NA,348,P205,P01,P02,"2,525"
2024,P10,NA,351,P205,P01,P02,"2,819"
2024,P10,NA,352,P205,P01,P02,"1,706"
2024,P10,NA,353,P205,P01,P02,589
2024,P10,NA,354,P205,P01,P02,308
2024,P10,NA,358,P205,P01,P02,6
2024,P10,NA,373,P205,P01,P02,73
2024,P10,NA,374,P205,P01,P02,131
2024,P10,NA,375,P205,P01,P02,274
2024,P10,NA,376,P205,P01,P02,19
2024,P10,NA,378,P205,P01,P02,"2,060"
2024,P10,NA,384,P205,P01,P02,79
2024,P10,NA,386,P205,P01,P02,27
2024,P10,NA,388,P205,P01,P02,1
2024,P10,NA,389,P205,P01,P02,23
2024,P10,NA,391,P205,P01,P02,44
2024,P10,NA,392,P205,P01,P02,"1,408"
2024,P10,NA,393,P205,P01,P02,515
2024,P10,NA,395,P205,P01,P02,264
2024,P10,NA,411,P205,P01,P02,968
2024,P10,NA,412,P205,P01,P02,318
2024,P10,NA,413,P205,P01,P02,156
2024,P10,NA,414,P205,P01,P02,548
2024,P10,NA,415,P205,P01,P02,"4,059"
2024,P10,NA,417,P205,P01,P02,317
2024,P10,NA,418,P205,P01,P02,"2,174"
2024,P10,NA,419,P205,P01,P02,287
2024,P10,NA,421,P205,P01,P02,7
2024,P10,NA,425,P205,P01,P02,172
2024,P10,NA,427,P205,P01,P02,"4,383"
2024,P10,NA,428,P205,P01,P02,125
2024,P10,NA,429,P205,P01,P02,280
2024,P10,NA,431,P205,P01,P02,39
2024,P10,NA,432,P205,P01,P02,76
2024,P10,NA,433,P205,P01,P02,22
2024,P10,NA,434,P205,P01,P02,852
2024,P10,NA,436,P205,P01,P02,63
2024,P10,NA,438,P205,P01,P02,1
2024,P10,NA,441,P205,P01,P02,450
2024,P10,NA,442,P205,P01,P02,"42,076"
2024,P10,NA,443,P205,P01,P02,"16,456"
2024,P10,NA,444,P205,P01,P02,"32,023"
2024,P10,NA,445,P205,P01,P02,306
2024,P10,NA,447,P205,P01,P02,78
2024,P10,NA,448,P205,P01,P02,751
2024,P10,NA,449,P205,P01,P02,"25,431"
2024,P10,NA,452,P205,P01,P02,"4,524"
2024,P10,NA,453,P205,P01,P02,779
2024,P10,NA,456,P205,P01,P02,917
2024,P10,NA,458,P205,P01,P02,182
2024,P10,NA,461,P205,P01,P02,"13,571"
2024,P10,NA,462,P205,P01,P02,"12,218"
2024,P10,NA,464,P205,P01,P02,"6,601"
2024,P10,NA,465,P205,P01,P02,599
2024,P10,NA,466,P205,P01,P02,185
2024,P10,NA,468,P205,P01,P02,292
2024,P10,NA,469,P205,P01,P02,409
2024,P10,NA,472,P205,P01,P02,"3,506"
2024,P10,NA,473,P205,P01,P02,"9,137"
2024,P10,NA,474,P205,P01,P02,"1,804"
2024,P10,NA,475,P205,P01,P02,56
2024,P10,NA,476,P205,P01,P02,"4,313"
2024,P10,NA,477,P205,P01,P02,"54,066"
2024,P10,NA,478,P205,P01,P02,222
2024,P10,NA,481,P205,P01,P02,671
2024,P10,NA,483,P205,P01,P02,19
2024,P10,NA,485,P205,P01,P02,47
2024,P10,NA,486,P205,P01,P02,2
2024,P10,NA,487,P205,P01,P02,360
2024,P10,NA,488,P205,P01,P02,314
2024,P10,NA,489,P205,P01,P02,60
2024,P10,NA,492,P205,P01,P02,"8,447"
2024,P10,NA,493,P205,P01,P02,"1,767"
2024,P10,NA,494,P205,P01,P02,262
2024,P10,NA,495,P205,P01,P02,297
2024,P10,NA,496,P205,P01,P02,46
2024,P10,NA,498,P205,P01,P02,87
2024,P10,NA,595,P205,P01,P02,204
2024,P10,NA,612,P205,P01,P02,"2,183"
2024,P10,NA,613,P205,P01,P02,19
2024,P10,NA,614,P205,P01,P02,"13,196"
2024,P10,NA,616,P205,P01,P02,2
2024,P10,NA,618,P205,P01,P02,"6,050"
2024,P10,NA,622,P205,P01,P02,"3,716"
2024,P10,NA,623,P205,P01,P02,1
2024,P10,NA,624,P205,P01,P02,"2,801"
2024,P10,NA,625,P205,P01,P02,939
2024,P10,NA,627,P205,P01,P02,152
2024,P10,NA,629,P205,P01,P02,89
2024,P10,NA,631,P205,P01,P02,"4,642"
2024,P10,NA,632,P205,P01,P02,166
2024,P10,NA,633,P205,P01,P02,1
2024,P10,NA,635,P205,P01,P02,1
2024,P10,NA,636,P205,P01,P02,24
2024,P10,NA,638,P205,P01,P02,89
2024,P10,NA,639,P205,P01,P02,"1,171"
2024,P10,NA,641,P205,P01,P02,24
2024,P10,NA,642,P205,P01,P02,"2,502"
2024,P10,NA,644,P205,P01,P02,"5,604"
2024,P10,NA,645,P205,P01,P02,2
2024,P10,NA,646,P205,P01,P02,"8,941"
2024,P10,NA,647,P205,P01,P02,168
2024,P10,NA,648,P205,P01,P02,659
2024,P10,NA,653,P205,P01,P02,"1,943"
2024,P10,NA,656,P205,P01,P02,"21,405"
2024,P10,NA,661,P205,P01,P02,814
2024,P10,NA,662,P205,P01,P02,"12,255"
2024,P10,NA,664,P205,P01,P02,"40,150"
2024,P10,NA,665,P205,P01,P02,"1,429"
2024,P10,NA,667,P205,P01,P02,"8,129"
2024,P10,NA,668,P205,P01,P02,"5,025"
2024,P10,NA,669,P205,P01,P02,"5,992"
2024,P10,NA,671,P205,P01,P02,45
2024,P10,NA,672,P205,P01,P02,71
2024,P10,NA,673,P205,P01,P02,323
2024,P10,NA,675,P205,P01,P02,19
2024,P10,NA,676,P205,P01,P02,33
2024,P10,NA,677,P205,P01,P02,1
2024,P10,NA,686,P205,P01,P02,"15,974"
2024,P10,NA,687,P205,P01,P02,"2,396"
2024,P10,NA,694,P205,P01,P02,55
2024,P10,NA,695,P205,P01,P02,41
2024,P10,NA,696,P205,P01,P02,38
2024,P10,NA,697,P205,P01,P02,24
2024,P10,NA,698,P205,P01,P02,72
2024,P10,NA,712,P205,P01,P02,"5,373"
2024,P10,NA,713,P205,P01,P02,"1,353"
2024,P10,NA,714,P205,P01,P02,34
2024,P10,NA,715,P205,P01,P02,349
2024,P10,NA,721,P205,P01,P02,4
2024,P10,NA,722,P205,P01,P02,"43,826"
2024,P10,NA,726,P205,P01,P02,665
2024,P10,NA,729,P205,P01,P02,"23,706"
2024,P10,NA,732,P205,P01,P02,29
2024,P10,NA,733,P205,P01,P02,783
2024,P10,NA,734,P205,P01,P02,591
2024,P10,NA,735,P205,P01,P02,"7,205"
2024,P10,NA,739,P205,P01,P02,6
2024,P10,NA,742,P205,P01,P02,22
2024,P10,NA,744,P205,P01,P02,"9,091"
2024,P10,NA,745,P205,P01,P02,1
2024,P10,NA,746,P205,P01,P02,50
2024,P10,NA,747,P205,P01,P02,"1,866"
2024,P10,NA,748,P205,P01,P02,17
2024,P10,NA,749,P205,P01,P02,38
2024,P10,NA,753,P205,P01,P02,499
2024,P10,NA,754,P205,P01,P02,33
2024,P10,NA,755,P205,P01,P02,652
2024,P10,NA,756,P205,P01,P02,25
2024,P10,NA,757,P205,P01,P02,19
2024,P10,NA,759,P205,P01,P02,24
2024,P10,NA,762,P205,P01,P02,514
2024,P10,NA,764,P205,P01,P02,25
2024,P10,NA,765,P205,P01,P02,28
2024,P10,NA,766,P205,P01,P02,119
2024,P10,NA,767,P205,P01,P02,44
2024,P10,NA,771,P205,P01,P02,"19,070"
2024,P10,NA,772,P205,P01,P02,444
2024,P10,NA,773,P205,P01,P02,"2,951"
2024,P10,NA,775,P205,P01,P02,"6,153"
2024,P10,NA,776,P205,P01,P02,305
2024,P10,NA,777,P205,P01,P02,"38,315"
2024,P10,NA,779,P205,P01,P02,870
2024,P10,NA,781,P205,P01,P02,13
2024,P10,NA,782,P205,P01,P02,"3,485"
2024,P10,NA,783,P205,P01,P02,"1,167"
2024,P10,NA,784,P205,P01,P02,255
2024,P10,NA,785,P205,P01,P02,25
2024,P10,NA,786,P205,P01,P02,66
2024,P10,NA,789,P205,P01,P02,2
2024,P10,NA,791,P205,P01,P02,49
2024,P10,NA,797,P205,P01,P02,81
2024,P10,NA,821,P205,P01,P02,478
2024,P10,NA,824,P205,P01,P02,121
2024,P10,NA,825,P205,P01,P02,12
2024,P10,NA,826,P205,P01,P02,"1,254"
2024,P10,NA,828,P205,P01,P02,307
2024,P10,NA,831,P205,P01,P02,119
2024,P10,NA,833,P205,P01,P02,"10,094"
2024,P10,NA,834,P205,P01,P02,"3,656"
2024,P10,NA,842,P205,P01,P02,14
2024,P10,NA,844,P205,P01,P02,"15,638"
2024,P10,NA,861,P205,P01,P02,68
2024,P10,NA,862,P205,P01,P02,33
2024,P10,NA,864,P205,P01,P02,27
2024,P10,NA,866,P205,P01,P02,"2,740"
2024,P10,NA,867,P205,P01,P02,"17,570"
2024,P10,NA,868,P205,P01,P02,"6,505"
2024,P10,NA,871,P205,P01,P02,"12,729"
2024,P10,NA,872,P205,P01,P02,113
2024,P10,NA,877,P205,P01,P02,"1,989"
2024,P10,NA,878,P205,P01,P02,"2,847"
2024,P10,NA,891,P205,P01,P02,108
2024,P10,NA,894,P205,P01,P02,88
2024,P10,NA,897,P205,P01,P02,34
2024,P10,NA,899,P205,P01,P02,"11,171"
2024,P10,NA,913,P205,P01,P02,1
2024,P10,NA,914,P205,P01,P02,118
2024,P10,NA,916,P205,P01,P02,94
2024,P10,NA,917,P205,P01,P02,129
2024,P10,NA,918,P205,P01,P02,52
2024,P10,NA,919,P205,P01,P02,129
2024,P10,NA,921,P205,P01,P02,"9,564"
2024,P10,NA,922,P205,P01,P02,"3,629"
2024,P10,NA,923,P205,P01,P02,426
2024,P10,NA,924,P205,P01,P02,814
2024,P10,NA,932,P205,P01,P02,512
2024,P10,NA,933,P205,P01,P02,"1,616"
2024,P10,NA,934,P205,P01,P02,125
2024,P10,NA,936,P205,P01,P02,915
2024,P10,NA,937,P205,P01,P02,467
2024,P10,NA,938,P205,P01,P02,"5,261"
2024,P10,NA,951,P205,P01,P02,"7,159"
2024,P10,NA,953,P205,P01,P02,937
2024,P10,NA,954,P205,P01,P02,71
2024,P10,NA,958,P205,P01,P02,191
2024,P10,NA,961,P205,P01,P02,"12,167"
2024,P10,NA,962,P205,P01,P02,"1,948"
2024,P10,NA,963,P205,P01,P02,874
2024,P10,NA,964,P205,P01,P02,44
2024,P10,NA,965,P205,P01,P02,65
2024,P10,NA,966,P205,P01,P02,186
2024,P10,NA,967,P205,P01,P02,"1,756"
2024,P10,NA,968,P205,P01,P02,204
2024,P10,NA,971,P205,P01,P02,"1,695"
2024,P10,NA,972,P205,P01,P02,44
2024,P10,NA,981,P205,P01,P02,"8,755"
2024,P10,NA,982,P205,P01,P02,285
2024,P10,NA,983,P205,P01,P02,"3,497"
2024,P10,NA,984,P205,P01,P02,"6,731"
2024,P10,NA,985,P205,P01,P02,"1,398"
2024,P10,NA,986,P205,P01,P02,824
2024,P10,NA,987,P205,P01,P02,"2,145"
2024,P10,NA,988,P205,P01,P02,76
2024,P10,NA,991,P205,P01,P02,"1,192"
2024,P10,NA,993,P205,P01,P02,"12,221"
2024,P10,NA,996,P205,P01,P02,159
2024,P10,NA,997,P205,P01,P02,212
2024,P10,NA,998,P205,P01,P02,"16,204"
2024,P10,NA,999,P205,P01,P02,"35,784"
2024,P10,NA,33,P205,P01,P03,"167,315"
2024,P10,NA,55,P205,P01,P03,"196,143"
2024,P10,NA,81,P205,P01,P03,"65,853"
2024,P10,NA,222,P205,P01,P03,"7,488"
2024,P10,NA,223,P205,P01,P03,319
2024,P10,NA,224,P205,P01,P03,22
2024,P10,NA,225,P205,P01,P03,177
2024,P10,NA,226,P205,P01,P03,105
2024,P10,NA,227,P205,P01,P03,224
2024,P10,NA,228,P205,P01,P03,"28,473"
2024,P10,NA,229,P205,P01,P03,"22,468"
2024,P10,NA,231,P205,P01,P03,"22,802"
2024,P10,NA,232,P205,P01,P03,"20,056"
2024,P10,NA,235,P205,P01,P03,11
2024,P10,NA,238,P205,P01,P03,"14,848"
2024,P10,NA,241,P205,P01,P03,"69,966"
2024,P10,NA,243,P205,P01,P03,189
2024,P10,NA,244,P205,P01,P03,"22,885"
2024,P10,NA,245,P205,P01,P03,81
2024,P10,NA,246,P205,P01,P03,"41,836"
2024,P10,NA,247,P205,P01,P03,902
2024,P10,NA,248,P205,P01,P03,"4,361"
2024,P10,NA,249,P205,P01,P03,"13,968"
2024,P10,NA,271,P205,P01,P03,"10,628"
2024,P10,NA,272,P205,P01,P03,"14,599"
2024,P10,NA,273,P205,P01,P03,35
2024,P10,NA,274,P205,P01,P03,"7,488"
2024,P10,NA,276,P205,P01,P03,154
2024,P10,NA,278,P205,P01,P03,46
2024,P10,NA,279,P205,P01,P03,81
2024,P10,NA,281,P205,P01,P03,236
2024,P10,NA,282,P205,P01,P03,415
2024,P10,NA,284,P205,P01,P03,81
2024,P10,NA,285,P205,P01,P03,129
2024,P10,NA,287,P205,P01,P03,"6,644"
2024,P10,NA,288,P205,P01,P03,"3,863"
2024,P10,NA,294,P205,P01,P03,"2,317"
2024,P10,NA,296,P205,P01,P03,273
2024,P10,NA,311,P205,P01,P03,"26,749"
2024,P10,NA,312,P205,P01,P03,974
2024,P10,NA,313,P205,P01,P03,"2,721"
2024,P10,NA,314,P205,P01,P03,"1,402"
2024,P10,NA,315,P205,P01,P03,"6,002"
2024,P10,NA,317,P205,P01,P03,58
2024,P10,NA,322,P205,P01,P03,"11,591"
2024,P10,NA,323,P205,P01,P03,105
2024,P10,NA,324,P205,P01,P03,22
2024,P10,NA,325,P205,P01,P03,22
2024,P10,NA,327,P205,P01,P03,11
2024,P10,NA,341,P205,P01,P03,497
2024,P10,NA,348,P205,P01,P03,"8,225"
2024,P10,NA,351,P205,P01,P03,"14,836"
2024,P10,NA,352,P205,P01,P03,"7,596"
2024,P10,NA,353,P205,P01,P03,"5,538"
2024,P10,NA,354,P205,P01,P03,105
2024,P10,NA,373,P205,P01,P03,94
2024,P10,NA,374,P205,P01,P03,46
2024,P10,NA,378,P205,P01,P03,"1,580"
2024,P10,NA,391,P205,P01,P03,415
2024,P10,NA,392,P205,P01,P03,"5,276"
2024,P10,NA,393,P205,P01,P03,"1,865"
2024,P10,NA,395,P205,P01,P03,891
2024,P10,NA,411,P205,P01,P03,"8,416"
2024,P10,NA,412,P205,P01,P03,"17,951"
2024,P10,NA,413,P205,P01,P03,"12,423"
2024,P10,NA,414,P205,P01,P03,"3,078"
2024,P10,NA,415,P205,P01,P03,"4,849"
2024,P10,NA,417,P205,P01,P03,"2,519"
2024,P10,NA,418,P205,P01,P03,"7,180"
2024,P10,NA,419,P205,P01,P03,11
2024,P10,NA,425,P205,P01,P03,534
2024,P10,NA,427,P205,P01,P03,"22,030"
2024,P10,NA,428,P205,P01,P03,200
2024,P10,NA,429,P205,P01,P03,117
2024,P10,NA,431,P205,P01,P03,950
2024,P10,NA,432,P205,P01,P03,58
2024,P10,NA,434,P205,P01,P03,"3,755"
2024,P10,NA,436,P205,P01,P03,46
2024,P10,NA,441,P205,P01,P03,"9,545"
2024,P10,NA,442,P205,P01,P03,"30,244"
2024,P10,NA,443,P205,P01,P03,"21,899"
2024,P10,NA,444,P205,P01,P03,"96,015"
2024,P10,NA,445,P205,P01,P03,"1,199"
2024,P10,NA,447,P205,P01,P03,"6,348"
2024,P10,NA,448,P205,P01,P03,35
2024,P10,NA,449,P205,P01,P03,"127,604"
2024,P10,NA,452,P205,P01,P03,"7,715"
2024,P10,NA,453,P205,P01,P03,"11,816"
2024,P10,NA,456,P205,P01,P03,"1,115"
2024,P10,NA,458,P205,P01,P03,"2,187"
2024,P10,NA,461,P205,P01,P03,"51,621"
2024,P10,NA,462,P205,P01,P03,"22,327"
2024,P10,NA,464,P205,P01,P03,"17,939"
2024,P10,NA,465,P205,P01,P03,628
2024,P10,NA,466,P205,P01,P03,"2,709"
2024,P10,NA,468,P205,P01,P03,735
2024,P10,NA,469,P205,P01,P03,"1,199"
2024,P10,NA,472,P205,P01,P03,"45,344"
2024,P10,NA,473,P205,P01,P03,"13,743"
2024,P10,NA,474,P205,P01,P03,"8,154"
2024,P10,NA,475,P205,P01,P03,94
2024,P10,NA,476,P205,P01,P03,"27,034"
2024,P10,NA,477,P205,P01,P03,"108,023"
2024,P10,NA,478,P205,P01,P03,105
2024,P10,NA,481,P205,P01,P03,35
2024,P10,NA,485,P205,P01,P03,58
2024,P10,NA,487,P205,P01,P03,35
2024,P10,NA,488,P205,P01,P03,"1,472"
2024,P10,NA,492,P205,P01,P03,"10,496"
2024,P10,NA,493,P205,P01,P03,"13,374"
2024,P10,NA,494,P205,P01,P03,224
2024,P10,NA,495,P205,P01,P03,"3,386"
2024,P10,NA,496,P205,P01,P03,46
2024,P10,NA,498,P205,P01,P03,154
2024,P10,NA,595,P205,P01,P03,474
2024,P10,NA,612,P205,P01,P03,58
2024,P10,NA,614,P205,P01,P03,"1,687"
2024,P10,NA,618,P205,P01,P03,"7,786"
2024,P10,NA,622,P205,P01,P03,819
2024,P10,NA,624,P205,P01,P03,129
2024,P10,NA,625,P205,P01,P03,236
2024,P10,NA,627,P205,P01,P03,58
2024,P10,NA,629,P205,P01,P03,46
2024,P10,NA,631,P205,P01,P03,105
2024,P10,NA,638,P205,P01,P03,11
2024,P10,NA,639,P205,P01,P03,"1,056"
2024,P10,NA,642,P205,P01,P03,974
2024,P10,NA,644,P205,P01,P03,"1,010"
2024,P10,NA,646,P205,P01,P03,81
2024,P10,NA,647,P205,P01,P03,81
2024,P10,NA,648,P205,P01,P03,"2,935"
2024,P10,NA,653,P205,P01,P03,"2,436"
2024,P10,NA,656,P205,P01,P03,"2,233"
2024,P10,NA,661,P205,P01,P03,891
2024,P10,NA,662,P205,P01,P03,"3,375"
2024,P10,NA,664,P205,P01,P03,"22,826"
2024,P10,NA,665,P205,P01,P03,783
2024,P10,NA,667,P205,P01,P03,284
2024,P10,NA,668,P205,P01,P03,"3,780"
2024,P10,NA,669,P205,P01,P03,"3,267"
2024,P10,NA,672,P205,P01,P03,70
2024,P10,NA,673,P205,P01,P03,902
2024,P10,NA,676,P205,P01,P03,11
2024,P10,NA,686,P205,P01,P03,"12,779"
2024,P10,NA,694,P205,P01,P03,22
2024,P10,NA,695,P205,P01,P03,11
2024,P10,NA,697,P205,P01,P03,35
2024,P10,NA,712,P205,P01,P03,"54,022"
2024,P10,NA,713,P205,P01,P03,"5,610"
2024,P10,NA,714,P205,P01,P03,105
2024,P10,NA,715,P205,P01,P03,"4,660"
2024,P10,NA,721,P205,P01,P03,129
2024,P10,NA,722,P205,P01,P03,"22,184"
2024,P10,NA,726,P205,P01,P03,165
2024,P10,NA,732,P205,P01,P03,248
2024,P10,NA,733,P205,P01,P03,"13,802"
2024,P10,NA,734,P205,P01,P03,"1,021"
2024,P10,NA,735,P205,P01,P03,"28,462"
2024,P10,NA,744,P205,P01,P03,"13,266"
2024,P10,NA,745,P205,P01,P03,11
2024,P10,NA,746,P205,P01,P03,35
2024,P10,NA,747,P205,P01,P03,"4,207"
2024,P10,NA,748,P205,P01,P03,11
2024,P10,NA,753,P205,P01,P03,450
2024,P10,NA,755,P205,P01,P03,"1,556"
2024,P10,NA,756,P205,P01,P03,81
2024,P10,NA,762,P205,P01,P03,105
2024,P10,NA,764,P205,P01,P03,427
2024,P10,NA,765,P205,P01,P03,11
2024,P10,NA,766,P205,P01,P03,688
2024,P10,NA,767,P205,P01,P03,546
2024,P10,NA,771,P205,P01,P03,"103,720"
2024,P10,NA,772,P205,P01,P03,"3,208"
2024,P10,NA,773,P205,P01,P03,"1,010"
2024,P10,NA,775,P205,P01,P03,"15,942"
2024,P10,NA,776,P205,P01,P03,"13,504"
2024,P10,NA,777,P205,P01,P03,"45,106"
2024,P10,NA,779,P205,P01,P03,796
2024,P10,NA,781,P205,P01,P03,22
2024,P10,NA,782,P205,P01,P03,"4,421"
2024,P10,NA,783,P205,P01,P03,"8,035"
2024,P10,NA,784,P205,P01,P03,"1,402"
2024,P10,NA,786,P205,P01,P03,735
2024,P10,NA,791,P205,P01,P03,117
2024,P10,NA,797,P205,P01,P03,11
2024,P10,NA,821,P205,P01,P03,"1,734"
2024,P10,NA,826,P205,P01,P03,"3,148"
2024,P10,NA,828,P205,P01,P03,"4,908"
2024,P10,NA,831,P205,P01,P03,593
2024,P10,NA,833,P205,P01,P03,"3,006"
2024,P10,NA,834,P205,P01,P03,"1,817"
2024,P10,NA,842,P205,P01,P03,11
2024,P10,NA,844,P205,P01,P03,"3,363"
2024,P10,NA,861,P205,P01,P03,213
2024,P10,NA,866,P205,P01,P03,"1,366"
2024,P10,NA,867,P205,P01,P03,"7,643"
2024,P10,NA,868,P205,P01,P03,"31,279"
2024,P10,NA,871,P205,P01,P03,"23,278"
2024,P10,NA,872,P205,P01,P03,"4,088"
2024,P10,NA,877,P205,P01,P03,129
2024,P10,NA,878,P205,P01,P03,129
2024,P10,NA,894,P205,P01,P03,189
2024,P10,NA,897,P205,P01,P03,11
2024,P10,NA,899,P205,P01,P03,"3,043"
2024,P10,NA,914,P205,P01,P03,189
2024,P10,NA,916,P205,P01,P03,"4,516"
2024,P10,NA,917,P205,P01,P03,"7,096"
2024,P10,NA,918,P205,P01,P03,46
2024,P10,NA,919,P205,P01,P03,200
2024,P10,NA,921,P205,P01,P03,"4,564"
2024,P10,NA,922,P205,P01,P03,"5,491"
2024,P10,NA,923,P205,P01,P03,"2,317"
2024,P10,NA,924,P205,P01,P03,"1,758"
2024,P10,NA,932,P205,P01,P03,"8,214"
2024,P10,NA,933,P205,P01,P03,"4,279"
2024,P10,NA,934,P205,P01,P03,"6,075"
2024,P10,NA,936,P205,P01,P03,"4,516"
2024,P10,NA,937,P205,P01,P03,"1,853"
2024,P10,NA,938,P205,P01,P03,"2,103"
2024,P10,NA,951,P205,P01,P03,"24,539"
2024,P10,NA,953,P205,P01,P03,"11,292"
2024,P10,NA,954,P205,P01,P03,"9,939"
2024,P10,NA,958,P205,P01,P03,"3,470"
2024,P10,NA,961,P205,P01,P03,"32,277"
2024,P10,NA,962,P205,P01,P03,"10,509"
2024,P10,NA,963,P205,P01,P03,"2,578"
2024,P10,NA,965,P205,P01,P03,819
2024,P10,NA,966,P205,P01,P03,"2,555"
2024,P10,NA,967,P205,P01,P03,510
2024,P10,NA,968,P205,P01,P03,"1,056"
2024,P10,NA,971,P205,P01,P03,"6,681"
2024,P10,NA,972,P205,P01,P03,81
2024,P10,NA,981,P205,P01,P03,"10,306"
2024,P10,NA,982,P205,P01,P03,462
2024,P10,NA,983,P205,P01,P03,"2,662"
2024,P10,NA,984,P205,P01,P03,"1,307"
2024,P10,NA,985,P205,P01,P03,"1,949"
2024,P10,NA,986,P205,P01,P03,"6,573"
2024,P10,NA,987,P205,P01,P03,"2,282"
2024,P10,NA,988,P205,P01,P03,"3,232"
2024,P10,NA,991,P205,P01,P03,296
2024,P10,NA,993,P205,P01,P03,"7,965"
2024,P10,NA,996,P205,P01,P03,248
2024,P10,NA,997,P205,P01,P03,474
2024,P10,NA,998,P205,P01,P03,"4,671"
2024,P10,NA,999,P205,P01,P03,"59,860"
2024,P10,NA,33,P205,P02,P02,"5,192"
2024,P10,NA,55,P205,P02,P02,"28,991"
2024,P10,NA,81,P205,P02,P02,"7,475"
2024,P10,NA,222,P205,P02,P02,"1,924"
2024,P10,NA,223,P205,P02,P02,1
2024,P10,NA,225,P205,P02,P02,1
2024,P10,NA,227,P205,P02,P02,5
2024,P10,NA,228,P205,P02,P02,124
2024,P10,NA,229,P205,P02,P02,758
2024,P10,NA,231,P205,P02,P02,5
2024,P10,NA,232,P205,P02,P02,19
2024,P10,NA,237,P205,P02,P02,355
2024,P10,NA,238,P205,P02,P02,29
2024,P10,NA,241,P205,P02,P02,63
2024,P10,NA,244,P205,P02,P02,4
2024,P10,NA,245,P205,P02,P02,1
2024,P10,NA,246,P205,P02,P02,73
2024,P10,NA,247,P205,P02,P02,48
2024,P10,NA,248,P205,P02,P02,15
2024,P10,NA,249,P205,P02,P02,1
2024,P10,NA,271,P205,P02,P02,270
2024,P10,NA,272,P205,P02,P02,175
2024,P10,NA,274,P205,P02,P02,2
2024,P10,NA,278,P205,P02,P02,0
2024,P10,NA,281,P205,P02,P02,2
2024,P10,NA,282,P205,P02,P02,1
2024,P10,NA,285,P205,P02,P02,0
2024,P10,NA,287,P205,P02,P02,4
2024,P10,NA,288,P205,P02,P02,0
2024,P10,NA,294,P205,P02,P02,0
2024,P10,NA,296,P205,P02,P02,0
2024,P10,NA,311,P205,P02,P02,47
2024,P10,NA,312,P205,P02,P02,112
2024,P10,NA,313,P205,P02,P02,9
2024,P10,NA,314,P205,P02,P02,470
2024,P10,NA,322,P205,P02,P02,126
2024,P10,NA,323,P205,P02,P02,0
2024,P10,NA,324,P205,P02,P02,0
2024,P10,NA,341,P205,P02,P02,26
2024,P10,NA,348,P205,P02,P02,1
2024,P10,NA,351,P205,P02,P02,25
2024,P10,NA,352,P205,P02,P02,52
2024,P10,NA,353,P205,P02,P02,1
2024,P10,NA,354,P205,P02,P02,0
2024,P10,NA,373,P205,P02,P02,0
2024,P10,NA,378,P205,P02,P02,2
2024,P10,NA,384,P205,P02,P02,0
2024,P10,NA,391,P205,P02,P02,0
2024,P10,NA,392,P205,P02,P02,3
2024,P10,NA,395,P205,P02,P02,0
2024,P10,NA,411,P205,P02,P02,0
2024,P10,NA,412,P205,P02,P02,0
2024,P10,NA,413,P205,P02,P02,0
2024,P10,NA,414,P205,P02,P02,0
2024,P10,NA,415,P205,P02,P02,60
2024,P10,NA,417,P205,P02,P02,0
2024,P10,NA,418,P205,P02,P02,12
2024,P10,NA,419,P205,P02,P02,0
2024,P10,NA,427,P205,P02,P02,208
2024,P10,NA,429,P205,P02,P02,3
2024,P10,NA,434,P205,P02,P02,0
2024,P10,NA,437,P205,P02,P02,0
2024,P10,NA,441,P205,P02,P02,21
2024,P10,NA,442,P205,P02,P02,"2,779"
2024,P10,NA,443,P205,P02,P02,314
2024,P10,NA,444,P205,P02,P02,878
2024,P10,NA,445,P205,P02,P02,21
2024,P10,NA,447,P205,P02,P02,0
2024,P10,NA,448,P205,P02,P02,5
2024,P10,NA,449,P205,P02,P02,613
2024,P10,NA,452,P205,P02,P02,41
2024,P10,NA,453,P205,P02,P02,0
2024,P10,NA,456,P205,P02,P02,8
2024,P10,NA,458,P205,P02,P02,0
2024,P10,NA,461,P205,P02,P02,805
2024,P10,NA,462,P205,P02,P02,"1,055"
2024,P10,NA,464,P205,P02,P02,229
2024,P10,NA,466,P205,P02,P02,0
2024,P10,NA,468,P205,P02,P02,0
2024,P10,NA,469,P205,P02,P02,6
2024,P10,NA,472,P205,P02,P02,191
2024,P10,NA,473,P205,P02,P02,117
2024,P10,NA,474,P205,P02,P02,70
2024,P10,NA,476,P205,P02,P02,4
2024,P10,NA,477,P205,P02,P02,"2,651"
2024,P10,NA,481,P205,P02,P02,1
2024,P10,NA,487,P205,P02,P02,0
2024,P10,NA,492,P205,P02,P02,79
2024,P10,NA,493,P205,P02,P02,13
2024,P10,NA,494,P205,P02,P02,0
2024,P10,NA,495,P205,P02,P02,1
2024,P10,NA,595,P205,P02,P02,0
2024,P10,NA,612,P205,P02,P02,23
2024,P10,NA,613,P205,P02,P02,0
2024,P10,NA,614,P205,P02,P02,377
2024,P10,NA,618,P205,P02,P02,55
2024,P10,NA,622,P205,P02,P02,57
2024,P10,NA,624,P205,P02,P02,40
2024,P10,NA,625,P205,P02,P02,8
2024,P10,NA,627,P205,P02,P02,4
2024,P10,NA,629,P205,P02,P02,0
2024,P10,NA,631,P205,P02,P02,120
2024,P10,NA,632,P205,P02,P02,0
2024,P10,NA,639,P205,P02,P02,19
2024,P10,NA,642,P205,P02,P02,67
2024,P10,NA,644,P205,P02,P02,165
2024,P10,NA,646,P205,P02,P02,269
2024,P10,NA,648,P205,P02,P02,1
2024,P10,NA,653,P205,P02,P02,25
2024,P10,NA,656,P205,P02,P02,"1,776"
2024,P10,NA,661,P205,P02,P02,0
2024,P10,NA,662,P205,P02,P02,374
2024,P10,NA,664,P205,P02,P02,"2,173"
2024,P10,NA,665,P205,P02,P02,58
2024,P10,NA,667,P205,P02,P02,179
2024,P10,NA,668,P205,P02,P02,106
2024,P10,NA,669,P205,P02,P02,113
2024,P10,NA,673,P205,P02,P02,13
2024,P10,NA,676,P205,P02,P02,0
2024,P10,NA,686,P205,P02,P02,736
2024,P10,NA,687,P205,P02,P02,17
2024,P10,NA,712,P205,P02,P02,6
2024,P10,NA,713,P205,P02,P02,2
2024,P10,NA,714,P205,P02,P02,0
2024,P10,NA,715,P205,P02,P02,1
2024,P10,NA,722,P205,P02,P02,"2,325"
2024,P10,NA,726,P205,P02,P02,2
2024,P10,NA,729,P205,P02,P02,58
2024,P10,NA,733,P205,P02,P02,1
2024,P10,NA,734,P205,P02,P02,0
2024,P10,NA,735,P205,P02,P02,145
2024,P10,NA,739,P205,P02,P02,0
2024,P10,NA,744,P205,P02,P02,119
2024,P10,NA,746,P205,P02,P02,0
2024,P10,NA,747,P205,P02,P02,9
2024,P10,NA,748,P205,P02,P02,0
2024,P10,NA,753,P205,P02,P02,2
2024,P10,NA,755,P205,P02,P02,4
2024,P10,NA,762,P205,P02,P02,0
2024,P10,NA,771,P205,P02,P02,210
2024,P10,NA,772,P205,P02,P02,0
2024,P10,NA,773,P205,P02,P02,45
2024,P10,NA,775,P205,P02,P02,13
2024,P10,NA,776,P205,P02,P02,0
2024,P10,NA,777,P205,P02,P02,574
2024,P10,NA,779,P205,P02,P02,0
2024,P10,NA,782,P205,P02,P02,62
2024,P10,NA,783,P205,P02,P02,4
2024,P10,NA,784,P205,P02,P02,1
2024,P10,NA,786,P205,P02,P02,0
2024,P10,NA,791,P205,P02,P02,0
2024,P10,NA,797,P205,P02,P02,0
2024,P10,NA,821,P205,P02,P02,5
2024,P10,NA,823,P205,P02,P02,0
2024,P10,NA,824,P205,P02,P02,4
2024,P10,NA,826,P205,P02,P02,33
2024,P10,NA,828,P205,P02,P02,8
2024,P10,NA,831,P205,P02,P02,2
2024,P10,NA,833,P205,P02,P02,235
2024,P10,NA,834,P205,P02,P02,51
2024,P10,NA,844,P205,P02,P02,"1,133"
2024,P10,NA,861,P205,P02,P02,0
2024,P10,NA,866,P205,P02,P02,27
2024,P10,NA,867,P205,P02,P02,"2,184"
2024,P10,NA,868,P205,P02,P02,376
2024,P10,NA,871,P205,P02,P02,434
2024,P10,NA,872,P205,P02,P02,0
2024,P10,NA,877,P205,P02,P02,3
2024,P10,NA,878,P205,P02,P02,6
2024,P10,NA,894,P205,P02,P02,0
2024,P10,NA,897,P205,P02,P02,0
2024,P10,NA,899,P205,P02,P02,956
2024,P10,NA,917,P205,P02,P02,1
2024,P10,NA,921,P205,P02,P02,146
2024,P10,NA,922,P205,P02,P02,20
2024,P10,NA,924,P205,P02,P02,0
2024,P10,NA,932,P205,P02,P02,0
2024,P10,NA,933,P205,P02,P02,11
2024,P10,NA,936,P205,P02,P02,0
2024,P10,NA,937,P205,P02,P02,3
2024,P10,NA,938,P205,P02,P02,150
2024,P10,NA,951,P205,P02,P02,20
2024,P10,NA,953,P205,P02,P02,1
2024,P10,NA,954,P205,P02,P02,0
2024,P10,NA,958,P205,P02,P02,0
2024,P10,NA,961,P205,P02,P02,36
2024,P10,NA,962,P205,P02,P02,6
2024,P10,NA,963,P205,P02,P02,0
2024,P10,NA,964,P205,P02,P02,0
2024,P10,NA,965,P205,P02,P02,0
2024,P10,NA,966,P205,P02,P02,0
2024,P10,NA,967,P205,P02,P02,0
2024,P10,NA,971,P205,P02,P02,2
2024,P10,NA,981,P205,P02,P02,55
2024,P10,NA,982,P205,P02,P02,0
2024,P10,NA,983,P205,P02,P02,23
2024,P10,NA,984,P205,P02,P02,123
2024,P10,NA,985,P205,P02,P02,0
2024,P10,NA,986,P205,P02,P02,0
2024,P10,NA,987,P205,P02,P02,6
2024,P10,NA,991,P205,P02,P02,2
2024,P10,NA,993,P205,P02,P02,150
2024,P10,NA,998,P205,P02,P02,679
2024,P10,NA,999,P205,P02,P02,365
2024,P10,NA,33,P205,P02,P03,"42,845"
2024,P10,NA,55,P205,P02,P03,"407,059"
2024,P10,NA,81,P205,P02,P03,"32,563"
2024,P10,NA,222,P205,P02,P03,"31,706"
2024,P10,NA,311,P205,P02,P03,"21,851"
2024,P10,NA,312,P205,P02,P03,"11,140"
2024,P10,NA,314,P205,P02,P03,"10,925"
2024,P10,NA,322,P205,P02,P03,"10,497"
2024,P10,NA,443,P205,P02,P03,"10,626"
2024,P10,NA,444,P205,P02,P03,"11,225"
2024,P10,NA,449,P205,P02,P03,"149,450"
2024,P10,NA,462,P205,P02,P03,"10,797"
2024,P10,NA,477,P205,P02,P03,"42,845"
2024,P10,NA,614,P205,P02,P03,"9,854"
2024,P10,NA,777,P205,P02,P03,"11,568"
2024,P10,NA,998,P205,P02,P03,"20,566"
2024,P10,NA,999,P205,P02,P03,"21,422"
2024,P11,NA,55,P108,P01,P01,379
2024,P11,NA,676,P108,P01,P01,1
2024,P11,NA,33,P108,P01,P02,"1,311"
2024,P11,NA,55,P108,P01,P02,"2,498"
2024,P11,NA,81,P108,P01,P02,716
2024,P11,NA,222,P108,P01,P02,490
2024,P11,NA,227,P108,P01,P02,3
2024,P11,NA,228,P108,P01,P02,192
2024,P11,NA,229,P108,P01,P02,212
2024,P11,NA,231,P108,P01,P02,10
2024,P11,NA,232,P108,P01,P02,18
2024,P11,NA,237,P108,P01,P02,1
2024,P11,NA,238,P108,P01,P02,29
2024,P11,NA,241,P108,P01,P02,44
2024,P11,NA,244,P108,P01,P02,39
2024,P11,NA,245,P108,P01,P02,1
2024,P11,NA,246,P108,P01,P02,54
2024,P11,NA,247,P108,P01,P02,25
2024,P11,NA,248,P108,P01,P02,60
2024,P11,NA,249,P108,P01,P02,1
2024,P11,NA,271,P108,P01,P02,69
2024,P11,NA,272,P108,P01,P02,70
2024,P11,NA,274,P108,P01,P02,2
2024,P11,NA,287,P108,P01,P02,7
2024,P11,NA,294,P108,P01,P02,1
2024,P11,NA,296,P108,P01,P02,2
2024,P11,NA,311,P108,P01,P02,159
2024,P11,NA,312,P108,P01,P02,133
2024,P11,NA,313,P108,P01,P02,12
2024,P11,NA,314,P108,P01,P02,91
2024,P11,NA,315,P108,P01,P02,5
2024,P11,NA,322,P108,P01,P02,69
2024,P11,NA,325,P108,P01,P02,0
2024,P11,NA,341,P108,P01,P02,43
2024,P11,NA,348,P108,P01,P02,87
2024,P11,NA,351,P108,P01,P02,67
2024,P11,NA,352,P108,P01,P02,44
2024,P11,NA,353,P108,P01,P02,3
2024,P11,NA,373,P108,P01,P02,1
2024,P11,NA,374,P108,P01,P02,1
2024,P11,NA,378,P108,P01,P02,65
2024,P11,NA,392,P108,P01,P02,35
2024,P11,NA,393,P108,P01,P02,9
2024,P11,NA,395,P108,P01,P02,12
2024,P11,NA,411,P108,P01,P02,17
2024,P11,NA,412,P108,P01,P02,8
2024,P11,NA,414,P108,P01,P02,2
2024,P11,NA,415,P108,P01,P02,22
2024,P11,NA,417,P108,P01,P02,11
2024,P11,NA,418,P108,P01,P02,7
2024,P11,NA,419,P108,P01,P02,8
2024,P11,NA,427,P108,P01,P02,58
2024,P11,NA,428,P108,P01,P02,1
2024,P11,NA,429,P108,P01,P02,6
2024,P11,NA,434,P108,P01,P02,18
2024,P11,NA,441,P108,P01,P02,1
2024,P11,NA,442,P108,P01,P02,340
2024,P11,NA,443,P108,P01,P02,223
2024,P11,NA,444,P108,P01,P02,302
2024,P11,NA,445,P108,P01,P02,1
2024,P11,NA,448,P108,P01,P02,9
2024,P11,NA,449,P108,P01,P02,302
2024,P11,NA,452,P108,P01,P02,67
2024,P11,NA,453,P108,P01,P02,15
2024,P11,NA,456,P108,P01,P02,21
2024,P11,NA,461,P108,P01,P02,169
2024,P11,NA,462,P108,P01,P02,148
2024,P11,NA,464,P108,P01,P02,106
2024,P11,NA,466,P108,P01,P02,1
2024,P11,NA,468,P108,P01,P02,1
2024,P11,NA,469,P108,P01,P02,3
2024,P11,NA,472,P108,P01,P02,45
2024,P11,NA,473,P108,P01,P02,76
2024,P11,NA,474,P108,P01,P02,22
2024,P11,NA,476,P108,P01,P02,128
2024,P11,NA,477,P108,P01,P02,912
2024,P11,NA,478,P108,P01,P02,5
2024,P11,NA,481,P108,P01,P02,2
2024,P11,NA,488,P108,P01,P02,27
2024,P11,NA,492,P108,P01,P02,155
2024,P11,NA,493,P108,P01,P02,3
2024,P11,NA,494,P108,P01,P02,2
2024,P11,NA,495,P108,P01,P02,11
2024,P11,NA,496,P108,P01,P02,3
2024,P11,NA,612,P108,P01,P02,2
2024,P11,NA,614,P108,P01,P02,165
2024,P11,NA,618,P108,P01,P02,105
2024,P11,NA,622,P108,P01,P02,86
2024,P11,NA,624,P108,P01,P02,0
2024,P11,NA,625,P108,P01,P02,23
2024,P11,NA,627,P108,P01,P02,0
2024,P11,NA,629,P108,P01,P02,1
2024,P11,NA,631,P108,P01,P02,67
2024,P11,NA,638,P108,P01,P02,0
2024,P11,NA,639,P108,P01,P02,26
2024,P11,NA,642,P108,P01,P02,50
2024,P11,NA,644,P108,P01,P02,139
2024,P11,NA,646,P108,P01,P02,280
2024,P11,NA,648,P108,P01,P02,8
2024,P11,NA,653,P108,P01,P02,43
2024,P11,NA,656,P108,P01,P02,218
2024,P11,NA,661,P108,P01,P02,32
2024,P11,NA,662,P108,P01,P02,246
2024,P11,NA,664,P108,P01,P02,312
2024,P11,NA,665,P108,P01,P02,55
2024,P11,NA,667,P108,P01,P02,360
2024,P11,NA,668,P108,P01,P02,128
2024,P11,NA,669,P108,P01,P02,207
2024,P11,NA,673,P108,P01,P02,64
2024,P11,NA,686,P108,P01,P02,185
2024,P11,NA,687,P108,P01,P02,61
2024,P11,NA,712,P108,P01,P02,85
2024,P11,NA,715,P108,P01,P02,1
2024,P11,NA,722,P108,P01,P02,38
2024,P11,NA,729,P108,P01,P02,265
2024,P11,NA,733,P108,P01,P02,7
2024,P11,NA,735,P108,P01,P02,77
2024,P11,NA,744,P108,P01,P02,98
2024,P11,NA,747,P108,P01,P02,29
2024,P11,NA,753,P108,P01,P02,16
2024,P11,NA,755,P108,P01,P02,13
2024,P11,NA,762,P108,P01,P02,1
2024,P11,NA,771,P108,P01,P02,155
2024,P11,NA,773,P108,P01,P02,21
2024,P11,NA,775,P108,P01,P02,39
2024,P11,NA,776,P108,P01,P02,1
2024,P11,NA,777,P108,P01,P02,208
2024,P11,NA,782,P108,P01,P02,64
2024,P11,NA,783,P108,P01,P02,23
2024,P11,NA,784,P108,P01,P02,11
2024,P11,NA,821,P108,P01,P02,7
2024,P11,NA,824,P108,P01,P02,1
2024,P11,NA,826,P108,P01,P02,51
2024,P11,NA,828,P108,P01,P02,3
2024,P11,NA,831,P108,P01,P02,0
2024,P11,NA,833,P108,P01,P02,102
2024,P11,NA,834,P108,P01,P02,55
2024,P11,NA,844,P108,P01,P02,161
2024,P11,NA,866,P108,P01,P02,67
2024,P11,NA,867,P108,P01,P02,132
2024,P11,NA,868,P108,P01,P02,40
2024,P11,NA,871,P108,P01,P02,131
2024,P11,NA,877,P108,P01,P02,1
2024,P11,NA,878,P108,P01,P02,22
2024,P11,NA,899,P108,P01,P02,123
2024,P11,NA,916,P108,P01,P02,1
2024,P11,NA,921,P108,P01,P02,74
2024,P11,NA,922,P108,P01,P02,38
2024,P11,NA,923,P108,P01,P02,20
2024,P11,NA,924,P108,P01,P02,3
2024,P11,NA,932,P108,P01,P02,2
2024,P11,NA,933,P108,P01,P02,23
2024,P11,NA,936,P108,P01,P02,13
2024,P11,NA,937,P108,P01,P02,14
2024,P11,NA,938,P108,P01,P02,91
2024,P11,NA,951,P108,P01,P02,51
2024,P11,NA,953,P108,P01,P02,5
2024,P11,NA,961,P108,P01,P02,184
2024,P11,NA,962,P108,P01,P02,41
2024,P11,NA,963,P108,P01,P02,1
2024,P11,NA,966,P108,P01,P02,4
2024,P11,NA,967,P108,P01,P02,18
2024,P11,NA,971,P108,P01,P02,1
2024,P11,NA,981,P108,P01,P02,179
2024,P11,NA,982,P108,P01,P02,14
2024,P11,NA,983,P108,P01,P02,102
2024,P11,NA,984,P108,P01,P02,106
2024,P11,NA,985,P108,P01,P02,43
2024,P11,NA,986,P108,P01,P02,16
2024,P11,NA,987,P108,P01,P02,27
2024,P11,NA,993,P108,P01,P02,303
2024,P11,NA,998,P108,P01,P02,127
2024,P11,NA,999,P108,P01,P02,528
2024,P11,NA,33,P109,P01,P02,4
2024,P11,NA,55,P109,P01,P02,58
2024,P11,NA,81,P109,P01,P02,4
2024,P11,NA,222,P109,P01,P02,2
2024,P11,NA,228,P109,P01,P02,0
2024,P11,NA,229,P109,P01,P02,0
2024,P11,NA,311,P109,P01,P02,0
2024,P11,NA,322,P109,P01,P02,0
2024,P11,NA,442,P109,P01,P02,1
2024,P11,NA,443,P109,P01,P02,0
2024,P11,NA,444,P109,P01,P02,1
2024,P11,NA,449,P109,P01,P02,0
2024,P11,NA,461,P109,P01,P02,0
2024,P11,NA,462,P109,P01,P02,0
2024,P11,NA,464,P109,P01,P02,0
2024,P11,NA,473,P109,P01,P02,0
2024,P11,NA,477,P109,P01,P02,0
2024,P11,NA,656,P109,P01,P02,0
2024,P11,NA,664,P109,P01,P02,0
2024,P11,NA,686,P109,P01,P02,0
2024,P11,NA,722,P109,P01,P02,2
2024,P11,NA,735,P109,P01,P02,0
2024,P11,NA,744,P109,P01,P02,0
2024,P11,NA,771,P109,P01,P02,0
2024,P11,NA,777,P109,P01,P02,1
2024,P11,NA,844,P109,P01,P02,0
2024,P11,NA,921,P109,P01,P02,0
2024,P11,NA,951,P109,P01,P02,0
2024,P11,NA,961,P109,P01,P02,0
2024,P11,NA,981,P109,P01,P02,0
2024,P11,NA,983,P109,P01,P02,0
2024,P11,NA,984,P109,P01,P02,0
2024,P11,NA,993,P109,P01,P02,1
2024,P11,NA,999,P109,P01,P02,0
2024,P11,NA,33,P109,P01,P03,71
2024,P11,NA,55,P109,P01,P03,247
2024,P11,NA,442,P109,P01,P03,28
2024,P11,NA,469,P109,P01,P03,28
2024,P11,NA,722,P109,P01,P03,71
2024,P11,NA,921,P109,P01,P03,28
2024,P11,NA,998,P109,P01,P03,28
2024,P11,NA,33,P109,P02,P02,392
2024,P11,NA,55,P109,P02,P02,"7,595"
2024,P11,NA,81,P109,P02,P02,"4,311"
2024,P11,NA,222,P109,P02,P02,584
2024,P11,NA,227,P109,P02,P02,1
2024,P11,NA,228,P109,P02,P02,392
2024,P11,NA,229,P109,P02,P02,71
2024,P11,NA,237,P109,P02,P02,963
2024,P11,NA,247,P109,P02,P02,24
2024,P11,NA,271,P109,P02,P02,245
2024,P11,NA,272,P109,P02,P02,242
2024,P11,NA,311,P109,P02,P02,4
2024,P11,NA,312,P109,P02,P02,3
2024,P11,NA,314,P109,P02,P02,35
2024,P11,NA,351,P109,P02,P02,53
2024,P11,NA,441,P109,P02,P02,6
2024,P11,NA,442,P109,P02,P02,100
2024,P11,NA,443,P109,P02,P02,6
2024,P11,NA,444,P109,P02,P02,77
2024,P11,NA,449,P109,P02,P02,26
2024,P11,NA,452,P109,P02,P02,51
2024,P11,NA,461,P109,P02,P02,8
2024,P11,NA,462,P109,P02,P02,17
2024,P11,NA,464,P109,P02,P02,4
2024,P11,NA,472,P109,P02,P02,17
2024,P11,NA,473,P109,P02,P02,3
2024,P11,NA,477,P109,P02,P02,161
2024,P11,NA,612,P109,P02,P02,1
2024,P11,NA,614,P109,P02,P02,79
2024,P11,NA,631,P109,P02,P02,3
2024,P11,NA,644,P109,P02,P02,1
2024,P11,NA,646,P109,P02,P02,409
2024,P11,NA,653,P109,P02,P02,1
2024,P11,NA,656,P109,P02,P02,387
2024,P11,NA,662,P109,P02,P02,63
2024,P11,NA,664,P109,P02,P02,753
2024,P11,NA,667,P109,P02,P02,9
2024,P11,NA,668,P109,P02,P02,1
2024,P11,NA,669,P109,P02,P02,1
2024,P11,NA,673,P109,P02,P02,1
2024,P11,NA,686,P109,P02,P02,358
2024,P11,NA,687,P109,P02,P02,26
2024,P11,NA,722,P109,P02,P02,652
2024,P11,NA,729,P109,P02,P02,26
2024,P11,NA,735,P109,P02,P02,4
2024,P11,NA,744,P109,P02,P02,15
2024,P11,NA,771,P109,P02,P02,49
2024,P11,NA,777,P109,P02,P02,51
2024,P11,NA,782,P109,P02,P02,1
2024,P11,NA,833,P109,P02,P02,6
2024,P11,NA,834,P109,P02,P02,4
2024,P11,NA,844,P109,P02,P02,178
2024,P11,NA,866,P109,P02,P02,96
2024,P11,NA,867,P109,P02,P02,172
2024,P11,NA,868,P109,P02,P02,4
2024,P11,NA,871,P109,P02,P02,91
2024,P11,NA,899,P109,P02,P02,192
2024,P11,NA,938,P109,P02,P02,6
2024,P11,NA,951,P109,P02,P02,1
2024,P11,NA,981,P109,P02,P02,1
2024,P11,NA,991,P109,P02,P02,3
2024,P11,NA,993,P109,P02,P02,20
2024,P11,NA,998,P109,P02,P02,172
2024,P11,NA,999,P109,P02,P02,79
2024,P11,NA,55,P109,P02,P03,"18,494"
2024,P11,NA,228,P109,P02,P03,978
2024,P11,NA,656,P109,P02,P03,869
2024,P11,NA,744,P109,P02,P03,"1,413"
2024,P11,NA,33,P110,P02,P02,"1,870"
2024,P11,NA,55,P110,P02,P02,"620,710"
2024,P11,NA,81,P110,P02,P02,29
2024,P11,NA,899,P110,P02,P02,"3,342"
2024,P11,NA,33,P205,P01,P01,"829,070"
2024,P11,NA,55,P205,P01,P01,"6,590,475"
2024,P11,NA,81,P205,P01,P01,"631,123"
2024,P11,NA,222,P205,P01,P01,"460,854"
2024,P11,NA,223,P205,P01,P01,"8,676"
2024,P11,NA,224,P205,P01,P01,133
2024,P11,NA,225,P205,P01,P01,"12,630"
2024,P11,NA,226,P205,P01,P01,"7,887"
2024,P11,NA,227,P205,P01,P01,"14,276"
2024,P11,NA,228,P205,P01,P01,"127,932"
2024,P11,NA,229,P205,P01,P01,"175,852"
2024,P11,NA,231,P205,P01,P01,"44,712"
2024,P11,NA,232,P205,P01,P01,"77,503"
2024,P11,NA,233,P205,P01,P01,7
2024,P11,NA,235,P205,P01,P01,529
2024,P11,NA,236,P205,P01,P01,1
2024,P11,NA,237,P205,P01,P01,515
2024,P11,NA,238,P205,P01,P01,"61,428"
2024,P11,NA,241,P205,P01,P01,"77,583"
2024,P11,NA,243,P205,P01,P01,"10,043"
2024,P11,NA,244,P205,P01,P01,"31,988"
2024,P11,NA,245,P205,P01,P01,"5,909"
2024,P11,NA,246,P205,P01,P01,"65,755"
2024,P11,NA,247,P205,P01,P01,"16,029"
2024,P11,NA,248,P205,P01,P01,"36,573"
2024,P11,NA,249,P205,P01,P01,"21,604"
2024,P11,NA,271,P205,P01,P01,"113,853"
2024,P11,NA,272,P205,P01,P01,"72,880"
2024,P11,NA,273,P205,P01,P01,"6,670"
2024,P11,NA,274,P205,P01,P01,"23,075"
2024,P11,NA,275,P205,P01,P01,5
2024,P11,NA,276,P205,P01,P01,"2,214"
2024,P11,NA,278,P205,P01,P01,"3,831"
2024,P11,NA,279,P205,P01,P01,"1,664"
2024,P11,NA,281,P205,P01,P01,"7,181"
2024,P11,NA,282,P205,P01,P01,"41,978"
2024,P11,NA,283,P205,P01,P01,2
2024,P11,NA,284,P205,P01,P01,"2,742"
2024,P11,NA,285,P205,P01,P01,"8,379"
2024,P11,NA,287,P205,P01,P01,"19,628"
2024,P11,NA,288,P205,P01,P01,"21,477"
2024,P11,NA,294,P205,P01,P01,"63,864"
2024,P11,NA,296,P205,P01,P01,"11,650"
2024,P11,NA,297,P205,P01,P01,"2,330"
2024,P11,NA,311,P205,P01,P01,"62,837"
2024,P11,NA,312,P205,P01,P01,"43,868"
2024,P11,NA,313,P205,P01,P01,"12,812"
2024,P11,NA,314,P205,P01,P01,"23,698"
2024,P11,NA,315,P205,P01,P01,"10,757"
2024,P11,NA,317,P205,P01,P01,179
2024,P11,NA,319,P205,P01,P01,527
2024,P11,NA,322,P205,P01,P01,"78,510"
2024,P11,NA,323,P205,P01,P01,"6,514"
2024,P11,NA,324,P205,P01,P01,"3,821"
2024,P11,NA,325,P205,P01,P01,"1,789"
2024,P11,NA,327,P205,P01,P01,583
2024,P11,NA,341,P205,P01,P01,"22,586"
2024,P11,NA,342,P205,P01,P01,297
2024,P11,NA,343,P205,P01,P01,1
2024,P11,NA,344,P205,P01,P01,1
2024,P11,NA,347,P205,P01,P01,135
2024,P11,NA,348,P205,P01,P01,"14,708"
2024,P11,NA,351,P205,P01,P01,"26,685"
2024,P11,NA,352,P205,P01,P01,"26,101"
2024,P11,NA,353,P205,P01,P01,"9,769"
2024,P11,NA,354,P205,P01,P01,"8,552"
2024,P11,NA,358,P205,P01,P01,207
2024,P11,NA,373,P205,P01,P01,"1,899"
2024,P11,NA,374,P205,P01,P01,"7,901"
2024,P11,NA,375,P205,P01,P01,"2,814"
2024,P11,NA,376,P205,P01,P01,78
2024,P11,NA,378,P205,P01,P01,"7,526"
2024,P11,NA,384,P205,P01,P01,"4,340"
2024,P11,NA,386,P205,P01,P01,341
2024,P11,NA,389,P205,P01,P01,160
2024,P11,NA,391,P205,P01,P01,"1,271"
2024,P11,NA,392,P205,P01,P01,"15,013"
2024,P11,NA,393,P205,P01,P01,"10,960"
2024,P11,NA,395,P205,P01,P01,"2,636"
2024,P11,NA,411,P205,P01,P01,"40,672"
2024,P11,NA,412,P205,P01,P01,"25,272"
2024,P11,NA,413,P205,P01,P01,"13,777"
2024,P11,NA,414,P205,P01,P01,"14,488"
2024,P11,NA,415,P205,P01,P01,"27,309"
2024,P11,NA,417,P205,P01,P01,"13,313"
2024,P11,NA,418,P205,P01,P01,"42,960"
2024,P11,NA,419,P205,P01,P01,"15,166"
2024,P11,NA,421,P205,P01,P01,78
2024,P11,NA,425,P205,P01,P01,"5,958"
2024,P11,NA,427,P205,P01,P01,"53,241"
2024,P11,NA,428,P205,P01,P01,"10,270"
2024,P11,NA,429,P205,P01,P01,"25,506"
2024,P11,NA,431,P205,P01,P01,"1,324"
2024,P11,NA,432,P205,P01,P01,"5,940"
2024,P11,NA,433,P205,P01,P01,135
2024,P11,NA,434,P205,P01,P01,"29,057"
2024,P11,NA,436,P205,P01,P01,"4,356"
2024,P11,NA,438,P205,P01,P01,3
2024,P11,NA,441,P205,P01,P01,"11,702"
2024,P11,NA,442,P205,P01,P01,"184,948"
2024,P11,NA,443,P205,P01,P01,"134,195"
2024,P11,NA,444,P205,P01,P01,"242,145"
2024,P11,NA,445,P205,P01,P01,"15,386"
2024,P11,NA,447,P205,P01,P01,"12,773"
2024,P11,NA,448,P205,P01,P01,"9,359"
2024,P11,NA,449,P205,P01,P01,"152,210"
2024,P11,NA,451,P205,P01,P01,1
2024,P11,NA,452,P205,P01,P01,"40,735"
2024,P11,NA,453,P205,P01,P01,"10,070"
2024,P11,NA,454,P205,P01,P01,1
2024,P11,NA,456,P205,P01,P01,"14,093"
2024,P11,NA,458,P205,P01,P01,"8,950"
2024,P11,NA,461,P205,P01,P01,"101,689"
2024,P11,NA,462,P205,P01,P01,"127,772"
2024,P11,NA,464,P205,P01,P01,"56,522"
2024,P11,NA,465,P205,P01,P01,"7,904"
2024,P11,NA,466,P205,P01,P01,"11,252"
2024,P11,NA,468,P205,P01,P01,"26,097"
2024,P11,NA,469,P205,P01,P01,"14,621"
2024,P11,NA,472,P205,P01,P01,"49,160"
2024,P11,NA,473,P205,P01,P01,"41,190"
2024,P11,NA,474,P205,P01,P01,"25,098"
2024,P11,NA,475,P205,P01,P01,"6,775"
2024,P11,NA,476,P205,P01,P01,"45,810"
2024,P11,NA,477,P205,P01,P01,"418,549"
2024,P11,NA,478,P205,P01,P01,"3,774"
2024,P11,NA,481,P205,P01,P01,"3,310"
2024,P11,NA,483,P205,P01,P01,148
2024,P11,NA,485,P205,P01,P01,"5,047"
2024,P11,NA,487,P205,P01,P01,"4,581"
2024,P11,NA,488,P205,P01,P01,"18,048"
2024,P11,NA,489,P205,P01,P01,112
2024,P11,NA,492,P205,P01,P01,"57,355"
2024,P11,NA,493,P205,P01,P01,"27,484"
2024,P11,NA,494,P205,P01,P01,"6,605"
2024,P11,NA,495,P205,P01,P01,"11,931"
2024,P11,NA,496,P205,P01,P01,"6,675"
2024,P11,NA,498,P205,P01,P01,"10,711"
2024,P11,NA,591,P205,P01,P01,1
2024,P11,NA,595,P205,P01,P01,"2,052"
2024,P11,NA,612,P205,P01,P01,"11,060"
2024,P11,NA,613,P205,P01,P01,53
2024,P11,NA,614,P205,P01,P01,"48,289"
2024,P11,NA,616,P205,P01,P01,1
2024,P11,NA,618,P205,P01,P01,"47,975"
2024,P11,NA,622,P205,P01,P01,"16,448"
2024,P11,NA,624,P205,P01,P01,"19,171"
2024,P11,NA,625,P205,P01,P01,"4,772"
2024,P11,NA,627,P205,P01,P01,"3,520"
2024,P11,NA,629,P205,P01,P01,"1,272"
2024,P11,NA,631,P205,P01,P01,"10,220"
2024,P11,NA,632,P205,P01,P01,449
2024,P11,NA,636,P205,P01,P01,63
2024,P11,NA,638,P205,P01,P01,741
2024,P11,NA,639,P205,P01,P01,"6,272"
2024,P11,NA,641,P205,P01,P01,67
2024,P11,NA,642,P205,P01,P01,"9,261"
2024,P11,NA,644,P205,P01,P01,"27,649"
2024,P11,NA,646,P205,P01,P01,"34,218"
2024,P11,NA,647,P205,P01,P01,"2,369"
2024,P11,NA,648,P205,P01,P01,"3,986"
2024,P11,NA,653,P205,P01,P01,"12,122"
2024,P11,NA,656,P205,P01,P01,"111,326"
2024,P11,NA,659,P205,P01,P01,1
2024,P11,NA,661,P205,P01,P01,"8,108"
2024,P11,NA,662,P205,P01,P01,"43,640"
2024,P11,NA,664,P205,P01,P01,"249,967"
2024,P11,NA,665,P205,P01,P01,"8,466"
2024,P11,NA,667,P205,P01,P01,"58,076"
2024,P11,NA,668,P205,P01,P01,"21,288"
2024,P11,NA,669,P205,P01,P01,"56,316"
2024,P11,NA,671,P205,P01,P01,232
2024,P11,NA,672,P205,P01,P01,"2,773"
2024,P11,NA,673,P205,P01,P01,"3,521"
2024,P11,NA,674,P205,P01,P01,2
2024,P11,NA,675,P205,P01,P01,666
2024,P11,NA,676,P205,P01,P01,"2,351"
2024,P11,NA,686,P205,P01,P01,"72,750"
2024,P11,NA,687,P205,P01,P01,"7,542"
2024,P11,NA,694,P205,P01,P01,"1,973"
2024,P11,NA,695,P205,P01,P01,"1,194"
2024,P11,NA,696,P205,P01,P01,197
2024,P11,NA,697,P205,P01,P01,285
2024,P11,NA,698,P205,P01,P01,694
2024,P11,NA,712,P205,P01,P01,"114,882"
2024,P11,NA,713,P205,P01,P01,"8,888"
2024,P11,NA,714,P205,P01,P01,443
2024,P11,NA,715,P205,P01,P01,"11,742"
2024,P11,NA,721,P205,P01,P01,106
2024,P11,NA,722,P205,P01,P01,"219,316"
2024,P11,NA,723,P205,P01,P01,3
2024,P11,NA,726,P205,P01,P01,"2,265"
2024,P11,NA,728,P205,P01,P01,11
2024,P11,NA,729,P205,P01,P01,"471,031"
2024,P11,NA,732,P205,P01,P01,452
2024,P11,NA,733,P205,P01,P01,"30,711"
2024,P11,NA,734,P205,P01,P01,"25,961"
2024,P11,NA,735,P205,P01,P01,"92,004"
2024,P11,NA,736,P205,P01,P01,1
2024,P11,NA,738,P205,P01,P01,6
2024,P11,NA,739,P205,P01,P01,31
2024,P11,NA,742,P205,P01,P01,153
2024,P11,NA,744,P205,P01,P01,"110,232"
2024,P11,NA,746,P205,P01,P01,"1,403"
2024,P11,NA,747,P205,P01,P01,"29,815"
2024,P11,NA,748,P205,P01,P01,899
2024,P11,NA,749,P205,P01,P01,651
2024,P11,NA,753,P205,P01,P01,"16,957"
2024,P11,NA,754,P205,P01,P01,300
2024,P11,NA,755,P205,P01,P01,"14,242"
2024,P11,NA,756,P205,P01,P01,"4,320"
2024,P11,NA,757,P205,P01,P01,149
2024,P11,NA,759,P205,P01,P01,53
2024,P11,NA,762,P205,P01,P01,"6,009"
2024,P11,NA,764,P205,P01,P01,"1,257"
2024,P11,NA,765,P205,P01,P01,192
2024,P11,NA,766,P205,P01,P01,"9,494"
2024,P11,NA,767,P205,P01,P01,719
2024,P11,NA,768,P205,P01,P01,1
2024,P11,NA,771,P205,P01,P01,"175,747"
2024,P11,NA,772,P205,P01,P01,"33,266"
2024,P11,NA,773,P205,P01,P01,"62,781"
2024,P11,NA,775,P205,P01,P01,"88,265"
2024,P11,NA,776,P205,P01,P01,"36,165"
2024,P11,NA,777,P205,P01,P01,"257,562"
2024,P11,NA,779,P205,P01,P01,"19,121"
2024,P11,NA,781,P205,P01,P01,201
2024,P11,NA,782,P205,P01,P01,"48,473"
2024,P11,NA,783,P205,P01,P01,"19,538"
2024,P11,NA,784,P205,P01,P01,"9,780"
2024,P11,NA,785,P205,P01,P01,106
2024,P11,NA,786,P205,P01,P01,"8,159"
2024,P11,NA,789,P205,P01,P01,1
2024,P11,NA,791,P205,P01,P01,"3,348"
2024,P11,NA,797,P205,P01,P01,433
2024,P11,NA,821,P205,P01,P01,"5,668"
2024,P11,NA,824,P205,P01,P01,"2,361"
2024,P11,NA,825,P205,P01,P01,95
2024,P11,NA,826,P205,P01,P01,"12,068"
2024,P11,NA,828,P205,P01,P01,"8,816"
2024,P11,NA,831,P205,P01,P01,"8,866"
2024,P11,NA,833,P205,P01,P01,"63,751"
2024,P11,NA,834,P205,P01,P01,"27,058"
2024,P11,NA,842,P205,P01,P01,706
2024,P11,NA,844,P205,P01,P01,"99,446"
2024,P11,NA,861,P205,P01,P01,"1,953"
2024,P11,NA,862,P205,P01,P01,60
2024,P11,NA,864,P205,P01,P01,157
2024,P11,NA,866,P205,P01,P01,"15,154"
2024,P11,NA,867,P205,P01,P01,"95,495"
2024,P11,NA,868,P205,P01,P01,"53,959"
2024,P11,NA,871,P205,P01,P01,"108,985"
2024,P11,NA,872,P205,P01,P01,"8,800"
2024,P11,NA,877,P205,P01,P01,"3,581"
2024,P11,NA,878,P205,P01,P01,"11,035"
2024,P11,NA,891,P205,P01,P01,134
2024,P11,NA,894,P205,P01,P01,"5,856"
2024,P11,NA,897,P205,P01,P01,"2,138"
2024,P11,NA,899,P205,P01,P01,"86,304"
2024,P11,NA,913,P205,P01,P01,1
2024,P11,NA,914,P205,P01,P01,"1,487"
2024,P11,NA,916,P205,P01,P01,"17,518"
2024,P11,NA,917,P205,P01,P01,"19,386"
2024,P11,NA,918,P205,P01,P01,"5,437"
2024,P11,NA,919,P205,P01,P01,"12,770"
2024,P11,NA,921,P205,P01,P01,"73,699"
2024,P11,NA,922,P205,P01,P01,"50,125"
2024,P11,NA,923,P205,P01,P01,"14,761"
2024,P11,NA,924,P205,P01,P01,"16,168"
2024,P11,NA,932,P205,P01,P01,"10,677"
2024,P11,NA,933,P205,P01,P01,"18,357"
2024,P11,NA,934,P205,P01,P01,"13,916"
2024,P11,NA,936,P205,P01,P01,"21,162"
2024,P11,NA,937,P205,P01,P01,"20,086"
2024,P11,NA,938,P205,P01,P01,"31,532"
2024,P11,NA,951,P205,P01,P01,"74,532"
2024,P11,NA,953,P205,P01,P01,"28,102"
2024,P11,NA,954,P205,P01,P01,"15,761"
2024,P11,NA,958,P205,P01,P01,"20,412"
2024,P11,NA,961,P205,P01,P01,"125,740"
2024,P11,NA,962,P205,P01,P01,"54,645"
2024,P11,NA,963,P205,P01,P01,"18,352"
2024,P11,NA,964,P205,P01,P01,"5,925"
2024,P11,NA,965,P205,P01,P01,"6,745"
2024,P11,NA,966,P205,P01,P01,"9,045"
2024,P11,NA,967,P205,P01,P01,"29,643"
2024,P11,NA,968,P205,P01,P01,"13,226"
2024,P11,NA,971,P205,P01,P01,"46,816"
2024,P11,NA,972,P205,P01,P01,369
2024,P11,NA,981,P205,P01,P01,"42,459"
2024,P11,NA,982,P205,P01,P01,"12,955"
2024,P11,NA,983,P205,P01,P01,"29,895"
2024,P11,NA,984,P205,P01,P01,"42,482"
2024,P11,NA,985,P205,P01,P01,"16,313"
2024,P11,NA,986,P205,P01,P01,"11,418"
2024,P11,NA,987,P205,P01,P01,"16,729"
2024,P11,NA,988,P205,P01,P01,"3,453"
2024,P11,NA,991,P205,P01,P01,"6,172"
2024,P11,NA,993,P205,P01,P01,"107,143"
2024,P11,NA,996,P205,P01,P01,"2,992"
2024,P11,NA,997,P205,P01,P01,"2,466"
2024,P11,NA,998,P205,P01,P01,"131,835"
2024,P11,NA,999,P205,P01,P01,"195,495"
2024,P11,NA,33,P205,P01,P02,"148,467"
2024,P11,NA,55,P205,P01,P02,"762,410"
2024,P11,NA,81,P205,P01,P02,"96,598"
2024,P11,NA,222,P205,P01,P02,"61,172"
2024,P11,NA,223,P205,P01,P02,111
2024,P11,NA,224,P205,P01,P02,24
2024,P11,NA,225,P205,P01,P02,"1,085"
2024,P11,NA,226,P205,P01,P02,45
2024,P11,NA,227,P205,P01,P02,396
2024,P11,NA,228,P205,P01,P02,"16,760"
2024,P11,NA,229,P205,P01,P02,"25,979"
2024,P11,NA,231,P205,P01,P02,"1,140"
2024,P11,NA,232,P205,P01,P02,"1,263"
2024,P11,NA,233,P205,P01,P02,2
2024,P11,NA,235,P205,P01,P02,49
2024,P11,NA,237,P205,P01,P02,"1,010"
2024,P11,NA,238,P205,P01,P02,"5,162"
2024,P11,NA,241,P205,P01,P02,"4,133"
2024,P11,NA,243,P205,P01,P02,445
2024,P11,NA,244,P205,P01,P02,"2,014"
2024,P11,NA,245,P205,P01,P02,50
2024,P11,NA,246,P205,P01,P02,"6,158"
2024,P11,NA,247,P205,P01,P02,"1,519"
2024,P11,NA,248,P205,P01,P02,"2,102"
2024,P11,NA,249,P205,P01,P02,200
2024,P11,NA,271,P205,P01,P02,"7,780"
2024,P11,NA,272,P205,P01,P02,"8,920"
2024,P11,NA,273,P205,P01,P02,209
2024,P11,NA,274,P205,P01,P02,330
2024,P11,NA,276,P205,P01,P02,63
2024,P11,NA,278,P205,P01,P02,222
2024,P11,NA,279,P205,P01,P02,37
2024,P11,NA,281,P205,P01,P02,44
2024,P11,NA,282,P205,P01,P02,195
2024,P11,NA,284,P205,P01,P02,23
2024,P11,NA,285,P205,P01,P02,195
2024,P11,NA,287,P205,P01,P02,"1,005"
2024,P11,NA,288,P205,P01,P02,398
2024,P11,NA,294,P205,P01,P02,314
2024,P11,NA,296,P205,P01,P02,260
2024,P11,NA,297,P205,P01,P02,60
2024,P11,NA,311,P205,P01,P02,"8,027"
2024,P11,NA,312,P205,P01,P02,"9,347"
2024,P11,NA,313,P205,P01,P02,"1,477"
2024,P11,NA,314,P205,P01,P02,"5,631"
2024,P11,NA,315,P205,P01,P02,328
2024,P11,NA,317,P205,P01,P02,64
2024,P11,NA,319,P205,P01,P02,110
2024,P11,NA,322,P205,P01,P02,"8,271"
2024,P11,NA,323,P205,P01,P02,230
2024,P11,NA,324,P205,P01,P02,45
2024,P11,NA,325,P205,P01,P02,53
2024,P11,NA,327,P205,P01,P02,39
2024,P11,NA,341,P205,P01,P02,"2,519"
2024,P11,NA,342,P205,P01,P02,55
2024,P11,NA,346,P205,P01,P02,2
2024,P11,NA,347,P205,P01,P02,35
2024,P11,NA,348,P205,P01,P02,"2,543"
2024,P11,NA,351,P205,P01,P02,"2,839"
2024,P11,NA,352,P205,P01,P02,"1,718"
2024,P11,NA,353,P205,P01,P02,593
2024,P11,NA,354,P205,P01,P02,310
2024,P11,NA,358,P205,P01,P02,6
2024,P11,NA,373,P205,P01,P02,74
2024,P11,NA,374,P205,P01,P02,132
2024,P11,NA,375,P205,P01,P02,276
2024,P11,NA,376,P205,P01,P02,19
2024,P11,NA,378,P205,P01,P02,"2,074"
2024,P11,NA,384,P205,P01,P02,80
2024,P11,NA,386,P205,P01,P02,27
2024,P11,NA,388,P205,P01,P02,1
2024,P11,NA,389,P205,P01,P02,23
2024,P11,NA,391,P205,P01,P02,44
2024,P11,NA,392,P205,P01,P02,"1,418"
2024,P11,NA,393,P205,P01,P02,519
2024,P11,NA,395,P205,P01,P02,266
2024,P11,NA,411,P205,P01,P02,974
2024,P11,NA,412,P205,P01,P02,320
2024,P11,NA,413,P205,P01,P02,157
2024,P11,NA,414,P205,P01,P02,552
2024,P11,NA,415,P205,P01,P02,"4,088"
2024,P11,NA,417,P205,P01,P02,319
2024,P11,NA,418,P205,P01,P02,"2,190"
2024,P11,NA,419,P205,P01,P02,289
2024,P11,NA,421,P205,P01,P02,7
2024,P11,NA,425,P205,P01,P02,173
2024,P11,NA,427,P205,P01,P02,"4,413"
2024,P11,NA,428,P205,P01,P02,126
2024,P11,NA,429,P205,P01,P02,282
2024,P11,NA,431,P205,P01,P02,39
2024,P11,NA,432,P205,P01,P02,76
2024,P11,NA,433,P205,P01,P02,22
2024,P11,NA,434,P205,P01,P02,858
2024,P11,NA,436,P205,P01,P02,64
2024,P11,NA,438,P205,P01,P02,1
2024,P11,NA,441,P205,P01,P02,453
2024,P11,NA,442,P205,P01,P02,"42,370"
2024,P11,NA,443,P205,P01,P02,"16,571"
2024,P11,NA,444,P205,P01,P02,"32,246"
2024,P11,NA,445,P205,P01,P02,308
2024,P11,NA,447,P205,P01,P02,79
2024,P11,NA,448,P205,P01,P02,756
2024,P11,NA,449,P205,P01,P02,"25,609"
2024,P11,NA,452,P205,P01,P02,"4,556"
2024,P11,NA,453,P205,P01,P02,785
2024,P11,NA,456,P205,P01,P02,924
2024,P11,NA,458,P205,P01,P02,183
2024,P11,NA,461,P205,P01,P02,"13,666"
2024,P11,NA,462,P205,P01,P02,"12,303"
2024,P11,NA,464,P205,P01,P02,"6,647"
2024,P11,NA,465,P205,P01,P02,603
2024,P11,NA,466,P205,P01,P02,187
2024,P11,NA,468,P205,P01,P02,294
2024,P11,NA,469,P205,P01,P02,412
2024,P11,NA,472,P205,P01,P02,"3,530"
2024,P11,NA,473,P205,P01,P02,"9,201"
2024,P11,NA,474,P205,P01,P02,"1,817"
2024,P11,NA,475,P205,P01,P02,56
2024,P11,NA,476,P205,P01,P02,"4,343"
2024,P11,NA,477,P205,P01,P02,"54,444"
2024,P11,NA,478,P205,P01,P02,224
2024,P11,NA,481,P205,P01,P02,676
2024,P11,NA,483,P205,P01,P02,19
2024,P11,NA,485,P205,P01,P02,48
2024,P11,NA,486,P205,P01,P02,2
2024,P11,NA,487,P205,P01,P02,362
2024,P11,NA,488,P205,P01,P02,317
2024,P11,NA,489,P205,P01,P02,60
2024,P11,NA,492,P205,P01,P02,"8,506"
2024,P11,NA,493,P205,P01,P02,"1,780"
2024,P11,NA,494,P205,P01,P02,263
2024,P11,NA,495,P205,P01,P02,299
2024,P11,NA,496,P205,P01,P02,47
2024,P11,NA,498,P205,P01,P02,87
2024,P11,NA,595,P205,P01,P02,205
2024,P11,NA,612,P205,P01,P02,"2,198"
2024,P11,NA,613,P205,P01,P02,19
2024,P11,NA,614,P205,P01,P02,"13,288"
2024,P11,NA,616,P205,P01,P02,2
2024,P11,NA,618,P205,P01,P02,"6,092"
2024,P11,NA,622,P205,P01,P02,"3,742"
2024,P11,NA,623,P205,P01,P02,1
2024,P11,NA,624,P205,P01,P02,"2,820"
2024,P11,NA,625,P205,P01,P02,946
2024,P11,NA,627,P205,P01,P02,153
2024,P11,NA,629,P205,P01,P02,90
2024,P11,NA,631,P205,P01,P02,"4,675"
2024,P11,NA,632,P205,P01,P02,167
2024,P11,NA,633,P205,P01,P02,1
2024,P11,NA,635,P205,P01,P02,1
2024,P11,NA,636,P205,P01,P02,24
2024,P11,NA,638,P205,P01,P02,90
2024,P11,NA,639,P205,P01,P02,"1,179"
2024,P11,NA,641,P205,P01,P02,24
2024,P11,NA,642,P205,P01,P02,"2,519"
2024,P11,NA,644,P205,P01,P02,"5,643"
2024,P11,NA,645,P205,P01,P02,2
2024,P11,NA,646,P205,P01,P02,"9,003"
2024,P11,NA,647,P205,P01,P02,169
2024,P11,NA,648,P205,P01,P02,663
2024,P11,NA,653,P205,P01,P02,"1,957"
2024,P11,NA,656,P205,P01,P02,"21,554"
2024,P11,NA,661,P205,P01,P02,820
2024,P11,NA,662,P205,P01,P02,"12,340"
2024,P11,NA,664,P205,P01,P02,"40,431"
2024,P11,NA,665,P205,P01,P02,"1,439"
2024,P11,NA,667,P205,P01,P02,"8,185"
2024,P11,NA,668,P205,P01,P02,"5,060"
2024,P11,NA,669,P205,P01,P02,"6,034"
2024,P11,NA,671,P205,P01,P02,45
2024,P11,NA,672,P205,P01,P02,71
2024,P11,NA,673,P205,P01,P02,325
2024,P11,NA,675,P205,P01,P02,19
2024,P11,NA,676,P205,P01,P02,33
2024,P11,NA,677,P205,P01,P02,1
2024,P11,NA,686,P205,P01,P02,"16,085"
2024,P11,NA,687,P205,P01,P02,"2,413"
2024,P11,NA,694,P205,P01,P02,55
2024,P11,NA,695,P205,P01,P02,42
2024,P11,NA,696,P205,P01,P02,38
2024,P11,NA,697,P205,P01,P02,24
2024,P11,NA,698,P205,P01,P02,73
2024,P11,NA,712,P205,P01,P02,"5,411"
2024,P11,NA,713,P205,P01,P02,"1,362"
2024,P11,NA,714,P205,P01,P02,34
2024,P11,NA,715,P205,P01,P02,351
2024,P11,NA,721,P205,P01,P02,4
2024,P11,NA,722,P205,P01,P02,"44,133"
2024,P11,NA,726,P205,P01,P02,670
2024,P11,NA,729,P205,P01,P02,"23,872"
2024,P11,NA,732,P205,P01,P02,29
2024,P11,NA,733,P205,P01,P02,789
2024,P11,NA,734,P205,P01,P02,595
2024,P11,NA,735,P205,P01,P02,"7,255"
2024,P11,NA,739,P205,P01,P02,6
2024,P11,NA,742,P205,P01,P02,22
2024,P11,NA,744,P205,P01,P02,"9,154"
2024,P11,NA,745,P205,P01,P02,1
2024,P11,NA,746,P205,P01,P02,50
2024,P11,NA,747,P205,P01,P02,"1,879"
2024,P11,NA,748,P205,P01,P02,17
2024,P11,NA,749,P205,P01,P02,38
2024,P11,NA,753,P205,P01,P02,502
2024,P11,NA,754,P205,P01,P02,33
2024,P11,NA,755,P205,P01,P02,656
2024,P11,NA,756,P205,P01,P02,26
2024,P11,NA,757,P205,P01,P02,19
2024,P11,NA,759,P205,P01,P02,24
2024,P11,NA,762,P205,P01,P02,517
2024,P11,NA,764,P205,P01,P02,26
2024,P11,NA,765,P205,P01,P02,28
2024,P11,NA,766,P205,P01,P02,120
2024,P11,NA,767,P205,P01,P02,44
2024,P11,NA,771,P205,P01,P02,"19,203"
2024,P11,NA,772,P205,P01,P02,447
2024,P11,NA,773,P205,P01,P02,"2,971"
2024,P11,NA,775,P205,P01,P02,"6,196"
2024,P11,NA,776,P205,P01,P02,307
2024,P11,NA,777,P205,P01,P02,"38,583"
2024,P11,NA,779,P205,P01,P02,877
2024,P11,NA,781,P205,P01,P02,13
2024,P11,NA,782,P205,P01,P02,"3,509"
2024,P11,NA,783,P205,P01,P02,"1,175"
2024,P11,NA,784,P205,P01,P02,257
2024,P11,NA,785,P205,P01,P02,26
2024,P11,NA,786,P205,P01,P02,66
2024,P11,NA,789,P205,P01,P02,2
2024,P11,NA,791,P205,P01,P02,49
2024,P11,NA,797,P205,P01,P02,81
2024,P11,NA,821,P205,P01,P02,481
2024,P11,NA,824,P205,P01,P02,122
2024,P11,NA,825,P205,P01,P02,12
2024,P11,NA,826,P205,P01,P02,"1,263"
2024,P11,NA,828,P205,P01,P02,309
2024,P11,NA,831,P205,P01,P02,120
2024,P11,NA,833,P205,P01,P02,"10,165"
2024,P11,NA,834,P205,P01,P02,"3,681"
2024,P11,NA,842,P205,P01,P02,14
2024,P11,NA,844,P205,P01,P02,"15,747"
2024,P11,NA,861,P205,P01,P02,69
2024,P11,NA,862,P205,P01,P02,33
2024,P11,NA,864,P205,P01,P02,27
2024,P11,NA,866,P205,P01,P02,"2,760"
2024,P11,NA,867,P205,P01,P02,"17,693"
2024,P11,NA,868,P205,P01,P02,"6,550"
2024,P11,NA,871,P205,P01,P02,"12,819"
2024,P11,NA,872,P205,P01,P02,113
2024,P11,NA,877,P205,P01,P02,"2,003"
2024,P11,NA,878,P205,P01,P02,"2,867"
2024,P11,NA,891,P205,P01,P02,109
2024,P11,NA,894,P205,P01,P02,89
2024,P11,NA,897,P205,P01,P02,34
2024,P11,NA,899,P205,P01,P02,"11,249"
2024,P11,NA,913,P205,P01,P02,1
2024,P11,NA,914,P205,P01,P02,118
2024,P11,NA,916,P205,P01,P02,95
2024,P11,NA,917,P205,P01,P02,130
2024,P11,NA,918,P205,P01,P02,53
2024,P11,NA,919,P205,P01,P02,130
2024,P11,NA,921,P205,P01,P02,"9,631"
2024,P11,NA,922,P205,P01,P02,"3,654"
2024,P11,NA,923,P205,P01,P02,429
2024,P11,NA,924,P205,P01,P02,820
2024,P11,NA,932,P205,P01,P02,516
2024,P11,NA,933,P205,P01,P02,"1,627"
2024,P11,NA,934,P205,P01,P02,126
2024,P11,NA,936,P205,P01,P02,921
2024,P11,NA,937,P205,P01,P02,470
2024,P11,NA,938,P205,P01,P02,"5,298"
2024,P11,NA,951,P205,P01,P02,"7,209"
2024,P11,NA,953,P205,P01,P02,943
2024,P11,NA,954,P205,P01,P02,71
2024,P11,NA,958,P205,P01,P02,193
2024,P11,NA,961,P205,P01,P02,"12,252"
2024,P11,NA,962,P205,P01,P02,"1,962"
2024,P11,NA,963,P205,P01,P02,880
2024,P11,NA,964,P205,P01,P02,44
2024,P11,NA,965,P205,P01,P02,65
2024,P11,NA,966,P205,P01,P02,188
2024,P11,NA,967,P205,P01,P02,"1,768"
2024,P11,NA,968,P205,P01,P02,205
2024,P11,NA,971,P205,P01,P02,"1,707"
2024,P11,NA,972,P205,P01,P02,44
2024,P11,NA,981,P205,P01,P02,"8,816"
2024,P11,NA,982,P205,P01,P02,287
2024,P11,NA,983,P205,P01,P02,"3,521"
2024,P11,NA,984,P205,P01,P02,"6,778"
2024,P11,NA,985,P205,P01,P02,"1,408"
2024,P11,NA,986,P205,P01,P02,829
2024,P11,NA,987,P205,P01,P02,"2,160"
2024,P11,NA,988,P205,P01,P02,76
2024,P11,NA,991,P205,P01,P02,"1,200"
2024,P11,NA,993,P205,P01,P02,"12,307"
2024,P11,NA,996,P205,P01,P02,161
2024,P11,NA,997,P205,P01,P02,214
2024,P11,NA,998,P205,P01,P02,"16,317"
2024,P11,NA,999,P205,P01,P02,"36,035"
2024,P11,NA,33,P205,P01,P03,"168,619"
2024,P11,NA,55,P205,P01,P03,"197,659"
2024,P11,NA,81,P205,P01,P03,"66,366"
2024,P11,NA,222,P205,P01,P03,"7,547"
2024,P11,NA,223,P205,P01,P03,322
2024,P11,NA,224,P205,P01,P03,23
2024,P11,NA,225,P205,P01,P03,179
2024,P11,NA,226,P205,P01,P03,106
2024,P11,NA,227,P205,P01,P03,226
2024,P11,NA,228,P205,P01,P03,"28,695"
2024,P11,NA,229,P205,P01,P03,"22,644"
2024,P11,NA,231,P205,P01,P03,"22,980"
2024,P11,NA,232,P205,P01,P03,"20,212"
2024,P11,NA,235,P205,P01,P03,11
2024,P11,NA,238,P205,P01,P03,"14,964"
2024,P11,NA,241,P205,P01,P03,"70,512"
2024,P11,NA,243,P205,P01,P03,190
2024,P11,NA,244,P205,P01,P03,"23,064"
2024,P11,NA,245,P205,P01,P03,82
2024,P11,NA,246,P205,P01,P03,"42,162"
2024,P11,NA,247,P205,P01,P03,909
2024,P11,NA,248,P205,P01,P03,"4,395"
2024,P11,NA,249,P205,P01,P03,"14,076"
2024,P11,NA,271,P205,P01,P03,"10,710"
2024,P11,NA,272,P205,P01,P03,"14,713"
2024,P11,NA,273,P205,P01,P03,35
2024,P11,NA,274,P205,P01,P03,"7,547"
2024,P11,NA,276,P205,P01,P03,155
2024,P11,NA,278,P205,P01,P03,46
2024,P11,NA,279,P205,P01,P03,82
2024,P11,NA,281,P205,P01,P03,238
2024,P11,NA,282,P205,P01,P03,418
2024,P11,NA,284,P205,P01,P03,82
2024,P11,NA,285,P205,P01,P03,130
2024,P11,NA,287,P205,P01,P03,"6,696"
2024,P11,NA,288,P205,P01,P03,"3,893"
2024,P11,NA,294,P205,P01,P03,"2,335"
2024,P11,NA,296,P205,P01,P03,275
2024,P11,NA,311,P205,P01,P03,"26,958"
2024,P11,NA,312,P205,P01,P03,981
2024,P11,NA,313,P205,P01,P03,"2,742"
2024,P11,NA,314,P205,P01,P03,"1,413"
2024,P11,NA,315,P205,P01,P03,"6,049"
2024,P11,NA,317,P205,P01,P03,59
2024,P11,NA,322,P205,P01,P03,"11,682"
2024,P11,NA,323,P205,P01,P03,106
2024,P11,NA,324,P205,P01,P03,23
2024,P11,NA,325,P205,P01,P03,23
2024,P11,NA,327,P205,P01,P03,11
2024,P11,NA,341,P205,P01,P03,501
2024,P11,NA,348,P205,P01,P03,"8,290"
2024,P11,NA,351,P205,P01,P03,"14,952"
2024,P11,NA,352,P205,P01,P03,"7,655"
2024,P11,NA,353,P205,P01,P03,"5,581"
2024,P11,NA,354,P205,P01,P03,106
2024,P11,NA,373,P205,P01,P03,94
2024,P11,NA,374,P205,P01,P03,46
2024,P11,NA,378,P205,P01,P03,"1,592"
2024,P11,NA,391,P205,P01,P03,418
2024,P11,NA,392,P205,P01,P03,"5,318"
2024,P11,NA,393,P205,P01,P03,"1,880"
2024,P11,NA,395,P205,P01,P03,898
2024,P11,NA,411,P205,P01,P03,"8,481"
2024,P11,NA,412,P205,P01,P03,"18,091"
2024,P11,NA,413,P205,P01,P03,"12,520"
2024,P11,NA,414,P205,P01,P03,"3,102"
2024,P11,NA,415,P205,P01,P03,"4,887"
2024,P11,NA,417,P205,P01,P03,"2,538"
2024,P11,NA,418,P205,P01,P03,"7,236"
2024,P11,NA,419,P205,P01,P03,11
2024,P11,NA,425,P205,P01,P03,538
2024,P11,NA,427,P205,P01,P03,"22,202"
2024,P11,NA,428,P205,P01,P03,202
2024,P11,NA,429,P205,P01,P03,118
2024,P11,NA,431,P205,P01,P03,957
2024,P11,NA,432,P205,P01,P03,59
2024,P11,NA,434,P205,P01,P03,"3,785"
2024,P11,NA,436,P205,P01,P03,46
2024,P11,NA,441,P205,P01,P03,"9,619"
2024,P11,NA,442,P205,P01,P03,"30,480"
2024,P11,NA,443,P205,P01,P03,"22,069"
2024,P11,NA,444,P205,P01,P03,"96,764"
2024,P11,NA,445,P205,P01,P03,"1,208"
2024,P11,NA,447,P205,P01,P03,"6,397"
2024,P11,NA,448,P205,P01,P03,35
2024,P11,NA,449,P205,P01,P03,"128,599"
2024,P11,NA,452,P205,P01,P03,"7,775"
2024,P11,NA,453,P205,P01,P03,"11,908"
2024,P11,NA,456,P205,P01,P03,"1,124"
2024,P11,NA,458,P205,P01,P03,"2,204"
2024,P11,NA,461,P205,P01,P03,"52,024"
2024,P11,NA,462,P205,P01,P03,"22,501"
2024,P11,NA,464,P205,P01,P03,"18,079"
2024,P11,NA,465,P205,P01,P03,633
2024,P11,NA,466,P205,P01,P03,"2,730"
2024,P11,NA,468,P205,P01,P03,741
2024,P11,NA,469,P205,P01,P03,"1,208"
2024,P11,NA,472,P205,P01,P03,"45,697"
2024,P11,NA,473,P205,P01,P03,"13,850"
2024,P11,NA,474,P205,P01,P03,"8,218"
2024,P11,NA,475,P205,P01,P03,94
2024,P11,NA,476,P205,P01,P03,"27,245"
2024,P11,NA,477,P205,P01,P03,"108,865"
2024,P11,NA,478,P205,P01,P03,106
2024,P11,NA,481,P205,P01,P03,35
2024,P11,NA,485,P205,P01,P03,59
2024,P11,NA,487,P205,P01,P03,35
2024,P11,NA,488,P205,P01,P03,"1,484"
2024,P11,NA,492,P205,P01,P03,"10,578"
2024,P11,NA,493,P205,P01,P03,"13,478"
2024,P11,NA,494,P205,P01,P03,226
2024,P11,NA,495,P205,P01,P03,"3,413"
2024,P11,NA,496,P205,P01,P03,46
2024,P11,NA,498,P205,P01,P03,155
2024,P11,NA,595,P205,P01,P03,478
2024,P11,NA,612,P205,P01,P03,59
2024,P11,NA,614,P205,P01,P03,"1,700"
2024,P11,NA,618,P205,P01,P03,"7,847"
2024,P11,NA,622,P205,P01,P03,825
2024,P11,NA,624,P205,P01,P03,130
2024,P11,NA,625,P205,P01,P03,238
2024,P11,NA,627,P205,P01,P03,59
2024,P11,NA,629,P205,P01,P03,46
2024,P11,NA,631,P205,P01,P03,106
2024,P11,NA,638,P205,P01,P03,11
2024,P11,NA,639,P205,P01,P03,"1,065"
2024,P11,NA,642,P205,P01,P03,981
2024,P11,NA,644,P205,P01,P03,"1,018"
2024,P11,NA,646,P205,P01,P03,82
2024,P11,NA,647,P205,P01,P03,82
2024,P11,NA,648,P205,P01,P03,"2,958"
2024,P11,NA,653,P205,P01,P03,"2,455"
2024,P11,NA,656,P205,P01,P03,"2,251"
2024,P11,NA,661,P205,P01,P03,898
2024,P11,NA,662,P205,P01,P03,"3,401"
2024,P11,NA,664,P205,P01,P03,"23,004"
2024,P11,NA,665,P205,P01,P03,789
2024,P11,NA,667,P205,P01,P03,286
2024,P11,NA,668,P205,P01,P03,"3,809"
2024,P11,NA,669,P205,P01,P03,"3,293"
2024,P11,NA,672,P205,P01,P03,70
2024,P11,NA,673,P205,P01,P03,909
2024,P11,NA,676,P205,P01,P03,11
2024,P11,NA,686,P205,P01,P03,"12,879"
2024,P11,NA,694,P205,P01,P03,23
2024,P11,NA,695,P205,P01,P03,11
2024,P11,NA,697,P205,P01,P03,35
2024,P11,NA,712,P205,P01,P03,"54,444"
2024,P11,NA,713,P205,P01,P03,"5,654"
2024,P11,NA,714,P205,P01,P03,106
2024,P11,NA,715,P205,P01,P03,"4,696"
2024,P11,NA,721,P205,P01,P03,130
2024,P11,NA,722,P205,P01,P03,"22,357"
2024,P11,NA,726,P205,P01,P03,166
2024,P11,NA,732,P205,P01,P03,250
2024,P11,NA,733,P205,P01,P03,"13,910"
2024,P11,NA,734,P205,P01,P03,"1,029"
2024,P11,NA,735,P205,P01,P03,"28,684"
2024,P11,NA,744,P205,P01,P03,"13,370"
2024,P11,NA,745,P205,P01,P03,11
2024,P11,NA,746,P205,P01,P03,35
2024,P11,NA,747,P205,P01,P03,"4,240"
2024,P11,NA,748,P205,P01,P03,11
2024,P11,NA,753,P205,P01,P03,454
2024,P11,NA,755,P205,P01,P03,"1,568"
2024,P11,NA,756,P205,P01,P03,82
2024,P11,NA,762,P205,P01,P03,106
2024,P11,NA,764,P205,P01,P03,430
2024,P11,NA,765,P205,P01,P03,11
2024,P11,NA,766,P205,P01,P03,694
2024,P11,NA,767,P205,P01,P03,550
2024,P11,NA,771,P205,P01,P03,"104,529"
2024,P11,NA,772,P205,P01,P03,"3,233"
2024,P11,NA,773,P205,P01,P03,"1,018"
2024,P11,NA,775,P205,P01,P03,"16,066"
2024,P11,NA,776,P205,P01,P03,"13,610"
2024,P11,NA,777,P205,P01,P03,"45,458"
2024,P11,NA,779,P205,P01,P03,802
2024,P11,NA,781,P205,P01,P03,23
2024,P11,NA,782,P205,P01,P03,"4,456"
2024,P11,NA,783,P205,P01,P03,"8,098"
2024,P11,NA,784,P205,P01,P03,"1,413"
2024,P11,NA,786,P205,P01,P03,741
2024,P11,NA,791,P205,P01,P03,118
2024,P11,NA,797,P205,P01,P03,11
2024,P11,NA,821,P205,P01,P03,"1,747"
2024,P11,NA,826,P205,P01,P03,"3,173"
2024,P11,NA,828,P205,P01,P03,"4,947"
2024,P11,NA,831,P205,P01,P03,598
2024,P11,NA,833,P205,P01,P03,"3,029"
2024,P11,NA,834,P205,P01,P03,"1,832"
2024,P11,NA,842,P205,P01,P03,11
2024,P11,NA,844,P205,P01,P03,"3,390"
2024,P11,NA,861,P205,P01,P03,214
2024,P11,NA,866,P205,P01,P03,"1,376"
2024,P11,NA,867,P205,P01,P03,"7,703"
2024,P11,NA,868,P205,P01,P03,"31,522"
2024,P11,NA,871,P205,P01,P03,"23,460"
2024,P11,NA,872,P205,P01,P03,"4,120"
2024,P11,NA,877,P205,P01,P03,130
2024,P11,NA,878,P205,P01,P03,130
2024,P11,NA,894,P205,P01,P03,190
2024,P11,NA,897,P205,P01,P03,11
2024,P11,NA,899,P205,P01,P03,"3,066"
2024,P11,NA,914,P205,P01,P03,190
2024,P11,NA,916,P205,P01,P03,"4,552"
2024,P11,NA,917,P205,P01,P03,"7,152"
2024,P11,NA,918,P205,P01,P03,46
2024,P11,NA,919,P205,P01,P03,202
2024,P11,NA,921,P205,P01,P03,"4,599"
2024,P11,NA,922,P205,P01,P03,"5,534"
2024,P11,NA,923,P205,P01,P03,"2,335"
2024,P11,NA,924,P205,P01,P03,"1,771"
2024,P11,NA,932,P205,P01,P03,"8,278"
2024,P11,NA,933,P205,P01,P03,"4,313"
2024,P11,NA,934,P205,P01,P03,"6,122"
2024,P11,NA,936,P205,P01,P03,"4,552"
2024,P11,NA,937,P205,P01,P03,"1,867"
2024,P11,NA,938,P205,P01,P03,"2,119"
2024,P11,NA,951,P205,P01,P03,"24,730"
2024,P11,NA,953,P205,P01,P03,"11,381"
2024,P11,NA,954,P205,P01,P03,"10,016"
2024,P11,NA,958,P205,P01,P03,"3,497"
2024,P11,NA,961,P205,P01,P03,"32,529"
2024,P11,NA,962,P205,P01,P03,"10,591"
2024,P11,NA,963,P205,P01,P03,"2,599"
2024,P11,NA,965,P205,P01,P03,825
2024,P11,NA,966,P205,P01,P03,"2,575"
2024,P11,NA,967,P205,P01,P03,514
2024,P11,NA,968,P205,P01,P03,"1,065"
2024,P11,NA,971,P205,P01,P03,"6,733"
2024,P11,NA,972,P205,P01,P03,82
2024,P11,NA,981,P205,P01,P03,"10,386"
2024,P11,NA,982,P205,P01,P03,465
2024,P11,NA,983,P205,P01,P03,"2,683"
2024,P11,NA,984,P205,P01,P03,"1,317"
2024,P11,NA,985,P205,P01,P03,"1,964"
2024,P11,NA,986,P205,P01,P03,"6,624"
2024,P11,NA,987,P205,P01,P03,"2,299"
2024,P11,NA,988,P205,P01,P03,"3,257"
2024,P11,NA,991,P205,P01,P03,299
2024,P11,NA,993,P205,P01,P03,"8,027"
2024,P11,NA,996,P205,P01,P03,250
2024,P11,NA,997,P205,P01,P03,478
2024,P11,NA,998,P205,P01,P03,"4,708"
2024,P11,NA,999,P205,P01,P03,"60,326"
2024,P11,NA,33,P205,P02,P02,"5,098"
2024,P11,NA,55,P205,P02,P02,"28,475"
2024,P11,NA,81,P205,P02,P02,"7,340"
2024,P11,NA,222,P205,P02,P02,"1,889"
2024,P11,NA,223,P205,P02,P02,1
2024,P11,NA,225,P205,P02,P02,1
2024,P11,NA,227,P205,P02,P02,5
2024,P11,NA,228,P205,P02,P02,122
2024,P11,NA,229,P205,P02,P02,744
2024,P11,NA,231,P205,P02,P02,5
2024,P11,NA,232,P205,P02,P02,19
2024,P11,NA,237,P205,P02,P02,348
2024,P11,NA,238,P205,P02,P02,28
2024,P11,NA,241,P205,P02,P02,62
2024,P11,NA,244,P205,P02,P02,3
2024,P11,NA,245,P205,P02,P02,1
2024,P11,NA,246,P205,P02,P02,71
2024,P11,NA,247,P205,P02,P02,47
2024,P11,NA,248,P205,P02,P02,14
2024,P11,NA,249,P205,P02,P02,1
2024,P11,NA,271,P205,P02,P02,265
2024,P11,NA,272,P205,P02,P02,171
2024,P11,NA,274,P205,P02,P02,2
2024,P11,NA,278,P205,P02,P02,0
2024,P11,NA,281,P205,P02,P02,2
2024,P11,NA,282,P205,P02,P02,1
2024,P11,NA,285,P205,P02,P02,0
2024,P11,NA,287,P205,P02,P02,4
2024,P11,NA,288,P205,P02,P02,0
2024,P11,NA,294,P205,P02,P02,0
2024,P11,NA,296,P205,P02,P02,0
2024,P11,NA,311,P205,P02,P02,46
2024,P11,NA,312,P205,P02,P02,110
2024,P11,NA,313,P205,P02,P02,9
2024,P11,NA,314,P205,P02,P02,461
2024,P11,NA,322,P205,P02,P02,124
2024,P11,NA,323,P205,P02,P02,0
2024,P11,NA,324,P205,P02,P02,0
2024,P11,NA,341,P205,P02,P02,26
2024,P11,NA,348,P205,P02,P02,1
2024,P11,NA,351,P205,P02,P02,24
2024,P11,NA,352,P205,P02,P02,52
2024,P11,NA,353,P205,P02,P02,1
2024,P11,NA,354,P205,P02,P02,0
2024,P11,NA,373,P205,P02,P02,0
2024,P11,NA,378,P205,P02,P02,2
2024,P11,NA,384,P205,P02,P02,0
2024,P11,NA,391,P205,P02,P02,0
2024,P11,NA,392,P205,P02,P02,3
2024,P11,NA,395,P205,P02,P02,0
2024,P11,NA,411,P205,P02,P02,0
2024,P11,NA,412,P205,P02,P02,0
2024,P11,NA,413,P205,P02,P02,0
2024,P11,NA,414,P205,P02,P02,0
2024,P11,NA,415,P205,P02,P02,58
2024,P11,NA,417,P205,P02,P02,0
2024,P11,NA,418,P205,P02,P02,12
2024,P11,NA,419,P205,P02,P02,0
2024,P11,NA,427,P205,P02,P02,204
2024,P11,NA,429,P205,P02,P02,3
2024,P11,NA,434,P205,P02,P02,0
2024,P11,NA,437,P205,P02,P02,0
2024,P11,NA,441,P205,P02,P02,20
2024,P11,NA,442,P205,P02,P02,"2,729"
2024,P11,NA,443,P205,P02,P02,309
2024,P11,NA,444,P205,P02,P02,862
2024,P11,NA,445,P205,P02,P02,20
2024,P11,NA,447,P205,P02,P02,0
2024,P11,NA,448,P205,P02,P02,5
2024,P11,NA,449,P205,P02,P02,602
2024,P11,NA,452,P205,P02,P02,40
2024,P11,NA,453,P205,P02,P02,0
2024,P11,NA,456,P205,P02,P02,8
2024,P11,NA,458,P205,P02,P02,0
2024,P11,NA,461,P205,P02,P02,791
2024,P11,NA,462,P205,P02,P02,"1,036"
2024,P11,NA,464,P205,P02,P02,225
2024,P11,NA,466,P205,P02,P02,0
2024,P11,NA,468,P205,P02,P02,0
2024,P11,NA,469,P205,P02,P02,6
2024,P11,NA,472,P205,P02,P02,188
2024,P11,NA,473,P205,P02,P02,115
2024,P11,NA,474,P205,P02,P02,68
2024,P11,NA,476,P205,P02,P02,3
2024,P11,NA,477,P205,P02,P02,"2,604"
2024,P11,NA,481,P205,P02,P02,1
2024,P11,NA,487,P205,P02,P02,0
2024,P11,NA,492,P205,P02,P02,78
2024,P11,NA,493,P205,P02,P02,13
2024,P11,NA,494,P205,P02,P02,0
2024,P11,NA,495,P205,P02,P02,1
2024,P11,NA,595,P205,P02,P02,0
2024,P11,NA,612,P205,P02,P02,23
2024,P11,NA,613,P205,P02,P02,0
2024,P11,NA,614,P205,P02,P02,370
2024,P11,NA,618,P205,P02,P02,54
2024,P11,NA,622,P205,P02,P02,56
2024,P11,NA,624,P205,P02,P02,39
2024,P11,NA,625,P205,P02,P02,8
2024,P11,NA,627,P205,P02,P02,4
2024,P11,NA,629,P205,P02,P02,0
2024,P11,NA,631,P205,P02,P02,118
2024,P11,NA,632,P205,P02,P02,0
2024,P11,NA,639,P205,P02,P02,19
2024,P11,NA,642,P205,P02,P02,66
2024,P11,NA,644,P205,P02,P02,162
2024,P11,NA,646,P205,P02,P02,264
2024,P11,NA,648,P205,P02,P02,1
2024,P11,NA,653,P205,P02,P02,24
2024,P11,NA,656,P205,P02,P02,"1,744"
2024,P11,NA,661,P205,P02,P02,0
2024,P11,NA,662,P205,P02,P02,367
2024,P11,NA,664,P205,P02,P02,"2,134"
2024,P11,NA,665,P205,P02,P02,57
2024,P11,NA,667,P205,P02,P02,176
2024,P11,NA,668,P205,P02,P02,104
2024,P11,NA,669,P205,P02,P02,111
2024,P11,NA,673,P205,P02,P02,13
2024,P11,NA,676,P205,P02,P02,0
2024,P11,NA,686,P205,P02,P02,722
2024,P11,NA,687,P205,P02,P02,17
2024,P11,NA,712,P205,P02,P02,6
2024,P11,NA,713,P205,P02,P02,2
2024,P11,NA,714,P205,P02,P02,0
2024,P11,NA,715,P205,P02,P02,1
2024,P11,NA,722,P205,P02,P02,"2,283"
2024,P11,NA,726,P205,P02,P02,2
2024,P11,NA,729,P205,P02,P02,57
2024,P11,NA,733,P205,P02,P02,1
2024,P11,NA,734,P205,P02,P02,0
2024,P11,NA,735,P205,P02,P02,142
2024,P11,NA,739,P205,P02,P02,0
2024,P11,NA,744,P205,P02,P02,116
2024,P11,NA,746,P205,P02,P02,0
2024,P11,NA,747,P205,P02,P02,9
2024,P11,NA,748,P205,P02,P02,0
2024,P11,NA,753,P205,P02,P02,2
2024,P11,NA,755,P205,P02,P02,3
2024,P11,NA,762,P205,P02,P02,0
2024,P11,NA,771,P205,P02,P02,206
2024,P11,NA,772,P205,P02,P02,0
2024,P11,NA,773,P205,P02,P02,44
2024,P11,NA,775,P205,P02,P02,13
2024,P11,NA,776,P205,P02,P02,0
2024,P11,NA,777,P205,P02,P02,564
2024,P11,NA,779,P205,P02,P02,0
2024,P11,NA,782,P205,P02,P02,61
2024,P11,NA,783,P205,P02,P02,4
2024,P11,NA,784,P205,P02,P02,1
2024,P11,NA,786,P205,P02,P02,0
2024,P11,NA,791,P205,P02,P02,0
2024,P11,NA,797,P205,P02,P02,0
2024,P11,NA,821,P205,P02,P02,5
2024,P11,NA,823,P205,P02,P02,0
2024,P11,NA,824,P205,P02,P02,3
2024,P11,NA,826,P205,P02,P02,33
2024,P11,NA,828,P205,P02,P02,8
2024,P11,NA,831,P205,P02,P02,2
2024,P11,NA,833,P205,P02,P02,231
2024,P11,NA,834,P205,P02,P02,50
2024,P11,NA,844,P205,P02,P02,"1,112"
2024,P11,NA,861,P205,P02,P02,0
2024,P11,NA,866,P205,P02,P02,26
2024,P11,NA,867,P205,P02,P02,"2,145"
2024,P11,NA,868,P205,P02,P02,369
2024,P11,NA,871,P205,P02,P02,426
2024,P11,NA,872,P205,P02,P02,0
2024,P11,NA,877,P205,P02,P02,3
2024,P11,NA,878,P205,P02,P02,6
2024,P11,NA,894,P205,P02,P02,0
2024,P11,NA,897,P205,P02,P02,0
2024,P11,NA,899,P205,P02,P02,938
2024,P11,NA,917,P205,P02,P02,1
2024,P11,NA,921,P205,P02,P02,143
2024,P11,NA,922,P205,P02,P02,20
2024,P11,NA,924,P205,P02,P02,0
2024,P11,NA,932,P205,P02,P02,0
2024,P11,NA,933,P205,P02,P02,10
2024,P11,NA,936,P205,P02,P02,0
2024,P11,NA,937,P205,P02,P02,3
2024,P11,NA,938,P205,P02,P02,148
2024,P11,NA,951,P205,P02,P02,20
2024,P11,NA,953,P205,P02,P02,1
2024,P11,NA,954,P205,P02,P02,0
2024,P11,NA,958,P205,P02,P02,0
2024,P11,NA,961,P205,P02,P02,35
2024,P11,NA,962,P205,P02,P02,6
2024,P11,NA,963,P205,P02,P02,0
2024,P11,NA,964,P205,P02,P02,0
2024,P11,NA,965,P205,P02,P02,0
2024,P11,NA,966,P205,P02,P02,0
2024,P11,NA,967,P205,P02,P02,0
2024,P11,NA,971,P205,P02,P02,2
2024,P11,NA,981,P205,P02,P02,54
2024,P11,NA,982,P205,P02,P02,0
2024,P11,NA,983,P205,P02,P02,23
2024,P11,NA,984,P205,P02,P02,120
2024,P11,NA,985,P205,P02,P02,0
2024,P11,NA,986,P205,P02,P02,0
2024,P11,NA,987,P205,P02,P02,6
2024,P11,NA,991,P205,P02,P02,2
2024,P11,NA,993,P205,P02,P02,147
2024,P11,NA,998,P205,P02,P02,667
2024,P11,NA,999,P205,P02,P02,359
2024,P11,NA,33,P205,P02,P03,"42,909"
2024,P11,NA,55,P205,P02,P03,"407,662"
2024,P11,NA,81,P205,P02,P03,"32,611"
2024,P11,NA,222,P205,P02,P03,"31,753"
2024,P11,NA,311,P205,P02,P03,"21,884"
2024,P11,NA,312,P205,P02,P03,"11,156"
2024,P11,NA,314,P205,P02,P03,"10,942"
2024,P11,NA,322,P205,P02,P03,"10,513"
2024,P11,NA,443,P205,P02,P03,"10,641"
2024,P11,NA,444,P205,P02,P03,"11,242"
2024,P11,NA,449,P205,P02,P03,"149,671"
2024,P11,NA,462,P205,P02,P03,"10,813"
2024,P11,NA,477,P205,P02,P03,"42,909"
2024,P11,NA,614,P205,P02,P03,"9,869"
2024,P11,NA,777,P205,P02,P03,"11,585"
2024,P11,NA,998,P205,P02,P03,"20,597"
2024,P11,NA,999,P205,P02,P03,"21,453"
2024,P12,NA,55,P108,P01,P01,345
2024,P12,NA,676,P108,P01,P01,1
2024,P12,NA,33,P108,P01,P02,"1,256"
2024,P12,NA,55,P108,P01,P02,"2,382"
2024,P12,NA,81,P108,P01,P02,685
2024,P12,NA,222,P108,P01,P02,470
2024,P12,NA,227,P108,P01,P02,3
2024,P12,NA,228,P108,P01,P02,184
2024,P12,NA,229,P108,P01,P02,203
2024,P12,NA,231,P108,P01,P02,9
2024,P12,NA,232,P108,P01,P02,17
2024,P12,NA,237,P108,P01,P02,1
2024,P12,NA,238,P108,P01,P02,28
2024,P12,NA,241,P108,P01,P02,42
2024,P12,NA,244,P108,P01,P02,37
2024,P12,NA,245,P108,P01,P02,1
2024,P12,NA,246,P108,P01,P02,52
2024,P12,NA,247,P108,P01,P02,24
2024,P12,NA,248,P108,P01,P02,58
2024,P12,NA,249,P108,P01,P02,1
2024,P12,NA,271,P108,P01,P02,66
2024,P12,NA,272,P108,P01,P02,67
2024,P12,NA,274,P108,P01,P02,2
2024,P12,NA,287,P108,P01,P02,7
2024,P12,NA,294,P108,P01,P02,1
2024,P12,NA,296,P108,P01,P02,2
2024,P12,NA,311,P108,P01,P02,153
2024,P12,NA,312,P108,P01,P02,127
2024,P12,NA,313,P108,P01,P02,12
2024,P12,NA,314,P108,P01,P02,87
2024,P12,NA,315,P108,P01,P02,5
2024,P12,NA,322,P108,P01,P02,66
2024,P12,NA,325,P108,P01,P02,0
2024,P12,NA,341,P108,P01,P02,41
2024,P12,NA,348,P108,P01,P02,83
2024,P12,NA,351,P108,P01,P02,64
2024,P12,NA,352,P108,P01,P02,42
2024,P12,NA,353,P108,P01,P02,3
2024,P12,NA,373,P108,P01,P02,1
2024,P12,NA,374,P108,P01,P02,1
2024,P12,NA,378,P108,P01,P02,62
2024,P12,NA,392,P108,P01,P02,34
2024,P12,NA,393,P108,P01,P02,9
2024,P12,NA,395,P108,P01,P02,12
2024,P12,NA,411,P108,P01,P02,17
2024,P12,NA,412,P108,P01,P02,8
2024,P12,NA,414,P108,P01,P02,2
2024,P12,NA,415,P108,P01,P02,21
2024,P12,NA,417,P108,P01,P02,10
2024,P12,NA,418,P108,P01,P02,7
2024,P12,NA,419,P108,P01,P02,8
2024,P12,NA,427,P108,P01,P02,56
2024,P12,NA,428,P108,P01,P02,1
2024,P12,NA,429,P108,P01,P02,6
2024,P12,NA,434,P108,P01,P02,17
2024,P12,NA,441,P108,P01,P02,1
2024,P12,NA,442,P108,P01,P02,326
2024,P12,NA,443,P108,P01,P02,214
2024,P12,NA,444,P108,P01,P02,290
2024,P12,NA,445,P108,P01,P02,1
2024,P12,NA,448,P108,P01,P02,9
2024,P12,NA,449,P108,P01,P02,290
2024,P12,NA,452,P108,P01,P02,64
2024,P12,NA,453,P108,P01,P02,15
2024,P12,NA,456,P108,P01,P02,20
2024,P12,NA,461,P108,P01,P02,162
2024,P12,NA,462,P108,P01,P02,142
2024,P12,NA,464,P108,P01,P02,101
2024,P12,NA,466,P108,P01,P02,1
2024,P12,NA,468,P108,P01,P02,1
2024,P12,NA,469,P108,P01,P02,3
2024,P12,NA,472,P108,P01,P02,43
2024,P12,NA,473,P108,P01,P02,73
2024,P12,NA,474,P108,P01,P02,21
2024,P12,NA,476,P108,P01,P02,123
2024,P12,NA,477,P108,P01,P02,873
2024,P12,NA,478,P108,P01,P02,5
2024,P12,NA,481,P108,P01,P02,2
2024,P12,NA,488,P108,P01,P02,26
2024,P12,NA,492,P108,P01,P02,148
2024,P12,NA,493,P108,P01,P02,3
2024,P12,NA,494,P108,P01,P02,2
2024,P12,NA,495,P108,P01,P02,11
2024,P12,NA,496,P108,P01,P02,3
2024,P12,NA,612,P108,P01,P02,2
2024,P12,NA,614,P108,P01,P02,158
2024,P12,NA,618,P108,P01,P02,100
2024,P12,NA,622,P108,P01,P02,82
2024,P12,NA,624,P108,P01,P02,0
2024,P12,NA,625,P108,P01,P02,22
2024,P12,NA,627,P108,P01,P02,0
2024,P12,NA,629,P108,P01,P02,1
2024,P12,NA,631,P108,P01,P02,64
2024,P12,NA,638,P108,P01,P02,0
2024,P12,NA,639,P108,P01,P02,25
2024,P12,NA,642,P108,P01,P02,48
2024,P12,NA,644,P108,P01,P02,133
2024,P12,NA,646,P108,P01,P02,268
2024,P12,NA,648,P108,P01,P02,8
2024,P12,NA,653,P108,P01,P02,41
2024,P12,NA,656,P108,P01,P02,209
2024,P12,NA,661,P108,P01,P02,30
2024,P12,NA,662,P108,P01,P02,236
2024,P12,NA,664,P108,P01,P02,299
2024,P12,NA,665,P108,P01,P02,53
2024,P12,NA,667,P108,P01,P02,345
2024,P12,NA,668,P108,P01,P02,123
2024,P12,NA,669,P108,P01,P02,199
2024,P12,NA,673,P108,P01,P02,62
2024,P12,NA,686,P108,P01,P02,177
2024,P12,NA,687,P108,P01,P02,58
2024,P12,NA,712,P108,P01,P02,81
2024,P12,NA,715,P108,P01,P02,1
2024,P12,NA,722,P108,P01,P02,36
2024,P12,NA,729,P108,P01,P02,254
2024,P12,NA,733,P108,P01,P02,7
2024,P12,NA,735,P108,P01,P02,74
2024,P12,NA,744,P108,P01,P02,94
2024,P12,NA,747,P108,P01,P02,27
2024,P12,NA,753,P108,P01,P02,15
2024,P12,NA,755,P108,P01,P02,13
2024,P12,NA,762,P108,P01,P02,1
2024,P12,NA,771,P108,P01,P02,149
2024,P12,NA,773,P108,P01,P02,20
2024,P12,NA,775,P108,P01,P02,37
2024,P12,NA,776,P108,P01,P02,1
2024,P12,NA,777,P108,P01,P02,200
2024,P12,NA,782,P108,P01,P02,62
2024,P12,NA,783,P108,P01,P02,22
2024,P12,NA,784,P108,P01,P02,11
2024,P12,NA,821,P108,P01,P02,7
2024,P12,NA,824,P108,P01,P02,1
2024,P12,NA,826,P108,P01,P02,49
2024,P12,NA,828,P108,P01,P02,3
2024,P12,NA,831,P108,P01,P02,0
2024,P12,NA,833,P108,P01,P02,98
2024,P12,NA,834,P108,P01,P02,53
2024,P12,NA,844,P108,P01,P02,155
2024,P12,NA,866,P108,P01,P02,64
2024,P12,NA,867,P108,P01,P02,127
2024,P12,NA,868,P108,P01,P02,38
2024,P12,NA,871,P108,P01,P02,126
2024,P12,NA,877,P108,P01,P02,1
2024,P12,NA,878,P108,P01,P02,21
2024,P12,NA,899,P108,P01,P02,118
2024,P12,NA,916,P108,P01,P02,1
2024,P12,NA,921,P108,P01,P02,71
2024,P12,NA,922,P108,P01,P02,36
2024,P12,NA,923,P108,P01,P02,19
2024,P12,NA,924,P108,P01,P02,3
2024,P12,NA,932,P108,P01,P02,2
2024,P12,NA,933,P108,P01,P02,22
2024,P12,NA,936,P108,P01,P02,13
2024,P12,NA,937,P108,P01,P02,13
2024,P12,NA,938,P108,P01,P02,87
2024,P12,NA,951,P108,P01,P02,49
2024,P12,NA,953,P108,P01,P02,5
2024,P12,NA,961,P108,P01,P02,176
2024,P12,NA,962,P108,P01,P02,39
2024,P12,NA,963,P108,P01,P02,1
2024,P12,NA,966,P108,P01,P02,4
2024,P12,NA,967,P108,P01,P02,17
2024,P12,NA,971,P108,P01,P02,1
2024,P12,NA,981,P108,P01,P02,171
2024,P12,NA,982,P108,P01,P02,14
2024,P12,NA,983,P108,P01,P02,98
2024,P12,NA,984,P108,P01,P02,102
2024,P12,NA,985,P108,P01,P02,41
2024,P12,NA,986,P108,P01,P02,15
2024,P12,NA,987,P108,P01,P02,26
2024,P12,NA,993,P108,P01,P02,290
2024,P12,NA,998,P108,P01,P02,121
2024,P12,NA,999,P108,P01,P02,506
2024,P12,NA,33,P109,P01,P02,4
2024,P12,NA,55,P109,P01,P02,57
2024,P12,NA,81,P109,P01,P02,3
2024,P12,NA,222,P109,P01,P02,2
2024,P12,NA,228,P109,P01,P02,0
2024,P12,NA,229,P109,P01,P02,0
2024,P12,NA,311,P109,P01,P02,0
2024,P12,NA,322,P109,P01,P02,0
2024,P12,NA,442,P109,P01,P02,1
2024,P12,NA,443,P109,P01,P02,0
2024,P12,NA,444,P109,P01,P02,1
2024,P12,NA,449,P109,P01,P02,0
2024,P12,NA,461,P109,P01,P02,0
2024,P12,NA,462,P109,P01,P02,0
2024,P12,NA,464,P109,P01,P02,0
2024,P12,NA,473,P109,P01,P02,0
2024,P12,NA,477,P109,P01,P02,0
2024,P12,NA,656,P109,P01,P02,0
2024,P12,NA,664,P109,P01,P02,0
2024,P12,NA,686,P109,P01,P02,0
2024,P12,NA,722,P109,P01,P02,2
2024,P12,NA,735,P109,P01,P02,0
2024,P12,NA,744,P109,P01,P02,0
2024,P12,NA,771,P109,P01,P02,0
2024,P12,NA,777,P109,P01,P02,1
2024,P12,NA,844,P109,P01,P02,0
2024,P12,NA,921,P109,P01,P02,0
2024,P12,NA,951,P109,P01,P02,0
2024,P12,NA,961,P109,P01,P02,0
2024,P12,NA,981,P109,P01,P02,0
2024,P12,NA,983,P109,P01,P02,0
2024,P12,NA,984,P109,P01,P02,0
2024,P12,NA,993,P109,P01,P02,1
2024,P12,NA,999,P109,P01,P02,0
2024,P12,NA,33,P109,P01,P03,70
2024,P12,NA,55,P109,P01,P03,243
2024,P12,NA,442,P109,P01,P03,28
2024,P12,NA,469,P109,P01,P03,28
2024,P12,NA,722,P109,P01,P03,70
2024,P12,NA,921,P109,P01,P03,28
2024,P12,NA,998,P109,P01,P03,28
2024,P12,NA,33,P109,P02,P02,393
2024,P12,NA,55,P109,P02,P02,"7,634"
2024,P12,NA,81,P109,P02,P02,"4,330"
2024,P12,NA,222,P109,P02,P02,586
2024,P12,NA,227,P109,P02,P02,1
2024,P12,NA,228,P109,P02,P02,393
2024,P12,NA,229,P109,P02,P02,71
2024,P12,NA,237,P109,P02,P02,968
2024,P12,NA,247,P109,P02,P02,24
2024,P12,NA,271,P109,P02,P02,246
2024,P12,NA,272,P109,P02,P02,243
2024,P12,NA,311,P109,P02,P02,4
2024,P12,NA,312,P109,P02,P02,3
2024,P12,NA,314,P109,P02,P02,35
2024,P12,NA,351,P109,P02,P02,53
2024,P12,NA,441,P109,P02,P02,6
2024,P12,NA,442,P109,P02,P02,100
2024,P12,NA,443,P109,P02,P02,6
2024,P12,NA,444,P109,P02,P02,78
2024,P12,NA,449,P109,P02,P02,26
2024,P12,NA,452,P109,P02,P02,51
2024,P12,NA,461,P109,P02,P02,8
2024,P12,NA,462,P109,P02,P02,17
2024,P12,NA,464,P109,P02,P02,4
2024,P12,NA,472,P109,P02,P02,17
2024,P12,NA,473,P109,P02,P02,3
2024,P12,NA,477,P109,P02,P02,162
2024,P12,NA,612,P109,P02,P02,1
2024,P12,NA,614,P109,P02,P02,79
2024,P12,NA,631,P109,P02,P02,3
2024,P12,NA,644,P109,P02,P02,1
2024,P12,NA,646,P109,P02,P02,411
2024,P12,NA,653,P109,P02,P02,1
2024,P12,NA,656,P109,P02,P02,389
2024,P12,NA,662,P109,P02,P02,64
2024,P12,NA,664,P109,P02,P02,756
2024,P12,NA,667,P109,P02,P02,9
2024,P12,NA,668,P109,P02,P02,1
2024,P12,NA,669,P109,P02,P02,1
2024,P12,NA,673,P109,P02,P02,1
2024,P12,NA,686,P109,P02,P02,359
2024,P12,NA,687,P109,P02,P02,26
2024,P12,NA,722,P109,P02,P02,655
2024,P12,NA,729,P109,P02,P02,26
2024,P12,NA,735,P109,P02,P02,4
2024,P12,NA,744,P109,P02,P02,15
2024,P12,NA,771,P109,P02,P02,49
2024,P12,NA,777,P109,P02,P02,51
2024,P12,NA,782,P109,P02,P02,1
2024,P12,NA,833,P109,P02,P02,6
2024,P12,NA,834,P109,P02,P02,4
2024,P12,NA,844,P109,P02,P02,178
2024,P12,NA,866,P109,P02,P02,96
2024,P12,NA,867,P109,P02,P02,173
2024,P12,NA,868,P109,P02,P02,4
2024,P12,NA,871,P109,P02,P02,92
2024,P12,NA,899,P109,P02,P02,193
2024,P12,NA,938,P109,P02,P02,6
2024,P12,NA,951,P109,P02,P02,1
2024,P12,NA,981,P109,P02,P02,1
2024,P12,NA,991,P109,P02,P02,3
2024,P12,NA,993,P109,P02,P02,20
2024,P12,NA,998,P109,P02,P02,173
2024,P12,NA,999,P109,P02,P02,79
2024,P12,NA,55,P109,P02,P03,"18,774"
2024,P12,NA,228,P109,P02,P03,993
2024,P12,NA,656,P109,P02,P03,882
2024,P12,NA,744,P109,P02,P03,"1,434"
2024,P12,NA,33,P110,P02,P02,"1,953"
2024,P12,NA,55,P110,P02,P02,"648,297"
2024,P12,NA,81,P110,P02,P02,31
2024,P12,NA,899,P110,P02,P02,"3,491"
2024,P12,NA,33,P205,P01,P01,"840,488"
2024,P12,NA,55,P205,P01,P01,"6,681,246"
2024,P12,NA,81,P205,P01,P01,"639,815"
2024,P12,NA,222,P205,P01,P01,"467,201"
2024,P12,NA,223,P205,P01,P01,"8,795"
2024,P12,NA,224,P205,P01,P01,134
2024,P12,NA,225,P205,P01,P01,"12,804"
2024,P12,NA,226,P205,P01,P01,"7,995"
2024,P12,NA,227,P205,P01,P01,"14,473"
2024,P12,NA,228,P205,P01,P01,"129,694"
2024,P12,NA,229,P205,P01,P01,"178,274"
2024,P12,NA,231,P205,P01,P01,"45,328"
2024,P12,NA,232,P205,P01,P01,"78,570"
2024,P12,NA,233,P205,P01,P01,7
2024,P12,NA,235,P205,P01,P01,536
2024,P12,NA,236,P205,P01,P01,1
2024,P12,NA,237,P205,P01,P01,522
2024,P12,NA,238,P205,P01,P01,"62,274"
2024,P12,NA,241,P205,P01,P01,"78,651"
2024,P12,NA,243,P205,P01,P01,"10,181"
2024,P12,NA,244,P205,P01,P01,"32,428"
2024,P12,NA,245,P205,P01,P01,"5,990"
2024,P12,NA,246,P205,P01,P01,"66,661"
2024,P12,NA,247,P205,P01,P01,"16,250"
2024,P12,NA,248,P205,P01,P01,"37,077"
2024,P12,NA,249,P205,P01,P01,"21,902"
2024,P12,NA,271,P205,P01,P01,"115,421"
2024,P12,NA,272,P205,P01,P01,"73,884"
2024,P12,NA,273,P205,P01,P01,"6,762"
2024,P12,NA,274,P205,P01,P01,"23,393"
2024,P12,NA,275,P205,P01,P01,5
2024,P12,NA,276,P205,P01,P01,"2,244"
2024,P12,NA,278,P205,P01,P01,"3,884"
2024,P12,NA,279,P205,P01,P01,"1,687"
2024,P12,NA,281,P205,P01,P01,"7,279"
2024,P12,NA,282,P205,P01,P01,"42,556"
2024,P12,NA,283,P205,P01,P01,2
2024,P12,NA,284,P205,P01,P01,"2,780"
2024,P12,NA,285,P205,P01,P01,"8,494"
2024,P12,NA,287,P205,P01,P01,"19,898"
2024,P12,NA,288,P205,P01,P01,"21,772"
2024,P12,NA,294,P205,P01,P01,"64,744"
2024,P12,NA,296,P205,P01,P01,"11,811"
2024,P12,NA,297,P205,P01,P01,"2,362"
2024,P12,NA,311,P205,P01,P01,"63,703"
2024,P12,NA,312,P205,P01,P01,"44,473"
2024,P12,NA,313,P205,P01,P01,"12,988"
2024,P12,NA,314,P205,P01,P01,"24,024"
2024,P12,NA,315,P205,P01,P01,"10,905"
2024,P12,NA,317,P205,P01,P01,182
2024,P12,NA,319,P205,P01,P01,534
2024,P12,NA,322,P205,P01,P01,"79,592"
2024,P12,NA,323,P205,P01,P01,"6,604"
2024,P12,NA,324,P205,P01,P01,"3,873"
2024,P12,NA,325,P205,P01,P01,"1,813"
2024,P12,NA,327,P205,P01,P01,591
2024,P12,NA,341,P205,P01,P01,"22,897"
2024,P12,NA,342,P205,P01,P01,301
2024,P12,NA,343,P205,P01,P01,1
2024,P12,NA,344,P205,P01,P01,1
2024,P12,NA,347,P205,P01,P01,137
2024,P12,NA,348,P205,P01,P01,"14,910"
2024,P12,NA,351,P205,P01,P01,"27,053"
2024,P12,NA,352,P205,P01,P01,"26,460"
2024,P12,NA,353,P205,P01,P01,"9,904"
2024,P12,NA,354,P205,P01,P01,"8,670"
2024,P12,NA,358,P205,P01,P01,210
2024,P12,NA,373,P205,P01,P01,"1,926"
2024,P12,NA,374,P205,P01,P01,"8,010"
2024,P12,NA,375,P205,P01,P01,"2,853"
2024,P12,NA,376,P205,P01,P01,79
2024,P12,NA,378,P205,P01,P01,"7,629"
2024,P12,NA,384,P205,P01,P01,"4,400"
2024,P12,NA,386,P205,P01,P01,346
2024,P12,NA,389,P205,P01,P01,163
2024,P12,NA,391,P205,P01,P01,"1,289"
2024,P12,NA,392,P205,P01,P01,"15,220"
2024,P12,NA,393,P205,P01,P01,"11,111"
2024,P12,NA,395,P205,P01,P01,"2,673"
2024,P12,NA,411,P205,P01,P01,"41,233"
2024,P12,NA,412,P205,P01,P01,"25,620"
2024,P12,NA,413,P205,P01,P01,"13,967"
2024,P12,NA,414,P205,P01,P01,"14,688"
2024,P12,NA,415,P205,P01,P01,"27,685"
2024,P12,NA,417,P205,P01,P01,"13,496"
2024,P12,NA,418,P205,P01,P01,"43,552"
2024,P12,NA,419,P205,P01,P01,"15,374"
2024,P12,NA,421,P205,P01,P01,79
2024,P12,NA,425,P205,P01,P01,"6,040"
2024,P12,NA,427,P205,P01,P01,"53,974"
2024,P12,NA,428,P205,P01,P01,"10,411"
2024,P12,NA,429,P205,P01,P01,"25,858"
2024,P12,NA,431,P205,P01,P01,"1,343"
2024,P12,NA,432,P205,P01,P01,"6,022"
2024,P12,NA,433,P205,P01,P01,137
2024,P12,NA,434,P205,P01,P01,"29,457"
2024,P12,NA,436,P205,P01,P01,"4,416"
2024,P12,NA,438,P205,P01,P01,3
2024,P12,NA,441,P205,P01,P01,"11,864"
2024,P12,NA,442,P205,P01,P01,"187,495"
2024,P12,NA,443,P205,P01,P01,"136,043"
2024,P12,NA,444,P205,P01,P01,"245,481"
2024,P12,NA,445,P205,P01,P01,"15,598"
2024,P12,NA,447,P205,P01,P01,"12,949"
2024,P12,NA,448,P205,P01,P01,"9,488"
2024,P12,NA,449,P205,P01,P01,"154,306"
2024,P12,NA,451,P205,P01,P01,1
2024,P12,NA,452,P205,P01,P01,"41,296"
2024,P12,NA,453,P205,P01,P01,"10,208"
2024,P12,NA,454,P205,P01,P01,1
2024,P12,NA,456,P205,P01,P01,"14,287"
2024,P12,NA,458,P205,P01,P01,"9,074"
2024,P12,NA,461,P205,P01,P01,"103,090"
2024,P12,NA,462,P205,P01,P01,"129,532"
2024,P12,NA,464,P205,P01,P01,"57,301"
2024,P12,NA,465,P205,P01,P01,"8,012"
2024,P12,NA,466,P205,P01,P01,"11,407"
2024,P12,NA,468,P205,P01,P01,"26,457"
2024,P12,NA,469,P205,P01,P01,"14,823"
2024,P12,NA,472,P205,P01,P01,"49,837"
2024,P12,NA,473,P205,P01,P01,"41,757"
2024,P12,NA,474,P205,P01,P01,"25,444"
2024,P12,NA,475,P205,P01,P01,"6,868"
2024,P12,NA,476,P205,P01,P01,"46,441"
2024,P12,NA,477,P205,P01,P01,"424,314"
2024,P12,NA,478,P205,P01,P01,"3,826"
2024,P12,NA,481,P205,P01,P01,"3,356"
2024,P12,NA,483,P205,P01,P01,150
2024,P12,NA,485,P205,P01,P01,"5,117"
2024,P12,NA,487,P205,P01,P01,"4,644"
2024,P12,NA,488,P205,P01,P01,"18,297"
2024,P12,NA,489,P205,P01,P01,114
2024,P12,NA,492,P205,P01,P01,"58,145"
2024,P12,NA,493,P205,P01,P01,"27,862"
2024,P12,NA,494,P205,P01,P01,"6,696"
2024,P12,NA,495,P205,P01,P01,"12,096"
2024,P12,NA,496,P205,P01,P01,"6,767"
2024,P12,NA,498,P205,P01,P01,"10,858"
2024,P12,NA,591,P205,P01,P01,1
2024,P12,NA,595,P205,P01,P01,"2,080"
2024,P12,NA,612,P205,P01,P01,"11,212"
2024,P12,NA,613,P205,P01,P01,53
2024,P12,NA,614,P205,P01,P01,"48,954"
2024,P12,NA,616,P205,P01,P01,1
2024,P12,NA,618,P205,P01,P01,"48,636"
2024,P12,NA,622,P205,P01,P01,"16,674"
2024,P12,NA,624,P205,P01,P01,"19,435"
2024,P12,NA,625,P205,P01,P01,"4,837"
2024,P12,NA,627,P205,P01,P01,"3,569"
2024,P12,NA,629,P205,P01,P01,"1,290"
2024,P12,NA,631,P205,P01,P01,"10,361"
2024,P12,NA,632,P205,P01,P01,455
2024,P12,NA,636,P205,P01,P01,64
2024,P12,NA,638,P205,P01,P01,751
2024,P12,NA,639,P205,P01,P01,"6,358"
2024,P12,NA,641,P205,P01,P01,68
2024,P12,NA,642,P205,P01,P01,"9,389"
2024,P12,NA,644,P205,P01,P01,"28,030"
2024,P12,NA,646,P205,P01,P01,"34,689"
2024,P12,NA,647,P205,P01,P01,"2,402"
2024,P12,NA,648,P205,P01,P01,"4,041"
2024,P12,NA,653,P205,P01,P01,"12,289"
2024,P12,NA,656,P205,P01,P01,"112,859"
2024,P12,NA,659,P205,P01,P01,1
2024,P12,NA,661,P205,P01,P01,"8,220"
2024,P12,NA,662,P205,P01,P01,"44,241"
2024,P12,NA,664,P205,P01,P01,"253,409"
2024,P12,NA,665,P205,P01,P01,"8,583"
2024,P12,NA,667,P205,P01,P01,"58,876"
2024,P12,NA,668,P205,P01,P01,"21,581"
2024,P12,NA,669,P205,P01,P01,"57,091"
2024,P12,NA,671,P205,P01,P01,235
2024,P12,NA,672,P205,P01,P01,"2,811"
2024,P12,NA,673,P205,P01,P01,"3,570"
2024,P12,NA,674,P205,P01,P01,2
2024,P12,NA,675,P205,P01,P01,675
2024,P12,NA,676,P205,P01,P01,"2,383"
2024,P12,NA,686,P205,P01,P01,"73,752"
2024,P12,NA,687,P205,P01,P01,"7,645"
2024,P12,NA,694,P205,P01,P01,"2,000"
2024,P12,NA,695,P205,P01,P01,"1,211"
2024,P12,NA,696,P205,P01,P01,199
2024,P12,NA,697,P205,P01,P01,289
2024,P12,NA,698,P205,P01,P01,703
2024,P12,NA,712,P205,P01,P01,"116,464"
2024,P12,NA,713,P205,P01,P01,"9,010"
2024,P12,NA,714,P205,P01,P01,449
2024,P12,NA,715,P205,P01,P01,"11,903"
2024,P12,NA,721,P205,P01,P01,107
2024,P12,NA,722,P205,P01,P01,"222,337"
2024,P12,NA,723,P205,P01,P01,3
2024,P12,NA,726,P205,P01,P01,"2,296"
2024,P12,NA,728,P205,P01,P01,11
2024,P12,NA,729,P205,P01,P01,"477,518"
2024,P12,NA,732,P205,P01,P01,458
2024,P12,NA,733,P205,P01,P01,"31,134"
2024,P12,NA,734,P205,P01,P01,"26,319"
2024,P12,NA,735,P205,P01,P01,"93,272"
2024,P12,NA,736,P205,P01,P01,1
2024,P12,NA,738,P205,P01,P01,6
2024,P12,NA,739,P205,P01,P01,32
2024,P12,NA,742,P205,P01,P01,155
2024,P12,NA,744,P205,P01,P01,"111,750"
2024,P12,NA,746,P205,P01,P01,"1,422"
2024,P12,NA,747,P205,P01,P01,"30,226"
2024,P12,NA,748,P205,P01,P01,912
2024,P12,NA,749,P205,P01,P01,660
2024,P12,NA,753,P205,P01,P01,"17,190"
2024,P12,NA,754,P205,P01,P01,304
2024,P12,NA,755,P205,P01,P01,"14,438"
2024,P12,NA,756,P205,P01,P01,"4,380"
2024,P12,NA,757,P205,P01,P01,151
2024,P12,NA,759,P205,P01,P01,53
2024,P12,NA,762,P205,P01,P01,"6,092"
2024,P12,NA,764,P205,P01,P01,"1,275"
2024,P12,NA,765,P205,P01,P01,195
2024,P12,NA,766,P205,P01,P01,"9,624"
2024,P12,NA,767,P205,P01,P01,729
2024,P12,NA,768,P205,P01,P01,1
2024,P12,NA,771,P205,P01,P01,"178,168"
2024,P12,NA,772,P205,P01,P01,"33,724"
2024,P12,NA,773,P205,P01,P01,"63,646"
2024,P12,NA,775,P205,P01,P01,"89,481"
2024,P12,NA,776,P205,P01,P01,"36,664"
2024,P12,NA,777,P205,P01,P01,"261,109"
2024,P12,NA,779,P205,P01,P01,"19,384"
2024,P12,NA,781,P205,P01,P01,204
2024,P12,NA,782,P205,P01,P01,"49,141"
2024,P12,NA,783,P205,P01,P01,"19,807"
2024,P12,NA,784,P205,P01,P01,"9,915"
2024,P12,NA,785,P205,P01,P01,107
2024,P12,NA,786,P205,P01,P01,"8,272"
2024,P12,NA,789,P205,P01,P01,1
2024,P12,NA,791,P205,P01,P01,"3,394"
2024,P12,NA,797,P205,P01,P01,439
2024,P12,NA,821,P205,P01,P01,"5,746"
2024,P12,NA,824,P205,P01,P01,"2,393"
2024,P12,NA,825,P205,P01,P01,97
2024,P12,NA,826,P205,P01,P01,"12,234"
2024,P12,NA,828,P205,P01,P01,"8,938"
2024,P12,NA,831,P205,P01,P01,"8,988"
2024,P12,NA,833,P205,P01,P01,"64,629"
2024,P12,NA,834,P205,P01,P01,"27,431"
2024,P12,NA,842,P205,P01,P01,715
2024,P12,NA,844,P205,P01,P01,"100,816"
2024,P12,NA,861,P205,P01,P01,"1,980"
2024,P12,NA,862,P205,P01,P01,61
2024,P12,NA,864,P205,P01,P01,159
2024,P12,NA,866,P205,P01,P01,"15,363"
2024,P12,NA,867,P205,P01,P01,"96,811"
2024,P12,NA,868,P205,P01,P01,"54,702"
2024,P12,NA,871,P205,P01,P01,"110,486"
2024,P12,NA,872,P205,P01,P01,"8,922"
2024,P12,NA,877,P205,P01,P01,"3,630"
2024,P12,NA,878,P205,P01,P01,"11,187"
2024,P12,NA,891,P205,P01,P01,136
2024,P12,NA,894,P205,P01,P01,"5,936"
2024,P12,NA,897,P205,P01,P01,"2,167"
2024,P12,NA,899,P205,P01,P01,"87,492"
2024,P12,NA,913,P205,P01,P01,1
2024,P12,NA,914,P205,P01,P01,"1,508"
2024,P12,NA,916,P205,P01,P01,"17,759"
2024,P12,NA,917,P205,P01,P01,"19,653"
2024,P12,NA,918,P205,P01,P01,"5,512"
2024,P12,NA,919,P205,P01,P01,"12,946"
2024,P12,NA,921,P205,P01,P01,"74,714"
2024,P12,NA,922,P205,P01,P01,"50,815"
2024,P12,NA,923,P205,P01,P01,"14,964"
2024,P12,NA,924,P205,P01,P01,"16,390"
2024,P12,NA,932,P205,P01,P01,"10,824"
2024,P12,NA,933,P205,P01,P01,"18,610"
2024,P12,NA,934,P205,P01,P01,"14,108"
2024,P12,NA,936,P205,P01,P01,"21,454"
2024,P12,NA,937,P205,P01,P01,"20,362"
2024,P12,NA,938,P205,P01,P01,"31,966"
2024,P12,NA,951,P205,P01,P01,"75,558"
2024,P12,NA,953,P205,P01,P01,"28,489"
2024,P12,NA,954,P205,P01,P01,"15,978"
2024,P12,NA,958,P205,P01,P01,"20,693"
2024,P12,NA,961,P205,P01,P01,"127,472"
2024,P12,NA,962,P205,P01,P01,"55,397"
2024,P12,NA,963,P205,P01,P01,"18,605"
2024,P12,NA,964,P205,P01,P01,"6,007"
2024,P12,NA,965,P205,P01,P01,"6,838"
2024,P12,NA,966,P205,P01,P01,"9,170"
2024,P12,NA,967,P205,P01,P01,"30,051"
2024,P12,NA,968,P205,P01,P01,"13,408"
2024,P12,NA,971,P205,P01,P01,"47,461"
2024,P12,NA,972,P205,P01,P01,374
2024,P12,NA,981,P205,P01,P01,"43,044"
2024,P12,NA,982,P205,P01,P01,"13,133"
2024,P12,NA,983,P205,P01,P01,"30,307"
2024,P12,NA,984,P205,P01,P01,"43,067"
2024,P12,NA,985,P205,P01,P01,"16,537"
2024,P12,NA,986,P205,P01,P01,"11,575"
2024,P12,NA,987,P205,P01,P01,"16,959"
2024,P12,NA,988,P205,P01,P01,"3,501"
2024,P12,NA,991,P205,P01,P01,"6,257"
2024,P12,NA,993,P205,P01,P01,"108,618"
2024,P12,NA,996,P205,P01,P01,"3,033"
2024,P12,NA,997,P205,P01,P01,"2,500"
2024,P12,NA,998,P205,P01,P01,"133,651"
2024,P12,NA,999,P205,P01,P01,"198,187"
2024,P12,NA,33,P205,P01,P02,"149,823"
2024,P12,NA,55,P205,P01,P02,"769,337"
2024,P12,NA,81,P205,P01,P02,"97,480"
2024,P12,NA,222,P205,P01,P02,"61,731"
2024,P12,NA,223,P205,P01,P02,112
2024,P12,NA,224,P205,P01,P02,25
2024,P12,NA,225,P205,P01,P02,"1,095"
2024,P12,NA,226,P205,P01,P02,46
2024,P12,NA,227,P205,P01,P02,400
2024,P12,NA,228,P205,P01,P02,"16,913"
2024,P12,NA,229,P205,P01,P02,"26,217"
2024,P12,NA,231,P205,P01,P02,"1,151"
2024,P12,NA,232,P205,P01,P02,"1,275"
2024,P12,NA,233,P205,P01,P02,2
2024,P12,NA,235,P205,P01,P02,50
2024,P12,NA,237,P205,P01,P02,"1,020"
2024,P12,NA,238,P205,P01,P02,"5,209"
2024,P12,NA,241,P205,P01,P02,"4,171"
2024,P12,NA,243,P205,P01,P02,450
2024,P12,NA,244,P205,P01,P02,"2,032"
2024,P12,NA,245,P205,P01,P02,51
2024,P12,NA,246,P205,P01,P02,"6,214"
2024,P12,NA,247,P205,P01,P02,"1,533"
2024,P12,NA,248,P205,P01,P02,"2,121"
2024,P12,NA,249,P205,P01,P02,202
2024,P12,NA,271,P205,P01,P02,"7,851"
2024,P12,NA,272,P205,P01,P02,"9,001"
2024,P12,NA,273,P205,P01,P02,211
2024,P12,NA,274,P205,P01,P02,333
2024,P12,NA,276,P205,P01,P02,63
2024,P12,NA,278,P205,P01,P02,225
2024,P12,NA,279,P205,P01,P02,37
2024,P12,NA,281,P205,P01,P02,45
2024,P12,NA,282,P205,P01,P02,197
2024,P12,NA,284,P205,P01,P02,23
2024,P12,NA,285,P205,P01,P02,197
2024,P12,NA,287,P205,P01,P02,"1,015"
2024,P12,NA,288,P205,P01,P02,402
2024,P12,NA,294,P205,P01,P02,317
2024,P12,NA,296,P205,P01,P02,262
2024,P12,NA,297,P205,P01,P02,61
2024,P12,NA,311,P205,P01,P02,"8,100"
2024,P12,NA,312,P205,P01,P02,"9,433"
2024,P12,NA,313,P205,P01,P02,"1,491"
2024,P12,NA,314,P205,P01,P02,"5,682"
2024,P12,NA,315,P205,P01,P02,331
2024,P12,NA,317,P205,P01,P02,65
2024,P12,NA,319,P205,P01,P02,111
2024,P12,NA,322,P205,P01,P02,"8,346"
2024,P12,NA,323,P205,P01,P02,232
2024,P12,NA,324,P205,P01,P02,46
2024,P12,NA,325,P205,P01,P02,53
2024,P12,NA,327,P205,P01,P02,40
2024,P12,NA,341,P205,P01,P02,"2,542"
2024,P12,NA,342,P205,P01,P02,56
2024,P12,NA,346,P205,P01,P02,2
2024,P12,NA,347,P205,P01,P02,36
2024,P12,NA,348,P205,P01,P02,"2,566"
2024,P12,NA,351,P205,P01,P02,"2,865"
2024,P12,NA,352,P205,P01,P02,"1,733"
2024,P12,NA,353,P205,P01,P02,598
2024,P12,NA,354,P205,P01,P02,313
2024,P12,NA,358,P205,P01,P02,6
2024,P12,NA,373,P205,P01,P02,75
2024,P12,NA,374,P205,P01,P02,133
2024,P12,NA,375,P205,P01,P02,278
2024,P12,NA,376,P205,P01,P02,20
2024,P12,NA,378,P205,P01,P02,"2,093"
2024,P12,NA,384,P205,P01,P02,81
2024,P12,NA,386,P205,P01,P02,27
2024,P12,NA,388,P205,P01,P02,1
2024,P12,NA,389,P205,P01,P02,23
2024,P12,NA,391,P205,P01,P02,45
2024,P12,NA,392,P205,P01,P02,"1,431"
2024,P12,NA,393,P205,P01,P02,523
2024,P12,NA,395,P205,P01,P02,268
2024,P12,NA,411,P205,P01,P02,983
2024,P12,NA,412,P205,P01,P02,323
2024,P12,NA,413,P205,P01,P02,158
2024,P12,NA,414,P205,P01,P02,557
2024,P12,NA,415,P205,P01,P02,"4,125"
2024,P12,NA,417,P205,P01,P02,322
2024,P12,NA,418,P205,P01,P02,"2,210"
2024,P12,NA,419,P205,P01,P02,292
2024,P12,NA,421,P205,P01,P02,7
2024,P12,NA,425,P205,P01,P02,175
2024,P12,NA,427,P205,P01,P02,"4,454"
2024,P12,NA,428,P205,P01,P02,127
2024,P12,NA,429,P205,P01,P02,285
2024,P12,NA,431,P205,P01,P02,40
2024,P12,NA,432,P205,P01,P02,77
2024,P12,NA,433,P205,P01,P02,22
2024,P12,NA,434,P205,P01,P02,866
2024,P12,NA,436,P205,P01,P02,65
2024,P12,NA,438,P205,P01,P02,1
2024,P12,NA,441,P205,P01,P02,457
2024,P12,NA,442,P205,P01,P02,"42,757"
2024,P12,NA,443,P205,P01,P02,"16,722"
2024,P12,NA,444,P205,P01,P02,"32,541"
2024,P12,NA,445,P205,P01,P02,311
2024,P12,NA,447,P205,P01,P02,80
2024,P12,NA,448,P205,P01,P02,763
2024,P12,NA,449,P205,P01,P02,"25,843"
2024,P12,NA,452,P205,P01,P02,"4,597"
2024,P12,NA,453,P205,P01,P02,792
2024,P12,NA,456,P205,P01,P02,932
2024,P12,NA,458,P205,P01,P02,185
2024,P12,NA,461,P205,P01,P02,"13,791"
2024,P12,NA,462,P205,P01,P02,"12,416"
2024,P12,NA,464,P205,P01,P02,"6,708"
2024,P12,NA,465,P205,P01,P02,608
2024,P12,NA,466,P205,P01,P02,188
2024,P12,NA,468,P205,P01,P02,297
2024,P12,NA,469,P205,P01,P02,416
2024,P12,NA,472,P205,P01,P02,"3,562"
2024,P12,NA,473,P205,P01,P02,"9,285"
2024,P12,NA,474,P205,P01,P02,"1,833"
2024,P12,NA,475,P205,P01,P02,57
2024,P12,NA,476,P205,P01,P02,"4,382"
2024,P12,NA,477,P205,P01,P02,"54,942"
2024,P12,NA,478,P205,P01,P02,226
2024,P12,NA,481,P205,P01,P02,682
2024,P12,NA,483,P205,P01,P02,20
2024,P12,NA,485,P205,P01,P02,48
2024,P12,NA,486,P205,P01,P02,2
2024,P12,NA,487,P205,P01,P02,366
2024,P12,NA,488,P205,P01,P02,320
2024,P12,NA,489,P205,P01,P02,61
2024,P12,NA,492,P205,P01,P02,"8,584"
2024,P12,NA,493,P205,P01,P02,"1,796"
2024,P12,NA,494,P205,P01,P02,266
2024,P12,NA,495,P205,P01,P02,302
2024,P12,NA,496,P205,P01,P02,47
2024,P12,NA,498,P205,P01,P02,88
2024,P12,NA,595,P205,P01,P02,207
2024,P12,NA,612,P205,P01,P02,"2,218"
2024,P12,NA,613,P205,P01,P02,20
2024,P12,NA,614,P205,P01,P02,"13,409"
2024,P12,NA,616,P205,P01,P02,2
2024,P12,NA,618,P205,P01,P02,"6,148"
2024,P12,NA,622,P205,P01,P02,"3,776"
2024,P12,NA,623,P205,P01,P02,1
2024,P12,NA,624,P205,P01,P02,"2,846"
2024,P12,NA,625,P205,P01,P02,955
2024,P12,NA,627,P205,P01,P02,155
2024,P12,NA,629,P205,P01,P02,91
2024,P12,NA,631,P205,P01,P02,"4,717"
2024,P12,NA,632,P205,P01,P02,168
2024,P12,NA,633,P205,P01,P02,1
2024,P12,NA,635,P205,P01,P02,1
2024,P12,NA,636,P205,P01,P02,25
2024,P12,NA,638,P205,P01,P02,91
2024,P12,NA,639,P205,P01,P02,"1,190"
2024,P12,NA,641,P205,P01,P02,25
2024,P12,NA,642,P205,P01,P02,"2,542"
2024,P12,NA,644,P205,P01,P02,"5,695"
2024,P12,NA,645,P205,P01,P02,2
2024,P12,NA,646,P205,P01,P02,"9,085"
2024,P12,NA,647,P205,P01,P02,171
2024,P12,NA,648,P205,P01,P02,670
2024,P12,NA,653,P205,P01,P02,"1,975"
2024,P12,NA,656,P205,P01,P02,"21,751"
2024,P12,NA,661,P205,P01,P02,827
2024,P12,NA,662,P205,P01,P02,"12,453"
2024,P12,NA,664,P205,P01,P02,"40,800"
2024,P12,NA,665,P205,P01,P02,"1,452"
2024,P12,NA,667,P205,P01,P02,"8,260"
2024,P12,NA,668,P205,P01,P02,"5,106"
2024,P12,NA,669,P205,P01,P02,"6,089"
2024,P12,NA,671,P205,P01,P02,46
2024,P12,NA,672,P205,P01,P02,72
2024,P12,NA,673,P205,P01,P02,328
2024,P12,NA,675,P205,P01,P02,20
2024,P12,NA,676,P205,P01,P02,33
2024,P12,NA,677,P205,P01,P02,1
2024,P12,NA,686,P205,P01,P02,"16,232"
2024,P12,NA,687,P205,P01,P02,"2,435"
2024,P12,NA,694,P205,P01,P02,56
2024,P12,NA,695,P205,P01,P02,42
2024,P12,NA,696,P205,P01,P02,38
2024,P12,NA,697,P205,P01,P02,25
2024,P12,NA,698,P205,P01,P02,73
2024,P12,NA,712,P205,P01,P02,"5,460"
2024,P12,NA,713,P205,P01,P02,"1,375"
2024,P12,NA,714,P205,P01,P02,35
2024,P12,NA,715,P205,P01,P02,355
2024,P12,NA,721,P205,P01,P02,5
2024,P12,NA,722,P205,P01,P02,"44,536"
2024,P12,NA,726,P205,P01,P02,676
2024,P12,NA,729,P205,P01,P02,"24,090"
2024,P12,NA,732,P205,P01,P02,30
2024,P12,NA,733,P205,P01,P02,796
2024,P12,NA,734,P205,P01,P02,601
2024,P12,NA,735,P205,P01,P02,"7,321"
2024,P12,NA,739,P205,P01,P02,6
2024,P12,NA,742,P205,P01,P02,22
2024,P12,NA,744,P205,P01,P02,"9,238"
2024,P12,NA,745,P205,P01,P02,1
2024,P12,NA,746,P205,P01,P02,51
2024,P12,NA,747,P205,P01,P02,"1,896"
2024,P12,NA,748,P205,P01,P02,17
2024,P12,NA,749,P205,P01,P02,38
2024,P12,NA,753,P205,P01,P02,507
2024,P12,NA,754,P205,P01,P02,33
2024,P12,NA,755,P205,P01,P02,662
2024,P12,NA,756,P205,P01,P02,26
2024,P12,NA,757,P205,P01,P02,20
2024,P12,NA,759,P205,P01,P02,25
2024,P12,NA,762,P205,P01,P02,522
2024,P12,NA,764,P205,P01,P02,26
2024,P12,NA,765,P205,P01,P02,28
2024,P12,NA,766,P205,P01,P02,121
2024,P12,NA,767,P205,P01,P02,45
2024,P12,NA,771,P205,P01,P02,"19,379"
2024,P12,NA,772,P205,P01,P02,451
2024,P12,NA,773,P205,P01,P02,"2,998"
2024,P12,NA,775,P205,P01,P02,"6,253"
2024,P12,NA,776,P205,P01,P02,310
2024,P12,NA,777,P205,P01,P02,"38,935"
2024,P12,NA,779,P205,P01,P02,885
2024,P12,NA,781,P205,P01,P02,13
2024,P12,NA,782,P205,P01,P02,"3,541"
2024,P12,NA,783,P205,P01,P02,"1,186"
2024,P12,NA,784,P205,P01,P02,260
2024,P12,NA,785,P205,P01,P02,26
2024,P12,NA,786,P205,P01,P02,67
2024,P12,NA,789,P205,P01,P02,2
2024,P12,NA,791,P205,P01,P02,50
2024,P12,NA,797,P205,P01,P02,82
2024,P12,NA,821,P205,P01,P02,486
2024,P12,NA,824,P205,P01,P02,123
2024,P12,NA,825,P205,P01,P02,12
2024,P12,NA,826,P205,P01,P02,"1,275"
2024,P12,NA,828,P205,P01,P02,312
2024,P12,NA,831,P205,P01,P02,121
2024,P12,NA,833,P205,P01,P02,"10,258"
2024,P12,NA,834,P205,P01,P02,"3,715"
2024,P12,NA,842,P205,P01,P02,15
2024,P12,NA,844,P205,P01,P02,"15,891"
2024,P12,NA,861,P205,P01,P02,70
2024,P12,NA,862,P205,P01,P02,33
2024,P12,NA,864,P205,P01,P02,27
2024,P12,NA,866,P205,P01,P02,"2,785"
2024,P12,NA,867,P205,P01,P02,"17,855"
2024,P12,NA,868,P205,P01,P02,"6,610"
2024,P12,NA,871,P205,P01,P02,"12,936"
2024,P12,NA,872,P205,P01,P02,115
2024,P12,NA,877,P205,P01,P02,"2,021"
2024,P12,NA,878,P205,P01,P02,"2,893"
2024,P12,NA,891,P205,P01,P02,110
2024,P12,NA,894,P205,P01,P02,90
2024,P12,NA,897,P205,P01,P02,35
2024,P12,NA,899,P205,P01,P02,"11,352"
2024,P12,NA,913,P205,P01,P02,1
2024,P12,NA,914,P205,P01,P02,120
2024,P12,NA,916,P205,P01,P02,96
2024,P12,NA,917,P205,P01,P02,131
2024,P12,NA,918,P205,P01,P02,53
2024,P12,NA,919,P205,P01,P02,131
2024,P12,NA,921,P205,P01,P02,"9,719"
2024,P12,NA,922,P205,P01,P02,"3,687"
2024,P12,NA,923,P205,P01,P02,433
2024,P12,NA,924,P205,P01,P02,827
2024,P12,NA,932,P205,P01,P02,521
2024,P12,NA,933,P205,P01,P02,"1,642"
2024,P12,NA,934,P205,P01,P02,127
2024,P12,NA,936,P205,P01,P02,930
2024,P12,NA,937,P205,P01,P02,475
2024,P12,NA,938,P205,P01,P02,"5,346"
2024,P12,NA,951,P205,P01,P02,"7,275"
2024,P12,NA,953,P205,P01,P02,952
2024,P12,NA,954,P205,P01,P02,72
2024,P12,NA,958,P205,P01,P02,195
2024,P12,NA,961,P205,P01,P02,"12,364"
2024,P12,NA,962,P205,P01,P02,"1,980"
2024,P12,NA,963,P205,P01,P02,888
2024,P12,NA,964,P205,P01,P02,45
2024,P12,NA,965,P205,P01,P02,66
2024,P12,NA,966,P205,P01,P02,190
2024,P12,NA,967,P205,P01,P02,"1,785"
2024,P12,NA,968,P205,P01,P02,207
2024,P12,NA,971,P205,P01,P02,"1,722"
2024,P12,NA,972,P205,P01,P02,45
2024,P12,NA,981,P205,P01,P02,"8,896"
2024,P12,NA,982,P205,P01,P02,290
2024,P12,NA,983,P205,P01,P02,"3,554"
2024,P12,NA,984,P205,P01,P02,"6,840"
2024,P12,NA,985,P205,P01,P02,"1,421"
2024,P12,NA,986,P205,P01,P02,837
2024,P12,NA,987,P205,P01,P02,"2,180"
2024,P12,NA,988,P205,P01,P02,77
2024,P12,NA,991,P205,P01,P02,"1,211"
2024,P12,NA,993,P205,P01,P02,"12,419"
2024,P12,NA,996,P205,P01,P02,162
2024,P12,NA,997,P205,P01,P02,216
2024,P12,NA,998,P205,P01,P02,"16,466"
2024,P12,NA,999,P205,P01,P02,"36,364"
2024,P12,NA,33,P205,P01,P03,"170,223"
2024,P12,NA,55,P205,P01,P03,"199,544"
2024,P12,NA,81,P205,P01,P03,"66,998"
2024,P12,NA,222,P205,P01,P03,"7,618"
2024,P12,NA,223,P205,P01,P03,325
2024,P12,NA,224,P205,P01,P03,23
2024,P12,NA,225,P205,P01,P03,180
2024,P12,NA,226,P205,P01,P03,107
2024,P12,NA,227,P205,P01,P03,228
2024,P12,NA,228,P205,P01,P03,"28,968"
2024,P12,NA,229,P205,P01,P03,"22,859"
2024,P12,NA,231,P205,P01,P03,"23,199"
2024,P12,NA,232,P205,P01,P03,"20,405"
2024,P12,NA,235,P205,P01,P03,11
2024,P12,NA,238,P205,P01,P03,"15,107"
2024,P12,NA,241,P205,P01,P03,"71,183"
2024,P12,NA,243,P205,P01,P03,192
2024,P12,NA,244,P205,P01,P03,"23,283"
2024,P12,NA,245,P205,P01,P03,83
2024,P12,NA,246,P205,P01,P03,"42,563"
2024,P12,NA,247,P205,P01,P03,918
2024,P12,NA,248,P205,P01,P03,"4,437"
2024,P12,NA,249,P205,P01,P03,"14,210"
2024,P12,NA,271,P205,P01,P03,"10,812"
2024,P12,NA,272,P205,P01,P03,"14,853"
2024,P12,NA,273,P205,P01,P03,35
2024,P12,NA,274,P205,P01,P03,"7,618"
2024,P12,NA,276,P205,P01,P03,156
2024,P12,NA,278,P205,P01,P03,47
2024,P12,NA,279,P205,P01,P03,83
2024,P12,NA,281,P205,P01,P03,240
2024,P12,NA,282,P205,P01,P03,422
2024,P12,NA,284,P205,P01,P03,83
2024,P12,NA,285,P205,P01,P03,131
2024,P12,NA,287,P205,P01,P03,"6,760"
2024,P12,NA,288,P205,P01,P03,"3,930"
2024,P12,NA,294,P205,P01,P03,"2,357"
2024,P12,NA,296,P205,P01,P03,277
2024,P12,NA,311,P205,P01,P03,"27,214"
2024,P12,NA,312,P205,P01,P03,991
2024,P12,NA,313,P205,P01,P03,"2,769"
2024,P12,NA,314,P205,P01,P03,"1,426"
2024,P12,NA,315,P205,P01,P03,"6,107"
2024,P12,NA,317,P205,P01,P03,60
2024,P12,NA,322,P205,P01,P03,"11,793"
2024,P12,NA,323,P205,P01,P03,107
2024,P12,NA,324,P205,P01,P03,23
2024,P12,NA,325,P205,P01,P03,23
2024,P12,NA,327,P205,P01,P03,11
2024,P12,NA,341,P205,P01,P03,506
2024,P12,NA,348,P205,P01,P03,"8,368"
2024,P12,NA,351,P205,P01,P03,"15,094"
2024,P12,NA,352,P205,P01,P03,"7,728"
2024,P12,NA,353,P205,P01,P03,"5,634"
2024,P12,NA,354,P205,P01,P03,107
2024,P12,NA,373,P205,P01,P03,95
2024,P12,NA,374,P205,P01,P03,47
2024,P12,NA,378,P205,P01,P03,"1,607"
2024,P12,NA,391,P205,P01,P03,422
2024,P12,NA,392,P205,P01,P03,"5,368"
2024,P12,NA,393,P205,P01,P03,"1,897"
2024,P12,NA,395,P205,P01,P03,906
2024,P12,NA,411,P205,P01,P03,"8,562"
2024,P12,NA,412,P205,P01,P03,"18,263"
2024,P12,NA,413,P205,P01,P03,"12,639"
2024,P12,NA,414,P205,P01,P03,"3,131"
2024,P12,NA,415,P205,P01,P03,"4,934"
2024,P12,NA,417,P205,P01,P03,"2,562"
2024,P12,NA,418,P205,P01,P03,"7,305"
2024,P12,NA,419,P205,P01,P03,11
2024,P12,NA,425,P205,P01,P03,543
2024,P12,NA,427,P205,P01,P03,"22,413"
2024,P12,NA,428,P205,P01,P03,204
2024,P12,NA,429,P205,P01,P03,120
2024,P12,NA,431,P205,P01,P03,966
2024,P12,NA,432,P205,P01,P03,60
2024,P12,NA,434,P205,P01,P03,"3,821"
2024,P12,NA,436,P205,P01,P03,47
2024,P12,NA,441,P205,P01,P03,"9,711"
2024,P12,NA,442,P205,P01,P03,"30,770"
2024,P12,NA,443,P205,P01,P03,"22,279"
2024,P12,NA,444,P205,P01,P03,"97,684"
2024,P12,NA,445,P205,P01,P03,"1,220"
2024,P12,NA,447,P205,P01,P03,"6,458"
2024,P12,NA,448,P205,P01,P03,35
2024,P12,NA,449,P205,P01,P03,"129,823"
2024,P12,NA,452,P205,P01,P03,"7,849"
2024,P12,NA,453,P205,P01,P03,"12,021"
2024,P12,NA,456,P205,P01,P03,"1,135"
2024,P12,NA,458,P205,P01,P03,"2,225"
2024,P12,NA,461,P205,P01,P03,"52,519"
2024,P12,NA,462,P205,P01,P03,"22,715"
2024,P12,NA,464,P205,P01,P03,"18,251"
2024,P12,NA,465,P205,P01,P03,639
2024,P12,NA,466,P205,P01,P03,"2,756"
2024,P12,NA,468,P205,P01,P03,748
2024,P12,NA,469,P205,P01,P03,"1,220"
2024,P12,NA,472,P205,P01,P03,"46,132"
2024,P12,NA,473,P205,P01,P03,"13,982"
2024,P12,NA,474,P205,P01,P03,"8,296"
2024,P12,NA,475,P205,P01,P03,95
2024,P12,NA,476,P205,P01,P03,"27,504"
2024,P12,NA,477,P205,P01,P03,"109,900"
2024,P12,NA,478,P205,P01,P03,107
2024,P12,NA,481,P205,P01,P03,35
2024,P12,NA,485,P205,P01,P03,60
2024,P12,NA,487,P205,P01,P03,35
2024,P12,NA,488,P205,P01,P03,"1,498"
2024,P12,NA,492,P205,P01,P03,"10,679"
2024,P12,NA,493,P205,P01,P03,"13,606"
2024,P12,NA,494,P205,P01,P03,228
2024,P12,NA,495,P205,P01,P03,"3,445"
2024,P12,NA,496,P205,P01,P03,47
2024,P12,NA,498,P205,P01,P03,156
2024,P12,NA,595,P205,P01,P03,482
2024,P12,NA,612,P205,P01,P03,60
2024,P12,NA,614,P205,P01,P03,"1,716"
2024,P12,NA,618,P205,P01,P03,"7,921"
2024,P12,NA,622,P205,P01,P03,833
2024,P12,NA,624,P205,P01,P03,131
2024,P12,NA,625,P205,P01,P03,240
2024,P12,NA,627,P205,P01,P03,60
2024,P12,NA,629,P205,P01,P03,47
2024,P12,NA,631,P205,P01,P03,107
2024,P12,NA,638,P205,P01,P03,11
2024,P12,NA,639,P205,P01,P03,"1,075"
2024,P12,NA,642,P205,P01,P03,991
2024,P12,NA,644,P205,P01,P03,"1,027"
2024,P12,NA,646,P205,P01,P03,83
2024,P12,NA,647,P205,P01,P03,83
2024,P12,NA,648,P205,P01,P03,"2,986"
2024,P12,NA,653,P205,P01,P03,"2,478"
2024,P12,NA,656,P205,P01,P03,"2,272"
2024,P12,NA,661,P205,P01,P03,906
2024,P12,NA,662,P205,P01,P03,"3,433"
2024,P12,NA,664,P205,P01,P03,"23,223"
2024,P12,NA,665,P205,P01,P03,797
2024,P12,NA,667,P205,P01,P03,289
2024,P12,NA,668,P205,P01,P03,"3,846"
2024,P12,NA,669,P205,P01,P03,"3,324"
2024,P12,NA,672,P205,P01,P03,71
2024,P12,NA,673,P205,P01,P03,918
2024,P12,NA,676,P205,P01,P03,11
2024,P12,NA,686,P205,P01,P03,"13,002"
2024,P12,NA,694,P205,P01,P03,23
2024,P12,NA,695,P205,P01,P03,11
2024,P12,NA,697,P205,P01,P03,35
2024,P12,NA,712,P205,P01,P03,"54,962"
2024,P12,NA,713,P205,P01,P03,"5,708"
2024,P12,NA,714,P205,P01,P03,107
2024,P12,NA,715,P205,P01,P03,"4,741"
2024,P12,NA,721,P205,P01,P03,131
2024,P12,NA,722,P205,P01,P03,"22,570"
2024,P12,NA,726,P205,P01,P03,168
2024,P12,NA,732,P205,P01,P03,252
2024,P12,NA,733,P205,P01,P03,"14,042"
2024,P12,NA,734,P205,P01,P03,"1,039"
2024,P12,NA,735,P205,P01,P03,"28,957"
2024,P12,NA,744,P205,P01,P03,"13,497"
2024,P12,NA,745,P205,P01,P03,11
2024,P12,NA,746,P205,P01,P03,35
2024,P12,NA,747,P205,P01,P03,"4,280"
2024,P12,NA,748,P205,P01,P03,11
2024,P12,NA,753,P205,P01,P03,458
2024,P12,NA,755,P205,P01,P03,"1,583"
2024,P12,NA,756,P205,P01,P03,83
2024,P12,NA,762,P205,P01,P03,107
2024,P12,NA,764,P205,P01,P03,434
2024,P12,NA,765,P205,P01,P03,11
2024,P12,NA,766,P205,P01,P03,700
2024,P12,NA,767,P205,P01,P03,555
2024,P12,NA,771,P205,P01,P03,"105,523"
2024,P12,NA,772,P205,P01,P03,"3,264"
2024,P12,NA,773,P205,P01,P03,"1,027"
2024,P12,NA,775,P205,P01,P03,"16,219"
2024,P12,NA,776,P205,P01,P03,"13,739"
2024,P12,NA,777,P205,P01,P03,"45,890"
2024,P12,NA,779,P205,P01,P03,810
2024,P12,NA,781,P205,P01,P03,23
2024,P12,NA,782,P205,P01,P03,"4,498"
2024,P12,NA,783,P205,P01,P03,"8,175"
2024,P12,NA,784,P205,P01,P03,"1,426"
2024,P12,NA,786,P205,P01,P03,748
2024,P12,NA,791,P205,P01,P03,120
2024,P12,NA,797,P205,P01,P03,11
2024,P12,NA,821,P205,P01,P03,"1,764"
2024,P12,NA,826,P205,P01,P03,"3,203"
2024,P12,NA,828,P205,P01,P03,"4,994"
2024,P12,NA,831,P205,P01,P03,603
2024,P12,NA,833,P205,P01,P03,"3,058"
2024,P12,NA,834,P205,P01,P03,"1,849"
2024,P12,NA,842,P205,P01,P03,11
2024,P12,NA,844,P205,P01,P03,"3,422"
2024,P12,NA,861,P205,P01,P03,216
2024,P12,NA,866,P205,P01,P03,"1,389"
2024,P12,NA,867,P205,P01,P03,"7,776"
2024,P12,NA,868,P205,P01,P03,"31,822"
2024,P12,NA,871,P205,P01,P03,"23,683"
2024,P12,NA,872,P205,P01,P03,"4,159"
2024,P12,NA,877,P205,P01,P03,131
2024,P12,NA,878,P205,P01,P03,131
2024,P12,NA,894,P205,P01,P03,192
2024,P12,NA,897,P205,P01,P03,11
2024,P12,NA,899,P205,P01,P03,"3,096"
2024,P12,NA,914,P205,P01,P03,192
2024,P12,NA,916,P205,P01,P03,"4,595"
2024,P12,NA,917,P205,P01,P03,"7,220"
2024,P12,NA,918,P205,P01,P03,47
2024,P12,NA,919,P205,P01,P03,204
2024,P12,NA,921,P205,P01,P03,"4,643"
2024,P12,NA,922,P205,P01,P03,"5,587"
2024,P12,NA,923,P205,P01,P03,"2,357"
2024,P12,NA,924,P205,P01,P03,"1,788"
2024,P12,NA,932,P205,P01,P03,"8,357"
2024,P12,NA,933,P205,P01,P03,"4,354"
2024,P12,NA,934,P205,P01,P03,"6,180"
2024,P12,NA,936,P205,P01,P03,"4,595"
2024,P12,NA,937,P205,P01,P03,"1,885"
2024,P12,NA,938,P205,P01,P03,"2,139"
2024,P12,NA,951,P205,P01,P03,"24,965"
2024,P12,NA,953,P205,P01,P03,"11,489"
2024,P12,NA,954,P205,P01,P03,"10,112"
2024,P12,NA,958,P205,P01,P03,"3,530"
2024,P12,NA,961,P205,P01,P03,"32,839"
2024,P12,NA,962,P205,P01,P03,"10,691"
2024,P12,NA,963,P205,P01,P03,"2,623"
2024,P12,NA,965,P205,P01,P03,833
2024,P12,NA,966,P205,P01,P03,"2,599"
2024,P12,NA,967,P205,P01,P03,519
2024,P12,NA,968,P205,P01,P03,"1,075"
2024,P12,NA,971,P205,P01,P03,"6,797"
2024,P12,NA,972,P205,P01,P03,83
2024,P12,NA,981,P205,P01,P03,"10,485"
2024,P12,NA,982,P205,P01,P03,470
2024,P12,NA,983,P205,P01,P03,"2,709"
2024,P12,NA,984,P205,P01,P03,"1,329"
2024,P12,NA,985,P205,P01,P03,"1,983"
2024,P12,NA,986,P205,P01,P03,"6,687"
2024,P12,NA,987,P205,P01,P03,"2,321"
2024,P12,NA,988,P205,P01,P03,"3,288"
2024,P12,NA,991,P205,P01,P03,301
2024,P12,NA,993,P205,P01,P03,"8,103"
2024,P12,NA,996,P205,P01,P03,252
2024,P12,NA,997,P205,P01,P03,482
2024,P12,NA,998,P205,P01,P03,"4,753"
2024,P12,NA,999,P205,P01,P03,"60,900"
2024,P12,NA,33,P205,P02,P02,"5,007"
2024,P12,NA,55,P205,P02,P02,"27,967"
2024,P12,NA,81,P205,P02,P02,"7,209"
2024,P12,NA,222,P205,P02,P02,"1,855"
2024,P12,NA,223,P205,P02,P02,1
2024,P12,NA,225,P205,P02,P02,1
2024,P12,NA,227,P205,P02,P02,5
2024,P12,NA,228,P205,P02,P02,120
2024,P12,NA,229,P205,P02,P02,731
2024,P12,NA,231,P205,P02,P02,5
2024,P12,NA,232,P205,P02,P02,18
2024,P12,NA,237,P205,P02,P02,342
2024,P12,NA,238,P205,P02,P02,28
2024,P12,NA,241,P205,P02,P02,61
2024,P12,NA,244,P205,P02,P02,3
2024,P12,NA,245,P205,P02,P02,1
2024,P12,NA,246,P205,P02,P02,70
2024,P12,NA,247,P205,P02,P02,46
2024,P12,NA,248,P205,P02,P02,14
2024,P12,NA,249,P205,P02,P02,1
2024,P12,NA,271,P205,P02,P02,260
2024,P12,NA,272,P205,P02,P02,168
2024,P12,NA,274,P205,P02,P02,2
2024,P12,NA,278,P205,P02,P02,0
2024,P12,NA,281,P205,P02,P02,2
2024,P12,NA,282,P205,P02,P02,1
2024,P12,NA,285,P205,P02,P02,0
2024,P12,NA,287,P205,P02,P02,4
2024,P12,NA,288,P205,P02,P02,0
2024,P12,NA,294,P205,P02,P02,0
2024,P12,NA,296,P205,P02,P02,0
2024,P12,NA,311,P205,P02,P02,45
2024,P12,NA,312,P205,P02,P02,108
2024,P12,NA,313,P205,P02,P02,9
2024,P12,NA,314,P205,P02,P02,453
2024,P12,NA,322,P205,P02,P02,121
2024,P12,NA,323,P205,P02,P02,0
2024,P12,NA,324,P205,P02,P02,0
2024,P12,NA,341,P205,P02,P02,25
2024,P12,NA,348,P205,P02,P02,1
2024,P12,NA,351,P205,P02,P02,24
2024,P12,NA,352,P205,P02,P02,51
2024,P12,NA,353,P205,P02,P02,1
2024,P12,NA,354,P205,P02,P02,0
2024,P12,NA,373,P205,P02,P02,0
2024,P12,NA,378,P205,P02,P02,2
2024,P12,NA,384,P205,P02,P02,0
2024,P12,NA,391,P205,P02,P02,0
2024,P12,NA,392,P205,P02,P02,3
2024,P12,NA,395,P205,P02,P02,0
2024,P12,NA,411,P205,P02,P02,0
2024,P12,NA,412,P205,P02,P02,0
2024,P12,NA,413,P205,P02,P02,0
2024,P12,NA,414,P205,P02,P02,0
2024,P12,NA,415,P205,P02,P02,57
2024,P12,NA,417,P205,P02,P02,0
2024,P12,NA,418,P205,P02,P02,12
2024,P12,NA,419,P205,P02,P02,0
2024,P12,NA,427,P205,P02,P02,201
2024,P12,NA,429,P205,P02,P02,3
2024,P12,NA,434,P205,P02,P02,0
2024,P12,NA,437,P205,P02,P02,0
2024,P12,NA,441,P205,P02,P02,20
2024,P12,NA,442,P205,P02,P02,"2,680"
2024,P12,NA,443,P205,P02,P02,303
2024,P12,NA,444,P205,P02,P02,846
2024,P12,NA,445,P205,P02,P02,20
2024,P12,NA,447,P205,P02,P02,0
2024,P12,NA,448,P205,P02,P02,5
2024,P12,NA,449,P205,P02,P02,592
2024,P12,NA,452,P205,P02,P02,40
2024,P12,NA,453,P205,P02,P02,0
2024,P12,NA,456,P205,P02,P02,8
2024,P12,NA,458,P205,P02,P02,0
2024,P12,NA,461,P205,P02,P02,776
2024,P12,NA,462,P205,P02,P02,"1,017"
2024,P12,NA,464,P205,P02,P02,221
2024,P12,NA,466,P205,P02,P02,0
2024,P12,NA,468,P205,P02,P02,0
2024,P12,NA,469,P205,P02,P02,5
2024,P12,NA,472,P205,P02,P02,184
2024,P12,NA,473,P205,P02,P02,113
2024,P12,NA,474,P205,P02,P02,67
2024,P12,NA,476,P205,P02,P02,3
2024,P12,NA,477,P205,P02,P02,"2,557"
2024,P12,NA,481,P205,P02,P02,1
2024,P12,NA,487,P205,P02,P02,0
2024,P12,NA,492,P205,P02,P02,76
2024,P12,NA,493,P205,P02,P02,12
2024,P12,NA,494,P205,P02,P02,0
2024,P12,NA,495,P205,P02,P02,1
2024,P12,NA,595,P205,P02,P02,0
2024,P12,NA,612,P205,P02,P02,22
2024,P12,NA,613,P205,P02,P02,0
2024,P12,NA,614,P205,P02,P02,364
2024,P12,NA,618,P205,P02,P02,53
2024,P12,NA,622,P205,P02,P02,55
2024,P12,NA,624,P205,P02,P02,39
2024,P12,NA,625,P205,P02,P02,8
2024,P12,NA,627,P205,P02,P02,4
2024,P12,NA,629,P205,P02,P02,0
2024,P12,NA,631,P205,P02,P02,116
2024,P12,NA,632,P205,P02,P02,0
2024,P12,NA,639,P205,P02,P02,18
2024,P12,NA,642,P205,P02,P02,65
2024,P12,NA,644,P205,P02,P02,159
2024,P12,NA,646,P205,P02,P02,259
2024,P12,NA,648,P205,P02,P02,1
2024,P12,NA,653,P205,P02,P02,24
2024,P12,NA,656,P205,P02,P02,"1,713"
2024,P12,NA,661,P205,P02,P02,0
2024,P12,NA,662,P205,P02,P02,361
2024,P12,NA,664,P205,P02,P02,"2,096"
2024,P12,NA,665,P205,P02,P02,56
2024,P12,NA,667,P205,P02,P02,172
2024,P12,NA,668,P205,P02,P02,102
2024,P12,NA,669,P205,P02,P02,109
2024,P12,NA,673,P205,P02,P02,13
2024,P12,NA,676,P205,P02,P02,0
2024,P12,NA,686,P205,P02,P02,709
2024,P12,NA,687,P205,P02,P02,16
2024,P12,NA,712,P205,P02,P02,6
2024,P12,NA,713,P205,P02,P02,2
2024,P12,NA,714,P205,P02,P02,0
2024,P12,NA,715,P205,P02,P02,1
2024,P12,NA,722,P205,P02,P02,"2,242"
2024,P12,NA,726,P205,P02,P02,2
2024,P12,NA,729,P205,P02,P02,56
2024,P12,NA,733,P205,P02,P02,1
2024,P12,NA,734,P205,P02,P02,0
2024,P12,NA,735,P205,P02,P02,140
2024,P12,NA,739,P205,P02,P02,0
2024,P12,NA,744,P205,P02,P02,114
2024,P12,NA,746,P205,P02,P02,0
2024,P12,NA,747,P205,P02,P02,9
2024,P12,NA,748,P205,P02,P02,0
2024,P12,NA,753,P205,P02,P02,2
2024,P12,NA,755,P205,P02,P02,3
2024,P12,NA,762,P205,P02,P02,0
2024,P12,NA,771,P205,P02,P02,203
2024,P12,NA,772,P205,P02,P02,0
2024,P12,NA,773,P205,P02,P02,43
2024,P12,NA,775,P205,P02,P02,12
2024,P12,NA,776,P205,P02,P02,0
2024,P12,NA,777,P205,P02,P02,554
2024,P12,NA,779,P205,P02,P02,0
2024,P12,NA,782,P205,P02,P02,60
2024,P12,NA,783,P205,P02,P02,4
2024,P12,NA,784,P205,P02,P02,1
2024,P12,NA,786,P205,P02,P02,0
2024,P12,NA,791,P205,P02,P02,0
2024,P12,NA,797,P205,P02,P02,0
2024,P12,NA,821,P205,P02,P02,5
2024,P12,NA,823,P205,P02,P02,0
2024,P12,NA,824,P205,P02,P02,3
2024,P12,NA,826,P205,P02,P02,32
2024,P12,NA,828,P205,P02,P02,8
2024,P12,NA,831,P205,P02,P02,2
2024,P12,NA,833,P205,P02,P02,227
2024,P12,NA,834,P205,P02,P02,49
2024,P12,NA,844,P205,P02,P02,"1,092"
2024,P12,NA,861,P205,P02,P02,0
2024,P12,NA,866,P205,P02,P02,26
2024,P12,NA,867,P205,P02,P02,"2,106"
2024,P12,NA,868,P205,P02,P02,363
2024,P12,NA,871,P205,P02,P02,418
2024,P12,NA,872,P205,P02,P02,0
2024,P12,NA,877,P205,P02,P02,3
2024,P12,NA,878,P205,P02,P02,6
2024,P12,NA,894,P205,P02,P02,0
2024,P12,NA,897,P205,P02,P02,0
2024,P12,NA,899,P205,P02,P02,922
2024,P12,NA,917,P205,P02,P02,1
2024,P12,NA,921,P205,P02,P02,141
2024,P12,NA,922,P205,P02,P02,19
2024,P12,NA,924,P205,P02,P02,0
2024,P12,NA,932,P205,P02,P02,0
2024,P12,NA,933,P205,P02,P02,10
2024,P12,NA,936,P205,P02,P02,0
2024,P12,NA,937,P205,P02,P02,3
2024,P12,NA,938,P205,P02,P02,145
2024,P12,NA,951,P205,P02,P02,19
2024,P12,NA,953,P205,P02,P02,1
2024,P12,NA,954,P205,P02,P02,0
2024,P12,NA,958,P205,P02,P02,0
2024,P12,NA,961,P205,P02,P02,34
2024,P12,NA,962,P205,P02,P02,6
2024,P12,NA,963,P205,P02,P02,0
2024,P12,NA,964,P205,P02,P02,0
2024,P12,NA,965,P205,P02,P02,0
2024,P12,NA,966,P205,P02,P02,0
2024,P12,NA,967,P205,P02,P02,0
2024,P12,NA,971,P205,P02,P02,2
2024,P12,NA,981,P205,P02,P02,53
2024,P12,NA,982,P205,P02,P02,0
2024,P12,NA,983,P205,P02,P02,22
2024,P12,NA,984,P205,P02,P02,118
2024,P12,NA,985,P205,P02,P02,0
2024,P12,NA,986,P205,P02,P02,0
2024,P12,NA,987,P205,P02,P02,6
2024,P12,NA,991,P205,P02,P02,2
2024,P12,NA,993,P205,P02,P02,145
2024,P12,NA,998,P205,P02,P02,655
2024,P12,NA,999,P205,P02,P02,352
2024,P12,NA,33,P205,P02,P03,"43,106"
2024,P12,NA,55,P205,P02,P03,"409,530"
2024,P12,NA,81,P205,P02,P03,"32,761"
2024,P12,NA,222,P205,P02,P03,"31,899"
2024,P12,NA,311,P205,P02,P03,"21,984"
2024,P12,NA,312,P205,P02,P03,"11,207"
2024,P12,NA,314,P205,P02,P03,"10,992"
2024,P12,NA,322,P205,P02,P03,"10,561"
2024,P12,NA,443,P205,P02,P03,"10,690"
2024,P12,NA,444,P205,P02,P03,"11,294"
2024,P12,NA,449,P205,P02,P03,"150,358"
2024,P12,NA,462,P205,P02,P03,"10,863"
2024,P12,NA,477,P205,P02,P03,"43,106"
2024,P12,NA,614,P205,P02,P03,"9,914"
2024,P12,NA,777,P205,P02,P03,"11,638"
2024,P12,NA,998,P205,P02,P03,"20,691"
2024,P12,NA,999,P205,P02,P03,"21,552"
