C601,C003,R027-0401,R027-0402,R027-0403,R027-0404
2024,P010010295,No,Si,No,No
2024,P010100421,No,Si,No,No
2024,P020010001,No,Si,No,No
2024,P020011265,No,Si,No,No
2024,P020011959,No,Si,No,No
2024,P020014101,No,Si,No,No
2024,P020020075,No,Si,No,No
2024,P020020194,No,Si,No,No
2024,P020020209,No,Si,No,No
2024,P020020296,No,Si,No,No
2024,P020021119,No,Si,No,No
2024,P020030254,No,Si,No,No
2024,P020030266,No,Si,No,No
2024,P020032093,No,Si,No,No
2024,P020040969,No,Si,No,No
2024,P020041044,No,Si,No,No
2024,P020041403,No,Si,No,No
2024,P020041534,No,Si,No,No
2024,P020041629,No,Si,No,No
2024,P020041653,No,Si,No,No
2024,P020042647,No,Si,No,No
2024,P020050004,No,Si,No,No
2024,P020060000,No,Si,No,No
2024,P030021515,No,Si,No,No
2024,P030090761,No,Si,No,No
2024,P040020203,No,Si,No,No
2024,P040020333,No,Si,No,No
2024,P040040987,No,Si,No,No
2024,P050022686,No,Si,No,No
2024,P050040068,No,Si,No,No
2024,P050070014,No,Si,No,No
2024,P050070093,No,Si,No,No
2024,P010010083,No,Si,No,No
2024,P020010004,No,Si,No,No
2024,P020010023,No,Si,No,No
2024,P020011094,No,Si,No,No
2024,P020011148,No,Si,No,No
2024,P020011226,No,Si,No,No
2024,P020012725,No,Si,No,No
2024,P020015110,No,Si,No,No
2024,P010050014,No,Si,No,No
2024,P020010124,No,Si,No,No
2024,P020010139,No,Si,No,No
2024,P020011174,No,Si,No,No
2024,P020020001,No,Si,No,No
2024,P020020171,No,Si,No,No
2024,P020020185,No,Si,No,No
2024,P020020336,No,Si,No,No
2024,P020011190,No,Si,No,No
2024,P020020016,No,Si,No,No
2024,P020020265,No,Si,No,No
2024,P020024766,No,Si,No,No
2024,P020030065,No,Si,No,No
2024,P020030230,No,Si,No,No
2024,P020031521,No,Si,No,No
2024,P020040721,No,Si,No,No
2024,P020030246,No,Si,No,No
2024,P020040536,No,Si,No,No
2024,P020040798,No,Si,No,No
2024,P020041699,No,Si,No,No
2024,P020040838,No,Si,No,No
2024,P020040871,No,Si,No,No
2024,P020040931,No,Si,No,No
2024,P020041415,No,Si,No,No
2024,P010111026,No,Si,No,No
2024,P020010012,No,Si,No,No
2024,P020010243,No,Si,No,No
2024,P020011160,No,Si,No,No
2024,P020041838,No,Si,No,No
2024,P020041889,No,Si,No,No
2024,P020042402,No,Si,No,No
2024,P030020049,No,Si,No,No
2024,P020041421,No,Si,No,No
2024,P020041767,No,Si,No,No
2024,P030010003,No,Si,No,No
2024,P030010251,No,Si,No,No
2024,P020012739,No,Si,No,No
2024,P020012777,No,Si,No,No
2024,P020015053,No,Si,No,No
2024,P020020208,No,Si,No,No
2024,P030032653,No,Si,No,No
2024,P030080054,No,Si,No,No
2024,P030080906,No,Si,No,No
2024,P040020174,No,Si,No,No
2024,P030020410,No,Si,No,No
2024,P030021374,No,Si,No,No
2024,P030080514,No,Si,No,No
2024,P040020001,No,Si,No,No
2024,P040030614,No,Si,No,No
2024,P040033789,No,Si,No,No
2024,P040050469,No,Si,No,No
2024,P040060019,No,Si,No,No
2024,P020020332,No,Si,No,No
2024,P020024689,No,Si,No,No
2024,P020032086,No,Si,No,No
2024,P020041435,No,Si,No,No
2024,P010010590,No,Si,No,No
2024,P020010031,No,Si,No,No
2024,P020011064,No,Si,No,No
2024,P040020225,No,Si,No,No
2024,P040032817,No,Si,No,No
2024,P040040001,No,Si,No,No
2024,P040040330,No,Si,No,No
2024,P020041494,No,Si,No,No
2024,P020041934,No,Si,No,No
2024,P030020244,No,Si,No,No
2024,P030020396,No,Si,No,No
2024,P020011088,No,Si,No,No
2024,P020011266,No,Si,No,No
2024,P020014936,No,Si,No,No
2024,P020021329,No,Si,No,No
2024,P030030068,No,Si,No,No
2024,P030030837,No,Si,No,No
2024,P040030001,No,Si,No,No
2024,P050020798,No,Si,No,No
2024,P020021344,No,Si,No,No
2024,P020040001,No,Si,No,No
2024,P020040744,No,Si,No,No
2024,P020041426,No,Si,No,No
2024,P040050001,No,Si,No,No
2024,P040070001,No,Si,No,No
2024,P040080001,No,Si,No,No
2024,P050020799,No,Si,No,No
2024,P020041446,No,Si,No,No
2024,P020041548,No,Si,No,No
2024,P020041847,No,Si,No,No
2024,P020042482,No,Si,No,No
2024,P050020811,No,Si,No,No
2024,P050140455,No,Si,No,No
2024,P050180459,No,Si,No,No
2024,P050180481,No,Si,No,No
2024,P050040087,No,Si,No,No
2024,P050090021,No,Si,No,No
2024,P050090094,No,Si,No,No
2024,P050110007,No,Si,No,No
2024,P020051304,No,Si,No,No
2024,P030010001,No,Si,No,No
2024,P030030306,No,Si,No,No
2024,P030080208,No,Si,No,No
2024,P050200891,No,Si,No,No
2024,P050240037,No,Si,No,No
2024,P050240076,No,Si,No,No
2024,P050280005,No,Si,No,No
2024,P030080210,No,Si,No,No
2024,P030080686,No,Si,No,No
2024,P030090370,No,Si,No,No
2024,P040030121,No,Si,No,No
2024,P050300160,No,Si,No,No
2024,P050300177,No,Si,No,No
2024,P050300307,No,Si,No,No
2024,P050301146,No,Si,No,No
2024,P050150003,No,Si,No,No
2024,P050172159,No,Si,No,No
2024,P050180483,No,Si,No,No
2024,P050189999,No,Si,No,No
2024,P050339999,No,Si,No,No
2024,P050340455,No,Si,No,No
2024,P050350151,No,Si,No,No
2024,P050352517,No,Si,No,No
2024,P050230094,No,Si,No,No
2024,P050240018,No,Si,No,No
2024,P050240050,No,Si,No,No
2024,P050272012,No,Si,No,No
2024,P040034488,No,Si,No,No
2024,P040060254,No,Si,No,No
2024,P040060420,No,Si,No,No
2024,P050022200,No,Si,No,No
2024,P050380038,No,Si,No,No
2024,P060079999,No,Si,No,No
2024,P060090553,No,Si,No,No
2024,P070020474,No,Si,No,No
2024,P050069999,No,Si,No,No
2024,P050070010,No,Si,No,No
2024,P050070021,No,Si,No,No
2024,P050100455,No,Si,No,No
2024,P050280929,No,Si,No,No
2024,P050300195,No,Si,No,No
2024,P050300271,No,Si,No,No
2024,P050310022,No,Si,No,No
2024,P050340001,No,Si,No,No
2024,P050340020,No,Si,No,No
2024,P050380043,No,Si,No,No
2024,P060020001,No,Si,No,No
2024,P060050001,No,Si,No,No
2024,P060070342,No,Si,No,No
2024,P070150001,No,Si,No,No
2024,P070200114,No,Si,No,No
2024,P050090000,No,Si,No,No
2024,P050140129,No,Si,No,No
2024,P050180005,No,Si,No,No
2024,P050230017,No,Si,No,No
2024,P050060018,No,Si,No,No
2024,P050100427,No,Si,No,No
2024,P050161435,No,Si,No,No
2024,P050180447,No,Si,No,No
2024,P050230453,No,Si,No,No
2024,P050250716,No,Si,No,No
2024,P050290447,No,Si,No,No
2024,P050300247,No,Si,No,No
2024,P070091374,No,Si,No,No
2024,P070230039,No,Si,No,No
2024,P070240006,No,Si,No,No
2024,P070240009,No,Si,No,No
2024,P050140020,No,Si,No,No
2024,P050140859,No,Si,No,No
2024,P050180484,No,Si,No,No
2024,P050211382,No,Si,No,No
2024,P070240001,No,Si,No,No
2024,P070240007,No,Si,No,No
2024,P070351829,No,Si,No,No
2024,P070370001,No,Si,No,No
2024,P070240030,No,Si,No,No
2024,P070240031,No,Si,No,No
2024,P070310819,No,Si,No,No
2024,P070320068,No,Si,No,No
2024,P070321524,No,Si,No,No
2024,P070520112,No,Si,No,No
2024,P070520127,No,Si,No,No
2024,P070520150,No,Si,No,No
2024,P050220783,No,Si,No,No
2024,P050230104,No,Si,No,No
2024,P050240027,No,Si,No,No
2024,P050240034,No,Si,No,No
2024,P050340058,No,Si,No,No
2024,P050360040,No,Si,No,No
2024,P060070012,No,Si,No,No
2024,P070230405,No,Si,No,No
2024,P070520562,No,Si,No,No
2024,P070576904,No,Si,No,No
2024,P070591385,No,Si,No,No
2024,P070740542,No,Si,No,No
2024,P050240038,No,Si,No,No
2024,P050300020,No,Si,No,No
2024,P050300127,No,Si,No,No
2024,P050300175,No,Si,No,No
2024,P050341394,No,Si,No,No
2024,P050350296,No,Si,No,No
2024,P050360032,No,Si,No,No
2024,P059999999,No,Si,No,No
2024,P060070341,No,Si,No,No
2024,P060080001,No,Si,No,No
2024,P060090096,No,Si,No,No
2024,P070020002,No,Si,No,No
2024,P070150035,No,Si,No,No
2024,P070200541,No,Si,No,No
2024,P070240005,No,Si,No,No
2024,P070400254,No,Si,No,No
2024,P070510055,No,Si,No,No
2024,P070571914,No,Si,No,No
2024,P070590800,No,Si,No,No
2024,P070590827,No,Si,No,No
2024,P070650001,No,Si,No,No
2024,P070690023,No,Si,No,No
2024,P070700001,No,Si,No,No
2024,P070740027,No,Si,No,No
2024,P070782554,No,Si,No,No
2024,P070870002,No,Si,No,No
2024,P070910001,No,Si,No,No
2024,P071000016,No,Si,No,No
2024,P070240008,No,Si,No,No
2024,P070290001,No,Si,No,No
2024,P070310962,No,Si,No,No
2024,P070410001,No,Si,No,No
2024,P071061246,No,Si,No,No
2024,P071090002,No,Si,No,No
2024,P071150031,No,Si,No,No
2024,P071160001,No,Si,No,No
2024,P070410039,No,Si,No,No
2024,P070470737,No,Si,No,No
2024,P070511473,No,Si,No,No
2024,P070520040,No,Si,No,No
2024,P050180455,No,Si,No,No
2024,P050180531,No,Si,No,No
2024,P050240079,No,Si,No,No
2024,P050240091,No,Si,No,No
2024,P080110087,No,Si,No,No
2024,P080120001,No,Si,No,No
2024,P080290481,No,Si,No,No
2024,P080371102,No,Si,No,No
2024,P070590204,No,Si,No,No
2024,P070640005,No,Si,No,No
2024,P070690510,No,Si,No,No
2024,P070691058,No,Si,No,No
2024,P070520049,No,Si,No,No
2024,P070590013,No,Si,No,No
2024,P070590431,No,Si,No,No
2024,P070620615,No,Si,No,No
2024,P080371128,No,Si,No,No
2024,P080373030,No,Si,No,No
2024,P080521349,No,Si,No,No
2024,P080540001,No,Si,No,No
2024,P070890179,No,Si,No,No
2024,P070890200,No,Si,No,No
2024,P070891032,No,Si,No,No
2024,P070923803,No,Si,No,No
2024,P050240098,No,Si,No,No
2024,P050250767,No,Si,No,No
2024,P050251731,No,Si,No,No
2024,P050270621,No,Si,No,No
2024,P050300236,No,Si,No,No
2024,P050330217,No,Si,No,No
2024,P060020004,No,Si,No,No
2024,P060020652,No,Si,No,No
2024,P070990114,No,Si,No,No
2024,P070990817,No,Si,No,No
2024,P071010132,No,Si,No,No
2024,P071140020,No,Si,No,No
2024,P080100013,No,Si,No,No
2024,P080111971,No,Si,No,No
2024,P080180001,No,Si,No,No
2024,P080190016,No,Si,No,No
2024,P080192509,No,Si,No,No
2024,P080215558,No,Si,No,No
2024,P080370001,No,Si,No,No
2024,P080370051,No,Si,No,No
2024,P080524153,No,Si,No,No
2024,P080620001,No,Si,No,No
2024,P090020001,No,Si,No,No
2024,P090030566,No,Si,No,No
2024,P060070002,No,Si,No,No
2024,P070030006,No,Si,No,No
2024,P070150003,No,Si,No,No
2024,P070190001,No,Si,No,No
2024,P090030673,No,Si,No,No
2024,P090030674,No,Si,No,No
2024,P090040792,No,Si,No,No
2024,P090050001,No,Si,No,No
2024,P070990316,No,Si,No,No
2024,P071010125,No,Si,No,No
2024,P071010222,No,Si,No,No
2024,P071010271,No,Si,No,No
2024,P071142684,No,Si,No,No
2024,P071240015,No,Si,No,No
2024,P071240188,No,Si,No,No
2024,P080010378,No,Si,No,No
2024,P080060133,No,Si,No,No
2024,P080070253,No,Si,No,No
2024,P080510238,No,Si,No,No
2024,P089999999,No,Si,No,No
2024,P090020407,No,Si,No,No
2024,P090020446,No,Si,No,No
2024,P090030001,No,Si,No,No
2024,P090030691,No,Si,No,No
2024,P090040732,No,Si,No,No
2024,P090051190,No,Si,No,No
2024,P090071382,No,Si,No,No
2024,P090071547,No,Si,No,No
2024,P090100204,No,Si,No,No
2024,P090150001,No,Si,No,No
2024,P100010112,No,Si,No,No
2024,P100050001,No,Si,No,No
2024,P100050366,No,Si,No,No
2024,P100071137,No,Si,No,No
2024,P100120001,No,Si,No,No
2024,P100200015,No,Si,No,No
2024,P100210800,No,Si,No,No
2024,P100260750,No,Si,No,No
2024,P100270001,No,Si,No,No
2024,P100270014,No,Si,No,No
2024,P100271789,No,Si,No,No
2024,P100301566,No,Si,No,No
2024,P110049999,No,Si,No,No
2024,P110070033,No,Si,No,No
2024,P110072416,No,Si,No,No
2024,P110155066,No,Si,No,No
2024,P110170393,No,Si,No,No
2024,P110170507,No,Si,No,No
2024,P110200001,No,Si,No,No
2024,P110200381,No,Si,No,No
2024,P110329999,No,Si,No,No
2024,P119999999,No,Si,No,No
2024,P120210017,No,Si,No,No
2024,P120410001,No,Si,No,No
2024,P120540001,No,Si,No,No
2024,P130150013,No,Si,No,No
2024,P070780030,No,Si,No,No
2024,P070890001,No,Si,No,No
2024,P070891809,No,Si,No,No
2024,P071000009,No,Si,No,No
2024,P071010166,No,Si,No,No
2024,P071030012,No,Si,No,No
2024,P071240001,No,Si,No,No
2024,P080010803,No,Si,No,No
2024,P080060001,No,Si,No,No
2024,P080110891,No,Si,No,No
2024,P080170137,No,Si,No,No
2024,P080190243,No,Si,No,No
2024,P080210001,No,Si,No,No
2024,P080230033,No,Si,No,No
2024,P080240046,No,Si,No,No
2024,P080369999,No,Si,No,No
2024,P070240025,No,Si,No,No
2024,P070310446,No,Si,No,No
2024,P070341107,No,Si,No,No
2024,P070490024,No,Si,No,No
2024,P080370750,No,Si,No,No
2024,P080510206,No,Si,No,No
2024,P090030613,No,Si,No,No
2024,P090030706,No,Si,No,No
2024,P090051095,No,Si,No,No
2024,P090122049,No,Si,No,No
2024,P090122109,No,Si,No,No
2024,P090122157,No,Si,No,No
2024,P090051016,No,Si,No,No
2024,P090051072,No,Si,No,No
2024,P090051162,No,Si,No,No
2024,P090061258,No,Si,No,No
2024,P070520075,No,Si,No,No
2024,P070701965,No,Si,No,No
2024,P070871816,No,Si,No,No
2024,P070990224,No,Si,No,No
2024,P090100025,No,Si,No,No
2024,P090100034,No,Si,No,No
2024,P090122074,No,Si,No,No
2024,P090132385,No,Si,No,No
2024,P090122879,No,Si,No,No
2024,P090132494,No,Si,No,No
2024,P090140493,No,Si,No,No
2024,P090140496,No,Si,No,No
2024,P080650004,No,Si,No,No
2024,P090020385,No,Si,No,No
2024,P090030580,No,Si,No,No
2024,P090030622,No,Si,No,No
2024,P090140548,No,Si,No,No
2024,P090161860,No,Si,No,No
2024,P090172312,No,Si,No,No
2024,P090172354,No,Si,No,No
2024,P130180034,No,Si,No,No
2024,P130250003,No,Si,No,No
2024,P130250042,No,Si,No,No
2024,P130280001,No,Si,No,No
2024,P071000005,No,Si,No,No
2024,P071010001,No,Si,No,No
2024,P071010229,No,Si,No,No
2024,P071020001,No,Si,No,No
2024,P090030708,No,Si,No,No
2024,P090051203,No,Si,No,No
2024,P090071410,No,Si,No,No
2024,P090100001,No,Si,No,No
2024,P090150838,No,Si,No,No
2024,P090150919,No,Si,No,No
2024,P090162785,No,Si,No,No
2024,P100020547,No,Si,No,No
2024,P100040001,No,Si,No,No
2024,P100050173,No,Si,No,No
2024,P100051737,No,Si,No,No
2024,P100060001,No,Si,No,No
2024,P100071012,No,Si,No,No
2024,P100071175,No,Si,No,No
2024,P100121305,No,Si,No,No
2024,P100140001,No,Si,No,No
2024,P090100009,No,Si,No,No
2024,P090100082,No,Si,No,No
2024,P090122027,No,Si,No,No
2024,P090161785,No,Si,No,No
2024,P100140202,No,Si,No,No
2024,P100230082,No,Si,No,No
2024,P100290001,No,Si,No,No
2024,P100320631,No,Si,No,No
2024,P100050074,No,Si,No,No
2024,P100050185,No,Si,No,No
2024,P100070001,No,Si,No,No
2024,P100111528,No,Si,No,No
2024,P090161822,No,Si,No,No
2024,P090172358,No,Si,No,No
2024,P100070028,No,Si,No,No
2024,P100070999,No,Si,No,No
2024,P100131374,No,Si,No,No
2024,P100140985,No,Si,No,No
2024,P100141473,No,Si,No,No
2024,P100170001,No,Si,No,No
2024,P071060001,No,Si,No,No
2024,P071081391,No,Si,No,No
2024,P080010003,No,Si,No,No
2024,P080032086,No,Si,No,No
2024,P100071176,No,Si,No,No
2024,P100079999,No,Si,No,No
2024,P100120026,No,Si,No,No
2024,P100181655,No,Si,No,No
2024,P130280025,No,Si,No,No
2024,P130300034,No,Si,No,No
2024,P130430022,No,Si,No,No
2024,P130430025,No,Si,No,No
2024,P100230001,No,Si,No,No
2024,P100241689,No,Si,No,No
2024,P100260765,No,Si,No,No
2024,P100320697,No,Si,No,No
2024,P130430027,No,Si,No,No
2024,P130440001,No,Si,No,No
2024,P130460030,No,Si,No,No
2024,P130460042,No,Si,No,No
2024,P100350001,No,Si,No,No
2024,P100353044,No,Si,No,No
2024,P109999999,No,Si,No,No
2024,P110030126,No,Si,No,No
2024,P130460102,No,Si,No,No
2024,P130520019,No,Si,No,No
2024,P130540040,No,Si,No,No
2024,P130580009,No,Si,No,No
2024,P110070507,No,Si,No,No
2024,P110170079,No,Si,No,No
2024,P110170226,No,Si,No,No
2024,P110200014,No,Si,No,No
2024,P130590007,No,Si,No,No
2024,P130590054,No,Si,No,No
2024,P130600033,No,Si,No,No
2024,P130611994,No,Si,No,No
2024,P110204769,No,Si,No,No
2024,P110260507,No,Si,No,No
2024,P110270504,No,Si,No,No
2024,P110330043,No,Si,No,No
2024,P110402319,No,Si,No,No
2024,P110432204,No,Si,No,No
2024,P120000000,No,Si,No,No
2024,P120010866,No,Si,No,No
2024,P130780008,No,Si,No,No
2024,P130780017,No,Si,No,No
2024,P130840004,No,Si,No,No
2024,P130840050,No,Si,No,No
2024,P120423153,No,Si,No,No
2024,P120623465,No,Si,No,No
2024,P130120001,No,Si,No,No
2024,P130150001,No,Si,No,No
2024,P100260736,No,Si,No,No
2024,P100340719,No,Si,No,No
2024,P100360034,No,Si,No,No
2024,P110031936,No,Si,No,No
2024,P110050003,No,Si,No,No
2024,P110072574,No,Si,No,No
2024,P110204119,No,Si,No,No
2024,P110230001,No,Si,No,No
2024,P110270001,No,Si,No,No
2024,P110270005,No,Si,No,No
2024,P110310308,No,Si,No,No
2024,P110363322,No,Si,No,No
2024,P110370022,No,Si,No,No
2024,P110370152,No,Si,No,No
2024,P110379044,No,Si,No,No
2024,P110430048,No,Si,No,No
2024,P130150027,No,Si,No,No
2024,P130150078,No,Si,No,No
2024,P130211991,No,Si,No,No
2024,P130300011,No,Si,No,No
2024,P120010488,No,Si,No,No
2024,P120070188,No,Si,No,No
2024,P120290153,No,Si,No,No
2024,P120580001,No,Si,No,No
2024,P130300014,No,Si,No,No
2024,P130370062,No,Si,No,No
2024,P130430031,No,Si,No,No
2024,P130650869,No,Si,No,No
2024,P130110029,No,Si,No,No
2024,P130121510,No,Si,No,No
2024,P130170847,No,Si,No,No
2024,P130180001,No,Si,No,No
2024,P130190010,No,Si,No,No
2024,P130341341,No,Si,No,No
2024,P130420001,No,Si,No,No
2024,P130520001,No,Si,No,No
2024,P080079999,No,Si,No,No
2024,P080190005,No,Si,No,No
2024,P080192548,No,Si,No,No
2024,P080290001,No,Si,No,No
2024,P100320711,No,Si,No,No
2024,P100372755,No,Si,No,No
2024,P110070742,No,Si,No,No
2024,P110201116,No,Si,No,No
2024,P130610002,No,Si,No,No
2024,P130620002,No,Si,No,No
2024,P130710013,No,Si,No,No
2024,P130730034,No,Si,No,No
2024,P080360051,No,Si,No,No
2024,P080390001,No,Si,No,No
2024,P081272271,No,Si,No,No
2024,P090020476,No,Si,No,No
2024,P130780028,No,Si,No,No
2024,P130790020,No,Si,No,No
2024,P140190109,No,Si,No,No
2024,P140390001,No,Si,No,No
2024,P090061263,No,Si,No,No
2024,P090071357,No,Si,No,No
2024,P090071426,No,Si,No,No
2024,P090111933,No,Si,No,No
2024,P130760820,No,Si,No,No
2024,P130800005,No,Si,No,No
2024,P130840046,No,Si,No,No
2024,P140534164,No,Si,No,No
2024,P110201868,No,Si,No,No
2024,P110230796,No,Si,No,No
2024,P110370186,No,Si,No,No
2024,P120014150,No,Si,No,No
2024,P090111983,No,Si,No,No
2024,P090111991,No,Si,No,No
2024,P090122085,No,Si,No,No
2024,P090140509,No,Si,No,No
2024,P120131155,No,Si,No,No
2024,P120290143,No,Si,No,No
2024,P120320233,No,Si,No,No
2024,P120350015,No,Si,No,No
2024,P140490001,No,Si,No,No
2024,P140610177,No,Si,No,No
2024,P140610358,No,Si,No,No
2024,P140611103,No,Si,No,No
2024,P090172372,No,Si,No,No
2024,P100041726,No,Si,No,No
2024,P100110010,No,Si,No,No
2024,P100121341,No,Si,No,No
2024,P140780001,No,Si,No,No
2024,P140971296,No,Si,No,No
2024,P140981158,No,Si,No,No
2024,P140981198,No,Si,No,No
2024,P100130001,No,Si,No,No
2024,P100260001,No,Si,No,No
2024,P100320001,No,Si,No,No
2024,P100320693,No,Si,No,No
2024,P141200588,No,Si,No,No
2024,P150023991,No,Si,No,No
2024,P150030027,No,Si,No,No
2024,P150050851,No,Si,No,No
2024,P150080076,No,Si,No,No
2024,P150132185,No,Si,No,No
2024,P150314209,No,Si,No,No
2024,P150314281,No,Si,No,No
2024,P140630005,No,Si,No,No
2024,P140670002,No,Si,No,No
2024,P141200567,No,Si,No,No
2024,P141220001,No,Si,No,No
2024,P150330032,No,Si,No,No
2024,P150333746,No,Si,No,No
2024,P150363842,No,Si,No,No
2024,P150400002,No,Si,No,No
2024,P150400011,No,Si,No,No
2024,P150400037,No,Si,No,No
2024,P150452859,No,Si,No,No
2024,P150505303,No,Si,No,No
2024,P150520017,No,Si,No,No
2024,P150560007,No,Si,No,No
2024,P150572290,No,Si,No,No
2024,P150572329,No,Si,No,No
2024,P150630011,No,Si,No,No
2024,P150684502,No,Si,No,No
2024,P150731895,No,Si,No,No
2024,P150761626,No,Si,No,No
2024,P150800030,No,Si,No,No
2024,P150800036,No,Si,No,No
2024,P150820001,No,Si,No,No
2024,P150820011,No,Si,No,No
2024,P150820176,No,Si,No,No
2024,P150820216,No,Si,No,No
2024,P150820512,No,Si,No,No
2024,P150870813,No,Si,No,No
2024,P150029999,No,Si,No,No
2024,P150030002,No,Si,No,No
2024,P150030017,No,Si,No,No
2024,P150030024,No,Si,No,No
2024,P150880003,No,Si,No,No
2024,P150880013,No,Si,No,No
2024,P150880018,No,Si,No,No
2024,P150880053,No,Si,No,No
2024,P150880058,No,Si,No,No
2024,P150970025,No,Si,No,No
2024,P150994088,No,Si,No,No
2024,P150994151,No,Si,No,No
2024,P150030058,No,Si,No,No
2024,P150030075,No,Si,No,No
2024,P150040034,No,Si,No,No
2024,P150070009,No,Si,No,No
2024,P151004064,No,Si,No,No
2024,P151042566,No,Si,No,No
2024,P151042581,No,Si,No,No
2024,P151042682,No,Si,No,No
2024,P140390019,No,Si,No,No
2024,P140390493,No,Si,No,No
2024,P140610325,No,Si,No,No
2024,P140981174,No,Si,No,No
2024,P150071054,No,Si,No,No
2024,P150080037,No,Si,No,No
2024,P150080224,No,Si,No,No
2024,P150114202,No,Si,No,No
2024,P151042793,No,Si,No,No
2024,P151050053,No,Si,No,No
2024,P151110947,No,Si,No,No
2024,P151147349,No,Si,No,No
2024,P151170017,No,Si,No,No
2024,P151170019,No,Si,No,No
2024,P151170054,No,Si,No,No
2024,P151213050,No,Si,No,No
2024,P141151476,No,Si,No,No
2024,P141200001,No,Si,No,No
2024,P141240005,No,Si,No,No
2024,P141249999,No,Si,No,No
2024,P150132159,No,Si,No,No
2024,P150146183,No,Si,No,No
2024,P150190001,No,Si,No,No
2024,P150200096,No,Si,No,No
2024,P151213094,No,Si,No,No
2024,P151214860,No,Si,No,No
2024,P151230028,No,Si,No,No
2024,P151240005,No,Si,No,No
2024,P150020015,No,Si,No,No
2024,P150030013,No,Si,No,No
2024,P150030025,No,Si,No,No
2024,P150030030,No,Si,No,No
2024,P120351749,No,Si,No,No
2024,P120450001,No,Si,No,No
2024,P130100876,No,Si,No,No
2024,P130104273,No,Si,No,No
2024,P130150010,No,Si,No,No
2024,P130150015,No,Si,No,No
2024,P130150023,No,Si,No,No
2024,P130211988,No,Si,No,No
2024,P151240012,No,Si,No,No
2024,P151240026,No,Si,No,No
2024,P151240032,No,Si,No,No
2024,P151240038,No,Si,No,No
2024,P151240051,No,Si,No,No
2024,P151240058,No,Si,No,No
2024,P151240067,No,Si,No,No
2024,P151240098,No,Si,No,No
2024,P150232593,No,Si,No,No
2024,P150233035,No,Si,No,No
2024,P150314993,No,Si,No,No
2024,P150333602,No,Si,No,No
2024,P151240105,No,Si,No,No
2024,P151240106,No,Si,No,No
2024,P151240114,No,Si,No,No
2024,P151240130,No,Si,No,No
2024,P130270003,No,Si,No,No
2024,P130280008,No,Si,No,No
2024,P130280056,No,Si,No,No
2024,P130400037,No,Si,No,No
2024,P130470021,No,Si,No,No
2024,P130480239,No,Si,No,No
2024,P130490001,No,Si,No,No
2024,P130590009,No,Si,No,No
2024,P150333692,No,Si,No,No
2024,P150335080,No,Si,No,No
2024,P150394328,No,Si,No,No
2024,P150400007,No,Si,No,No
2024,P150450027,No,Si,No,No
2024,P150541674,No,Si,No,No
2024,P150560013,No,Si,No,No
2024,P150572390,No,Si,No,No
2024,P130590017,No,Si,No,No
2024,P130600061,No,Si,No,No
2024,P130730022,No,Si,No,No
2024,P130760816,No,Si,No,No
2024,P151240142,No,Si,No,No
2024,P160030015,No,Si,No,No
2024,P160080044,No,Si,No,No
2024,P160080170,No,Si,No,No
2024,P100340593,No,Si,No,No
2024,P110040507,No,Si,No,No
2024,P110140001,No,Si,No,No
2024,P110170366,No,Si,No,No
2024,P150590001,No,Si,No,No
2024,P150640020,No,Si,No,No
2024,P150661012,No,Si,No,No
2024,P150720001,No,Si,No,No
2024,P160102014,No,Si,No,No
2024,P160140001,No,Si,No,No
2024,P160380031,No,Si,No,No
2024,P160430974,No,Si,No,No
2024,P150720011,No,Si,No,No
2024,P150740161,No,Si,No,No
2024,P150771237,No,Si,No,No
2024,P150800017,No,Si,No,No
2024,P130800011,No,Si,No,No
2024,P130810001,No,Si,No,No
2024,P130840036,No,Si,No,No
2024,P130840088,No,Si,No,No
2024,P110170405,No,Si,No,No
2024,P110201028,No,Si,No,No
2024,P110279999,No,Si,No,No
2024,P110370190,No,Si,No,No
2024,P150800018,No,Si,No,No
2024,P150800022,No,Si,No,No
2024,P150800033,No,Si,No,No
2024,P150800034,No,Si,No,No
2024,P140190165,No,Si,No,No
2024,P140191481,No,Si,No,No
2024,P140210046,No,Si,No,No
2024,P140310001,No,Si,No,No
2024,P160520000,No,Si,No,No
2024,P160520091,No,Si,No,No
2024,P160530001,No,Si,No,No
2024,P160530014,No,Si,No,No
2024,P150800079,No,Si,No,No
2024,P150820057,No,Si,No,No
2024,P150840001,No,Si,No,No
2024,P150850031,No,Si,No,No
2024,P160840001,No,Si,No,No
2024,P160920001,No,Si,No,No
2024,P161021714,No,Si,No,No
2024,P161120052,No,Si,No,No
2024,P170070106,No,Si,No,No
2024,P170080474,No,Si,No,No
2024,P170120578,No,Si,No,No
2024,P170230001,No,Si,No,No
2024,P150870020,No,Si,No,No
2024,P150880001,No,Si,No,No
2024,P150880009,No,Si,No,No
2024,P150880012,No,Si,No,No
2024,P180060001,No,Si,No,No
2024,P180190467,No,Si,No,No
2024,P190040002,No,Si,No,No
2024,P190061403,No,Si,No,No
2024,P150880031,No,Si,No,No
2024,P150880039,No,Si,No,No
2024,P150880040,No,Si,No,No
2024,P150880042,No,Si,No,No
2024,P140390005,No,Si,No,No
2024,P140430033,No,Si,No,No
2024,P140610204,No,Si,No,No
2024,P141013194,No,Si,No,No
2024,P150880044,No,Si,No,No
2024,P150953008,No,Si,No,No
2024,P150990001,No,Si,No,No
2024,P151000002,No,Si,No,No
2024,P110422759,No,Si,No,No
2024,P120010101,No,Si,No,No
2024,P120283033,No,Si,No,No
2024,P120290001,No,Si,No,No
2024,P190063867,No,Si,No,No
2024,P190063976,No,Si,No,No
2024,P190072394,No,Si,No,No
2024,P190140024,No,Si,No,No
2024,P190170181,No,Si,No,No
2024,P190190001,No,Si,No,No
2024,P190230001,No,Si,No,No
2024,P190261515,No,Si,No,No
2024,P120520001,No,Si,No,No
2024,P130080211,No,Si,No,No
2024,P130136428,No,Si,No,No
2024,P130280081,No,Si,No,No
2024,P190261649,No,Si,No,No
2024,P190330966,No,Si,No,No
2024,P190390003,No,Si,No,No
2024,P190390010,No,Si,No,No
2024,P130300008,No,Si,No,No
2024,P130300012,No,Si,No,No
2024,P130300027,No,Si,No,No
2024,P130503339,No,Si,No,No
2024,P190390014,No,Si,No,No
2024,P190390016,No,Si,No,No
2024,P190390022,No,Si,No,No
2024,P190390294,No,Si,No,No
2024,P190440633,No,Si,No,No
2024,P190461194,No,Si,No,No
2024,P200350001,No,Si,No,No
2024,P200430001,No,Si,No,No
2024,P130550690,No,Si,No,No
2024,P130769999,No,Si,No,No
2024,P130780025,No,Si,No,No
2024,P130780026,No,Si,No,No
2024,P200440001,No,Si,No,No
2024,P200522370,No,Si,No,No
2024,P200792311,No,Si,No,No
2024,P201580004,No,Si,No,No
2024,P130781279,No,Si,No,No
2024,P130840007,No,Si,No,No
2024,P130840042,No,Si,No,No
2024,P130840062,No,Si,No,No
2024,P201690004,No,Si,No,No
2024,P201710002,No,Si,No,No
2024,P202050007,No,Si,No,No
2024,P202050020,No,Si,No,No
2024,P150010025,No,Si,No,No
2024,P150030001,No,Si,No,No
2024,P150030007,No,Si,No,No
2024,P150030008,No,Si,No,No
2024,P140130005,No,Si,No,No
2024,P140390249,No,Si,No,No
2024,P140610601,No,Si,No,No
2024,P140610618,No,Si,No,No
2024,P202050048,No,Si,No,No
2024,P202320006,No,Si,No,No
2024,P203120006,No,Si,No,No
2024,P203183207,No,Si,No,No
2024,P151050068,No,Si,No,No
2024,P151060001,No,Si,No,No
2024,P151068423,No,Si,No,No
2024,P151100012,No,Si,No,No
2024,P150030062,No,Si,No,No
2024,P150030081,No,Si,No,No
2024,P150030082,No,Si,No,No
2024,P150036668,No,Si,No,No
2024,P150100086,No,Si,No,No
2024,P150210032,No,Si,No,No
2024,P150210054,No,Si,No,No
2024,P150300001,No,Si,No,No
2024,P151213163,No,Si,No,No
2024,P151230047,No,Si,No,No
2024,P151230176,No,Si,No,No
2024,P151240001,No,Si,No,No
2024,P204820012,No,Si,No,No
2024,P204890012,No,Si,No,No
2024,P205260104,No,Si,No,No
2024,P205590031,No,Si,No,No
2024,P205702753,No,Si,No,No
2024,P209999999,No,Si,No,No
2024,P210090002,No,Si,No,No
2024,P210139999,No,Si,No,No
2024,P151240009,No,Si,No,No
2024,P151240011,No,Si,No,No
2024,P151240034,No,Si,No,No
2024,P151240055,No,Si,No,No
2024,P210610008,No,Si,No,No
2024,P210691633,No,Si,No,No
2024,P210720003,No,Si,No,No
2024,P211140177,No,Si,No,No
2024,P211680001,No,Si,No,No
2024,P211790010,No,Si,No,No
2024,P220060010,No,Si,No,No
2024,P220061008,No,Si,No,No
2024,P220070001,No,Si,No,No
2024,P220080788,No,Si,No,No
2024,P220140091,No,Si,No,No
2024,P220140281,No,Si,No,No
2024,P230050264,No,Si,No,No
2024,P230070146,No,Si,No,No
2024,P230070147,No,Si,No,No
2024,P230080288,No,Si,No,No
2024,P230110001,No,Si,No,No
2024,P240020030,No,Si,No,No
2024,P240030046,No,Si,No,No
2024,P240100001,No,Si,No,No
2024,P151240057,No,Si,No,No
2024,P151240064,No,Si,No,No
2024,P151240078,No,Si,No,No
2024,P151240102,No,Si,No,No
2024,P240130001,No,Si,No,No
2024,P240130021,No,Si,No,No
2024,P240130053,No,Si,No,No
2024,P240200093,No,Si,No,No
2024,P151240104,No,Si,No,No
2024,P151240108,No,Si,No,No
2024,P151240118,No,Si,No,No
2024,P151240140,No,Si,No,No
2024,P240220046,No,Si,No,No
2024,P240230038,No,Si,No,No
2024,P240260007,No,Si,No,No
2024,P240290011,No,Si,No,No
2024,P240370006,No,Si,No,No
2024,P240370076,No,Si,No,No
2024,P240370092,No,Si,No,No
2024,P240370210,No,Si,No,No
2024,P160080505,No,Si,No,No
2024,P160260001,No,Si,No,No
2024,P160400001,No,Si,No,No
2024,P160520084,No,Si,No,No
2024,P240380017,No,Si,No,No
2024,P240390096,No,Si,No,No
2024,P240470012,No,Si,No,No
2024,P240470052,No,Si,No,No
2024,P160552706,No,Si,No,No
2024,P160660001,No,Si,No,No
2024,P161110007,No,Si,No,No
2024,P170060452,No,Si,No,No
2024,P240540046,No,Si,No,No
2024,P240540073,No,Si,No,No
2024,P250030269,No,Si,No,No
2024,P250030826,No,Si,No,No
2024,P170080470,No,Si,No,No
2024,P170140322,No,Si,No,No
2024,P180060755,No,Si,No,No
2024,P180080001,No,Si,No,No
2024,P250050336,No,Si,No,No
2024,P250060001,No,Si,No,No
2024,P250060245,No,Si,No,No
2024,P250060263,No,Si,No,No
2024,P180090381,No,Si,No,No
2024,P180170214,No,Si,No,No
2024,P180200001,No,Si,No,No
2024,P190060396,No,Si,No,No
2024,P250060305,No,Si,No,No
2024,P250060622,No,Si,No,No
2024,P250060627,No,Si,No,No
2024,P260060007,No,Si,No,No
2024,P190060410,No,Si,No,No
2024,P190061354,No,Si,No,No
2024,P190062689,No,Si,No,No
2024,P190070046,No,Si,No,No
2024,P260130001,No,Si,No,No
2024,P260170320,No,Si,No,No
2024,P260170358,No,Si,No,No
2024,P260180872,No,Si,No,No
2024,P260290923,No,Si,No,No
2024,P260300013,No,Si,No,No
2024,P260300589,No,Si,No,No
2024,P260301299,No,Si,No,No
2024,P190140154,No,Si,No,No
2024,P190140170,No,Si,No,No
2024,P190180005,No,Si,No,No
2024,P190210729,No,Si,No,No
2024,P260350001,No,Si,No,No
2024,P260423730,No,Si,No,No
2024,P260430630,No,Si,No,No
2024,P260470419,No,Si,No,No
2024,P190360007,No,Si,No,No
2024,P190360010,No,Si,No,No
2024,P190391452,No,Si,No,No
2024,P190399999,No,Si,No,No
2024,P150333421,No,Si,No,No
2024,P150344531,No,Si,No,No
2024,P150400009,No,Si,No,No
2024,P150400015,No,Si,No,No
2024,P260560001,No,Si,No,No
2024,P260580009,No,Si,No,No
2024,P260700005,No,Si,No,No
2024,P270010001,No,Si,No,No
2024,P190480850,No,Si,No,No
2024,P190493240,No,Si,No,No
2024,P200090001,No,Si,No,No
2024,P200410014,No,Si,No,No
2024,P270010073,No,Si,No,No
2024,P270020001,No,Si,No,No
2024,P270040001,No,Si,No,No
2024,P270180005,No,Si,No,No
2024,P270180082,No,Si,No,No
2024,P280010003,No,Si,No,No
2024,P280010104,No,Si,No,No
2024,P280010110,No,Si,No,No
2024,P280010225,No,Si,No,No
2024,P280020049,No,Si,No,No
2024,P280020154,No,Si,No,No
2024,P280020215,No,Si,No,No
2024,P140932127,No,Si,No,No
2024,P140970001,No,Si,No,No
2024,P141050005,No,Si,No,No
2024,P141059999,No,Si,No,No
2024,P280020232,No,Si,No,No
2024,P280020256,No,Si,No,No
2024,P280020388,No,Si,No,No
2024,P280020428,No,Si,No,No
2024,P200410051,No,Si,No,No
2024,P200420005,No,Si,No,No
2024,P201340020,No,Si,No,No
2024,P201360011,No,Si,No,No
2024,P201660013,No,Si,No,No
2024,P201840017,No,Si,No,No
2024,P201840021,No,Si,No,No
2024,P201840112,No,Si,No,No
2024,P280020478,No,Si,No,No
2024,P280030143,No,Si,No,No
2024,P280030176,No,Si,No,No
2024,P280030342,No,Si,No,No
2024,P150410997,No,Si,No,No
2024,P150520015,No,Si,No,No
2024,P150541856,No,Si,No,No
2024,P150572373,No,Si,No,No
2024,P150622028,No,Si,No,No
2024,P150630002,No,Si,No,No
2024,P150630025,No,Si,No,No
2024,P150640007,No,Si,No,No
2024,P280030440,No,Si,No,No
2024,P280039999,No,Si,No,No
2024,P280040034,No,Si,No,No
2024,P280050008,No,Si,No,No
2024,P280050076,No,Si,No,No
2024,P280050092,No,Si,No,No
2024,P280050118,No,Si,No,No
2024,P280060003,No,Si,No,No
2024,P201880007,No,Si,No,No
2024,P204130124,No,Si,No,No
2024,P205270002,No,Si,No,No
2024,P205590033,No,Si,No,No
2024,P150740097,No,Si,No,No
2024,P150800003,No,Si,No,No
2024,P150800071,No,Si,No,No
2024,P150820157,No,Si,No,No
2024,P280060007,No,Si,No,No
2024,P280060009,No,Si,No,No
2024,P280060010,No,Si,No,No
2024,P280060012,No,Si,No,No
2024,P141200709,No,Si,No,No
2024,P141200899,No,Si,No,No
2024,P150010001,No,Si,No,No
2024,P150010395,No,Si,No,No
2024,P150821164,No,Si,No,No
2024,P150860026,No,Si,No,No
2024,P150880021,No,Si,No,No
2024,P150880022,No,Si,No,No
2024,P150030004,No,Si,No,No
2024,P150030078,No,Si,No,No
2024,P150080020,No,Si,No,No
2024,P150110217,No,Si,No,No
2024,P280060016,No,Si,No,No
2024,P280060018,No,Si,No,No
2024,P280070011,No,Si,No,No
2024,P280070032,No,Si,No,No
2024,P150880026,No,Si,No,No
2024,P150880072,No,Si,No,No
2024,P150899333,No,Si,No,No
2024,P150900039,No,Si,No,No
2024,P280070472,No,Si,No,No
2024,P280080016,No,Si,No,No
2024,P280080156,No,Si,No,No
2024,P280080251,No,Si,No,No
2024,P150940001,No,Si,No,No
2024,P150970018,No,Si,No,No
2024,P150970033,No,Si,No,No
2024,P150971394,No,Si,No,No
2024,P280080264,No,Si,No,No
2024,P280110001,No,Si,No,No
2024,P280110010,No,Si,No,No
2024,P280110069,No,Si,No,No
2024,P210100020,No,Si,No,No
2024,P210190064,No,Si,No,No
2024,P210360019,No,Si,No,No
2024,P210500008,No,Si,No,No
2024,P210500016,No,Si,No,No
2024,P210640036,No,Si,No,No
2024,P210670001,No,Si,No,No
2024,P210760057,No,Si,No,No
2024,P151060176,No,Si,No,No
2024,P151060234,No,Si,No,No
2024,P151060375,No,Si,No,No
2024,P151060381,No,Si,No,No
2024,P211140347,No,Si,No,No
2024,P211329999,No,Si,No,No
2024,P211369999,No,Si,No,No
2024,P220140088,No,Si,No,No
2024,P280110125,No,Si,No,No
2024,P280110165,No,Si,No,No
2024,P280120004,No,Si,No,No
2024,P280120012,No,Si,No,No
2024,P151093326,No,Si,No,No
2024,P151170047,No,Si,No,No
2024,P151181104,No,Si,No,No
2024,P151230132,No,Si,No,No
2024,P150190005,No,Si,No,No
2024,P150333420,No,Si,No,No
2024,P150333501,No,Si,No,No
2024,P150336246,No,Si,No,No
2024,P150353037,No,Si,No,No
2024,P150370000,No,Si,No,No
2024,P150400008,No,Si,No,No
2024,P150455143,No,Si,No,No
2024,P280120124,No,Si,No,No
2024,P280120128,No,Si,No,No
2024,P280120140,No,Si,No,No
2024,P280120264,No,Si,No,No
2024,P151230134,No,Si,No,No
2024,P151240025,No,Si,No,No
2024,P151240030,No,Si,No,No
2024,P151240044,No,Si,No,No
2024,P151240045,No,Si,No,No
2024,P151240053,No,Si,No,No
2024,P151240060,No,Si,No,No
2024,P151240075,No,Si,No,No
2024,P280130002,No,Si,No,No
2024,P280130017,No,Si,No,No
2024,P280130089,No,Si,No,No
2024,P280130094,No,Si,No,No
2024,P151240087,No,Si,No,No
2024,P151240122,No,Si,No,No
2024,P151240126,No,Si,No,No
2024,P151240127,No,Si,No,No
2024,P280130096,No,Si,No,No
2024,P280130121,No,Si,No,No
2024,P280160014,No,Si,No,No
2024,P280160054,No,Si,No,No
2024,P151240132,No,Si,No,No
2024,P151245721,No,Si,No,No
2024,P160042156,No,Si,No,No
2024,P160105729,No,Si,No,No
2024,P150511570,No,Si,No,No
2024,P150520023,No,Si,No,No
2024,P150533271,No,Si,No,No
2024,P150560026,No,Si,No,No
2024,P230020248,No,Si,No,No
2024,P230050001,No,Si,No,No
2024,P230050168,No,Si,No,No
2024,P230050488,No,Si,No,No
2024,P160390001,No,Si,No,No
2024,P160430003,No,Si,No,No
2024,P160530106,No,Si,No,No
2024,P160530249,No,Si,No,No
2024,P000000000,No,Si,No,No
2024,P010110470,No,Si,No,No
2024,P020011079,No,Si,No,No
2024,P020011211,No,Si,No,No
2024,P020020023,No,Si,No,No
2024,P020020051,No,Si,No,No
2024,P020020138,No,Si,No,No
2024,P020020158,No,Si,No,No
2024,P240030098,No,Si,No,No
2024,P240080001,No,Si,No,No
2024,P240101188,No,Si,No,No
2024,P240111920,No,Si,No,No
2024,P160920020,No,Si,No,No
2024,P161080001,No,Si,No,No
2024,P170021520,No,Si,No,No
2024,P170060156,No,Si,No,No
2024,P280160060,No,Si,No,No
2024,P280160072,No,Si,No,No
2024,P280160086,No,Si,No,No
2024,P280160109,No,Si,No,No
2024,P240120001,No,Si,No,No
2024,P240130127,No,Si,No,No
2024,P240140040,No,Si,No,No
2024,P240170042,No,Si,No,No
2024,P280160262,No,Si,No,No
2024,P280170006,No,Si,No,No
2024,P280170020,No,Si,No,No
2024,P280170033,No,Si,No,No
2024,P170071010,No,Si,No,No
2024,P170329999,No,Si,No,No
2024,P180010001,No,Si,No,No
2024,P180090906,No,Si,No,No
2024,P280170065,No,Si,No,No
2024,P280170071,No,Si,No,No
2024,P280170073,No,Si,No,No
2024,P280180051,No,Si,No,No
2024,P240180010,No,Si,No,No
2024,P240280262,No,Si,No,No
2024,P240280299,No,Si,No,No
2024,P240290056,No,Si,No,No
2024,P240360022,No,Si,No,No
2024,P240370002,No,Si,No,No
2024,P240370041,No,Si,No,No
2024,P240370053,No,Si,No,No
2024,P180170108,No,Si,No,No
2024,P180190687,No,Si,No,No
2024,P190010005,No,Si,No,No
2024,P190060055,No,Si,No,No
2024,P190072407,No,Si,No,No
2024,P190080001,No,Si,No,No
2024,P190080005,No,Si,No,No
2024,P190100129,No,Si,No,No
2024,P240370096,No,Si,No,No
2024,P240370113,No,Si,No,No
2024,P240370334,No,Si,No,No
2024,P240380046,No,Si,No,No
2024,P190122954,No,Si,No,No
2024,P190140072,No,Si,No,No
2024,P190140092,No,Si,No,No
2024,P190140099,No,Si,No,No
2024,P280180077,No,Si,No,No
2024,P280190025,No,Si,No,No
2024,P280190050,No,Si,No,No
2024,P280190064,No,Si,No,No
2024,P240390061,No,Si,No,No
2024,P240410006,No,Si,No,No
2024,P240410018,No,Si,No,No
2024,P240500234,No,Si,No,No
2024,P280190095,No,Si,No,No
2024,P280190108,No,Si,No,No
2024,P280190215,No,Si,No,No
2024,P280210027,No,Si,No,No
2024,P240530001,No,Si,No,No
2024,P240540111,No,Si,No,No
2024,P240540155,No,Si,No,No
2024,P240550012,No,Si,No,No
2024,P250010240,No,Si,No,No
2024,P250060072,No,Si,No,No
2024,P250060103,No,Si,No,No
2024,P250062201,No,Si,No,No
2024,P250070161,No,Si,No,No
2024,P250100200,No,Si,No,No
2024,P250170337,No,Si,No,No
2024,P250170981,No,Si,No,No
2024,P150572280,No,Si,No,No
2024,P150572287,No,Si,No,No
2024,P150584622,No,Si,No,No
2024,P150700020,No,Si,No,No
2024,P280210067,No,Si,No,No
2024,P280210072,No,Si,No,No
2024,P280210091,No,Si,No,No
2024,P280210109,No,Si,No,No
2024,P260030001,No,Si,No,No
2024,P260121109,No,Si,No,No
2024,P260180001,No,Si,No,No
2024,P260220787,No,Si,No,No
2024,P260290001,No,Si,No,No
2024,P260300079,No,Si,No,No
2024,P260300136,No,Si,No,No
2024,P260301214,No,Si,No,No
2024,P280220098,No,Si,No,No
2024,P280220158,No,Si,No,No
2024,P280220165,No,Si,No,No
2024,P280220174,No,Si,No,No
2024,P150740001,No,Si,No,No
2024,P150800001,No,Si,No,No
2024,P150800014,No,Si,No,No
2024,P150800050,No,Si,No,No
2024,P280220209,No,Si,No,No
2024,P280220256,No,Si,No,No
2024,P280220258,No,Si,No,No
2024,P280220270,No,Si,No,No
2024,P280220278,No,Si,No,No
2024,P280220285,No,Si,No,No
2024,P280220297,No,Si,No,No
2024,P280220318,No,Si,No,No
2024,P150820047,No,Si,No,No
2024,P150820205,No,Si,No,No
2024,P150860012,No,Si,No,No
2024,P150860075,No,Si,No,No
2024,P260303053,No,Si,No,No
2024,P260360001,No,Si,No,No
2024,P260390023,No,Si,No,No
2024,P260400017,No,Si,No,No
2024,P190140139,No,Si,No,No
2024,P190180712,No,Si,No,No
2024,P190190857,No,Si,No,No
2024,P190280005,No,Si,No,No
2024,P150878652,No,Si,No,No
2024,P150880004,No,Si,No,No
2024,P150880006,No,Si,No,No
2024,P150880016,No,Si,No,No
2024,P280220337,No,Si,No,No
2024,P280220397,No,Si,No,No
2024,P280221379,No,Si,No,No
2024,P280230094,No,Si,No,No
2024,P190311910,No,Si,No,No
2024,P190360020,No,Si,No,No
2024,P190382085,No,Si,No,No
2024,P190382092,No,Si,No,No
2024,P280230372,No,Si,No,No
2024,P280230385,No,Si,No,No
2024,P280240001,No,Si,No,No
2024,P280260005,No,Si,No,No
2024,P190390017,No,Si,No,No
2024,P190460001,No,Si,No,No
2024,P190461080,No,Si,No,No
2024,P190461176,No,Si,No,No
2024,P280260006,No,Si,No,No
2024,P280260012,No,Si,No,No
2024,P280290015,No,Si,No,No
2024,P280290051,No,Si,No,No
2024,P150880019,No,Si,No,No
2024,P150880037,No,Si,No,No
2024,P150881930,No,Si,No,No
2024,P150970009,No,Si,No,No
2024,P190461203,No,Si,No,No
2024,P190490008,No,Si,No,No
2024,P199999999,No,Si,No,No
2024,P200190003,No,Si,No,No
2024,P150970021,No,Si,No,No
2024,P150970026,No,Si,No,No
2024,P151010004,No,Si,No,No
2024,P151012005,No,Si,No,No
2024,P280300012,No,Si,No,No
2024,P280300040,No,Si,No,No
2024,P280300055,No,Si,No,No
2024,P280320242,No,Si,No,No
2024,P200320001,No,Si,No,No
2024,P200410058,No,Si,No,No
2024,P200570001,No,Si,No,No
2024,P201340036,No,Si,No,No
2024,P280330236,No,Si,No,No
2024,P280330243,No,Si,No,No
2024,P280330316,No,Si,No,No
2024,P280330366,No,Si,No,No
2024,P201660026,No,Si,No,No
2024,P201820005,No,Si,No,No
2024,P201840058,No,Si,No,No
2024,P202050015,No,Si,No,No
2024,P280331097,No,Si,No,No
2024,P280340026,No,Si,No,No
2024,P280340034,No,Si,No,No
2024,P280340052,No,Si,No,No
2024,P151050001,No,Si,No,No
2024,P151050083,No,Si,No,No
2024,P151060291,No,Si,No,No
2024,P151060376,No,Si,No,No
2024,P260430010,No,Si,No,No
2024,P270020015,No,Si,No,No
2024,P270040090,No,Si,No,No
2024,P270050049,No,Si,No,No
2024,P280340078,No,Si,No,No
2024,P280340184,No,Si,No,No
2024,P280340221,No,Si,No,No
2024,P280340277,No,Si,No,No
2024,P202210001,No,Si,No,No
2024,P202250009,No,Si,No,No
2024,P202780031,No,Si,No,No
2024,P202850002,No,Si,No,No
2024,P151066551,No,Si,No,No
2024,P151101044,No,Si,No,No
2024,P151170028,No,Si,No,No
2024,P151188597,No,Si,No,No
2024,P280340510,No,Si,No,No
2024,P280350395,No,Si,No,No
2024,P280350405,No,Si,No,No
2024,P280350409,No,Si,No,No
2024,P202850005,No,Si,No,No
2024,P203180001,No,Si,No,No
2024,P204140011,No,Si,No,No
2024,P204532404,No,Si,No,No
2024,P151190033,No,Si,No,No
2024,P151200001,No,Si,No,No
2024,P151214654,No,Si,No,No
2024,P151230044,No,Si,No,No
2024,P280350410,No,Si,No,No
2024,P280360007,No,Si,No,No
2024,P280370027,No,Si,No,No
2024,P280370063,No,Si,No,No
2024,P151230074,No,Si,No,No
2024,P151230082,No,Si,No,No
2024,P151230087,No,Si,No,No
2024,P151230089,No,Si,No,No
2024,P204820011,No,Si,No,No
2024,P204820018,No,Si,No,No
2024,P204820026,No,Si,No,No
2024,P205000003,No,Si,No,No
2024,P270110001,No,Si,No,No
2024,P270180000,No,Si,No,No
2024,P280010019,No,Si,No,No
2024,P280020013,No,Si,No,No
2024,P280370091,No,Si,No,No
2024,P280370128,No,Si,No,No
2024,P280370131,No,Si,No,No
2024,P280370191,No,Si,No,No
2024,P151230177,No,Si,No,No
2024,P151240002,No,Si,No,No
2024,P151240010,No,Si,No,No
2024,P151240020,No,Si,No,No
2024,P280020021,No,Si,No,No
2024,P280020146,No,Si,No,No
2024,P280020163,No,Si,No,No
2024,P280020168,No,Si,No,No
2024,P210270008,No,Si,No,No
2024,P210450016,No,Si,No,No
2024,P210550009,No,Si,No,No
2024,P210580014,No,Si,No,No
2024,P280370220,No,Si,No,No
2024,P280380007,No,Si,No,No
2024,P280381667,No,Si,No,No
2024,P280390017,No,Si,No,No
2024,P210670004,No,Si,No,No
2024,P210710040,No,Si,No,No
2024,P211140258,No,Si,No,No
2024,P211142820,No,Si,No,No
2024,P280020180,No,Si,No,No
2024,P280020181,No,Si,No,No
2024,P280020241,No,Si,No,No
2024,P280020244,No,Si,No,No
2024,P280390027,No,Si,No,No
2024,P280390028,No,Si,No,No
2024,P280390037,No,Si,No,No
2024,P280390044,No,Si,No,No
2024,P211152248,No,Si,No,No
2024,P211690001,No,Si,No,No
2024,P211940001,No,Si,No,No
2024,P211950001,No,Si,No,No
2024,P280390045,No,Si,No,No
2024,P280390050,No,Si,No,No
2024,P280390069,No,Si,No,No
2024,P280390079,No,Si,No,No
2024,P220080028,No,Si,No,No
2024,P220110504,No,Si,No,No
2024,P220142529,No,Si,No,No
2024,P220160050,No,Si,No,No
2024,P280390083,No,Si,No,No
2024,P280410056,No,Si,No,No
2024,P280410097,No,Si,No,No
2024,P280410106,No,Si,No,No
2024,P151240028,No,Si,No,No
2024,P151240048,No,Si,No,No
2024,P151240054,No,Si,No,No
2024,P151240072,No,Si,No,No
2024,P280413207,No,Si,No,No
2024,P280420016,No,Si,No,No
2024,P280430017,No,Si,No,No
2024,P280430062,No,Si,No,No
2024,P230040001,No,Si,No,No
2024,P230050005,No,Si,No,No
2024,P230050017,No,Si,No,No
2024,P230050179,No,Si,No,No
2024,P280430080,No,Si,No,No
2024,P280430114,No,Si,No,No
2024,P280430146,No,Si,No,No
2024,P290100010,No,Si,No,No
2024,P290140100,No,Si,No,No
2024,P290330008,No,Si,No,No
2024,P290339999,No,Si,No,No
2024,P300040018,No,Si,No,No
2024,P300080010,No,Si,No,No
2024,P300210073,No,Si,No,No
2024,P300220004,No,Si,No,No
2024,P300220009,No,Si,No,No
2024,P300230039,No,Si,No,No
2024,P300230064,No,Si,No,No
2024,P300230082,No,Si,No,No
2024,P300230173,No,Si,No,No
2024,P230050938,No,Si,No,No
2024,P230080345,No,Si,No,No
2024,P230081218,No,Si,No,No
2024,P230090296,No,Si,No,No
2024,P280020330,No,Si,No,No
2024,P280020410,No,Si,No,No
2024,P280020411,No,Si,No,No
2024,P280020634,No,Si,No,No
2024,P300250013,No,Si,No,No
2024,P300250017,No,Si,No,No
2024,P300270014,No,Si,No,No
2024,P300290014,No,Si,No,No
2024,P280030017,No,Si,No,No
2024,P280030046,No,Si,No,No
2024,P280030081,No,Si,No,No
2024,P280030105,No,Si,No,No
2024,P300290017,No,Si,No,No
2024,P300320040,No,Si,No,No
2024,P300330006,No,Si,No,No
2024,P300330030,No,Si,No,No
2024,P151240093,No,Si,No,No
2024,P151240094,No,Si,No,No
2024,P151240111,No,Si,No,No
2024,P151240143,No,Si,No,No
2024,P280030112,No,Si,No,No
2024,P280030221,No,Si,No,No
2024,P280031759,No,Si,No,No
2024,P280032171,No,Si,No,No
2024,P230230165,No,Si,No,No
2024,P240030050,No,Si,No,No
2024,P240040032,No,Si,No,No
2024,P240060010,No,Si,No,No
2024,P300410002,No,Si,No,No
2024,P300440111,No,Si,No,No
2024,P300440614,No,Si,No,No
2024,P300500009,No,Si,No,No
2024,P240150001,No,Si,No,No
2024,P240170011,No,Si,No,No
2024,P240240001,No,Si,No,No
2024,P240260002,No,Si,No,No
2024,P160080721,No,Si,No,No
2024,P160100001,No,Si,No,No
2024,P160240001,No,Si,No,No
2024,P160530004,No,Si,No,No
2024,P240280291,No,Si,No,No
2024,P240290030,No,Si,No,No
2024,P240290054,No,Si,No,No
2024,P240292382,No,Si,No,No
2024,P280033841,No,Si,No,No
2024,P280040029,No,Si,No,No
2024,P280040080,No,Si,No,No
2024,P280050071,No,Si,No,No
2024,P160850001,No,Si,No,No
2024,P161070012,No,Si,No,No
2024,P170060465,No,Si,No,No
2024,P170210318,No,Si,No,No
2024,P280060001,No,Si,No,No
2024,P280060004,No,Si,No,No
2024,P280060017,No,Si,No,No
2024,P280060022,No,Si,No,No
2024,P300510009,No,Si,No,No
2024,P300510015,No,Si,No,No
2024,P300570008,No,Si,No,No
2024,P300580027,No,Si,No,No
2024,P280070026,No,Si,No,No
2024,P280070075,No,Si,No,No
2024,P280091703,No,Si,No,No
2024,P280100021,No,Si,No,No
2024,P300580038,No,Si,No,No
2024,P300580058,No,Si,No,No
2024,P300580065,No,Si,No,No
2024,P300580074,No,Si,No,No
2024,P240300001,No,Si,No,No
2024,P240310021,No,Si,No,No
2024,P240310048,No,Si,No,No
2024,P240330037,No,Si,No,No
2024,P170290001,No,Si,No,No
2024,P180020001,No,Si,No,No
2024,P180040191,No,Si,No,No
2024,P180091365,No,Si,No,No
2024,P280110013,No,Si,No,No
2024,P280110040,No,Si,No,No
2024,P280110094,No,Si,No,No
2024,P280110116,No,Si,No,No
2024,P180110001,No,Si,No,No
2024,P180150001,No,Si,No,No
2024,P180150039,No,Si,No,No
2024,P180150080,No,Si,No,No
2024,P180170001,No,Si,No,No
2024,P180190167,No,Si,No,No
2024,P190060005,No,Si,No,No
2024,P190060022,No,Si,No,No
2024,P300580086,No,Si,No,No
2024,P300610076,No,Si,No,No
2024,P300620001,No,Si,No,No
2024,P300700003,No,Si,No,No
2024,P300720001,No,Si,No,No
2024,P300760001,No,Si,No,No
2024,P300760006,No,Si,No,No
2024,P300780019,No,Si,No,No
2024,P300790021,No,Si,No,No
2024,P300830013,No,Si,No,No
2024,P300830029,No,Si,No,No
2024,P300830043,No,Si,No,No
2024,P300830057,No,Si,No,No
2024,P300830065,No,Si,No,No
2024,P300830077,No,Si,No,No
2024,P300830080,No,Si,No,No
2024,P300830091,No,Si,No,No
2024,P300870160,No,Si,No,No
2024,P300940014,No,Si,No,No
2024,P300940026,No,Si,No,No
2024,P240340013,No,Si,No,No
2024,P240360041,No,Si,No,No
2024,P240370028,No,Si,No,No
2024,P240370303,No,Si,No,No
2024,P300970001,No,Si,No,No
2024,P300980001,No,Si,No,No
2024,P300980005,No,Si,No,No
2024,P301100010,No,Si,No,No
2024,P240380097,No,Si,No,No
2024,P240420001,No,Si,No,No
2024,P240440021,No,Si,No,No
2024,P240490038,No,Si,No,No
2024,P190065838,No,Si,No,No
2024,P190092015,No,Si,No,No
2024,P190120186,No,Si,No,No
2024,P190125128,No,Si,No,No
2024,P240540021,No,Si,No,No
2024,P240540052,No,Si,No,No
2024,P240540055,No,Si,No,No
2024,P240540081,No,Si,No,No
2024,P301100052,No,Si,No,No
2024,P301170034,No,Si,No,No
2024,P301182805,No,Si,No,No
2024,P301240017,No,Si,No,No
2024,P190140036,No,Si,No,No
2024,P190140147,No,Si,No,No
2024,P190170001,No,Si,No,No
2024,P190180008,No,Si,No,No
2024,P280110131,No,Si,No,No
2024,P280120033,No,Si,No,No
2024,P280120299,No,Si,No,No
2024,P280130112,No,Si,No,No
2024,P240541657,No,Si,No,No
2024,P240550005,No,Si,No,No
2024,P240570019,No,Si,No,No
2024,P249999999,No,Si,No,No
2024,P190180213,No,Si,No,No
2024,P190253728,No,Si,No,No
2024,P190310019,No,Si,No,No
2024,P190360012,No,Si,No,No
2024,P280130175,No,Si,No,No
2024,P280130247,No,Si,No,No
2024,P280130551,No,Si,No,No
2024,P280150001,No,Si,No,No
2024,P301240018,No,Si,No,No
2024,P301240043,No,Si,No,No
2024,P301240084,No,Si,No,No
2024,P301240106,No,Si,No,No
2024,P190390050,No,Si,No,No
2024,P190390063,No,Si,No,No
2024,P190390376,No,Si,No,No
2024,P190390550,No,Si,No,No
2024,P301240111,No,Si,No,No
2024,P301270007,No,Si,No,No
2024,P301270012,No,Si,No,No
2024,P301270018,No,Si,No,No
2024,P250010002,No,Si,No,No
2024,P250010252,No,Si,No,No
2024,P250030281,No,Si,No,No
2024,P250030821,No,Si,No,No
2024,P280150006,No,Si,No,No
2024,P280150017,No,Si,No,No
2024,P280160008,No,Si,No,No
2024,P280160036,No,Si,No,No
2024,P250040146,No,Si,No,No
2024,P250050001,No,Si,No,No
2024,P250060713,No,Si,No,No
2024,P250070001,No,Si,No,No
2024,P301270026,No,Si,No,No
2024,P301290062,No,Si,No,No
2024,P301310004,No,Si,No,No
2024,P301340017,No,Si,No,No
2024,P190393064,No,Si,No,No
2024,P190421465,No,Si,No,No
2024,P190450675,No,Si,No,No
2024,P190480124,No,Si,No,No
2024,P280160038,No,Si,No,No
2024,P280160064,No,Si,No,No
2024,P280160099,No,Si,No,No
2024,P280160124,No,Si,No,No
2024,P200252010,No,Si,No,No
2024,P200390001,No,Si,No,No
2024,P200670165,No,Si,No,No
2024,P201240002,No,Si,No,No
2024,P280160147,No,Si,No,No
2024,P280170010,No,Si,No,No
2024,P280170011,No,Si,No,No
2024,P280170021,No,Si,No,No
2024,P201560001,No,Si,No,No
2024,P201840047,No,Si,No,No
2024,P201850012,No,Si,No,No
2024,P201900001,No,Si,No,No
2024,P250070453,No,Si,No,No
2024,P250110640,No,Si,No,No
2024,P250130293,No,Si,No,No
2024,P250130308,No,Si,No,No
2024,P260038763,No,Si,No,No
2024,P260130003,No,Si,No,No
2024,P260250015,No,Si,No,No
2024,P260300343,No,Si,No,No
2024,P260300459,No,Si,No,No
2024,P260309999,No,Si,No,No
2024,P260481972,No,Si,No,No
2024,P260483095,No,Si,No,No
2024,P202290021,No,Si,No,No
2024,P202780021,No,Si,No,No
2024,P203360012,No,Si,No,No
2024,P203450003,No,Si,No,No
2024,P301400002,No,Si,No,No
2024,P301410009,No,Si,No,No
2024,P301410074,No,Si,No,No
2024,P301410103,No,Si,No,No
2024,P280170038,No,Si,No,No
2024,P280170053,No,Si,No,No
2024,P280170064,No,Si,No,No
2024,P280170750,No,Si,No,No
2024,P203970001,No,Si,No,No
2024,P204670021,No,Si,No,No
2024,P204680013,No,Si,No,No
2024,P204820058,No,Si,No,No
2024,P301420069,No,Si,No,No
2024,P301470011,No,Si,No,No
2024,P301490055,No,Si,No,No
2024,P301540035,No,Si,No,No
2024,P280180211,No,Si,No,No
2024,P280180248,No,Si,No,No
2024,P280190022,No,Si,No,No
2024,P280190042,No,Si,No,No
2024,P204910008,No,Si,No,No
2024,P204980023,No,Si,No,No
2024,P210030001,No,Si,No,No
2024,P210100034,No,Si,No,No
2024,P280190043,No,Si,No,No
2024,P280190062,No,Si,No,No
2024,P280190125,No,Si,No,No
2024,P280190383,No,Si,No,No
2024,P301550014,No,Si,No,No
2024,P301550032,No,Si,No,No
2024,P301550042,No,Si,No,No
2024,P301550043,No,Si,No,No
2024,P260510001,No,Si,No,No
2024,P260580142,No,Si,No,No
2024,P260700043,No,Si,No,No
2024,P269999999,No,Si,No,No
2024,P280210002,No,Si,No,No
2024,P280210023,No,Si,No,No
2024,P280210036,No,Si,No,No
2024,P280210043,No,Si,No,No
2024,P301550053,No,Si,No,No
2024,P301550155,No,Si,No,No
2024,P301550183,No,Si,No,No
2024,P301550214,No,Si,No,No
2024,P210160003,No,Si,No,No
2024,P210190057,No,Si,No,No
2024,P210301030,No,Si,No,No
2024,P210410001,No,Si,No,No
2024,P280210046,No,Si,No,No
2024,P280210069,No,Si,No,No
2024,P280210151,No,Si,No,No
2024,P280210196,No,Si,No,No
2024,P280210310,No,Si,No,No
2024,P280220057,No,Si,No,No
2024,P280220218,No,Si,No,No
2024,P280220387,No,Si,No,No
2024,P301550229,No,Si,No,No
2024,P301550232,No,Si,No,No
2024,P301550264,No,Si,No,No
2024,P301550359,No,Si,No,No
2024,P280220404,No,Si,No,No
2024,P280220603,No,Si,No,No
2024,P280230274,No,Si,No,No
2024,P280260015,No,Si,No,No
2024,P210410442,No,Si,No,No
2024,P210490981,No,Si,No,No
2024,P210640007,No,Si,No,No
2024,P210640017,No,Si,No,No
2024,P301600026,No,Si,No,No
2024,P301600165,No,Si,No,No
2024,P301650002,No,Si,No,No
2024,P301680005,No,Si,No,No
2024,P270010023,No,Si,No,No
2024,P270010496,No,Si,No,No
2024,P270020004,No,Si,No,No
2024,P270050531,No,Si,No,No
2024,P280270480,No,Si,No,No
2024,P280270816,No,Si,No,No
2024,P280280008,No,Si,No,No
2024,P280290001,No,Si,No,No
2024,P280290096,No,Si,No,No
2024,P280290103,No,Si,No,No
2024,P280290110,No,Si,No,No
2024,P280290136,No,Si,No,No
2024,P270120652,No,Si,No,No
2024,P270141225,No,Si,No,No
2024,P270180030,No,Si,No,No
2024,P279999999,No,Si,No,No
2024,P210640025,No,Si,No,No
2024,P210640037,No,Si,No,No
2024,P211090802,No,Si,No,No
2024,P211140001,No,Si,No,No
2024,P301700009,No,Si,No,No
2024,P301700014,No,Si,No,No
2024,P301729999,No,Si,No,No
2024,P301730024,No,Si,No,No
2024,P280020011,No,Si,No,No
2024,P280020019,No,Si,No,No
2024,P280020030,No,Si,No,No
2024,P280020034,No,Si,No,No
2024,P280290141,No,Si,No,No
2024,P280300013,No,Si,No,No
2024,P280300018,No,Si,No,No
2024,P280300136,No,Si,No,No
2024,P280020202,No,Si,No,No
2024,P280020231,No,Si,No,No
2024,P280020245,No,Si,No,No
2024,P280020429,No,Si,No,No
2024,P280030001,No,Si,No,No
2024,P280030003,No,Si,No,No
2024,P280030015,No,Si,No,No
2024,P280030045,No,Si,No,No
2024,P211140170,No,Si,No,No
2024,P211190468,No,Si,No,No
2024,P211562559,No,Si,No,No
2024,P211792035,No,Si,No,No
2024,P301730035,No,Si,No,No
2024,P301730060,No,Si,No,No
2024,P301730063,No,Si,No,No
2024,P301730083,No,Si,No,No
2024,P219999999,No,Si,No,No
2024,P220060100,No,Si,No,No
2024,P220140000,No,Si,No,No
2024,P220160614,No,Si,No,No
2024,P280030090,No,Si,No,No
2024,P280040121,No,Si,No,No
2024,P280060027,No,Si,No,No
2024,P280060036,No,Si,No,No
2024,P280320013,No,Si,No,No
2024,P280320494,No,Si,No,No
2024,P280320774,No,Si,No,No
2024,P280321280,No,Si,No,No
2024,P230040027,No,Si,No,No
2024,P230050578,No,Si,No,No
2024,P230070001,No,Si,No,No
2024,P240020029,No,Si,No,No
2024,P240030013,No,Si,No,No
2024,P240030041,No,Si,No,No
2024,P240030060,No,Si,No,No
2024,P240050001,No,Si,No,No
2024,P301730087,No,Si,No,No
2024,P301730138,No,Si,No,No
2024,P301740075,No,Si,No,No
2024,P301750047,No,Si,No,No
2024,P280070048,No,Si,No,No
2024,P280070070,No,Si,No,No
2024,P280070084,No,Si,No,No
2024,P280091752,No,Si,No,No
2024,P240100105,No,Si,No,No
2024,P240150016,No,Si,No,No
2024,P240170001,No,Si,No,No
2024,P240180014,No,Si,No,No
2024,P280100064,No,Si,No,No
2024,P280120060,No,Si,No,No
2024,P280120127,No,Si,No,No
2024,P280120148,No,Si,No,No
2024,P240200100,No,Si,No,No
2024,P240220004,No,Si,No,No
2024,P240280253,No,Si,No,No
2024,P240280259,No,Si,No,No
2024,P280120177,No,Si,No,No
2024,P280130025,No,Si,No,No
2024,P280130110,No,Si,No,No
2024,P280130128,No,Si,No,No
2024,P240290019,No,Si,No,No
2024,P240290025,No,Si,No,No
2024,P240290035,No,Si,No,No
2024,P240290065,No,Si,No,No
2024,P280150019,No,Si,No,No
2024,P280160092,No,Si,No,No
2024,P280160125,No,Si,No,No
2024,P280160132,No,Si,No,No
2024,P240310038,No,Si,No,No
2024,P240370023,No,Si,No,No
2024,P240370038,No,Si,No,No
2024,P240370197,No,Si,No,No
2024,P280160140,No,Si,No,No
2024,P280160143,No,Si,No,No
2024,P280170014,No,Si,No,No
2024,P280170027,No,Si,No,No
2024,P240370214,No,Si,No,No
2024,P240380005,No,Si,No,No
2024,P240400001,No,Si,No,No
2024,P240430039,No,Si,No,No
2024,P280170035,No,Si,No,No
2024,P280170043,No,Si,No,No
2024,P280170054,No,Si,No,No
2024,P280170061,No,Si,No,No
2024,P240470051,No,Si,No,No
2024,P240540026,No,Si,No,No
2024,P240540148,No,Si,No,No
2024,P240570027,No,Si,No,No
2024,P280170063,No,Si,No,No
2024,P280190114,No,Si,No,No
2024,P280190357,No,Si,No,No
2024,P280190594,No,Si,No,No
2024,P240570075,No,Si,No,No
2024,P250050135,No,Si,No,No
2024,P250060009,No,Si,No,No
2024,P250060525,No,Si,No,No
2024,P301813246,No,Si,No,No
2024,P301840018,No,Si,No,No
2024,P301930000,No,Si,No,No
2024,P302010055,No,Si,No,No
2024,P250062069,No,Si,No,No
2024,P250070728,No,Si,No,No
2024,P250081216,No,Si,No,No
2024,P250100132,No,Si,No,No
2024,P280200028,No,Si,No,No
2024,P280200029,No,Si,No,No
2024,P280210065,No,Si,No,No
2024,P280210138,No,Si,No,No
2024,P280321308,No,Si,No,No
2024,P280330246,No,Si,No,No
2024,P280330251,No,Si,No,No
2024,P280330256,No,Si,No,No
2024,P302050007,No,Si,No,No
2024,P302050036,No,Si,No,No
2024,P309999999,No,Si,No,No
2024,P310500152,No,Si,No,No
2024,P280210189,No,Si,No,No
2024,P280210528,No,Si,No,No
2024,P280220058,No,Si,No,No
2024,P280220121,No,Si,No,No
2024,P280220200,No,Si,No,No
2024,P280220265,No,Si,No,No
2024,P280220288,No,Si,No,No
2024,P280220308,No,Si,No,No
2024,P310500155,No,Si,No,No
2024,P310560514,No,Si,No,No
2024,P310580531,No,Si,No,No
2024,P310830001,No,Si,No,No
2024,P250100148,No,Si,No,No
2024,P250100195,No,Si,No,No
2024,P250160001,No,Si,No,No
2024,P250160093,No,Si,No,No
2024,P280220377,No,Si,No,No
2024,P280220400,No,Si,No,No
2024,P280220559,No,Si,No,No
2024,P280230000,No,Si,No,No
2024,P280250004,No,Si,No,No
2024,P280270105,No,Si,No,No
2024,P280270819,No,Si,No,No
2024,P280270894,No,Si,No,No
2024,P280290014,No,Si,No,No
2024,P280290054,No,Si,No,No
2024,P280290140,No,Si,No,No
2024,P280300019,No,Si,No,No
2024,P280330277,No,Si,No,No
2024,P280330302,No,Si,No,No
2024,P280330312,No,Si,No,No
2024,P280330340,No,Si,No,No
2024,P250160787,No,Si,No,No
2024,P250181578,No,Si,No,No
2024,P260030047,No,Si,No,No
2024,P260091366,No,Si,No,No
2024,P280330562,No,Si,No,No
2024,P280340076,No,Si,No,No
2024,P280340455,No,Si,No,No
2024,P280350138,No,Si,No,No
2024,P260120088,No,Si,No,No
2024,P260251203,No,Si,No,No
2024,P260260013,No,Si,No,No
2024,P260290101,No,Si,No,No
2024,P280350179,No,Si,No,No
2024,P280350188,No,Si,No,No
2024,P280350401,No,Si,No,No
2024,P280350407,No,Si,No,No
2024,P280300062,No,Si,No,No
2024,P280300065,No,Si,No,No
2024,P280300166,No,Si,No,No
2024,P280320094,No,Si,No,No
2024,P280320177,No,Si,No,No
2024,P280320212,No,Si,No,No
2024,P280320509,No,Si,No,No
2024,P280320514,No,Si,No,No
2024,P310840356,No,Si,No,No
2024,P311020461,No,Si,No,No
2024,P320020022,No,Si,No,No
2024,P320140022,No,Si,No,No
2024,P280360005,No,Si,No,No
2024,P280370157,No,Si,No,No
2024,P280370202,No,Si,No,No
2024,P280370209,No,Si,No,No
2024,P280370288,No,Si,No,No
2024,P280370714,No,Si,No,No
2024,P280390003,No,Si,No,No
2024,P280390004,No,Si,No,No
2024,P280390022,No,Si,No,No
2024,P280390031,No,Si,No,No
2024,P280390040,No,Si,No,No
2024,P280390056,No,Si,No,No
2024,P260290111,No,Si,No,No
2024,P260290314,No,Si,No,No
2024,P260290439,No,Si,No,No
2024,P260291268,No,Si,No,No
2024,P280320517,No,Si,No,No
2024,P280321156,No,Si,No,No
2024,P280330254,No,Si,No,No
2024,P280330262,No,Si,No,No
2024,P280390058,No,Si,No,No
2024,P280390077,No,Si,No,No
2024,P280390093,No,Si,No,No
2024,P280390119,No,Si,No,No
2024,P260300001,No,Si,No,No
2024,P260300285,No,Si,No,No
2024,P260300535,No,Si,No,No
2024,P260350662,No,Si,No,No
2024,P280400053,No,Si,No,No
2024,P280400236,No,Si,No,No
2024,P280400364,No,Si,No,No
2024,P280410001,No,Si,No,No
2024,P320230001,No,Si,No,No
2024,P320420041,No,Si,No,No
2024,P320490010,No,Si,No,No
2024,P320550062,No,Si,No,No
2024,P280330364,No,Si,No,No
2024,P280330485,No,Si,No,No
2024,P280331094,No,Si,No,No
2024,P280331183,No,Si,No,No
2024,P260360057,No,Si,No,No
2024,P260360089,No,Si,No,No
2024,P260420001,No,Si,No,No
2024,P260490352,No,Si,No,No
2024,P280340009,No,Si,No,No
2024,P280340024,No,Si,No,No
2024,P280340055,No,Si,No,No
2024,P280340123,No,Si,No,No
2024,P260511371,No,Si,No,No
2024,P260580001,No,Si,No,No
2024,P260680807,No,Si,No,No
2024,P270040120,No,Si,No,No
2024,P280350119,No,Si,No,No
2024,P280350339,No,Si,No,No
2024,P280350355,No,Si,No,No
2024,P280350408,No,Si,No,No
2024,P270050536,No,Si,No,No
2024,P270130022,No,Si,No,No
2024,P270170003,No,Si,No,No
2024,P270171101,No,Si,No,No
2024,P280010231,No,Si,No,No
2024,P280020042,No,Si,No,No
2024,P280020050,No,Si,No,No
2024,P280020052,No,Si,No,No
2024,P280350666,No,Si,No,No
2024,P280370001,No,Si,No,No
2024,P280370219,No,Si,No,No
2024,P280370922,No,Si,No,No
2024,P280020059,No,Si,No,No
2024,P280020109,No,Si,No,No
2024,P280020148,No,Si,No,No
2024,P280020155,No,Si,No,No
2024,P280410049,No,Si,No,No
2024,P280410055,No,Si,No,No
2024,P280410062,No,Si,No,No
2024,P280410090,No,Si,No,No
2024,P280020226,No,Si,No,No
2024,P280020252,No,Si,No,No
2024,P280020449,No,Si,No,No
2024,P280030048,No,Si,No,No
2024,P280420011,No,Si,No,No
2024,P280420031,No,Si,No,No
2024,P280420041,No,Si,No,No
2024,P280420045,No,Si,No,No
2024,P280030078,No,Si,No,No
2024,P280030685,No,Si,No,No
2024,P280030824,No,Si,No,No
2024,P280040138,No,Si,No,No
2024,P320560001,No,Si,No,No
2024,P280370949,No,Si,No,No
2024,P280371106,No,Si,No,No
2024,P280381655,No,Si,No,No
2024,P280390033,No,Si,No,No
2024,P280430014,No,Si,No,No
2024,P280430043,No,Si,No,No
2024,P280430185,No,Si,No,No
2024,P290089999,No,Si,No,No
2024,P280390041,No,Si,No,No
2024,P280390042,No,Si,No,No
2024,P280390071,No,Si,No,No
2024,P280390086,No,Si,No,No
2024,P290100006,No,Si,No,No
2024,P300010013,No,Si,No,No
2024,P300080009,No,Si,No,No
2024,P300100005,No,Si,No,No
2024,P280390141,No,Si,No,No
2024,P280390184,No,Si,No,No
2024,P280400182,No,Si,No,No
2024,P280400402,No,Si,No,No
2024,P300100032,No,Si,No,No
2024,P300119999,No,Si,No,No
2024,P300143123,No,Si,No,No
2024,P300200012,No,Si,No,No
2024,P300200021,No,Si,No,No
2024,P300200023,No,Si,No,No
2024,P300230030,No,Si,No,No
2024,P300230085,No,Si,No,No
2024,P280040177,No,Si,No,No
2024,P280050079,No,Si,No,No
2024,P280050292,No,Si,No,No
2024,P280060020,No,Si,No,No
2024,P280060026,No,Si,No,No
2024,P280070030,No,Si,No,No
2024,P280080009,No,Si,No,No
2024,P280080010,No,Si,No,No
2024,P280091663,No,Si,No,No
2024,P280091692,No,Si,No,No
2024,P280110067,No,Si,No,No
2024,P280110232,No,Si,No,No
2024,P280410044,No,Si,No,No
2024,P280410100,No,Si,No,No
2024,P280410121,No,Si,No,No
2024,P280410125,No,Si,No,No
2024,P300240012,No,Si,No,No
2024,P300250008,No,Si,No,No
2024,P300250016,No,Si,No,No
2024,P300271536,No,Si,No,No
2024,P280120059,No,Si,No,No
2024,P280120083,No,Si,No,No
2024,P280120203,No,Si,No,No
2024,P280120248,No,Si,No,No
2024,P280410166,No,Si,No,No
2024,P280420065,No,Si,No,No
2024,P280430006,No,Si,No,No
2024,P280430029,No,Si,No,No
2024,P280130007,No,Si,No,No
2024,P280130028,No,Si,No,No
2024,P280130051,No,Si,No,No
2024,P280130056,No,Si,No,No
2024,P280130062,No,Si,No,No
2024,P280130152,No,Si,No,No
2024,P280130160,No,Si,No,No
2024,P280150005,No,Si,No,No
2024,P290100013,No,Si,No,No
2024,P300030007,No,Si,No,No
2024,P300030019,No,Si,No,No
2024,P300040032,No,Si,No,No
2024,P300290002,No,Si,No,No
2024,P300290022,No,Si,No,No
2024,P300292679,No,Si,No,No
2024,P300320019,No,Si,No,No
2024,P280150016,No,Si,No,No
2024,P280160007,No,Si,No,No
2024,P280160010,No,Si,No,No
2024,P280160011,No,Si,No,No
2024,P300320043,No,Si,No,No
2024,P300330011,No,Si,No,No
2024,P300393818,No,Si,No,No
2024,P300430032,No,Si,No,No
2024,P300200037,No,Si,No,No
2024,P300200041,No,Si,No,No
2024,P300250004,No,Si,No,No
2024,P300270021,No,Si,No,No
2024,P280160032,No,Si,No,No
2024,P280160033,No,Si,No,No
2024,P280160046,No,Si,No,No
2024,P280160144,No,Si,No,No
2024,P300450205,No,Si,No,No
2024,P300510002,No,Si,No,No
2024,P300540001,No,Si,No,No
2024,P300540013,No,Si,No,No
2024,P300550023,No,Si,No,No
2024,P300570013,No,Si,No,No
2024,P300580010,No,Si,No,No
2024,P300580028,No,Si,No,No
2024,P280160150,No,Si,No,No
2024,P280160158,No,Si,No,No
2024,P280170013,No,Si,No,No
2024,P280170029,No,Si,No,No
2024,P150030056,No,Si,No,No
2024,P150040001,No,Si,No,No
2024,P150390052,No,Si,No,No
2024,P150400005,No,Si,No,No
2024,P300580114,No,Si,No,No
2024,P300610043,No,Si,No,No
2024,P300660021,No,Si,No,No
2024,P300660022,No,Si,No,No
2024,P280170057,No,Si,No,No
2024,P280180216,No,Si,No,No
2024,P280190014,No,Si,No,No
2024,P280190091,No,Si,No,No
2024,P150400018,No,Si,No,No
2024,P150432012,No,Si,No,No
2024,P150450033,No,Si,No,No
2024,P150470779,No,Si,No,No
2024,P300660034,No,Si,No,No
2024,P300720040,No,Si,No,No
2024,P300720055,No,Si,No,No
2024,P300730009,No,Si,No,No
2024,P280210048,No,Si,No,No
2024,P280210086,No,Si,No,No
2024,P280210161,No,Si,No,No
2024,P280210216,No,Si,No,No
2024,P150510062,No,Si,No,No
2024,P150512170,No,Si,No,No
2024,P150540002,No,Si,No,No
2024,P150560052,No,Si,No,No
2024,P300753254,No,Si,No,No
2024,P300760015,No,Si,No,No
2024,P300830032,No,Si,No,No
2024,P300830087,No,Si,No,No
2024,P300270035,No,Si,No,No
2024,P300290023,No,Si,No,No
2024,P300393847,No,Si,No,No
2024,P300502149,No,Si,No,No
2024,P280210220,No,Si,No,No
2024,P280220146,No,Si,No,No
2024,P280220150,No,Si,No,No
2024,P280220201,No,Si,No,No
2024,P150630008,No,Si,No,No
2024,P150792869,No,Si,No,No
2024,P150800016,No,Si,No,No
2024,P150800032,No,Si,No,No
2024,P300550034,No,Si,No,No
2024,P300580060,No,Si,No,No
2024,P300580089,No,Si,No,No
2024,P300580093,No,Si,No,No
2024,P300830103,No,Si,No,No
2024,P300882656,No,Si,No,No
2024,P300940042,No,Si,No,No
2024,P301020006,No,Si,No,No
2024,P301070004,No,Si,No,No
2024,P301080043,No,Si,No,No
2024,P301080063,No,Si,No,No
2024,P301083924,No,Si,No,No
2024,P280220320,No,Si,No,No
2024,P280220393,No,Si,No,No
2024,P280220401,No,Si,No,No
2024,P280230050,No,Si,No,No
2024,P301240012,No,Si,No,No
2024,P301240087,No,Si,No,No
2024,P301242303,No,Si,No,No
2024,P301290008,No,Si,No,No
2024,P280230244,No,Si,No,No
2024,P280250019,No,Si,No,No
2024,P280260001,No,Si,No,No
2024,P280270936,No,Si,No,No
2024,P301290010,No,Si,No,No
2024,P301290052,No,Si,No,No
2024,P301300051,No,Si,No,No
2024,P301339999,No,Si,No,No
2024,P301410027,No,Si,No,No
2024,P301420068,No,Si,No,No
2024,P301490011,No,Si,No,No
2024,P301510037,No,Si,No,No
2024,P301550005,No,Si,No,No
2024,P301550025,No,Si,No,No
2024,P301570013,No,Si,No,No
2024,P301570024,No,Si,No,No
2024,P301590010,No,Si,No,No
2024,P301600098,No,Si,No,No
2024,P301610024,No,Si,No,No
2024,P301730057,No,Si,No,No
2024,P301740023,No,Si,No,No
2024,P301750013,No,Si,No,No
2024,P301750070,No,Si,No,No
2024,P301800001,No,Si,No,No
2024,P280272749,No,Si,No,No
2024,P280290024,No,Si,No,No
2024,P280290118,No,Si,No,No
2024,P280290145,No,Si,No,No
2024,P300580102,No,Si,No,No
2024,P300580152,No,Si,No,No
2024,P300600011,No,Si,No,No
2024,P300600016,No,Si,No,No
2024,P280290312,No,Si,No,No
2024,P280300017,No,Si,No,No
2024,P280300020,No,Si,No,No
2024,P280300072,No,Si,No,No
2024,P280320145,No,Si,No,No
2024,P280320163,No,Si,No,No
2024,P280320184,No,Si,No,No
2024,P280320209,No,Si,No,No
2024,P301800047,No,Si,No,No
2024,P301810099,No,Si,No,No
2024,P301880002,No,Si,No,No
2024,P301880005,No,Si,No,No
2024,P280320247,No,Si,No,No
2024,P280320406,No,Si,No,No
2024,P280320523,No,Si,No,No
2024,P280320737,No,Si,No,No
2024,P301930001,No,Si,No,No
2024,P302010028,No,Si,No,No
2024,P302010053,No,Si,No,No
2024,P302020015,No,Si,No,No
2024,P300610167,No,Si,No,No
2024,P300610327,No,Si,No,No
2024,P300700002,No,Si,No,No
2024,P300710055,No,Si,No,No
2024,P280330009,No,Si,No,No
2024,P280330234,No,Si,No,No
2024,P280330239,No,Si,No,No
2024,P280330276,No,Si,No,No
2024,P280330349,No,Si,No,No
2024,P280330352,No,Si,No,No
2024,P280340001,No,Si,No,No
2024,P280340004,No,Si,No,No
2024,P300720005,No,Si,No,No
2024,P300720048,No,Si,No,No
2024,P300730015,No,Si,No,No
2024,P300730019,No,Si,No,No
2024,P280340092,No,Si,No,No
2024,P280340111,No,Si,No,No
2024,P280340121,No,Si,No,No
2024,P280340168,No,Si,No,No
2024,P280340333,No,Si,No,No
2024,P280350174,No,Si,No,No
2024,P280350214,No,Si,No,No
2024,P280350249,No,Si,No,No
2024,P302020023,No,Si,No,No
2024,P302030003,No,Si,No,No
2024,P302032140,No,Si,No,No
2024,P302050050,No,Si,No,No
2024,P300760017,No,Si,No,No
2024,P300780012,No,Si,No,No
2024,P300780016,No,Si,No,No
2024,P300830001,No,Si,No,No
2024,P280350326,No,Si,No,No
2024,P280350460,No,Si,No,No
2024,P280350545,No,Si,No,No
2024,P280360001,No,Si,No,No
2024,P302100035,No,Si,No,No
2024,P302100047,No,Si,No,No
2024,P310050001,No,Si,No,No
2024,P310450001,No,Si,No,No
2024,P280360011,No,Si,No,No
2024,P280370216,No,Si,No,No
2024,P280370224,No,Si,No,No
2024,P280370225,No,Si,No,No
2024,P300830004,No,Si,No,No
2024,P300830031,No,Si,No,No
2024,P300830082,No,Si,No,No
2024,P300830083,No,Si,No,No
2024,P320090012,No,Si,No,No
2024,P320170031,No,Si,No,No
2024,P320230023,No,Si,No,No
2024,P320260001,No,Si,No,No
2024,P150810011,No,Si,No,No
2024,P150820097,No,Si,No,No
2024,P150820110,No,Si,No,No
2024,P150820143,No,Si,No,No
2024,P320360047,No,Si,No,No
2024,P320380114,No,Si,No,No
2024,P320420037,No,Si,No,No
2024,P320420150,No,Si,No,No
2024,P150820159,No,Si,No,No
2024,P150820270,No,Si,No,No
2024,P150820291,No,Si,No,No
2024,P150880008,No,Si,No,No
2024,P300830089,No,Si,No,No
2024,P300830093,No,Si,No,No
2024,P300830100,No,Si,No,No
2024,P300830129,No,Si,No,No
2024,P280370703,No,Si,No,No
2024,P280370929,No,Si,No,No
2024,P280370978,No,Si,No,No
2024,P280390006,No,Si,No,No
2024,P150880023,No,Si,No,No
2024,P150880024,No,Si,No,No
2024,P150880027,No,Si,No,No
2024,P150880030,No,Si,No,No
2024,P300840001,No,Si,No,No
2024,P300870001,No,Si,No,No
2024,P300910052,No,Si,No,No
2024,P300910086,No,Si,No,No
2024,P150880051,No,Si,No,No
2024,P150880059,No,Si,No,No
2024,P150930001,No,Si,No,No
2024,P150970007,No,Si,No,No
2024,P280390007,No,Si,No,No
2024,P280390021,No,Si,No,No
2024,P280390030,No,Si,No,No
2024,P280390039,No,Si,No,No
2024,P300933926,No,Si,No,No
2024,P300999999,No,Si,No,No
2024,P301010013,No,Si,No,No
2024,P301080073,No,Si,No,No
2024,P280390065,No,Si,No,No
2024,P280390066,No,Si,No,No
2024,P280390094,No,Si,No,No
2024,P280390109,No,Si,No,No
2024,P999999999,No,Si,No,No
2024,P280400054,No,Si,No,No
2024,P280400068,No,Si,No,No
2024,P280400074,No,Si,No,No
2024,P280400379,No,Si,No,No
2024,P280410045,No,Si,No,No
2024,P280410073,No,Si,No,No
2024,P280410084,No,Si,No,No
2024,P280410085,No,Si,No,No
2024,P301080107,No,Si,No,No
2024,P301080118,No,Si,No,No
2024,P301110001,No,Si,No,No
2024,P301170033,No,Si,No,No
2024,P280410089,No,Si,No,No
2024,P280410108,No,Si,No,No
2024,P280410110,No,Si,No,No
2024,P280410114,No,Si,No,No
2024,P301240001,No,Si,No,No
2024,P301240077,No,Si,No,No
2024,P301240342,No,Si,No,No
2024,P301270009,No,Si,No,No
2024,P150970008,No,Si,No,No
2024,P150970014,No,Si,No,No
2024,P151042593,No,Si,No,No
2024,P151060239,No,Si,No,No
2024,P280420051,No,Si,No,No
2024,P280420068,No,Si,No,No
2024,P280420095,No,Si,No,No
2024,P280430046,No,Si,No,No
2024,P151080000,No,Si,No,No
2024,P151101027,No,Si,No,No
2024,P151110023,No,Si,No,No
2024,P151171469,No,Si,No,No
2024,P280430198,No,Si,No,No
2024,P289999999,No,Si,No,No
2024,P290100001,No,Si,No,No
2024,P290260001,No,Si,No,No
2024,P151230190,No,Si,No,No
2024,P151230207,No,Si,No,No
2024,P151240007,No,Si,No,No
2024,P151240013,No,Si,No,No
2024,P301270015,No,Si,No,No
2024,P301290004,No,Si,No,No
2024,P301310001,No,Si,No,No
2024,P301410051,No,Si,No,No
2024,P151240014,No,Si,No,No
2024,P151240015,No,Si,No,No
2024,P151240016,No,Si,No,No
2024,P151240042,No,Si,No,No
2024,P301410058,No,Si,No,No
2024,P301419999,No,Si,No,No
2024,P301420027,No,Si,No,No
2024,P301430005,No,Si,No,No
2024,P151240061,No,Si,No,No
2024,P151240068,No,Si,No,No
2024,P151240076,No,Si,No,No
2024,P151240077,No,Si,No,No
2024,P301430076,No,Si,No,No
2024,P301430117,No,Si,No,No
2024,P301433556,No,Si,No,No
2024,P301470002,No,Si,No,No
2024,P151240090,No,Si,No,No
2024,P151240091,No,Si,No,No
2024,P151240099,No,Si,No,No
2024,P151240138,No,Si,No,No
2024,P290360001,No,Si,No,No
2024,P290440377,No,Si,No,No
2024,P299999999,No,Si,No,No
2024,P300040047,No,Si,No,No
2024,P300090082,No,Si,No,No
2024,P300130007,No,Si,No,No
2024,P300200006,No,Si,No,No
2024,P300200011,No,Si,No,No
2024,P300230007,No,Si,No,No
2024,P300250012,No,Si,No,No
2024,P300250199,No,Si,No,No
2024,P300270018,No,Si,No,No
2024,P300270020,No,Si,No,No
2024,P300330036,No,Si,No,No
2024,P300400018,No,Si,No,No
2024,P300430001,No,Si,No,No
2024,P300430022,No,Si,No,No
2024,P300510017,No,Si,No,No
2024,P300550024,No,Si,No,No
2024,P300570005,No,Si,No,No
2024,P300580012,No,Si,No,No
2024,P300580104,No,Si,No,No
2024,P300580106,No,Si,No,No
2024,P300580110,No,Si,No,No
2024,P300580121,No,Si,No,No
2024,P300580227,No,Si,No,No
2024,P300610059,No,Si,No,No
2024,P300610077,No,Si,No,No
2024,P301470006,No,Si,No,No
2024,P301470009,No,Si,No,No
2024,P301470015,No,Si,No,No
2024,P301490015,No,Si,No,No
2024,P301490059,No,Si,No,No
2024,P301510043,No,Si,No,No
2024,P301550122,No,Si,No,No
2024,P301550156,No,Si,No,No
2024,P300610729,No,Si,No,No
2024,P300650050,No,Si,No,No
2024,P300660026,No,Si,No,No
2024,P300700041,No,Si,No,No
2024,P301550180,No,Si,No,No
2024,P301550191,No,Si,No,No
2024,P301550215,No,Si,No,No
2024,P301550330,No,Si,No,No
2024,P300710014,No,Si,No,No
2024,P300710024,No,Si,No,No
2024,P300790012,No,Si,No,No
2024,P300830027,No,Si,No,No
2024,P301580003,No,Si,No,No
2024,P301610134,No,Si,No,No
2024,P301680006,No,Si,No,No
2024,P301680007,No,Si,No,No
2024,P300830037,No,Si,No,No
2024,P300830052,No,Si,No,No
2024,P300830073,No,Si,No,No
2024,P300830102,No,Si,No,No
2024,P301720014,No,Si,No,No
2024,P301720016,No,Si,No,No
2024,P301730022,No,Si,No,No
2024,P301730058,No,Si,No,No
2024,P151240145,No,Si,No,No
2024,P151240147,No,Si,No,No
2024,P159999999,No,Si,No,No
2024,P160150001,No,Si,No,No
2024,P300830147,No,Si,No,No
2024,P300859999,No,Si,No,No
2024,P301010008,No,Si,No,No
2024,P301010014,No,Si,No,No
2024,P301730064,No,Si,No,No
2024,P301740011,No,Si,No,No
2024,P301749999,No,Si,No,No
2024,P301750039,No,Si,No,No
2024,P160290014,No,Si,No,No
2024,P160340025,No,Si,No,No
2024,P160340070,No,Si,No,No
2024,P160352776,No,Si,No,No
2024,P301070005,No,Si,No,No
2024,P301083926,No,Si,No,No
2024,P301159999,No,Si,No,No
2024,P301160052,No,Si,No,No
2024,P302010027,No,Si,No,No
2024,P302010038,No,Si,No,No
2024,P302010039,No,Si,No,No
2024,P302010059,No,Si,No,No
2024,P160530115,No,Si,No,No
2024,P160664755,No,Si,No,No
2024,P160880002,No,Si,No,No
2024,P170040350,No,Si,No,No
2024,P302010079,No,Si,No,No
2024,P302010163,No,Si,No,No
2024,P302020007,No,Si,No,No
2024,P302020010,No,Si,No,No
2024,P170100622,No,Si,No,No
2024,P170110217,No,Si,No,No
2024,P180040684,No,Si,No,No
2024,P180091785,No,Si,No,No
2024,P302050006,No,Si,No,No
2024,P302100037,No,Si,No,No
2024,P302100072,No,Si,No,No
2024,P302100103,No,Si,No,No
2024,P180140713,No,Si,No,No
2024,P180160787,No,Si,No,No
2024,P180180001,No,Si,No,No
2024,P190030005,No,Si,No,No
2024,P310360376,No,Si,No,No
2024,P310500036,No,Si,No,No
2024,P310590282,No,Si,No,No
2024,P310660518,No,Si,No,No
2024,P190062800,No,Si,No,No
2024,P190063467,No,Si,No,No
2024,P190080026,No,Si,No,No
2024,P190080481,No,Si,No,No
2024,P310670039,No,Si,No,No
2024,P320070001,No,Si,No,No
2024,P320070012,No,Si,No,No
2024,P320080046,No,Si,No,No
2024,P190100009,No,Si,No,No
2024,P190140017,No,Si,No,No
2024,P190140117,No,Si,No,No
2024,P190170157,No,Si,No,No
2024,P320080330,No,Si,No,No
2024,P320090001,No,Si,No,No
2024,P320100079,No,Si,No,No
2024,P320190001,No,Si,No,No
2024,P190170446,No,Si,No,No
2024,P190261528,No,Si,No,No
2024,P190261563,No,Si,No,No
2024,P190330169,No,Si,No,No
2024,P320230072,No,Si,No,No
2024,P320260010,No,Si,No,No
2024,P320260131,No,Si,No,No
2024,P320420092,No,Si,No,No
2024,P301230006,No,Si,No,No
2024,P301240010,No,Si,No,No
2024,P301240034,No,Si,No,No
2024,P301240068,No,Si,No,No
2024,P301240074,No,Si,No,No
2024,P301240091,No,Si,No,No
2024,P301240164,No,Si,No,No
2024,P301250049,No,Si,No,No
2024,P301264603,No,Si,No,No
2024,P301270010,No,Si,No,No
2024,P301270017,No,Si,No,No
2024,P301290057,No,Si,No,No
2024,P301300006,No,Si,No,No
2024,P301300087,No,Si,No,No
2024,P301312299,No,Si,No,No
2024,P301320020,No,Si,No,No
2024,P301410056,No,Si,No,No
2024,P301420029,No,Si,No,No
2024,P301433560,No,Si,No,No
2024,P301510062,No,Si,No,No
2024,P301530001,No,Si,No,No
2024,P301540013,No,Si,No,No
2024,P301540054,No,Si,No,No
2024,P301550022,No,Si,No,No
2024,P301550106,No,Si,No,No
2024,P301570012,No,Si,No,No
2024,P301570026,No,Si,No,No
2024,P301590005,No,Si,No,No
2024,P301600144,No,Si,No,No
2024,P301610815,No,Si,No,No
2024,P301680014,No,Si,No,No
2024,P301700005,No,Si,No,No
2024,P320580017,No,Si,No,No
2024,P190380001,No,Si,No,No
2024,P190390005,No,Si,No,No
2024,P190390210,No,Si,No,No
2024,P190411452,No,Si,No,No
2024,P301700006,No,Si,No,No
2024,P301700011,No,Si,No,No
2024,P301710004,No,Si,No,No
2024,P301750005,No,Si,No,No
2024,P190420233,No,Si,No,No
2024,P190461107,No,Si,No,No
2024,P190490020,No,Si,No,No
2024,P200100921,No,Si,No,No
2024,P301750007,No,Si,No,No
2024,P301750053,No,Si,No,No
2024,P301750056,No,Si,No,No
2024,P301750066,No,Si,No,No
2024,P200410001,No,Si,No,No
2024,P200670001,No,Si,No,No
2024,P200810001,No,Si,No,No
2024,P201690005,No,Si,No,No
2024,P201840032,No,Si,No,No
2024,P202050005,No,Si,No,No
2024,P202050014,No,Si,No,No
2024,P202320001,No,Si,No,No
2024,P202320050,No,Si,No,No
2024,P202320105,No,Si,No,No
2024,P202440001,No,Si,No,No
2024,P202770092,No,Si,No,No
2024,P301750073,No,Si,No,No
2024,P301850002,No,Si,No,No
2024,P301890161,No,Si,No,No
2024,P301930499,No,Si,No,No
2024,P203370001,No,Si,No,No
2024,P203740003,No,Si,No,No
2024,P203970009,No,Si,No,No
2024,P204822989,No,Si,No,No
2024,P301990001,No,Si,No,No
2024,P302010001,No,Si,No,No
2024,P302010052,No,Si,No,No
2024,P302010077,No,Si,No,No
2024,P205263200,No,Si,No,No
2024,P210080001,No,Si,No,No
2024,P210450001,No,Si,No,No
2024,P210760096,No,Si,No,No
2024,P302020018,No,Si,No,No
2024,P302030006,No,Si,No,No
2024,P302090001,No,Si,No,No
2024,P302090026,No,Si,No,No
2024,P302100038,No,Si,No,No
2024,P302100040,No,Si,No,No
2024,P302100073,No,Si,No,No
2024,P310380288,No,Si,No,No
2024,P310500001,No,Si,No,No
2024,P310500050,No,Si,No,No
2024,P310500268,No,Si,No,No
2024,P310690001,No,Si,No,No
2024,P320140021,No,Si,No,No
2024,P320230081,No,Si,No,No
2024,P320270010,No,Si,No,No
2024,P320420030,No,Si,No,No
2024,P320420069,No,Si,No,No
2024,P320420104,No,Si,No,No
2024,P320420162,No,Si,No,No
2024,P320510016,No,Si,No,No
2024,P210830009,No,Si,No,No
2024,P210850002,No,Si,No,No
2024,P211140175,No,Si,No,No
2024,P211140268,No,Si,No,No
2024,P211140406,No,Si,No,No
2024,P211360424,No,Si,No,No
2024,P220110099,No,Si,No,No
2024,P220120013,No,Si,No,No
2024,P220140013,No,Si,No,No
2024,P220160001,No,Si,No,No
2024,P220160039,No,Si,No,No
2024,P220160104,No,Si,No,No
2024,P229999999,No,Si,No,No
2024,P230031217,No,Si,No,No
2024,P230060069,No,Si,No,No
2024,P230080289,No,Si,No,No
2024,P230080290,No,Si,No,No
2024,P230080640,No,Si,No,No
2024,P230080829,No,Si,No,No
2024,P230090310,No,Si,No,No
2024,P240030018,No,Si,No,No
2024,P240030048,No,Si,No,No
2024,P240130076,No,Si,No,No
2024,P240170034,No,Si,No,No
2024,P240170113,No,Si,No,No
2024,P240240078,No,Si,No,No
2024,P240260001,No,Si,No,No
2024,P240260009,No,Si,No,No
2024,P240270066,No,Si,No,No
2024,P240280001,No,Si,No,No
2024,P240280220,No,Si,No,No
2024,P240310019,No,Si,No,No
2024,P240320001,No,Si,No,No
2024,P240330015,No,Si,No,No
2024,P240370001,No,Si,No,No
2024,P240370013,No,Si,No,No
2024,P240370080,No,Si,No,No
2024,P240370093,No,Si,No,No
2024,P240380008,No,Si,No,No
2024,P240380052,No,Si,No,No
2024,P320530376,No,Si,No,No
2024,P320560030,No,Si,No,No
2024,P240380053,No,Si,No,No
2024,P240501337,No,Si,No,No
2024,P240530014,No,Si,No,No
2024,P240530020,No,Si,No,No
2024,P240540037,No,Si,No,No
2024,P240540105,No,Si,No,No
2024,P240540133,No,Si,No,No
2024,P240570076,No,Si,No,No
2024,P250050119,No,Si,No,No
2024,P250050127,No,Si,No,No
2024,P250060098,No,Si,No,No
2024,P250060444,No,Si,No,No
2024,P250070200,No,Si,No,No
2024,P250070230,No,Si,No,No
2024,P250100004,No,Si,No,No
2024,P250110658,No,Si,No,No
2024,P250120114,No,Si,No,No
2024,P250130311,No,Si,No,No
2024,P250140017,No,Si,No,No
2024,P250160067,No,Si,No,No
2024,P250160151,No,Si,No,No
2024,P250160915,No,Si,No,No
2024,P250170395,No,Si,No,No
2024,P250171046,No,Si,No,No
2024,P260020289,No,Si,No,No
2024,P260030224,No,Si,No,No
2024,P260130820,No,Si,No,No
2024,P260182059,No,Si,No,No
2024,P260182228,No,Si,No,No
2024,P260210001,No,Si,No,No
2024,P260250001,No,Si,No,No
2024,P260290307,No,Si,No,No
2024,P260300212,No,Si,No,No
2024,P260300289,No,Si,No,No
2024,P260302845,No,Si,No,No
2024,P260307196,No,Si,No,No
2024,P260320001,No,Si,No,No
2024,P260720001,No,Si,No,No
2024,P270010009,No,Si,No,No
2024,P270020455,No,Si,No,No
2024,P270040088,No,Si,No,No
2024,P270070011,No,Si,No,No
2024,P270080001,No,Si,No,No
2024,P270080056,No,Si,No,No
2024,P270100023,No,Si,No,No
2024,P270120001,No,Si,No,No
2024,P280010224,No,Si,No,No
2024,P280010752,No,Si,No,No
2024,P280020003,No,Si,No,No
2024,P280020097,No,Si,No,No
2024,P280020128,No,Si,No,No
2024,P280020147,No,Si,No,No
2024,P280020183,No,Si,No,No
2024,P280020223,No,Si,No,No
2024,P280020370,No,Si,No,No
2024,P280020413,No,Si,No,No
2024,P280030033,No,Si,No,No
2024,P280030103,No,Si,No,No
2024,P280030158,No,Si,No,No
2024,P280030203,No,Si,No,No
2024,P280030213,No,Si,No,No
2024,P280030232,No,Si,No,No
2024,P280030236,No,Si,No,No
2024,P280030281,No,Si,No,No
2024,P280030804,No,Si,No,No
2024,P280040044,No,Si,No,No
2024,P280040068,No,Si,No,No
2024,P280040069,No,Si,No,No
2024,P280040090,No,Si,No,No
2024,P280050001,No,Si,No,No
2024,P280050022,No,Si,No,No
2024,P280050038,No,Si,No,No
2024,P280060002,No,Si,No,No
2024,P280060005,No,Si,No,No
2024,P280060015,No,Si,No,No
2024,P280060024,No,Si,No,No
2024,P280070065,No,Si,No,No
2024,P280070401,No,Si,No,No
2024,P280080001,No,Si,No,No
2024,P280080112,No,Si,No,No
2024,P280080173,No,Si,No,No
2024,P280080208,No,Si,No,No
2024,P280080274,No,Si,No,No
2024,P280090001,No,Si,No,No
2024,P280100001,No,Si,No,No
2024,P280110036,No,Si,No,No
2024,P280110076,No,Si,No,No
2024,P280110137,No,Si,No,No
2024,P280120014,No,Si,No,No
2024,P280120054,No,Si,No,No
2024,P280120066,No,Si,No,No
2024,P280120120,No,Si,No,No
2024,P280120192,No,Si,No,No
2024,P280120393,No,Si,No,No
2024,P280121825,No,Si,No,No
2024,P280130019,No,Si,No,No
2024,P280130039,No,Si,No,No
2024,P280130073,No,Si,No,No
2024,P280130132,No,Si,No,No
2024,P280150003,No,Si,No,No
2024,P280160025,No,Si,No,No
2024,P280160104,No,Si,No,No
2024,P280160114,No,Si,No,No
2024,P280170025,No,Si,No,No
2024,P280170028,No,Si,No,No
2024,P280170048,No,Si,No,No
2024,P280170059,No,Si,No,No
2024,P280170075,No,Si,No,No
2024,P280180079,No,Si,No,No
2024,P280180083,No,Si,No,No
2024,P280190035,No,Si,No,No
2024,P280190053,No,Si,No,No
2024,P280190388,No,Si,No,No
2024,P280200017,No,Si,No,No
2024,P280210019,No,Si,No,No
2024,P280210037,No,Si,No,No
2024,P280210087,No,Si,No,No
2024,P280210148,No,Si,No,No
2024,P280210157,No,Si,No,No
2024,P280210209,No,Si,No,No
2024,P280210210,No,Si,No,No
2024,P280210290,No,Si,No,No
2024,P280220071,No,Si,No,No
2024,P280220087,No,Si,No,No
2024,P280220172,No,Si,No,No
2024,P280220182,No,Si,No,No
2024,P280220271,No,Si,No,No
2024,P280220276,No,Si,No,No
2024,P280220357,No,Si,No,No
2024,P280220372,No,Si,No,No
2024,P280220440,No,Si,No,No
2024,P280230041,No,Si,No,No
2024,P280230245,No,Si,No,No
2024,P280230373,No,Si,No,No
2024,P280270097,No,Si,No,No
2024,P280280001,No,Si,No,No
2024,P280280022,No,Si,No,No
2024,P280280057,No,Si,No,No
2024,P280290055,No,Si,No,No
2024,P280290083,No,Si,No,No
2024,P280290095,No,Si,No,No
2024,P280290148,No,Si,No,No
2024,P280310022,No,Si,No,No
2024,P280320120,No,Si,No,No
2024,P280320139,No,Si,No,No
2024,P280320208,No,Si,No,No
2024,P280321223,No,Si,No,No
2024,P280330136,No,Si,No,No
2024,P280330152,No,Si,No,No
2024,P280330361,No,Si,No,No
2024,P280340072,No,Si,No,No
2024,P280340165,No,Si,No,No
2024,P280350006,No,Si,No,No
2024,P280350171,No,Si,No,No
2024,P280350182,No,Si,No,No
2024,P280350230,No,Si,No,No
2024,P280350493,No,Si,No,No
2024,P280350499,No,Si,No,No
2024,P280370037,No,Si,No,No
2024,P280370112,No,Si,No,No
2024,P280370129,No,Si,No,No
2024,P280370187,No,Si,No,No
2024,P280370765,No,Si,No,No
2024,P280380001,No,Si,No,No
2024,P280390001,No,Si,No,No
2024,P280390011,No,Si,No,No
2024,P280390013,No,Si,No,No
2024,P280390016,No,Si,No,No
2024,P280390023,No,Si,No,No
2024,P280390036,No,Si,No,No
2024,P280390038,No,Si,No,No
2024,P280390046,No,Si,No,No
2024,P280390051,No,Si,No,No
2024,P280390081,No,Si,No,No
2024,P280390082,No,Si,No,No
2024,P280390087,No,Si,No,No
2024,P280400462,No,Si,No,No
2024,P280410035,No,Si,No,No
2024,P280410038,No,Si,No,No
2024,P280410096,No,Si,No,No
2024,P280410127,No,Si,No,No
2024,P280410149,No,Si,No,No
2024,P280420040,No,Si,No,No
2024,P280420044,No,Si,No,No
2024,P280430045,No,Si,No,No
2024,P280430072,No,Si,No,No
2024,P280430078,No,Si,No,No
2024,P280430130,No,Si,No,No
2024,P280430143,No,Si,No,No
2024,P290020327,No,Si,No,No
2024,P290100008,No,Si,No,No
2024,P290100012,No,Si,No,No
2024,P290150030,No,Si,No,No
2024,P300040012,No,Si,No,No
2024,P300100065,No,Si,No,No
2024,P300110001,No,Si,No,No
2024,P300200004,No,Si,No,No
2024,P300200007,No,Si,No,No
2024,P300230019,No,Si,No,No
2024,P300240007,No,Si,No,No
2024,P300250001,No,Si,No,No
2024,P300250026,No,Si,No,No
2024,P300250030,No,Si,No,No
2024,P300270015,No,Si,No,No
2024,P300270287,No,Si,No,No
2024,P300290010,No,Si,No,No
2024,P300290015,No,Si,No,No
2024,P300330027,No,Si,No,No
2024,P300393926,No,Si,No,No
2024,P300395321,No,Si,No,No
2024,P300550009,No,Si,No,No
2024,P300570011,No,Si,No,No
2024,P300570018,No,Si,No,No
2024,P300580063,No,Si,No,No
2024,P300580128,No,Si,No,No
2024,P300600018,No,Si,No,No
2024,P300610004,No,Si,No,No
2024,P300610033,No,Si,No,No
2024,P300610061,No,Si,No,No
2024,P300610072,No,Si,No,No
2024,P300610075,No,Si,No,No
2024,P300660001,No,Si,No,No
2024,P300720008,No,Si,No,No
2024,P300720035,No,Si,No,No
2024,P300733926,No,Si,No,No
2024,P300760002,No,Si,No,No
2024,P300760005,No,Si,No,No
2024,P300760007,No,Si,No,No
2024,P300760019,No,Si,No,No
2024,P300780020,No,Si,No,No
2024,P300780024,No,Si,No,No
2024,P300780047,No,Si,No,No
2024,P300800012,No,Si,No,No
2024,P300830015,No,Si,No,No
2024,P300830016,No,Si,No,No
2024,P300830026,No,Si,No,No
2024,P300830041,No,Si,No,No
2024,P300830067,No,Si,No,No
2024,P300830081,No,Si,No,No
2024,P300870019,No,Si,No,No
2024,P300980004,No,Si,No,No
2024,P301010011,No,Si,No,No
2024,P301010015,No,Si,No,No
2024,P301020001,No,Si,No,No
2024,P301080077,No,Si,No,No
2024,P301080112,No,Si,No,No
2024,P301080144,No,Si,No,No
2024,P301089999,No,Si,No,No
2024,P301170023,No,Si,No,No
2024,P301240044,No,Si,No,No
2024,P301240127,No,Si,No,No
2024,P301270036,No,Si,No,No
2024,P301270047,No,Si,No,No
2024,P301280011,No,Si,No,No
2024,P301300088,No,Si,No,No
2024,P301312259,No,Si,No,No
2024,P301312284,No,Si,No,No
2024,P301320031,No,Si,No,No
2024,P301340031,No,Si,No,No
2024,P301350004,No,Si,No,No
2024,P301370003,No,Si,No,No
2024,P301370006,No,Si,No,No
2024,P301440122,No,Si,No,No
2024,P301470005,No,Si,No,No
2024,P301470020,No,Si,No,No
2024,P301490001,No,Si,No,No
2024,P301490033,No,Si,No,No
2024,P301510025,No,Si,No,No
2024,P301550065,No,Si,No,No
2024,P301550113,No,Si,No,No
2024,P301550121,No,Si,No,No
2024,P301550159,No,Si,No,No
2024,P301571741,No,Si,No,No
2024,P301590002,No,Si,No,No
2024,P301590004,No,Si,No,No
2024,P301600055,No,Si,No,No
2024,P301600151,No,Si,No,No
2024,P301610785,No,Si,No,No
2024,P301680013,No,Si,No,No
2024,P301690032,No,Si,No,No
2024,P301700001,No,Si,No,No
2024,P301710001,No,Si,No,No
2024,P301730055,No,Si,No,No
2024,P301730068,No,Si,No,No
2024,P301750037,No,Si,No,No
2024,P301750075,No,Si,No,No
2024,P301800010,No,Si,No,No
2024,P301800011,No,Si,No,No
2024,P301800080,No,Si,No,No
2024,P301930583,No,Si,No,No
2024,P301938565,No,Si,No,No
2024,P302010011,No,Si,No,No
2024,P302010015,No,Si,No,No
2024,P302010036,No,Si,No,No
2024,P302010040,No,Si,No,No
2024,P302010081,No,Si,No,No
2024,P302020001,No,Si,No,No
2024,P302020022,No,Si,No,No
2024,P302040001,No,Si,No,No
2024,P302070004,No,Si,No,No
2024,P302090023,No,Si,No,No
2024,P302090039,No,Si,No,No
2024,P302100024,No,Si,No,No
2024,P302100049,No,Si,No,No
2024,P302100071,No,Si,No,No
2024,P302100131,No,Si,No,No
2024,P302120001,No,Si,No,No
2024,P302120096,No,Si,No,No
2024,P310020303,No,Si,No,No
2024,P310040335,No,Si,No,No
2024,P310410001,No,Si,No,No
2024,P310410298,No,Si,No,No
2024,P310430001,No,Si,No,No
2024,P311020001,No,Si,No,No
2024,P320090570,No,Si,No,No
2024,P320100807,No,Si,No,No
2024,P320180014,No,Si,No,No
2024,P320230041,No,Si,No,No
2024,P320230094,No,Si,No,No
2024,P320380101,No,Si,No,No
2024,P320380113,No,Si,No,No
2024,P320420005,No,Si,No,No
2024,P320510055,No,Si,No,No
2024,P020020231,No,Si,No,No
2024,P020022712,No,Si,No,No
2024,P020024702,No,Si,No,No
2024,P020030268,No,Si,No,No
2024,P020040032,No,Si,No,No
2024,P020040535,No,Si,No,No
2024,P020040841,No,Si,No,No
2024,P020040865,No,Si,No,No
2024,P020040882,No,Si,No,No
2024,P020042538,No,Si,No,No
2024,P020051064,No,Si,No,No
2024,P020051286,No,Si,No,No
2024,P020051349,No,Si,No,No
2024,P030020077,No,Si,No,No
2024,P030030006,No,Si,No,No
2024,P030030972,No,Si,No,No
2024,P030030985,No,Si,No,No
2024,P030080190,No,Si,No,No
2024,P030080482,No,Si,No,No
2024,P040020415,No,Si,No,No
2024,P040030100,No,Si,No,No
2024,P040030117,No,Si,No,No
2024,P050020794,No,Si,No,No
2024,P050040125,No,Si,No,No
2024,P050040272,No,Si,No,No
2024,P050050017,No,Si,No,No
2024,P050060601,No,Si,No,No
2024,P050090011,No,Si,No,No
2024,P050091472,No,Si,No,No
2024,P050109999,No,Si,No,No
2024,P050110671,No,Si,No,No
2024,P050180534,No,Si,No,No
2024,P050180575,No,Si,No,No
2024,P050200001,No,Si,No,No
2024,P050202095,No,Si,No,No
2024,P050240003,No,Si,No,No
2024,P050250720,No,Si,No,No
2024,P050260001,No,Si,No,No
2024,P050279999,No,Si,No,No
2024,P050300001,No,Si,No,No
2024,P050300017,No,Si,No,No
2024,P050330047,No,Si,No,No
2024,P050351014,No,Si,No,No
2024,P050352666,No,Si,No,No
2024,P050352705,No,Si,No,No
2024,P060020038,No,Si,No,No
2024,P060090363,No,Si,No,No
2024,P070020001,No,Si,No,No
2024,P070230072,No,Si,No,No
2024,P070260001,No,Si,No,No
2024,P070274761,No,Si,No,No
2024,P070280481,No,Si,No,No
2024,P070520001,No,Si,No,No
2024,P070520302,No,Si,No,No
2024,P070570001,No,Si,No,No
2024,P070620604,No,Si,No,No
2024,P070740554,No,Si,No,No
2024,P070780371,No,Si,No,No
2024,P070891623,No,Si,No,No
2024,P070960048,No,Si,No,No
2024,P070990172,No,Si,No,No
2024,P071100022,No,Si,No,No
2024,P080020001,No,Si,No,No
2024,P080140001,No,Si,No,No
2024,P080190001,No,Si,No,No
2024,P080199999,No,Si,No,No
2024,P080291785,No,Si,No,No
2024,P080370013,No,Si,No,No
2024,P080400001,No,Si,No,No
2024,P080520001,No,Si,No,No
2024,P090030719,No,Si,No,No
2024,P090032812,No,Si,No,No
2024,P090070001,No,Si,No,No
2024,P090071425,No,Si,No,No
2024,P090100005,No,Si,No,No
2024,P090122045,No,Si,No,No
2024,P090140001,No,Si,No,No
2024,P090140501,No,Si,No,No
2024,P090140543,No,Si,No,No
2024,P090150982,No,Si,No,No
2024,P090160001,No,Si,No,No
2024,P090161777,No,Si,No,No
2024,P090161843,No,Si,No,No
2024,P090162778,No,Si,No,No
2024,P090172362,No,Si,No,No
2024,P100050108,No,Si,No,No
2024,P100051738,No,Si,No,No
2024,P100052070,No,Si,No,No
2024,P100069999,No,Si,No,No
2024,P100100004,No,Si,No,No
2024,P100130022,No,Si,No,No
2024,P100180021,No,Si,No,No
2024,P100280001,No,Si,No,No
2024,P100300001,No,Si,No,No
2024,P100320060,No,Si,No,No
2024,P100361405,No,Si,No,No
2024,P100370074,No,Si,No,No
2024,P100380001,No,Si,No,No
2024,P100651168,No,Si,No,No
2024,P110154455,No,Si,No,No
2024,P110170493,No,Si,No,No
2024,P110201299,No,Si,No,No
2024,P110201658,No,Si,No,No
2024,P110203434,No,Si,No,No
2024,P110270507,No,Si,No,No
2024,P110322337,No,Si,No,No
2024,P110330001,No,Si,No,No
2024,P110330077,No,Si,No,No
2024,P120090001,No,Si,No,No
2024,P120400281,No,Si,No,No
2024,P130060030,No,Si,No,No
2024,P130110037,No,Si,No,No
2024,P130250019,No,Si,No,No
2024,P130300033,No,Si,No,No
2024,P130370001,No,Si,No,No
2024,P130400011,No,Si,No,No
2024,P130400338,No,Si,No,No
2024,P130430028,No,Si,No,No
2024,P130460062,No,Si,No,No
2024,P130480090,No,Si,No,No
2024,P130480109,No,Si,No,No
2024,P130540010,No,Si,No,No
2024,P130600036,No,Si,No,No
2024,P130639999,No,Si,No,No
2024,P130680038,No,Si,No,No
2024,P130710023,No,Si,No,No
2024,P130730001,No,Si,No,No
2024,P130801258,No,Si,No,No
2024,P130840022,No,Si,No,No
2024,P130845740,No,Si,No,No
2024,P139999999,No,Si,No,No
2024,P140251495,No,Si,No,No
2024,P140390300,No,Si,No,No
2024,P140432717,No,Si,No,No
2024,P140480001,No,Si,No,No
2024,P140610190,No,Si,No,No
2024,P140610201,No,Si,No,No
2024,P140610482,No,Si,No,No
2024,P150010017,No,Si,No,No
2024,P150030015,No,Si,No,No
2024,P150030018,No,Si,No,No
2024,P150030055,No,Si,No,No
2024,P150050137,No,Si,No,No
2024,P150140001,No,Si,No,No
2024,P150190004,No,Si,No,No
2024,P150232664,No,Si,No,No
2024,P150262908,No,Si,No,No
2024,P150330094,No,Si,No,No
2024,P150333809,No,Si,No,No
2024,P150339999,No,Si,No,No
2024,P150372038,No,Si,No,No
2024,P150400012,No,Si,No,No
2024,P150450001,No,Si,No,No
2024,P150450249,No,Si,No,No
2024,P150511563,No,Si,No,No
2024,P150572345,No,Si,No,No
2024,P150572464,No,Si,No,No
2024,P150740064,No,Si,No,No
2024,P150800004,No,Si,No,No
2024,P150800012,No,Si,No,No
2024,P150800021,No,Si,No,No
2024,P150800024,No,Si,No,No
2024,P150800028,No,Si,No,No
2024,P150820012,No,Si,No,No
2024,P150820466,No,Si,No,No
2024,P150861074,No,Si,No,No
2024,P150880002,No,Si,No,No
2024,P150880020,No,Si,No,No
2024,P150880032,No,Si,No,No
2024,P150880033,No,Si,No,No
2024,P150880068,No,Si,No,No
2024,P150953006,No,Si,No,No
2024,P150970001,No,Si,No,No
2024,P150970005,No,Si,No,No
2024,P150970015,No,Si,No,No
2024,P150970019,No,Si,No,No
2024,P151011998,No,Si,No,No
2024,P151060160,No,Si,No,No
2024,P151060163,No,Si,No,No
2024,P151060209,No,Si,No,No
2024,P151093278,No,Si,No,No
2024,P151140017,No,Si,No,No
2024,P151190001,No,Si,No,No
2024,P151213079,No,Si,No,No
2024,P151230055,No,Si,No,No
2024,P151230151,No,Si,No,No
2024,P151230228,No,Si,No,No
2024,P151240003,No,Si,No,No
2024,P151240008,No,Si,No,No
2024,P151240018,No,Si,No,No
2024,P151240063,No,Si,No,No
2024,P151240071,No,Si,No,No
2024,P151240079,No,Si,No,No
2024,P151240082,No,Si,No,No
2024,P151240089,No,Si,No,No
2024,P151240096,No,Si,No,No
2024,P151240107,No,Si,No,No
2024,P151240109,No,Si,No,No
2024,P151240119,No,Si,No,No
2024,P151240120,No,Si,No,No
2024,P151240133,No,Si,No,No
2024,P160080315,No,Si,No,No
2024,P160080751,No,Si,No,No
2024,P160172082,No,Si,No,No
2024,P160250013,No,Si,No,No
2024,P160260069,No,Si,No,No
2024,P160332676,No,Si,No,No
2024,P160421125,No,Si,No,No
2024,P160530002,No,Si,No,No
2024,P160530039,No,Si,No,No
2024,P160530308,No,Si,No,No
2024,P160750008,No,Si,No,No
2024,P160750018,No,Si,No,No
2024,P160850017,No,Si,No,No
2024,P160922346,No,Si,No,No
2024,P161025643,No,Si,No,No
2024,P161070666,No,Si,No,No
2024,P161120207,No,Si,No,No
2024,P170070001,No,Si,No,No
2024,P170070093,No,Si,No,No
2024,P180020020,No,Si,No,No
2024,P180040001,No,Si,No,No
2024,P180090389,No,Si,No,No
2024,P180091450,No,Si,No,No
2024,P180150138,No,Si,No,No
2024,P180160001,No,Si,No,No
2024,P180170373,No,Si,No,No
2024,P180190714,No,Si,No,No
2024,P190060331,No,Si,No,No
2024,P190063630,No,Si,No,No
2024,P190070019,No,Si,No,No
2024,P190092027,No,Si,No,No
2024,P190123822,No,Si,No,No
2024,P190140001,No,Si,No,No
2024,P190170025,No,Si,No,No
2024,P190170153,No,Si,No,No
2024,P190172219,No,Si,No,No
2024,P190180001,No,Si,No,No
2024,P190199999,No,Si,No,No
2024,P190210001,No,Si,No,No
2024,P190390001,No,Si,No,No
2024,P190390326,No,Si,No,No
2024,P190390442,No,Si,No,No
2024,P190390464,No,Si,No,No
2024,P190410001,No,Si,No,No
2024,P190450005,No,Si,No,No
2024,P190461116,No,Si,No,No
2024,P190461187,No,Si,No,No
2024,P190480005,No,Si,No,No
2024,P190480028,No,Si,No,No
2024,P190480802,No,Si,No,No
2024,P190490009,No,Si,No,No
2024,P200420003,No,Si,No,No
2024,P200580071,No,Si,No,No
2024,P200670046,No,Si,No,No
2024,P201340012,No,Si,No,No
2024,P201340024,No,Si,No,No
2024,P201840122,No,Si,No,No
2024,P202120004,No,Si,No,No
2024,P202292884,No,Si,No,No
2024,P202780004,No,Si,No,No
2024,P203120002,No,Si,No,No
2024,P204130031,No,Si,No,No
2024,P205370013,No,Si,No,No
2024,P210040029,No,Si,No,No
2024,P210070008,No,Si,No,No
2024,P210670002,No,Si,No,No
2024,P210710004,No,Si,No,No
2024,P210710010,No,Si,No,No
2024,P210830036,No,Si,No,No
2024,P210910869,No,Si,No,No
2024,P211140034,No,Si,No,No
2024,P211149999,No,Si,No,No
2024,P211562530,No,Si,No,No
2024,P211780767,No,Si,No,No
2024,P220020001,No,Si,No,No
2024,P220110486,No,Si,No,No
2024,P220140107,No,Si,No,No
2024,P230040040,No,Si,No,No
2024,P230080001,No,Si,No,No
2024,P240030008,No,Si,No,No
2024,P240030012,No,Si,No,No
2024,P240040037,No,Si,No,No
2024,P240200014,No,Si,No,No
2024,P240230015,No,Si,No,No
2024,P240230049,No,Si,No,No
2024,P240260005,No,Si,No,No
2024,P240280072,No,Si,No,No
2024,P240280302,No,Si,No,No
2024,P240280331,No,Si,No,No
2024,P240330001,No,Si,No,No
2024,P240370010,No,Si,No,No
2024,P240370047,No,Si,No,No
2024,P240370223,No,Si,No,No
2024,P240380048,No,Si,No,No
2024,P240381691,No,Si,No,No
2024,P240390019,No,Si,No,No
2024,P240390210,No,Si,No,No
2024,P240410003,No,Si,No,No
2024,P240410077,No,Si,No,No
2024,P240440018,No,Si,No,No
2024,P240460001,No,Si,No,No
2024,P240460019,No,Si,No,No
2024,P240480008,No,Si,No,No
2024,P240500001,No,Si,No,No
2024,P240500243,No,Si,No,No
2024,P240540024,No,Si,No,No
2024,P240540059,No,Si,No,No
2024,P240570077,No,Si,No,No
2024,P250030001,No,Si,No,No
2024,P250030098,No,Si,No,No
2024,P250030260,No,Si,No,No
2024,P250030481,No,Si,No,No
2024,P250050070,No,Si,No,No
2024,P250060374,No,Si,No,No
2024,P250070024,No,Si,No,No
2024,P250080164,No,Si,No,No
2024,P250100001,No,Si,No,No
2024,P250100113,No,Si,No,No
2024,P250101980,No,Si,No,No
2024,P250110579,No,Si,No,No
2024,P250120330,No,Si,No,No
2024,P250160152,No,Si,No,No
2024,P250170948,No,Si,No,No
2024,P260030525,No,Si,No,No
2024,P260030785,No,Si,No,No
2024,P260180005,No,Si,No,No
2024,P260181518,No,Si,No,No
2024,P260290195,No,Si,No,No
2024,P260290326,No,Si,No,No
2024,P260360075,No,Si,No,No
2024,P260370001,No,Si,No,No
2024,P260430001,No,Si,No,No
2024,P260490100,No,Si,No,No
2024,P260520001,No,Si,No,No
2024,P260580341,No,Si,No,No
2024,P260610005,No,Si,No,No
2024,P260611356,No,Si,No,No
2024,P260690001,No,Si,No,No
2024,P260700353,No,Si,No,No
2024,P270010011,No,Si,No,No
2024,P270020450,No,Si,No,No
2024,P270042497,No,Si,No,No
2024,P270050077,No,Si,No,No
2024,P270140001,No,Si,No,No
2024,P270170001,No,Si,No,No
2024,P280020151,No,Si,No,No
2024,P280020384,No,Si,No,No
2024,P280030010,No,Si,No,No
2024,P280030036,No,Si,No,No
2024,P280030072,No,Si,No,No
2024,P280030089,No,Si,No,No
2024,P280030108,No,Si,No,No
2024,P280030246,No,Si,No,No
2024,P280030344,No,Si,No,No
2024,P280033682,No,Si,No,No
2024,P280040028,No,Si,No,No
2024,P280040047,No,Si,No,No
2024,P280050044,No,Si,No,No
2024,P280060011,No,Si,No,No
2024,P280070012,No,Si,No,No
2024,P280070049,No,Si,No,No
2024,P280080007,No,Si,No,No
2024,P280080057,No,Si,No,No
2024,P280080182,No,Si,No,No
2024,P280099999,No,Si,No,No
2024,P280100004,No,Si,No,No
2024,P280110012,No,Si,No,No
2024,P280110042,No,Si,No,No
2024,P280110064,No,Si,No,No
2024,P280110091,No,Si,No,No
2024,P280110124,No,Si,No,No
2024,P280110222,No,Si,No,No
2024,P280120001,No,Si,No,No
2024,P280120003,No,Si,No,No
2024,P280120085,No,Si,No,No
2024,P280120114,No,Si,No,No
2024,P280121017,No,Si,No,No
2024,P280130005,No,Si,No,No
2024,P280130008,No,Si,No,No
2024,P280130020,No,Si,No,No
2024,P280130101,No,Si,No,No
2024,P280130108,No,Si,No,No
2024,P280130131,No,Si,No,No
2024,P280150018,No,Si,No,No
2024,P280160047,No,Si,No,No
2024,P280160075,No,Si,No,No
2024,P280160121,No,Si,No,No
2024,P280160133,No,Si,No,No
2024,P280170005,No,Si,No,No
2024,P280170055,No,Si,No,No
2024,P280170069,No,Si,No,No
2024,P280180058,No,Si,No,No
2024,P280190005,No,Si,No,No
2024,P280190009,No,Si,No,No
2024,P280190017,No,Si,No,No
2024,P280190021,No,Si,No,No
2024,P280190054,No,Si,No,No
2024,P280190073,No,Si,No,No
2024,P280190078,No,Si,No,No
2024,P280190092,No,Si,No,No
2024,P280190106,No,Si,No,No
2024,P280190138,No,Si,No,No
2024,P280190548,No,Si,No,No
2024,P280190581,No,Si,No,No
2024,P280190595,No,Si,No,No
2024,P280200032,No,Si,No,No
2024,P280210015,No,Si,No,No
2024,P280210028,No,Si,No,No
2024,P280210038,No,Si,No,No
2024,P280210066,No,Si,No,No
2024,P280210089,No,Si,No,No
2024,P280210113,No,Si,No,No
2024,P280210132,No,Si,No,No
2024,P280210140,No,Si,No,No
2024,P280210162,No,Si,No,No
2024,P280210403,No,Si,No,No
2024,P280220169,No,Si,No,No
2024,P280220253,No,Si,No,No
2024,P280220381,No,Si,No,No
2024,P280220388,No,Si,No,No
2024,P280220583,No,Si,No,No
2024,P280221768,No,Si,No,No
2024,P280230112,No,Si,No,No
2024,P280230172,No,Si,No,No
2024,P280250001,No,Si,No,No
2024,P280250005,No,Si,No,No
2024,P280250014,No,Si,No,No
2024,P280270937,No,Si,No,No
2024,P280280052,No,Si,No,No
2024,P280290004,No,Si,No,No
2024,P280290008,No,Si,No,No
2024,P280290034,No,Si,No,No
2024,P280290066,No,Si,No,No
2024,P280290085,No,Si,No,No
2024,P280290111,No,Si,No,No
2024,P280300047,No,Si,No,No
2024,P280300071,No,Si,No,No
2024,P280300217,No,Si,No,No
2024,P280310008,No,Si,No,No
2024,P280320001,No,Si,No,No
2024,P280320089,No,Si,No,No
2024,P280320141,No,Si,No,No
2024,P280321050,No,Si,No,No
2024,P280330229,No,Si,No,No
2024,P280330288,No,Si,No,No
2024,P280330373,No,Si,No,No
2024,P280330410,No,Si,No,No
2024,P280340054,No,Si,No,No
2024,P280340077,No,Si,No,No
2024,P280340091,No,Si,No,No
2024,P280340157,No,Si,No,No
2024,P280340186,No,Si,No,No
2024,P280340187,No,Si,No,No
2024,P280340220,No,Si,No,No
2024,P280350073,No,Si,No,No
2024,P280350135,No,Si,No,No
2024,P280350150,No,Si,No,No
2024,P280350172,No,Si,No,No
2024,P280350250,No,Si,No,No
2024,P280350255,No,Si,No,No
2024,P280350325,No,Si,No,No
2024,P280350335,No,Si,No,No
2024,P280350354,No,Si,No,No
2024,P280350428,No,Si,No,No
2024,P280350456,No,Si,No,No
2024,P280351089,No,Si,No,No
2024,P280370031,No,Si,No,No
2024,P280370132,No,Si,No,No
2024,P280370181,No,Si,No,No
2024,P280370196,No,Si,No,No
2024,P280370375,No,Si,No,No
2024,P280370381,No,Si,No,No
2024,P280370616,No,Si,No,No
2024,P280370802,No,Si,No,No
2024,P280390029,No,Si,No,No
2024,P280390053,No,Si,No,No
2024,P280390073,No,Si,No,No
2024,P280390084,No,Si,No,No
2024,P280390085,No,Si,No,No
2024,P280390091,No,Si,No,No
2024,P280390150,No,Si,No,No
2024,P280400005,No,Si,No,No
2024,P280400051,No,Si,No,No
2024,P280400055,No,Si,No,No
2024,P280400056,No,Si,No,No
2024,P280400142,No,Si,No,No
2024,P280410071,No,Si,No,No
2024,P280410124,No,Si,No,No
2024,P280410140,No,Si,No,No
2024,P280410157,No,Si,No,No
2024,P280420017,No,Si,No,No
2024,P280420047,No,Si,No,No
2024,P280420049,No,Si,No,No
2024,P280420097,No,Si,No,No
2024,P280420121,No,Si,No,No
2024,P280430003,No,Si,No,No
2024,P280430009,No,Si,No,No
2024,P280430036,No,Si,No,No
2024,P280430075,No,Si,No,No
2024,P280430140,No,Si,No,No
2024,P280430292,No,Si,No,No
2024,P290100005,No,Si,No,No
2024,P300030020,No,Si,No,No
2024,P300090126,No,Si,No,No
2024,P300100026,No,Si,No,No
2024,P300200001,No,Si,No,No
2024,P300270034,No,Si,No,No
2024,P300290012,No,Si,No,No
2024,P300290013,No,Si,No,No
2024,P300290026,No,Si,No,No
2024,P300330009,No,Si,No,No
2024,P300399999,No,Si,No,No
2024,P300440069,No,Si,No,No
2024,P300490001,No,Si,No,No
2024,P300510006,No,Si,No,No
2024,P300510010,No,Si,No,No
2024,P300570007,No,Si,No,No
2024,P300580069,No,Si,No,No
2024,P300580085,No,Si,No,No
2024,P300580101,No,Si,No,No
2024,P300580218,No,Si,No,No
2024,P300580365,No,Si,No,No
2024,P300610744,No,Si,No,No
2024,P300650415,No,Si,No,No
2024,P300660009,No,Si,No,No
2024,P300733602,No,Si,No,No
2024,P300780005,No,Si,No,No
2024,P300780009,No,Si,No,No
2024,P300790013,No,Si,No,No
2024,P300830046,No,Si,No,No
2024,P300830071,No,Si,No,No
2024,P300830079,No,Si,No,No
2024,P300850001,No,Si,No,No
2024,P300870020,No,Si,No,No
2024,P300980013,No,Si,No,No
2024,P301010012,No,Si,No,No
2024,P301052738,No,Si,No,No
2024,P301059999,No,Si,No,No
2024,P301070006,No,Si,No,No
2024,P301080129,No,Si,No,No
2024,P301150013,No,Si,No,No
2024,P301170010,No,Si,No,No
2024,P301240011,No,Si,No,No
2024,P301240035,No,Si,No,No
2024,P301240116,No,Si,No,No
2024,P301240126,No,Si,No,No
2024,P301250020,No,Si,No,No
2024,P301270054,No,Si,No,No
2024,P301290013,No,Si,No,No
2024,P301319999,No,Si,No,No
2024,P301332007,No,Si,No,No
2024,P301340014,No,Si,No,No
2024,P301410044,No,Si,No,No
2024,P301410082,No,Si,No,No
2024,P301420009,No,Si,No,No
2024,P301453750,No,Si,No,No
2024,P301470004,No,Si,No,No
2024,P301480001,No,Si,No,No
2024,P301490005,No,Si,No,No
2024,P301550058,No,Si,No,No
2024,P301550096,No,Si,No,No
2024,P301550130,No,Si,No,No
2024,P301550149,No,Si,No,No
2024,P301550252,No,Si,No,No
2024,P301550257,No,Si,No,No
2024,P301570003,No,Si,No,No
2024,P301570007,No,Si,No,No
2024,P301580007,No,Si,No,No
2024,P301600073,No,Si,No,No
2024,P301600110,No,Si,No,No
2024,P301601618,No,Si,No,No
2024,P301680004,No,Si,No,No
2024,P301680045,No,Si,No,No
2024,P301690031,No,Si,No,No
2024,P301700007,No,Si,No,No
2024,P301700012,No,Si,No,No
2024,P301730067,No,Si,No,No
2024,P301740049,No,Si,No,No
2024,P301750014,No,Si,No,No
2024,P301750054,No,Si,No,No
2024,P301780001,No,Si,No,No
2024,P301899999,No,Si,No,No
2024,P302010012,No,Si,No,No
2024,P302010026,No,Si,No,No
2024,P302010048,No,Si,No,No
2024,P302010091,No,Si,No,No
2024,P302010095,No,Si,No,No
2024,P302010142,No,Si,No,No
2024,P302030009,No,Si,No,No
2024,P302030013,No,Si,No,No
2024,P302100113,No,Si,No,No
2024,P302100121,No,Si,No,No
2024,P302120014,No,Si,No,No
2024,P310500077,No,Si,No,No
2024,P310500246,No,Si,No,No
2024,P310500257,No,Si,No,No
2024,P310500621,No,Si,No,No
2024,P310560001,No,Si,No,No
2024,P310760486,No,Si,No,No
2024,P310910440,No,Si,No,No
2024,P320120326,No,Si,No,No
2024,P320230007,No,Si,No,No
2024,P320230024,No,Si,No,No
2024,P320270007,No,Si,No,No
2024,P320330046,No,Si,No,No
2024,P320400001,No,Si,No,No
2024,P320440045,No,Si,No,No
2024,P030020001,No,Si,No,No
2024,P030080217,No,Si,No,No
2024,P100051888,No,Si,No,No
2024,P100260084,No,Si,No,No
2024,P120460001,No,Si,No,No
2024,P120300001,No,Si,No,No
2024,P120570294,No,Si,No,No
2024,P120380001,No,Si,No,No
2024,P070080001,No,Si,No,No
2024,P160520534,No,Si,No,No
2024,P260120001,No,Si,No,No
2024,P204820017,No,Si,No,No
2024,P260181248,No,Si,No,No
2024,P300490065,No,Si,No,No
2024,P270090001,No,Si,No,No
2024,P301250045,No,Si,No,No
2024,P301810150,No,Si,No,No
2024,P300490050,No,Si,No,No
2024,P300070019,No,Si,No,No
2024,P301810066,No,Si,No,No
2024,P300500017,No,Si,No,No
2024,P020041929,No,Si,No,No
2024,P301250065,No,Si,No,No
2024,P050270001,No,Si,No,No
2024,P310440060,No,Si,No,No
2024,P301780215,No,Si,No,No
2024,P120220420,No,Si,No,No
2024,P300820088,No,Si,No,No
2024,P301250062,No,Si,No,No
2024,P301810071,No,Si,No,No
2024,P302100087,No,Si,No,No
2024,P020040568,No,Si,No,No
2024,P090170001,No,Si,No,No
2024,P100051962,No,Si,No,No
2024,P100051817,No,Si,No,No
2024,P190210023,No,Si,No,No
2024,P250062899,No,Si,No,No
2024,P280070082,No,Si,No,No
2024,P260720200,No,Si,No,No
2024,P320100001,No,Si,No,No
2024,P071140001,No,Si,No,No