C501,C502,C001,C101,C102,R001-0301
2025,P02,P01001,P119,P01,986
2025,P02,P01001,P119,P02,0
2025,P02,P01001,P124,P01,2
2025,P02,P01001,P124,P02,0
2025,P02,P01001,P126,P01,9
2025,P02,P01001,P126,P02,0
2025,P02,P01002,P119,P01,0
2025,P02,P01002,P119,P02,0
2025,P02,P01002,P124,P01,0
2025,P02,P01002,P124,P02,0
2025,P02,P01002,P126,P01,0
2025,P02,P01002,P126,P02,0
2025,P02,P01003,P119,P01,0
2025,P02,P01003,P119,P02,0
2025,P02,P01003,P124,P01,0
2025,P02,P01003,P124,P02,0
2025,P02,P01003,P126,P01,0
2025,P02,P01003,P126,P02,0
2025,P02,P01004,P119,P01,0
2025,P02,P01004,P119,P02,0
2025,P02,P01004,P124,P01,0
2025,P02,P01004,P124,P02,0
2025,P02,P01004,P126,P01,0
2025,P02,P01004,P126,P02,0
2025,P02,P01005,P119,P01,0
2025,P02,P01005,P119,P02,0
2025,P02,P01005,P124,P01,0
2025,P02,P01005,P124,P02,0
2025,P02,P01005,P126,P01,0
2025,P02,P01005,P126,P02,0
2025,P02,P01006,P119,P01,0
2025,P02,P01006,P119,P02,0
2025,P02,P01006,P124,P01,0
2025,P02,P01006,P124,P02,0
2025,P02,P01006,P126,P01,0
2025,P02,P01006,P126,P02,0
2025,P02,P01007,P119,P01,0
2025,P02,P01007,P119,P02,0
2025,P02,P01007,P124,P01,0
2025,P02,P01007,P124,P02,0
2025,P02,P01007,P126,P01,0
2025,P02,P01007,P126,P02,0
2025,P02,P01008,P119,P01,0
2025,P02,P01008,P119,P02,0
2025,P02,P01008,P124,P01,0
2025,P02,P01008,P124,P02,0
2025,P02,P01008,P126,P01,0
2025,P02,P01008,P126,P02,0
2025,P02,P01009,P119,P01,0
2025,P02,P01009,P119,P02,0
2025,P02,P01009,P124,P01,0
2025,P02,P01009,P124,P02,0
2025,P02,P01009,P126,P01,0
2025,P02,P01009,P126,P02,0
2025,P02,P01010,P119,P01,0
2025,P02,P01010,P119,P02,0
2025,P02,P01010,P124,P01,0
2025,P02,P01010,P124,P02,0
2025,P02,P01010,P126,P01,0
2025,P02,P01010,P126,P02,0
2025,P02,P01011,P119,P01,0
2025,P02,P01011,P119,P02,0
2025,P02,P01011,P124,P01,0
2025,P02,P01011,P124,P02,0
2025,P02,P01011,P126,P01,0
2025,P02,P01011,P126,P02,0
2025,P02,P02001,P119,P01,0
2025,P02,P02001,P119,P02,0
2025,P02,P02001,P124,P01,0
2025,P02,P02001,P124,P02,0
2025,P02,P02001,P126,P01,0
2025,P02,P02001,P126,P02,0
2025,P02,P02002,P119,P01,785
2025,P02,P02002,P119,P02,0
2025,P02,P02002,P124,P01,1
2025,P02,P02002,P124,P02,0
2025,P02,P02002,P126,P01,7
2025,P02,P02002,P126,P02,0
2025,P02,P02003,P119,P01,0
2025,P02,P02003,P119,P02,0
2025,P02,P02003,P124,P01,0
2025,P02,P02003,P124,P02,0
2025,P02,P02003,P126,P01,0
2025,P02,P02003,P126,P02,0
2025,P02,P02004,P119,P01,641
2025,P02,P02004,P119,P02,0
2025,P02,P02004,P124,P01,1
2025,P02,P02004,P124,P02,0
2025,P02,P02004,P126,P01,6
2025,P02,P02004,P126,P02,0
2025,P02,P02005,P119,P01,6
2025,P02,P02005,P119,P02,0
2025,P02,P02005,P124,P01,0
2025,P02,P02005,P124,P02,0
2025,P02,P02005,P126,P01,0
2025,P02,P02005,P126,P02,0
2025,P02,P02006,P119,P01,0
2025,P02,P02006,P119,P02,0
2025,P02,P02006,P124,P01,0
2025,P02,P02006,P124,P02,0
2025,P02,P02006,P126,P01,0
2025,P02,P02006,P126,P02,0
2025,P02,P02007,P119,P01,0
2025,P02,P02007,P119,P02,0
2025,P02,P02007,P124,P01,0
2025,P02,P02007,P124,P02,0
2025,P02,P02007,P126,P01,0
2025,P02,P02007,P126,P02,0
2025,P02,P03001,P119,P01,0
2025,P02,P03001,P119,P02,0
2025,P02,P03001,P124,P01,0
2025,P02,P03001,P124,P02,0
2025,P02,P03001,P126,P01,0
2025,P02,P03001,P126,P02,0
2025,P02,P03002,P119,P01,0
2025,P02,P03002,P119,P02,0
2025,P02,P03002,P124,P01,0
2025,P02,P03002,P124,P02,0
2025,P02,P03002,P126,P01,0
2025,P02,P03002,P126,P02,0
2025,P02,P03003,P119,P01,0
2025,P02,P03003,P119,P02,0
2025,P02,P03003,P124,P01,0
2025,P02,P03003,P124,P02,0
2025,P02,P03003,P126,P01,0
2025,P02,P03003,P126,P02,0
2025,P02,P03008,P119,P01,0
2025,P02,P03008,P119,P02,0
2025,P02,P03008,P124,P01,0
2025,P02,P03008,P124,P02,0
2025,P02,P03008,P126,P01,0
2025,P02,P03008,P126,P02,0
2025,P02,P03009,P119,P01,0
2025,P02,P03009,P119,P02,0
2025,P02,P03009,P124,P01,0
2025,P02,P03009,P124,P02,0
2025,P02,P03009,P126,P01,0
2025,P02,P03009,P126,P02,0
2025,P02,P04001,P119,P01,0
2025,P02,P04001,P119,P02,0
2025,P02,P04001,P124,P01,0
2025,P02,P04001,P124,P02,0
2025,P02,P04001,P126,P01,0
2025,P02,P04001,P126,P02,0
2025,P02,P04002,P119,P01,0
2025,P02,P04002,P119,P02,0
2025,P02,P04002,P124,P01,0
2025,P02,P04002,P124,P02,0
2025,P02,P04002,P126,P01,0
2025,P02,P04002,P126,P02,0
2025,P02,P04003,P119,P01,0
2025,P02,P04003,P119,P02,0
2025,P02,P04003,P124,P01,0
2025,P02,P04003,P124,P02,0
2025,P02,P04003,P126,P01,0
2025,P02,P04003,P126,P02,0
2025,P02,P04004,P119,P01,0
2025,P02,P04004,P119,P02,0
2025,P02,P04004,P124,P01,0
2025,P02,P04004,P124,P02,0
2025,P02,P04004,P126,P01,0
2025,P02,P04004,P126,P02,0
2025,P02,P04005,P119,P01,0
2025,P02,P04005,P119,P02,0
2025,P02,P04005,P124,P01,0
2025,P02,P04005,P124,P02,0
2025,P02,P04005,P126,P01,0
2025,P02,P04005,P126,P02,0
2025,P02,P04006,P119,P01,0
2025,P02,P04006,P119,P02,0
2025,P02,P04006,P124,P01,0
2025,P02,P04006,P124,P02,0
2025,P02,P04006,P126,P01,0
2025,P02,P04006,P126,P02,0
2025,P02,P04007,P119,P01,0
2025,P02,P04007,P119,P02,0
2025,P02,P04007,P124,P01,0
2025,P02,P04007,P124,P02,0
2025,P02,P04007,P126,P01,0
2025,P02,P04007,P126,P02,0
2025,P02,P04008,P119,P01,0
2025,P02,P04008,P119,P02,0
2025,P02,P04008,P124,P01,0
2025,P02,P04008,P124,P02,0
2025,P02,P04008,P126,P01,0
2025,P02,P04008,P126,P02,0
2025,P02,P04009,P119,P01,0
2025,P02,P04009,P119,P02,0
2025,P02,P04009,P124,P01,0
2025,P02,P04009,P124,P02,0
2025,P02,P04009,P126,P01,0
2025,P02,P04009,P126,P02,0
2025,P02,P04010,P119,P01,0
2025,P02,P04010,P119,P02,0
2025,P02,P04010,P124,P01,0
2025,P02,P04010,P124,P02,0
2025,P02,P04010,P126,P01,0
2025,P02,P04010,P126,P02,0
2025,P02,P04011,P119,P01,0
2025,P02,P04011,P119,P02,0
2025,P02,P04011,P124,P01,0
2025,P02,P04011,P124,P02,0
2025,P02,P04011,P126,P01,0
2025,P02,P04011,P126,P02,0
2025,P02,P04012,P119,P01,0
2025,P02,P04012,P119,P02,0
2025,P02,P04012,P124,P01,0
2025,P02,P04012,P124,P02,0
2025,P02,P04012,P126,P01,0
2025,P02,P04012,P126,P02,0
2025,P02,P04013,P119,P01,0
2025,P02,P04013,P119,P02,0
2025,P02,P04013,P124,P01,0
2025,P02,P04013,P124,P02,0
2025,P02,P04013,P126,P01,0
2025,P02,P04013,P126,P02,0
2025,P02,P05001,P119,P01,0
2025,P02,P05001,P119,P02,0
2025,P02,P05001,P124,P01,0
2025,P02,P05001,P124,P02,0
2025,P02,P05001,P126,P01,0
2025,P02,P05001,P126,P02,0
2025,P02,P05002,P119,P01,0
2025,P02,P05002,P119,P02,0
2025,P02,P05002,P124,P01,0
2025,P02,P05002,P124,P02,0
2025,P02,P05002,P126,P01,0
2025,P02,P05002,P126,P02,0
2025,P02,P05003,P119,P01,0
2025,P02,P05003,P119,P02,0
2025,P02,P05003,P124,P01,0
2025,P02,P05003,P124,P02,0
2025,P02,P05003,P126,P01,0
2025,P02,P05003,P126,P02,0
2025,P02,P05004,P119,P01,0
2025,P02,P05004,P119,P02,0
2025,P02,P05004,P124,P01,0
2025,P02,P05004,P124,P02,0
2025,P02,P05004,P126,P01,0
2025,P02,P05004,P126,P02,0
2025,P02,P05005,P119,P01,0
2025,P02,P05005,P119,P02,0
2025,P02,P05005,P124,P01,0
2025,P02,P05005,P124,P02,0
2025,P02,P05005,P126,P01,0
2025,P02,P05005,P126,P02,0
2025,P02,P05006,P119,P01,0
2025,P02,P05006,P119,P02,0
2025,P02,P05006,P124,P01,0
2025,P02,P05006,P124,P02,0
2025,P02,P05006,P126,P01,0
2025,P02,P05006,P126,P02,0
2025,P02,P05007,P119,P01,0
2025,P02,P05007,P119,P02,0
2025,P02,P05007,P124,P01,0
2025,P02,P05007,P124,P02,0
2025,P02,P05007,P126,P01,0
2025,P02,P05007,P126,P02,0
2025,P02,P05008,P119,P01,0
2025,P02,P05008,P119,P02,0
2025,P02,P05008,P124,P01,0
2025,P02,P05008,P124,P02,0
2025,P02,P05008,P126,P01,0
2025,P02,P05008,P126,P02,0
2025,P02,P05009,P119,P01,0
2025,P02,P05009,P119,P02,0
2025,P02,P05009,P124,P01,0
2025,P02,P05009,P124,P02,0
2025,P02,P05009,P126,P01,0
2025,P02,P05009,P126,P02,0
2025,P02,P05010,P119,P01,0
2025,P02,P05010,P119,P02,0
2025,P02,P05010,P124,P01,0
2025,P02,P05010,P124,P02,0
2025,P02,P05010,P126,P01,0
2025,P02,P05010,P126,P02,0
2025,P02,P05011,P119,P01,0
2025,P02,P05011,P119,P02,0
2025,P02,P05011,P124,P01,0
2025,P02,P05011,P124,P02,0
2025,P02,P05011,P126,P01,0
2025,P02,P05011,P126,P02,0
2025,P02,P05012,P119,P01,0
2025,P02,P05012,P119,P02,0
2025,P02,P05012,P124,P01,0
2025,P02,P05012,P124,P02,0
2025,P02,P05012,P126,P01,0
2025,P02,P05012,P126,P02,0
2025,P02,P05013,P119,P01,0
2025,P02,P05013,P119,P02,0
2025,P02,P05013,P124,P01,0
2025,P02,P05013,P124,P02,0
2025,P02,P05013,P126,P01,0
2025,P02,P05013,P126,P02,0
2025,P02,P05014,P119,P01,0
2025,P02,P05014,P119,P02,0
2025,P02,P05014,P124,P01,0
2025,P02,P05014,P124,P02,0
2025,P02,P05014,P126,P01,0
2025,P02,P05014,P126,P02,0
2025,P02,P05015,P119,P01,0
2025,P02,P05015,P119,P02,0
2025,P02,P05015,P124,P01,0
2025,P02,P05015,P124,P02,0
2025,P02,P05015,P126,P01,0
2025,P02,P05015,P126,P02,0
2025,P02,P05016,P119,P01,0
2025,P02,P05016,P119,P02,0
2025,P02,P05016,P124,P01,0
2025,P02,P05016,P124,P02,0
2025,P02,P05016,P126,P01,0
2025,P02,P05016,P126,P02,0
2025,P02,P05017,P119,P01,0
2025,P02,P05017,P119,P02,0
2025,P02,P05017,P124,P01,0
2025,P02,P05017,P124,P02,0
2025,P02,P05017,P126,P01,0
2025,P02,P05017,P126,P02,0
2025,P02,P05018,P119,P01,0
2025,P02,P05018,P119,P02,0
2025,P02,P05018,P124,P01,0
2025,P02,P05018,P124,P02,0
2025,P02,P05018,P126,P01,0
2025,P02,P05018,P126,P02,0
2025,P02,P05019,P119,P01,0
2025,P02,P05019,P119,P02,0
2025,P02,P05019,P124,P01,0
2025,P02,P05019,P124,P02,0
2025,P02,P05019,P126,P01,0
2025,P02,P05019,P126,P02,0
2025,P02,P05020,P119,P01,0
2025,P02,P05020,P119,P02,0
2025,P02,P05020,P124,P01,0
2025,P02,P05020,P124,P02,0
2025,P02,P05020,P126,P01,0
2025,P02,P05020,P126,P02,0
2025,P02,P05021,P119,P01,0
2025,P02,P05021,P119,P02,0
2025,P02,P05021,P124,P01,0
2025,P02,P05021,P124,P02,0
2025,P02,P05021,P126,P01,0
2025,P02,P05021,P126,P02,0
2025,P02,P05022,P119,P01,0
2025,P02,P05022,P119,P02,0
2025,P02,P05022,P124,P01,0
2025,P02,P05022,P124,P02,0
2025,P02,P05022,P126,P01,0
2025,P02,P05022,P126,P02,0
2025,P02,P05023,P119,P01,0
2025,P02,P05023,P119,P02,0
2025,P02,P05023,P124,P01,0
2025,P02,P05023,P124,P02,0
2025,P02,P05023,P126,P01,0
2025,P02,P05023,P126,P02,0
2025,P02,P05024,P119,P01,0
2025,P02,P05024,P119,P02,0
2025,P02,P05024,P124,P01,0
2025,P02,P05024,P124,P02,0
2025,P02,P05024,P126,P01,0
2025,P02,P05024,P126,P02,0
2025,P02,P05025,P119,P01,0
2025,P02,P05025,P119,P02,0
2025,P02,P05025,P124,P01,0
2025,P02,P05025,P124,P02,0
2025,P02,P05025,P126,P01,0
2025,P02,P05025,P126,P02,0
2025,P02,P05026,P119,P01,0
2025,P02,P05026,P119,P02,0
2025,P02,P05026,P124,P01,0
2025,P02,P05026,P124,P02,0
2025,P02,P05026,P126,P01,0
2025,P02,P05026,P126,P02,0
2025,P02,P05027,P119,P01,49
2025,P02,P05027,P119,P02,0
2025,P02,P05027,P124,P01,0
2025,P02,P05027,P124,P02,0
2025,P02,P05027,P126,P01,0
2025,P02,P05027,P126,P02,0
2025,P02,P05028,P119,P01,0
2025,P02,P05028,P119,P02,0
2025,P02,P05028,P124,P01,0
2025,P02,P05028,P124,P02,0
2025,P02,P05028,P126,P01,0
2025,P02,P05028,P126,P02,0
2025,P02,P05029,P119,P01,0
2025,P02,P05029,P119,P02,0
2025,P02,P05029,P124,P01,0
2025,P02,P05029,P124,P02,0
2025,P02,P05029,P126,P01,0
2025,P02,P05029,P126,P02,0
2025,P02,P05030,P119,P01,225
2025,P02,P05030,P119,P02,0
2025,P02,P05030,P124,P01,0
2025,P02,P05030,P124,P02,0
2025,P02,P05030,P126,P01,2
2025,P02,P05030,P126,P02,0
2025,P02,P05031,P119,P01,0
2025,P02,P05031,P119,P02,0
2025,P02,P05031,P124,P01,0
2025,P02,P05031,P124,P02,0
2025,P02,P05031,P126,P01,0
2025,P02,P05031,P126,P02,0
2025,P02,P05032,P119,P01,0
2025,P02,P05032,P119,P02,0
2025,P02,P05032,P124,P01,0
2025,P02,P05032,P124,P02,0
2025,P02,P05032,P126,P01,0
2025,P02,P05032,P126,P02,0
2025,P02,P05033,P119,P01,0
2025,P02,P05033,P119,P02,0
2025,P02,P05033,P124,P01,0
2025,P02,P05033,P124,P02,0
2025,P02,P05033,P126,P01,0
2025,P02,P05033,P126,P02,0
2025,P02,P05034,P119,P01,0
2025,P02,P05034,P119,P02,0
2025,P02,P05034,P124,P01,0
2025,P02,P05034,P124,P02,0
2025,P02,P05034,P126,P01,0
2025,P02,P05034,P126,P02,0
2025,P02,P05035,P119,P01,"1,097"
2025,P02,P05035,P119,P02,0
2025,P02,P05035,P124,P01,2
2025,P02,P05035,P124,P02,0
2025,P02,P05035,P126,P01,10
2025,P02,P05035,P126,P02,0
2025,P02,P05036,P119,P01,0
2025,P02,P05036,P119,P02,0
2025,P02,P05036,P124,P01,0
2025,P02,P05036,P124,P02,0
2025,P02,P05036,P126,P01,0
2025,P02,P05036,P126,P02,0
2025,P02,P05037,P119,P01,0
2025,P02,P05037,P119,P02,0
2025,P02,P05037,P124,P01,0
2025,P02,P05037,P124,P02,0
2025,P02,P05037,P126,P01,0
2025,P02,P05037,P126,P02,0
2025,P02,P05038,P119,P01,0
2025,P02,P05038,P119,P02,0
2025,P02,P05038,P124,P01,0
2025,P02,P05038,P124,P02,0
2025,P02,P05038,P126,P01,0
2025,P02,P05038,P126,P02,0
2025,P02,P06001,P119,P01,0
2025,P02,P06001,P119,P02,0
2025,P02,P06001,P124,P01,0
2025,P02,P06001,P124,P02,0
2025,P02,P06001,P126,P01,0
2025,P02,P06001,P126,P02,0
2025,P02,P06002,P119,P01,31
2025,P02,P06002,P119,P02,0
2025,P02,P06002,P124,P01,0
2025,P02,P06002,P124,P02,0
2025,P02,P06002,P126,P01,0
2025,P02,P06002,P126,P02,0
2025,P02,P06003,P119,P01,0
2025,P02,P06003,P119,P02,0
2025,P02,P06003,P124,P01,0
2025,P02,P06003,P124,P02,0
2025,P02,P06003,P126,P01,0
2025,P02,P06003,P126,P02,0
2025,P02,P06004,P119,P01,1
2025,P02,P06004,P119,P02,0
2025,P02,P06004,P124,P01,0
2025,P02,P06004,P124,P02,0
2025,P02,P06004,P126,P01,0
2025,P02,P06004,P126,P02,0
2025,P02,P06005,P119,P01,0
2025,P02,P06005,P119,P02,0
2025,P02,P06005,P124,P01,0
2025,P02,P06005,P124,P02,0
2025,P02,P06005,P126,P01,0
2025,P02,P06005,P126,P02,0
2025,P02,P06006,P119,P01,0
2025,P02,P06006,P119,P02,0
2025,P02,P06006,P124,P01,0
2025,P02,P06006,P124,P02,0
2025,P02,P06006,P126,P01,0
2025,P02,P06006,P126,P02,0
2025,P02,P06007,P119,P01,0
2025,P02,P06007,P119,P02,0
2025,P02,P06007,P124,P01,0
2025,P02,P06007,P124,P02,0
2025,P02,P06007,P126,P01,0
2025,P02,P06007,P126,P02,0
2025,P02,P06008,P119,P01,0
2025,P02,P06008,P119,P02,0
2025,P02,P06008,P124,P01,0
2025,P02,P06008,P124,P02,0
2025,P02,P06008,P126,P01,0
2025,P02,P06008,P126,P02,0
2025,P02,P06009,P119,P01,0
2025,P02,P06009,P119,P02,0
2025,P02,P06009,P124,P01,0
2025,P02,P06009,P124,P02,0
2025,P02,P06009,P126,P01,0
2025,P02,P06009,P126,P02,0
2025,P02,P06010,P119,P01,21
2025,P02,P06010,P119,P02,0
2025,P02,P06010,P124,P01,0
2025,P02,P06010,P124,P02,0
2025,P02,P06010,P126,P01,0
2025,P02,P06010,P126,P02,0
2025,P02,P07001,P119,P01,0
2025,P02,P07001,P119,P02,0
2025,P02,P07001,P124,P01,0
2025,P02,P07001,P124,P02,0
2025,P02,P07001,P126,P01,0
2025,P02,P07001,P126,P02,0
2025,P02,P07002,P119,P01,0
2025,P02,P07002,P119,P02,0
2025,P02,P07002,P124,P01,0
2025,P02,P07002,P124,P02,0
2025,P02,P07002,P126,P01,0
2025,P02,P07002,P126,P02,0
2025,P02,P07003,P119,P01,0
2025,P02,P07003,P119,P02,0
2025,P02,P07003,P124,P01,0
2025,P02,P07003,P124,P02,0
2025,P02,P07003,P126,P01,0
2025,P02,P07003,P126,P02,0
2025,P02,P07004,P119,P01,0
2025,P02,P07004,P119,P02,0
2025,P02,P07004,P124,P01,0
2025,P02,P07004,P124,P02,0
2025,P02,P07004,P126,P01,0
2025,P02,P07004,P126,P02,0
2025,P02,P07005,P119,P01,0
2025,P02,P07005,P119,P02,0
2025,P02,P07005,P124,P01,0
2025,P02,P07005,P124,P02,0
2025,P02,P07005,P126,P01,0
2025,P02,P07005,P126,P02,0
2025,P02,P07006,P119,P01,0
2025,P02,P07006,P119,P02,0
2025,P02,P07006,P124,P01,0
2025,P02,P07006,P124,P02,0
2025,P02,P07006,P126,P01,0
2025,P02,P07006,P126,P02,0
2025,P02,P07007,P119,P01,0
2025,P02,P07007,P119,P02,0
2025,P02,P07007,P124,P01,0
2025,P02,P07007,P124,P02,0
2025,P02,P07007,P126,P01,0
2025,P02,P07007,P126,P02,0
2025,P02,P07008,P119,P01,0
2025,P02,P07008,P119,P02,0
2025,P02,P07008,P124,P01,0
2025,P02,P07008,P124,P02,0
2025,P02,P07008,P126,P01,0
2025,P02,P07008,P126,P02,0
2025,P02,P07009,P119,P01,0
2025,P02,P07009,P119,P02,0
2025,P02,P07009,P124,P01,0
2025,P02,P07009,P124,P02,0
2025,P02,P07009,P126,P01,0
2025,P02,P07009,P126,P02,0
2025,P02,P07010,P119,P01,0
2025,P02,P07010,P119,P02,0
2025,P02,P07010,P124,P01,0
2025,P02,P07010,P124,P02,0
2025,P02,P07010,P126,P01,0
2025,P02,P07010,P126,P02,0
2025,P02,P07011,P119,P01,0
2025,P02,P07011,P119,P02,0
2025,P02,P07011,P124,P01,0
2025,P02,P07011,P124,P02,0
2025,P02,P07011,P126,P01,0
2025,P02,P07011,P126,P02,0
2025,P02,P07012,P119,P01,0
2025,P02,P07012,P119,P02,0
2025,P02,P07012,P124,P01,0
2025,P02,P07012,P124,P02,0
2025,P02,P07012,P126,P01,0
2025,P02,P07012,P126,P02,0
2025,P02,P07013,P119,P01,0
2025,P02,P07013,P119,P02,0
2025,P02,P07013,P124,P01,0
2025,P02,P07013,P124,P02,0
2025,P02,P07013,P126,P01,0
2025,P02,P07013,P126,P02,0
2025,P02,P07014,P119,P01,0
2025,P02,P07014,P119,P02,0
2025,P02,P07014,P124,P01,0
2025,P02,P07014,P124,P02,0
2025,P02,P07014,P126,P01,0
2025,P02,P07014,P126,P02,0
2025,P02,P07015,P119,P01,0
2025,P02,P07015,P119,P02,0
2025,P02,P07015,P124,P01,0
2025,P02,P07015,P124,P02,0
2025,P02,P07015,P126,P01,0
2025,P02,P07015,P126,P02,0
2025,P02,P07016,P119,P01,0
2025,P02,P07016,P119,P02,0
2025,P02,P07016,P124,P01,0
2025,P02,P07016,P124,P02,0
2025,P02,P07016,P126,P01,0
2025,P02,P07016,P126,P02,0
2025,P02,P07017,P119,P01,0
2025,P02,P07017,P119,P02,0
2025,P02,P07017,P124,P01,0
2025,P02,P07017,P124,P02,0
2025,P02,P07017,P126,P01,0
2025,P02,P07017,P126,P02,0
2025,P02,P07018,P119,P01,0
2025,P02,P07018,P119,P02,0
2025,P02,P07018,P124,P01,0
2025,P02,P07018,P124,P02,0
2025,P02,P07018,P126,P01,0
2025,P02,P07018,P126,P02,0
2025,P02,P07019,P119,P01,0
2025,P02,P07019,P119,P02,0
2025,P02,P07019,P124,P01,0
2025,P02,P07019,P124,P02,0
2025,P02,P07019,P126,P01,0
2025,P02,P07019,P126,P02,0
2025,P02,P07020,P119,P01,0
2025,P02,P07020,P119,P02,0
2025,P02,P07020,P124,P01,0
2025,P02,P07020,P124,P02,0
2025,P02,P07020,P126,P01,0
2025,P02,P07020,P126,P02,0
2025,P02,P07021,P119,P01,0
2025,P02,P07021,P119,P02,0
2025,P02,P07021,P124,P01,0
2025,P02,P07021,P124,P02,0
2025,P02,P07021,P126,P01,0
2025,P02,P07021,P126,P02,0
2025,P02,P07022,P119,P01,0
2025,P02,P07022,P119,P02,0
2025,P02,P07022,P124,P01,0
2025,P02,P07022,P124,P02,0
2025,P02,P07022,P126,P01,0
2025,P02,P07022,P126,P02,0
2025,P02,P07023,P119,P01,0
2025,P02,P07023,P119,P02,0
2025,P02,P07023,P124,P01,0
2025,P02,P07023,P124,P02,0
2025,P02,P07023,P126,P01,0
2025,P02,P07023,P126,P02,0
2025,P02,P07024,P119,P01,0
2025,P02,P07024,P119,P02,0
2025,P02,P07024,P124,P01,0
2025,P02,P07024,P124,P02,0
2025,P02,P07024,P126,P01,0
2025,P02,P07024,P126,P02,0
2025,P02,P07025,P119,P01,0
2025,P02,P07025,P119,P02,0
2025,P02,P07025,P124,P01,0
2025,P02,P07025,P124,P02,0
2025,P02,P07025,P126,P01,0
2025,P02,P07025,P126,P02,0
2025,P02,P07026,P119,P01,0
2025,P02,P07026,P119,P02,0
2025,P02,P07026,P124,P01,0
2025,P02,P07026,P124,P02,0
2025,P02,P07026,P126,P01,0
2025,P02,P07026,P126,P02,0
2025,P02,P07027,P119,P01,25
2025,P02,P07027,P119,P02,0
2025,P02,P07027,P124,P01,0
2025,P02,P07027,P124,P02,0
2025,P02,P07027,P126,P01,0
2025,P02,P07027,P126,P02,0
2025,P02,P07028,P119,P01,0
2025,P02,P07028,P119,P02,0
2025,P02,P07028,P124,P01,0
2025,P02,P07028,P124,P02,0
2025,P02,P07028,P126,P01,0
2025,P02,P07028,P126,P02,0
2025,P02,P07029,P119,P01,0
2025,P02,P07029,P119,P02,0
2025,P02,P07029,P124,P01,0
2025,P02,P07029,P124,P02,0
2025,P02,P07029,P126,P01,0
2025,P02,P07029,P126,P02,0
2025,P02,P07030,P119,P01,0
2025,P02,P07030,P119,P02,0
2025,P02,P07030,P124,P01,0
2025,P02,P07030,P124,P02,0
2025,P02,P07030,P126,P01,0
2025,P02,P07030,P126,P02,0
2025,P02,P07031,P119,P01,0
2025,P02,P07031,P119,P02,0
2025,P02,P07031,P124,P01,0
2025,P02,P07031,P124,P02,0
2025,P02,P07031,P126,P01,0
2025,P02,P07031,P126,P02,0
2025,P02,P07032,P119,P01,0
2025,P02,P07032,P119,P02,0
2025,P02,P07032,P124,P01,0
2025,P02,P07032,P124,P02,0
2025,P02,P07032,P126,P01,0
2025,P02,P07032,P126,P02,0
2025,P02,P07033,P119,P01,0
2025,P02,P07033,P119,P02,0
2025,P02,P07033,P124,P01,0
2025,P02,P07033,P124,P02,0
2025,P02,P07033,P126,P01,0
2025,P02,P07033,P126,P02,0
2025,P02,P07034,P119,P01,0
2025,P02,P07034,P119,P02,0
2025,P02,P07034,P124,P01,0
2025,P02,P07034,P124,P02,0
2025,P02,P07034,P126,P01,0
2025,P02,P07034,P126,P02,0
2025,P02,P07035,P119,P01,0
2025,P02,P07035,P119,P02,0
2025,P02,P07035,P124,P01,0
2025,P02,P07035,P124,P02,0
2025,P02,P07035,P126,P01,0
2025,P02,P07035,P126,P02,0
2025,P02,P07036,P119,P01,0
2025,P02,P07036,P119,P02,0
2025,P02,P07036,P124,P01,0
2025,P02,P07036,P124,P02,0
2025,P02,P07036,P126,P01,0
2025,P02,P07036,P126,P02,0
2025,P02,P07037,P119,P01,0
2025,P02,P07037,P119,P02,0
2025,P02,P07037,P124,P01,0
2025,P02,P07037,P124,P02,0
2025,P02,P07037,P126,P01,0
2025,P02,P07037,P126,P02,0
2025,P02,P07038,P119,P01,0
2025,P02,P07038,P119,P02,0
2025,P02,P07038,P124,P01,0
2025,P02,P07038,P124,P02,0
2025,P02,P07038,P126,P01,0
2025,P02,P07038,P126,P02,0
2025,P02,P07039,P119,P01,0
2025,P02,P07039,P119,P02,0
2025,P02,P07039,P124,P01,0
2025,P02,P07039,P124,P02,0
2025,P02,P07039,P126,P01,0
2025,P02,P07039,P126,P02,0
2025,P02,P07040,P119,P01,0
2025,P02,P07040,P119,P02,0
2025,P02,P07040,P124,P01,0
2025,P02,P07040,P124,P02,0
2025,P02,P07040,P126,P01,0
2025,P02,P07040,P126,P02,0
2025,P02,P07041,P119,P01,0
2025,P02,P07041,P119,P02,0
2025,P02,P07041,P124,P01,0
2025,P02,P07041,P124,P02,0
2025,P02,P07041,P126,P01,0
2025,P02,P07041,P126,P02,0
2025,P02,P07042,P119,P01,0
2025,P02,P07042,P119,P02,0
2025,P02,P07042,P124,P01,0
2025,P02,P07042,P124,P02,0
2025,P02,P07042,P126,P01,0
2025,P02,P07042,P126,P02,0
2025,P02,P07043,P119,P01,0
2025,P02,P07043,P119,P02,0
2025,P02,P07043,P124,P01,0
2025,P02,P07043,P124,P02,0
2025,P02,P07043,P126,P01,0
2025,P02,P07043,P126,P02,0
2025,P02,P07044,P119,P01,0
2025,P02,P07044,P119,P02,0
2025,P02,P07044,P124,P01,0
2025,P02,P07044,P124,P02,0
2025,P02,P07044,P126,P01,0
2025,P02,P07044,P126,P02,0
2025,P02,P07045,P119,P01,0
2025,P02,P07045,P119,P02,0
2025,P02,P07045,P124,P01,0
2025,P02,P07045,P124,P02,0
2025,P02,P07045,P126,P01,0
2025,P02,P07045,P126,P02,0
2025,P02,P07046,P119,P01,0
2025,P02,P07046,P119,P02,0
2025,P02,P07046,P124,P01,0
2025,P02,P07046,P124,P02,0
2025,P02,P07046,P126,P01,0
2025,P02,P07046,P126,P02,0
2025,P02,P07047,P119,P01,0
2025,P02,P07047,P119,P02,0
2025,P02,P07047,P124,P01,0
2025,P02,P07047,P124,P02,0
2025,P02,P07047,P126,P01,0
2025,P02,P07047,P126,P02,0
2025,P02,P07048,P119,P01,0
2025,P02,P07048,P119,P02,0
2025,P02,P07048,P124,P01,0
2025,P02,P07048,P124,P02,0
2025,P02,P07048,P126,P01,0
2025,P02,P07048,P126,P02,0
2025,P02,P07049,P119,P01,0
2025,P02,P07049,P119,P02,0
2025,P02,P07049,P124,P01,0
2025,P02,P07049,P124,P02,0
2025,P02,P07049,P126,P01,0
2025,P02,P07049,P126,P02,0
2025,P02,P07050,P119,P01,0
2025,P02,P07050,P119,P02,0
2025,P02,P07050,P124,P01,0
2025,P02,P07050,P124,P02,0
2025,P02,P07050,P126,P01,0
2025,P02,P07050,P126,P02,0
2025,P02,P07051,P119,P01,0
2025,P02,P07051,P119,P02,0
2025,P02,P07051,P124,P01,0
2025,P02,P07051,P124,P02,0
2025,P02,P07051,P126,P01,0
2025,P02,P07051,P126,P02,0
2025,P02,P07052,P119,P01,0
2025,P02,P07052,P119,P02,0
2025,P02,P07052,P124,P01,0
2025,P02,P07052,P124,P02,0
2025,P02,P07052,P126,P01,0
2025,P02,P07052,P126,P02,0
2025,P02,P07053,P119,P01,0
2025,P02,P07053,P119,P02,0
2025,P02,P07053,P124,P01,0
2025,P02,P07053,P124,P02,0
2025,P02,P07053,P126,P01,0
2025,P02,P07053,P126,P02,0
2025,P02,P07054,P119,P01,0
2025,P02,P07054,P119,P02,0
2025,P02,P07054,P124,P01,0
2025,P02,P07054,P124,P02,0
2025,P02,P07054,P126,P01,0
2025,P02,P07054,P126,P02,0
2025,P02,P07055,P119,P01,0
2025,P02,P07055,P119,P02,0
2025,P02,P07055,P124,P01,0
2025,P02,P07055,P124,P02,0
2025,P02,P07055,P126,P01,0
2025,P02,P07055,P126,P02,0
2025,P02,P07056,P119,P01,0
2025,P02,P07056,P119,P02,0
2025,P02,P07056,P124,P01,0
2025,P02,P07056,P124,P02,0
2025,P02,P07056,P126,P01,0
2025,P02,P07056,P126,P02,0
2025,P02,P07057,P119,P01,0
2025,P02,P07057,P119,P02,0
2025,P02,P07057,P124,P01,0
2025,P02,P07057,P124,P02,0
2025,P02,P07057,P126,P01,0
2025,P02,P07057,P126,P02,0
2025,P02,P07058,P119,P01,0
2025,P02,P07058,P119,P02,0
2025,P02,P07058,P124,P01,0
2025,P02,P07058,P124,P02,0
2025,P02,P07058,P126,P01,0
2025,P02,P07058,P126,P02,0
2025,P02,P07059,P119,P01,0
2025,P02,P07059,P119,P02,0
2025,P02,P07059,P124,P01,0
2025,P02,P07059,P124,P02,0
2025,P02,P07059,P126,P01,0
2025,P02,P07059,P126,P02,0
2025,P02,P07060,P119,P01,0
2025,P02,P07060,P119,P02,0
2025,P02,P07060,P124,P01,0
2025,P02,P07060,P124,P02,0
2025,P02,P07060,P126,P01,0
2025,P02,P07060,P126,P02,0
2025,P02,P07061,P119,P01,0
2025,P02,P07061,P119,P02,0
2025,P02,P07061,P124,P01,0
2025,P02,P07061,P124,P02,0
2025,P02,P07061,P126,P01,0
2025,P02,P07061,P126,P02,0
2025,P02,P07062,P119,P01,0
2025,P02,P07062,P119,P02,0
2025,P02,P07062,P124,P01,0
2025,P02,P07062,P124,P02,0
2025,P02,P07062,P126,P01,0
2025,P02,P07062,P126,P02,0
2025,P02,P07063,P119,P01,0
2025,P02,P07063,P119,P02,0
2025,P02,P07063,P124,P01,0
2025,P02,P07063,P124,P02,0
2025,P02,P07063,P126,P01,0
2025,P02,P07063,P126,P02,0
2025,P02,P07064,P119,P01,0
2025,P02,P07064,P119,P02,0
2025,P02,P07064,P124,P01,0
2025,P02,P07064,P124,P02,0
2025,P02,P07064,P126,P01,0
2025,P02,P07064,P126,P02,0
2025,P02,P07065,P119,P01,0
2025,P02,P07065,P119,P02,0
2025,P02,P07065,P124,P01,0
2025,P02,P07065,P124,P02,0
2025,P02,P07065,P126,P01,0
2025,P02,P07065,P126,P02,0
2025,P02,P07066,P119,P01,0
2025,P02,P07066,P119,P02,0
2025,P02,P07066,P124,P01,0
2025,P02,P07066,P124,P02,0
2025,P02,P07066,P126,P01,0
2025,P02,P07066,P126,P02,0
2025,P02,P07067,P119,P01,0
2025,P02,P07067,P119,P02,0
2025,P02,P07067,P124,P01,0
2025,P02,P07067,P124,P02,0
2025,P02,P07067,P126,P01,0
2025,P02,P07067,P126,P02,0
2025,P02,P07068,P119,P01,0
2025,P02,P07068,P119,P02,0
2025,P02,P07068,P124,P01,0
2025,P02,P07068,P124,P02,0
2025,P02,P07068,P126,P01,0
2025,P02,P07068,P126,P02,0
2025,P02,P07069,P119,P01,0
2025,P02,P07069,P119,P02,0
2025,P02,P07069,P124,P01,0
2025,P02,P07069,P124,P02,0
2025,P02,P07069,P126,P01,0
2025,P02,P07069,P126,P02,0
2025,P02,P07070,P119,P01,0
2025,P02,P07070,P119,P02,0
2025,P02,P07070,P124,P01,0
2025,P02,P07070,P124,P02,0
2025,P02,P07070,P126,P01,0
2025,P02,P07070,P126,P02,0
2025,P02,P07071,P119,P01,0
2025,P02,P07071,P119,P02,0
2025,P02,P07071,P124,P01,0
2025,P02,P07071,P124,P02,0
2025,P02,P07071,P126,P01,0
2025,P02,P07071,P126,P02,0
2025,P02,P07072,P119,P01,0
2025,P02,P07072,P119,P02,0
2025,P02,P07072,P124,P01,0
2025,P02,P07072,P124,P02,0
2025,P02,P07072,P126,P01,0
2025,P02,P07072,P126,P02,0
2025,P02,P07073,P119,P01,0
2025,P02,P07073,P119,P02,0
2025,P02,P07073,P124,P01,0
2025,P02,P07073,P124,P02,0
2025,P02,P07073,P126,P01,0
2025,P02,P07073,P126,P02,0
2025,P02,P07074,P119,P01,0
2025,P02,P07074,P119,P02,0
2025,P02,P07074,P124,P01,0
2025,P02,P07074,P124,P02,0
2025,P02,P07074,P126,P01,0
2025,P02,P07074,P126,P02,0
2025,P02,P07075,P119,P01,0
2025,P02,P07075,P119,P02,0
2025,P02,P07075,P124,P01,0
2025,P02,P07075,P124,P02,0
2025,P02,P07075,P126,P01,0
2025,P02,P07075,P126,P02,0
2025,P02,P07076,P119,P01,0
2025,P02,P07076,P119,P02,0
2025,P02,P07076,P124,P01,0
2025,P02,P07076,P124,P02,0
2025,P02,P07076,P126,P01,0
2025,P02,P07076,P126,P02,0
2025,P02,P07077,P119,P01,0
2025,P02,P07077,P119,P02,0
2025,P02,P07077,P124,P01,0
2025,P02,P07077,P124,P02,0
2025,P02,P07077,P126,P01,0
2025,P02,P07077,P126,P02,0
2025,P02,P07078,P119,P01,0
2025,P02,P07078,P119,P02,0
2025,P02,P07078,P124,P01,0
2025,P02,P07078,P124,P02,0
2025,P02,P07078,P126,P01,0
2025,P02,P07078,P126,P02,0
2025,P02,P07079,P119,P01,0
2025,P02,P07079,P119,P02,0
2025,P02,P07079,P124,P01,0
2025,P02,P07079,P124,P02,0
2025,P02,P07079,P126,P01,0
2025,P02,P07079,P126,P02,0
2025,P02,P07080,P119,P01,0
2025,P02,P07080,P119,P02,0
2025,P02,P07080,P124,P01,0
2025,P02,P07080,P124,P02,0
2025,P02,P07080,P126,P01,0
2025,P02,P07080,P126,P02,0
2025,P02,P07081,P119,P01,0
2025,P02,P07081,P119,P02,0
2025,P02,P07081,P124,P01,0
2025,P02,P07081,P124,P02,0
2025,P02,P07081,P126,P01,0
2025,P02,P07081,P126,P02,0
2025,P02,P07082,P119,P01,0
2025,P02,P07082,P119,P02,0
2025,P02,P07082,P124,P01,0
2025,P02,P07082,P124,P02,0
2025,P02,P07082,P126,P01,0
2025,P02,P07082,P126,P02,0
2025,P02,P07083,P119,P01,0
2025,P02,P07083,P119,P02,0
2025,P02,P07083,P124,P01,0
2025,P02,P07083,P124,P02,0
2025,P02,P07083,P126,P01,0
2025,P02,P07083,P126,P02,0
2025,P02,P07084,P119,P01,0
2025,P02,P07084,P119,P02,0
2025,P02,P07084,P124,P01,0
2025,P02,P07084,P124,P02,0
2025,P02,P07084,P126,P01,0
2025,P02,P07084,P126,P02,0
2025,P02,P07085,P119,P01,0
2025,P02,P07085,P119,P02,0
2025,P02,P07085,P124,P01,0
2025,P02,P07085,P124,P02,0
2025,P02,P07085,P126,P01,0
2025,P02,P07085,P126,P02,0
2025,P02,P07086,P119,P01,0
2025,P02,P07086,P119,P02,0
2025,P02,P07086,P124,P01,0
2025,P02,P07086,P124,P02,0
2025,P02,P07086,P126,P01,0
2025,P02,P07086,P126,P02,0
2025,P02,P07087,P119,P01,0
2025,P02,P07087,P119,P02,0
2025,P02,P07087,P124,P01,0
2025,P02,P07087,P124,P02,0
2025,P02,P07087,P126,P01,0
2025,P02,P07087,P126,P02,0
2025,P02,P07088,P119,P01,0
2025,P02,P07088,P119,P02,0
2025,P02,P07088,P124,P01,0
2025,P02,P07088,P124,P02,0
2025,P02,P07088,P126,P01,0
2025,P02,P07088,P126,P02,0
2025,P02,P07089,P119,P01,0
2025,P02,P07089,P119,P02,0
2025,P02,P07089,P124,P01,0
2025,P02,P07089,P124,P02,0
2025,P02,P07089,P126,P01,0
2025,P02,P07089,P126,P02,0
2025,P02,P07090,P119,P01,0
2025,P02,P07090,P119,P02,0
2025,P02,P07090,P124,P01,0
2025,P02,P07090,P124,P02,0
2025,P02,P07090,P126,P01,0
2025,P02,P07090,P126,P02,0
2025,P02,P07091,P119,P01,0
2025,P02,P07091,P119,P02,0
2025,P02,P07091,P124,P01,0
2025,P02,P07091,P124,P02,0
2025,P02,P07091,P126,P01,0
2025,P02,P07091,P126,P02,0
2025,P02,P07092,P119,P01,0
2025,P02,P07092,P119,P02,0
2025,P02,P07092,P124,P01,0
2025,P02,P07092,P124,P02,0
2025,P02,P07092,P126,P01,0
2025,P02,P07092,P126,P02,0
2025,P02,P07093,P119,P01,0
2025,P02,P07093,P119,P02,0
2025,P02,P07093,P124,P01,0
2025,P02,P07093,P124,P02,0
2025,P02,P07093,P126,P01,0
2025,P02,P07093,P126,P02,0
2025,P02,P07094,P119,P01,0
2025,P02,P07094,P119,P02,0
2025,P02,P07094,P124,P01,0
2025,P02,P07094,P124,P02,0
2025,P02,P07094,P126,P01,0
2025,P02,P07094,P126,P02,0
2025,P02,P07096,P119,P01,0
2025,P02,P07096,P119,P02,0
2025,P02,P07096,P124,P01,0
2025,P02,P07096,P124,P02,0
2025,P02,P07096,P126,P01,0
2025,P02,P07096,P126,P02,0
2025,P02,P07097,P119,P01,0
2025,P02,P07097,P119,P02,0
2025,P02,P07097,P124,P01,0
2025,P02,P07097,P124,P02,0
2025,P02,P07097,P126,P01,0
2025,P02,P07097,P126,P02,0
2025,P02,P07098,P119,P01,0
2025,P02,P07098,P119,P02,0
2025,P02,P07098,P124,P01,0
2025,P02,P07098,P124,P02,0
2025,P02,P07098,P126,P01,0
2025,P02,P07098,P126,P02,0
2025,P02,P07099,P119,P01,0
2025,P02,P07099,P119,P02,0
2025,P02,P07099,P124,P01,0
2025,P02,P07099,P124,P02,0
2025,P02,P07099,P126,P01,0
2025,P02,P07099,P126,P02,0
2025,P02,P07100,P119,P01,0
2025,P02,P07100,P119,P02,0
2025,P02,P07100,P124,P01,0
2025,P02,P07100,P124,P02,0
2025,P02,P07100,P126,P01,0
2025,P02,P07100,P126,P02,0
2025,P02,P07101,P119,P01,"1,476"
2025,P02,P07101,P119,P02,0
2025,P02,P07101,P124,P01,2
2025,P02,P07101,P124,P02,0
2025,P02,P07101,P126,P01,14
2025,P02,P07101,P126,P02,0
2025,P02,P07102,P119,P01,0
2025,P02,P07102,P119,P02,0
2025,P02,P07102,P124,P01,0
2025,P02,P07102,P124,P02,0
2025,P02,P07102,P126,P01,0
2025,P02,P07102,P126,P02,0
2025,P02,P07103,P119,P01,0
2025,P02,P07103,P119,P02,0
2025,P02,P07103,P124,P01,0
2025,P02,P07103,P124,P02,0
2025,P02,P07103,P126,P01,0
2025,P02,P07103,P126,P02,0
2025,P02,P07104,P119,P01,0
2025,P02,P07104,P119,P02,0
2025,P02,P07104,P124,P01,0
2025,P02,P07104,P124,P02,0
2025,P02,P07104,P126,P01,0
2025,P02,P07104,P126,P02,0
2025,P02,P07105,P119,P01,0
2025,P02,P07105,P119,P02,0
2025,P02,P07105,P124,P01,0
2025,P02,P07105,P124,P02,0
2025,P02,P07105,P126,P01,0
2025,P02,P07105,P126,P02,0
2025,P02,P07106,P119,P01,0
2025,P02,P07106,P119,P02,0
2025,P02,P07106,P124,P01,0
2025,P02,P07106,P124,P02,0
2025,P02,P07106,P126,P01,0
2025,P02,P07106,P126,P02,0
2025,P02,P07107,P119,P01,0
2025,P02,P07107,P119,P02,0
2025,P02,P07107,P124,P01,0
2025,P02,P07107,P124,P02,0
2025,P02,P07107,P126,P01,0
2025,P02,P07107,P126,P02,0
2025,P02,P07108,P119,P01,0
2025,P02,P07108,P119,P02,0
2025,P02,P07108,P124,P01,0
2025,P02,P07108,P124,P02,0
2025,P02,P07108,P126,P01,0
2025,P02,P07108,P126,P02,0
2025,P02,P07109,P119,P01,0
2025,P02,P07109,P119,P02,0
2025,P02,P07109,P124,P01,0
2025,P02,P07109,P124,P02,0
2025,P02,P07109,P126,P01,0
2025,P02,P07109,P126,P02,0
2025,P02,P07110,P119,P01,0
2025,P02,P07110,P119,P02,0
2025,P02,P07110,P124,P01,0
2025,P02,P07110,P124,P02,0
2025,P02,P07110,P126,P01,0
2025,P02,P07110,P126,P02,0
2025,P02,P07111,P119,P01,0
2025,P02,P07111,P119,P02,0
2025,P02,P07111,P124,P01,0
2025,P02,P07111,P124,P02,0
2025,P02,P07111,P126,P01,0
2025,P02,P07111,P126,P02,0
2025,P02,P07112,P119,P01,0
2025,P02,P07112,P119,P02,0
2025,P02,P07112,P124,P01,0
2025,P02,P07112,P124,P02,0
2025,P02,P07112,P126,P01,0
2025,P02,P07112,P126,P02,0
2025,P02,P07113,P119,P01,0
2025,P02,P07113,P119,P02,0
2025,P02,P07113,P124,P01,0
2025,P02,P07113,P124,P02,0
2025,P02,P07113,P126,P01,0
2025,P02,P07113,P126,P02,0
2025,P02,P07114,P119,P01,0
2025,P02,P07114,P119,P02,0
2025,P02,P07114,P124,P01,0
2025,P02,P07114,P124,P02,0
2025,P02,P07114,P126,P01,0
2025,P02,P07114,P126,P02,0
2025,P02,P07115,P119,P01,0
2025,P02,P07115,P119,P02,0
2025,P02,P07115,P124,P01,0
2025,P02,P07115,P124,P02,0
2025,P02,P07115,P126,P01,0
2025,P02,P07115,P126,P02,0
2025,P02,P07116,P119,P01,0
2025,P02,P07116,P119,P02,0
2025,P02,P07116,P124,P01,0
2025,P02,P07116,P124,P02,0
2025,P02,P07116,P126,P01,0
2025,P02,P07116,P126,P02,0
2025,P02,P07117,P119,P01,0
2025,P02,P07117,P119,P02,0
2025,P02,P07117,P124,P01,0
2025,P02,P07117,P124,P02,0
2025,P02,P07117,P126,P01,0
2025,P02,P07117,P126,P02,0
2025,P02,P07118,P119,P01,0
2025,P02,P07118,P119,P02,0
2025,P02,P07118,P124,P01,0
2025,P02,P07118,P124,P02,0
2025,P02,P07118,P126,P01,0
2025,P02,P07118,P126,P02,0
2025,P02,P07119,P119,P01,0
2025,P02,P07119,P119,P02,0
2025,P02,P07119,P124,P01,0
2025,P02,P07119,P124,P02,0
2025,P02,P07119,P126,P01,0
2025,P02,P07119,P126,P02,0
2025,P02,P07120,P119,P01,0
2025,P02,P07120,P119,P02,0
2025,P02,P07120,P124,P01,0
2025,P02,P07120,P124,P02,0
2025,P02,P07120,P126,P01,0
2025,P02,P07120,P126,P02,0
2025,P02,P07121,P119,P01,0
2025,P02,P07121,P119,P02,0
2025,P02,P07121,P124,P01,0
2025,P02,P07121,P124,P02,0
2025,P02,P07121,P126,P01,0
2025,P02,P07121,P126,P02,0
2025,P02,P07122,P119,P01,0
2025,P02,P07122,P119,P02,0
2025,P02,P07122,P124,P01,0
2025,P02,P07122,P124,P02,0
2025,P02,P07122,P126,P01,0
2025,P02,P07122,P126,P02,0
2025,P02,P07123,P119,P01,0
2025,P02,P07123,P119,P02,0
2025,P02,P07123,P124,P01,0
2025,P02,P07123,P124,P02,0
2025,P02,P07123,P126,P01,0
2025,P02,P07123,P126,P02,0
2025,P02,P07124,P119,P01,0
2025,P02,P07124,P119,P02,0
2025,P02,P07124,P124,P01,0
2025,P02,P07124,P124,P02,0
2025,P02,P07124,P126,P01,0
2025,P02,P07124,P126,P02,0
2025,P02,P07125,P119,P01,0
2025,P02,P07125,P119,P02,0
2025,P02,P07125,P124,P01,0
2025,P02,P07125,P124,P02,0
2025,P02,P07125,P126,P01,0
2025,P02,P07125,P126,P02,0
2025,P02,P08001,P119,P01,3
2025,P02,P08001,P119,P02,0
2025,P02,P08001,P124,P01,0
2025,P02,P08001,P124,P02,0
2025,P02,P08001,P126,P01,0
2025,P02,P08001,P126,P02,0
2025,P02,P08002,P119,P01,0
2025,P02,P08002,P119,P02,0
2025,P02,P08002,P124,P01,0
2025,P02,P08002,P124,P02,0
2025,P02,P08002,P126,P01,0
2025,P02,P08002,P126,P02,0
2025,P02,P08003,P119,P01,0
2025,P02,P08003,P119,P02,0
2025,P02,P08003,P124,P01,0
2025,P02,P08003,P124,P02,0
2025,P02,P08003,P126,P01,0
2025,P02,P08003,P126,P02,0
2025,P02,P08004,P119,P01,2
2025,P02,P08004,P119,P02,0
2025,P02,P08004,P124,P01,0
2025,P02,P08004,P124,P02,0
2025,P02,P08004,P126,P01,0
2025,P02,P08004,P126,P02,0
2025,P02,P08005,P119,P01,1
2025,P02,P08005,P119,P02,0
2025,P02,P08005,P124,P01,0
2025,P02,P08005,P124,P02,0
2025,P02,P08005,P126,P01,0
2025,P02,P08005,P126,P02,0
2025,P02,P08006,P119,P01,0
2025,P02,P08006,P119,P02,0
2025,P02,P08006,P124,P01,0
2025,P02,P08006,P124,P02,0
2025,P02,P08006,P126,P01,0
2025,P02,P08006,P126,P02,0
2025,P02,P08007,P119,P01,0
2025,P02,P08007,P119,P02,0
2025,P02,P08007,P124,P01,0
2025,P02,P08007,P124,P02,0
2025,P02,P08007,P126,P01,0
2025,P02,P08007,P126,P02,0
2025,P02,P08008,P119,P01,0
2025,P02,P08008,P119,P02,0
2025,P02,P08008,P124,P01,0
2025,P02,P08008,P124,P02,0
2025,P02,P08008,P126,P01,0
2025,P02,P08008,P126,P02,0
2025,P02,P08009,P119,P01,1
2025,P02,P08009,P119,P02,0
2025,P02,P08009,P124,P01,0
2025,P02,P08009,P124,P02,0
2025,P02,P08009,P126,P01,0
2025,P02,P08009,P126,P02,0
2025,P02,P08010,P119,P01,1
2025,P02,P08010,P119,P02,0
2025,P02,P08010,P124,P01,0
2025,P02,P08010,P124,P02,0
2025,P02,P08010,P126,P01,0
2025,P02,P08010,P126,P02,0
2025,P02,P08011,P119,P01,0
2025,P02,P08011,P119,P02,0
2025,P02,P08011,P124,P01,0
2025,P02,P08011,P124,P02,0
2025,P02,P08011,P126,P01,0
2025,P02,P08011,P126,P02,0
2025,P02,P08012,P119,P01,3
2025,P02,P08012,P119,P02,0
2025,P02,P08012,P124,P01,0
2025,P02,P08012,P124,P02,0
2025,P02,P08012,P126,P01,0
2025,P02,P08012,P126,P02,0
2025,P02,P08013,P119,P01,1
2025,P02,P08013,P119,P02,0
2025,P02,P08013,P124,P01,0
2025,P02,P08013,P124,P02,0
2025,P02,P08013,P126,P01,0
2025,P02,P08013,P126,P02,0
2025,P02,P08014,P119,P01,0
2025,P02,P08014,P119,P02,0
2025,P02,P08014,P124,P01,0
2025,P02,P08014,P124,P02,0
2025,P02,P08014,P126,P01,0
2025,P02,P08014,P126,P02,0
2025,P02,P08015,P119,P01,0
2025,P02,P08015,P119,P02,0
2025,P02,P08015,P124,P01,0
2025,P02,P08015,P124,P02,0
2025,P02,P08015,P126,P01,0
2025,P02,P08015,P126,P02,0
2025,P02,P08016,P119,P01,1
2025,P02,P08016,P119,P02,0
2025,P02,P08016,P124,P01,0
2025,P02,P08016,P124,P02,0
2025,P02,P08016,P126,P01,0
2025,P02,P08016,P126,P02,0
2025,P02,P08017,P119,P01,0
2025,P02,P08017,P119,P02,0
2025,P02,P08017,P124,P01,0
2025,P02,P08017,P124,P02,0
2025,P02,P08017,P126,P01,0
2025,P02,P08017,P126,P02,0
2025,P02,P08018,P119,P01,0
2025,P02,P08018,P119,P02,0
2025,P02,P08018,P124,P01,0
2025,P02,P08018,P124,P02,0
2025,P02,P08018,P126,P01,0
2025,P02,P08018,P126,P02,0
2025,P02,P08019,P119,P01,161
2025,P02,P08019,P119,P02,0
2025,P02,P08019,P124,P01,0
2025,P02,P08019,P124,P02,0
2025,P02,P08019,P126,P01,2
2025,P02,P08019,P126,P02,0
2025,P02,P08020,P119,P01,0
2025,P02,P08020,P119,P02,0
2025,P02,P08020,P124,P01,0
2025,P02,P08020,P124,P02,0
2025,P02,P08020,P126,P01,0
2025,P02,P08020,P126,P02,0
2025,P02,P08021,P119,P01,20
2025,P02,P08021,P119,P02,0
2025,P02,P08021,P124,P01,0
2025,P02,P08021,P124,P02,0
2025,P02,P08021,P126,P01,0
2025,P02,P08021,P126,P02,0
2025,P02,P08022,P119,P01,0
2025,P02,P08022,P119,P02,0
2025,P02,P08022,P124,P01,0
2025,P02,P08022,P124,P02,0
2025,P02,P08022,P126,P01,0
2025,P02,P08022,P126,P02,0
2025,P02,P08023,P119,P01,0
2025,P02,P08023,P119,P02,0
2025,P02,P08023,P124,P01,0
2025,P02,P08023,P124,P02,0
2025,P02,P08023,P126,P01,0
2025,P02,P08023,P126,P02,0
2025,P02,P08024,P119,P01,58
2025,P02,P08024,P119,P02,0
2025,P02,P08024,P124,P01,0
2025,P02,P08024,P124,P02,0
2025,P02,P08024,P126,P01,1
2025,P02,P08024,P126,P02,0
2025,P02,P08025,P119,P01,0
2025,P02,P08025,P119,P02,0
2025,P02,P08025,P124,P01,0
2025,P02,P08025,P124,P02,0
2025,P02,P08025,P126,P01,0
2025,P02,P08025,P126,P02,0
2025,P02,P08026,P119,P01,0
2025,P02,P08026,P119,P02,0
2025,P02,P08026,P124,P01,0
2025,P02,P08026,P124,P02,0
2025,P02,P08026,P126,P01,0
2025,P02,P08026,P126,P02,0
2025,P02,P08027,P119,P01,0
2025,P02,P08027,P119,P02,0
2025,P02,P08027,P124,P01,0
2025,P02,P08027,P124,P02,0
2025,P02,P08027,P126,P01,0
2025,P02,P08027,P126,P02,0
2025,P02,P08028,P119,P01,0
2025,P02,P08028,P119,P02,0
2025,P02,P08028,P124,P01,0
2025,P02,P08028,P124,P02,0
2025,P02,P08028,P126,P01,0
2025,P02,P08028,P126,P02,0
2025,P02,P08029,P119,P01,0
2025,P02,P08029,P119,P02,0
2025,P02,P08029,P124,P01,0
2025,P02,P08029,P124,P02,0
2025,P02,P08029,P126,P01,0
2025,P02,P08029,P126,P02,0
2025,P02,P08030,P119,P01,0
2025,P02,P08030,P119,P02,0
2025,P02,P08030,P124,P01,0
2025,P02,P08030,P124,P02,0
2025,P02,P08030,P126,P01,0
2025,P02,P08030,P126,P02,0
2025,P02,P08031,P119,P01,0
2025,P02,P08031,P119,P02,0
2025,P02,P08031,P124,P01,0
2025,P02,P08031,P124,P02,0
2025,P02,P08031,P126,P01,0
2025,P02,P08031,P126,P02,0
2025,P02,P08032,P119,P01,1
2025,P02,P08032,P119,P02,0
2025,P02,P08032,P124,P01,0
2025,P02,P08032,P124,P02,0
2025,P02,P08032,P126,P01,0
2025,P02,P08032,P126,P02,0
2025,P02,P08033,P119,P01,0
2025,P02,P08033,P119,P02,0
2025,P02,P08033,P124,P01,0
2025,P02,P08033,P124,P02,0
2025,P02,P08033,P126,P01,0
2025,P02,P08033,P126,P02,0
2025,P02,P08034,P119,P01,2
2025,P02,P08034,P119,P02,0
2025,P02,P08034,P124,P01,0
2025,P02,P08034,P124,P02,0
2025,P02,P08034,P126,P01,0
2025,P02,P08034,P126,P02,0
2025,P02,P08035,P119,P01,2
2025,P02,P08035,P119,P02,0
2025,P02,P08035,P124,P01,0
2025,P02,P08035,P124,P02,0
2025,P02,P08035,P126,P01,0
2025,P02,P08035,P126,P02,0
2025,P02,P08036,P119,P01,0
2025,P02,P08036,P119,P02,0
2025,P02,P08036,P124,P01,0
2025,P02,P08036,P124,P02,0
2025,P02,P08036,P126,P01,0
2025,P02,P08036,P126,P02,0
2025,P02,P08037,P119,P01,0
2025,P02,P08037,P119,P02,0
2025,P02,P08037,P124,P01,0
2025,P02,P08037,P124,P02,0
2025,P02,P08037,P126,P01,0
2025,P02,P08037,P126,P02,0
2025,P02,P08038,P119,P01,0
2025,P02,P08038,P119,P02,0
2025,P02,P08038,P124,P01,0
2025,P02,P08038,P124,P02,0
2025,P02,P08038,P126,P01,0
2025,P02,P08038,P126,P02,0
2025,P02,P08039,P119,P01,0
2025,P02,P08039,P119,P02,0
2025,P02,P08039,P124,P01,0
2025,P02,P08039,P124,P02,0
2025,P02,P08039,P126,P01,0
2025,P02,P08039,P126,P02,0
2025,P02,P08040,P119,P01,0
2025,P02,P08040,P119,P02,0
2025,P02,P08040,P124,P01,0
2025,P02,P08040,P124,P02,0
2025,P02,P08040,P126,P01,0
2025,P02,P08040,P126,P02,0
2025,P02,P08041,P119,P01,0
2025,P02,P08041,P119,P02,0
2025,P02,P08041,P124,P01,0
2025,P02,P08041,P124,P02,0
2025,P02,P08041,P126,P01,0
2025,P02,P08041,P126,P02,0
2025,P02,P08042,P119,P01,0
2025,P02,P08042,P119,P02,0
2025,P02,P08042,P124,P01,0
2025,P02,P08042,P124,P02,0
2025,P02,P08042,P126,P01,0
2025,P02,P08042,P126,P02,0
2025,P02,P08043,P119,P01,7
2025,P02,P08043,P119,P02,0
2025,P02,P08043,P124,P01,0
2025,P02,P08043,P124,P02,0
2025,P02,P08043,P126,P01,0
2025,P02,P08043,P126,P02,0
2025,P02,P08044,P119,P01,0
2025,P02,P08044,P119,P02,0
2025,P02,P08044,P124,P01,0
2025,P02,P08044,P124,P02,0
2025,P02,P08044,P126,P01,0
2025,P02,P08044,P126,P02,0
2025,P02,P08045,P119,P01,6
2025,P02,P08045,P119,P02,0
2025,P02,P08045,P124,P01,0
2025,P02,P08045,P124,P02,0
2025,P02,P08045,P126,P01,0
2025,P02,P08045,P126,P02,0
2025,P02,P08046,P119,P01,0
2025,P02,P08046,P119,P02,0
2025,P02,P08046,P124,P01,0
2025,P02,P08046,P124,P02,0
2025,P02,P08046,P126,P01,0
2025,P02,P08046,P126,P02,0
2025,P02,P08047,P119,P01,2
2025,P02,P08047,P119,P02,0
2025,P02,P08047,P124,P01,0
2025,P02,P08047,P124,P02,0
2025,P02,P08047,P126,P01,0
2025,P02,P08047,P126,P02,0
2025,P02,P08048,P119,P01,21
2025,P02,P08048,P119,P02,0
2025,P02,P08048,P124,P01,0
2025,P02,P08048,P124,P02,0
2025,P02,P08048,P126,P01,0
2025,P02,P08048,P126,P02,0
2025,P02,P08049,P119,P01,0
2025,P02,P08049,P119,P02,0
2025,P02,P08049,P124,P01,0
2025,P02,P08049,P124,P02,0
2025,P02,P08049,P126,P01,0
2025,P02,P08049,P126,P02,0
2025,P02,P08050,P119,P01,0
2025,P02,P08050,P119,P02,0
2025,P02,P08050,P124,P01,0
2025,P02,P08050,P124,P02,0
2025,P02,P08050,P126,P01,0
2025,P02,P08050,P126,P02,0
2025,P02,P08051,P119,P01,0
2025,P02,P08051,P119,P02,0
2025,P02,P08051,P124,P01,0
2025,P02,P08051,P124,P02,0
2025,P02,P08051,P126,P01,0
2025,P02,P08051,P126,P02,0
2025,P02,P08052,P119,P01,0
2025,P02,P08052,P119,P02,0
2025,P02,P08052,P124,P01,0
2025,P02,P08052,P124,P02,0
2025,P02,P08052,P126,P01,0
2025,P02,P08052,P126,P02,0
2025,P02,P08053,P119,P01,0
2025,P02,P08053,P119,P02,0
2025,P02,P08053,P124,P01,0
2025,P02,P08053,P124,P02,0
2025,P02,P08053,P126,P01,0
2025,P02,P08053,P126,P02,0
2025,P02,P08054,P119,P01,0
2025,P02,P08054,P119,P02,0
2025,P02,P08054,P124,P01,0
2025,P02,P08054,P124,P02,0
2025,P02,P08054,P126,P01,0
2025,P02,P08054,P126,P02,0
2025,P02,P08055,P119,P01,1
2025,P02,P08055,P119,P02,0
2025,P02,P08055,P124,P01,0
2025,P02,P08055,P124,P02,0
2025,P02,P08055,P126,P01,0
2025,P02,P08055,P126,P02,0
2025,P02,P08056,P119,P01,0
2025,P02,P08056,P119,P02,0
2025,P02,P08056,P124,P01,0
2025,P02,P08056,P124,P02,0
2025,P02,P08056,P126,P01,0
2025,P02,P08056,P126,P02,0
2025,P02,P08057,P119,P01,18
2025,P02,P08057,P119,P02,0
2025,P02,P08057,P124,P01,0
2025,P02,P08057,P124,P02,0
2025,P02,P08057,P126,P01,0
2025,P02,P08057,P126,P02,0
2025,P02,P08058,P119,P01,0
2025,P02,P08058,P119,P02,0
2025,P02,P08058,P124,P01,0
2025,P02,P08058,P124,P02,0
2025,P02,P08058,P126,P01,0
2025,P02,P08058,P126,P02,0
2025,P02,P08059,P119,P01,0
2025,P02,P08059,P119,P02,0
2025,P02,P08059,P124,P01,0
2025,P02,P08059,P124,P02,0
2025,P02,P08059,P126,P01,0
2025,P02,P08059,P126,P02,0
2025,P02,P08060,P119,P01,0
2025,P02,P08060,P119,P02,0
2025,P02,P08060,P124,P01,0
2025,P02,P08060,P124,P02,0
2025,P02,P08060,P126,P01,0
2025,P02,P08060,P126,P02,0
2025,P02,P08061,P119,P01,0
2025,P02,P08061,P119,P02,0
2025,P02,P08061,P124,P01,0
2025,P02,P08061,P124,P02,0
2025,P02,P08061,P126,P01,0
2025,P02,P08061,P126,P02,0
2025,P02,P08062,P119,P01,18
2025,P02,P08062,P119,P02,0
2025,P02,P08062,P124,P01,0
2025,P02,P08062,P124,P02,0
2025,P02,P08062,P126,P01,0
2025,P02,P08062,P126,P02,0
2025,P02,P08063,P119,P01,0
2025,P02,P08063,P119,P02,0
2025,P02,P08063,P124,P01,0
2025,P02,P08063,P124,P02,0
2025,P02,P08063,P126,P01,0
2025,P02,P08063,P126,P02,0
2025,P02,P08064,P119,P01,0
2025,P02,P08064,P119,P02,0
2025,P02,P08064,P124,P01,0
2025,P02,P08064,P124,P02,0
2025,P02,P08064,P126,P01,0
2025,P02,P08064,P126,P02,0
2025,P02,P08065,P119,P01,0
2025,P02,P08065,P119,P02,0
2025,P02,P08065,P124,P01,0
2025,P02,P08065,P124,P02,0
2025,P02,P08065,P126,P01,0
2025,P02,P08065,P126,P02,0
2025,P02,P08066,P119,P01,0
2025,P02,P08066,P119,P02,0
2025,P02,P08066,P124,P01,0
2025,P02,P08066,P124,P02,0
2025,P02,P08066,P126,P01,0
2025,P02,P08066,P126,P02,0
2025,P02,P08067,P119,P01,0
2025,P02,P08067,P119,P02,0
2025,P02,P08067,P124,P01,0
2025,P02,P08067,P124,P02,0
2025,P02,P08067,P126,P01,0
2025,P02,P08067,P126,P02,0
2025,P02,P09002,P119,P01,143
2025,P02,P09002,P119,P02,0
2025,P02,P09002,P124,P01,0
2025,P02,P09002,P124,P02,0
2025,P02,P09002,P126,P01,1
2025,P02,P09002,P126,P02,0
2025,P02,P09003,P119,P01,239
2025,P02,P09003,P119,P02,0
2025,P02,P09003,P124,P01,0
2025,P02,P09003,P124,P02,0
2025,P02,P09003,P126,P01,2
2025,P02,P09003,P126,P02,0
2025,P02,P09004,P119,P01,75
2025,P02,P09004,P119,P02,0
2025,P02,P09004,P124,P01,0
2025,P02,P09004,P124,P02,0
2025,P02,P09004,P126,P01,1
2025,P02,P09004,P126,P02,0
2025,P02,P09005,P119,P01,578
2025,P02,P09005,P119,P02,0
2025,P02,P09005,P124,P01,1
2025,P02,P09005,P124,P02,0
2025,P02,P09005,P126,P01,5
2025,P02,P09005,P126,P02,0
2025,P02,P09006,P119,P01,195
2025,P02,P09006,P119,P02,0
2025,P02,P09006,P124,P01,0
2025,P02,P09006,P124,P02,0
2025,P02,P09006,P126,P01,2
2025,P02,P09006,P126,P02,0
2025,P02,P09007,P119,P01,651
2025,P02,P09007,P119,P02,0
2025,P02,P09007,P124,P01,1
2025,P02,P09007,P124,P02,0
2025,P02,P09007,P126,P01,6
2025,P02,P09007,P126,P02,0
2025,P02,P09008,P119,P01,33
2025,P02,P09008,P119,P02,0
2025,P02,P09008,P124,P01,0
2025,P02,P09008,P124,P02,0
2025,P02,P09008,P126,P01,0
2025,P02,P09008,P126,P02,0
2025,P02,P09009,P119,P01,27
2025,P02,P09009,P119,P02,0
2025,P02,P09009,P124,P01,0
2025,P02,P09009,P124,P02,0
2025,P02,P09009,P126,P01,0
2025,P02,P09009,P126,P02,0
2025,P02,P09010,P119,P01,0
2025,P02,P09010,P119,P02,0
2025,P02,P09010,P124,P01,0
2025,P02,P09010,P124,P02,0
2025,P02,P09010,P126,P01,0
2025,P02,P09010,P126,P02,0
2025,P02,P09011,P119,P01,59
2025,P02,P09011,P119,P02,0
2025,P02,P09011,P124,P01,0
2025,P02,P09011,P124,P02,0
2025,P02,P09011,P126,P01,1
2025,P02,P09011,P126,P02,0
2025,P02,P09012,P119,P01,314
2025,P02,P09012,P119,P02,0
2025,P02,P09012,P124,P01,0
2025,P02,P09012,P124,P02,0
2025,P02,P09012,P126,P01,3
2025,P02,P09012,P126,P02,0
2025,P02,P09013,P119,P01,149
2025,P02,P09013,P119,P02,0
2025,P02,P09013,P124,P01,0
2025,P02,P09013,P124,P02,0
2025,P02,P09013,P126,P01,1
2025,P02,P09013,P126,P02,0
2025,P02,P09014,P119,P01,0
2025,P02,P09014,P119,P02,0
2025,P02,P09014,P124,P01,0
2025,P02,P09014,P124,P02,0
2025,P02,P09014,P126,P01,0
2025,P02,P09014,P126,P02,0
2025,P02,P09015,P119,P01,0
2025,P02,P09015,P119,P02,0
2025,P02,P09015,P124,P01,0
2025,P02,P09015,P124,P02,0
2025,P02,P09015,P126,P01,0
2025,P02,P09015,P126,P02,0
2025,P02,P09016,P119,P01,329
2025,P02,P09016,P119,P02,57
2025,P02,P09016,P124,P01,1
2025,P02,P09016,P124,P02,0
2025,P02,P09016,P126,P01,3
2025,P02,P09016,P126,P02,0
2025,P02,P09017,P119,P01,0
2025,P02,P09017,P119,P02,0
2025,P02,P09017,P124,P01,0
2025,P02,P09017,P124,P02,0
2025,P02,P09017,P126,P01,0
2025,P02,P09017,P126,P02,0
2025,P02,P10001,P119,P01,0
2025,P02,P10001,P119,P02,0
2025,P02,P10001,P124,P01,0
2025,P02,P10001,P124,P02,0
2025,P02,P10001,P126,P01,0
2025,P02,P10001,P126,P02,0
2025,P02,P10002,P119,P01,0
2025,P02,P10002,P119,P02,0
2025,P02,P10002,P124,P01,0
2025,P02,P10002,P124,P02,0
2025,P02,P10002,P126,P01,0
2025,P02,P10002,P126,P02,0
2025,P02,P10003,P119,P01,0
2025,P02,P10003,P119,P02,0
2025,P02,P10003,P124,P01,0
2025,P02,P10003,P124,P02,0
2025,P02,P10003,P126,P01,0
2025,P02,P10003,P126,P02,0
2025,P02,P10004,P119,P01,2
2025,P02,P10004,P119,P02,0
2025,P02,P10004,P124,P01,0
2025,P02,P10004,P124,P02,0
2025,P02,P10004,P126,P01,0
2025,P02,P10004,P126,P02,0
2025,P02,P10005,P119,P01,34
2025,P02,P10005,P119,P02,0
2025,P02,P10005,P124,P01,0
2025,P02,P10005,P124,P02,0
2025,P02,P10005,P126,P01,0
2025,P02,P10005,P126,P02,0
2025,P02,P10006,P119,P01,0
2025,P02,P10006,P119,P02,0
2025,P02,P10006,P124,P01,0
2025,P02,P10006,P124,P02,0
2025,P02,P10006,P126,P01,0
2025,P02,P10006,P126,P02,0
2025,P02,P10007,P119,P01,220
2025,P02,P10007,P119,P02,0
2025,P02,P10007,P124,P01,0
2025,P02,P10007,P124,P02,0
2025,P02,P10007,P126,P01,2
2025,P02,P10007,P126,P02,0
2025,P02,P10008,P119,P01,0
2025,P02,P10008,P119,P02,0
2025,P02,P10008,P124,P01,0
2025,P02,P10008,P124,P02,0
2025,P02,P10008,P126,P01,0
2025,P02,P10008,P126,P02,0
2025,P02,P10009,P119,P01,0
2025,P02,P10009,P119,P02,0
2025,P02,P10009,P124,P01,0
2025,P02,P10009,P124,P02,0
2025,P02,P10009,P126,P01,0
2025,P02,P10009,P126,P02,0
2025,P02,P10010,P119,P01,0
2025,P02,P10010,P119,P02,0
2025,P02,P10010,P124,P01,0
2025,P02,P10010,P124,P02,0
2025,P02,P10010,P126,P01,0
2025,P02,P10010,P126,P02,0
2025,P02,P10011,P119,P01,0
2025,P02,P10011,P119,P02,0
2025,P02,P10011,P124,P01,0
2025,P02,P10011,P124,P02,0
2025,P02,P10011,P126,P01,0
2025,P02,P10011,P126,P02,0
2025,P02,P10012,P119,P01,96
2025,P02,P10012,P119,P02,0
2025,P02,P10012,P124,P01,0
2025,P02,P10012,P124,P02,0
2025,P02,P10012,P126,P01,1
2025,P02,P10012,P126,P02,0
2025,P02,P10013,P119,P01,4
2025,P02,P10013,P119,P02,0
2025,P02,P10013,P124,P01,0
2025,P02,P10013,P124,P02,0
2025,P02,P10013,P126,P01,0
2025,P02,P10013,P126,P02,0
2025,P02,P10014,P119,P01,8
2025,P02,P10014,P119,P02,0
2025,P02,P10014,P124,P01,0
2025,P02,P10014,P124,P02,0
2025,P02,P10014,P126,P01,0
2025,P02,P10014,P126,P02,0
2025,P02,P10015,P119,P01,5
2025,P02,P10015,P119,P02,0
2025,P02,P10015,P124,P01,0
2025,P02,P10015,P124,P02,0
2025,P02,P10015,P126,P01,0
2025,P02,P10015,P126,P02,0
2025,P02,P10016,P119,P01,1
2025,P02,P10016,P119,P02,0
2025,P02,P10016,P124,P01,0
2025,P02,P10016,P124,P02,0
2025,P02,P10016,P126,P01,0
2025,P02,P10016,P126,P02,0
2025,P02,P10017,P119,P01,0
2025,P02,P10017,P119,P02,0
2025,P02,P10017,P124,P01,0
2025,P02,P10017,P124,P02,0
2025,P02,P10017,P126,P01,0
2025,P02,P10017,P126,P02,0
2025,P02,P10018,P119,P01,0
2025,P02,P10018,P119,P02,0
2025,P02,P10018,P124,P01,0
2025,P02,P10018,P124,P02,0
2025,P02,P10018,P126,P01,0
2025,P02,P10018,P126,P02,0
2025,P02,P10019,P119,P01,0
2025,P02,P10019,P119,P02,0
2025,P02,P10019,P124,P01,0
2025,P02,P10019,P124,P02,0
2025,P02,P10019,P126,P01,0
2025,P02,P10019,P126,P02,0
2025,P02,P10020,P119,P01,0
2025,P02,P10020,P119,P02,0
2025,P02,P10020,P124,P01,0
2025,P02,P10020,P124,P02,0
2025,P02,P10020,P126,P01,0
2025,P02,P10020,P126,P02,0
2025,P02,P10021,P119,P01,0
2025,P02,P10021,P119,P02,0
2025,P02,P10021,P124,P01,0
2025,P02,P10021,P124,P02,0
2025,P02,P10021,P126,P01,0
2025,P02,P10021,P126,P02,0
2025,P02,P10022,P119,P01,0
2025,P02,P10022,P119,P02,0
2025,P02,P10022,P124,P01,0
2025,P02,P10022,P124,P02,0
2025,P02,P10022,P126,P01,0
2025,P02,P10022,P126,P02,0
2025,P02,P10023,P119,P01,0
2025,P02,P10023,P119,P02,0
2025,P02,P10023,P124,P01,0
2025,P02,P10023,P124,P02,0
2025,P02,P10023,P126,P01,0
2025,P02,P10023,P126,P02,0
2025,P02,P10024,P119,P01,0
2025,P02,P10024,P119,P02,0
2025,P02,P10024,P124,P01,0
2025,P02,P10024,P124,P02,0
2025,P02,P10024,P126,P01,0
2025,P02,P10024,P126,P02,0
2025,P02,P10025,P119,P01,0
2025,P02,P10025,P119,P02,0
2025,P02,P10025,P124,P01,0
2025,P02,P10025,P124,P02,0
2025,P02,P10025,P126,P01,0
2025,P02,P10025,P126,P02,0
2025,P02,P10026,P119,P01,0
2025,P02,P10026,P119,P02,0
2025,P02,P10026,P124,P01,0
2025,P02,P10026,P124,P02,0
2025,P02,P10026,P126,P01,0
2025,P02,P10026,P126,P02,0
2025,P02,P10027,P119,P01,0
2025,P02,P10027,P119,P02,0
2025,P02,P10027,P124,P01,0
2025,P02,P10027,P124,P02,0
2025,P02,P10027,P126,P01,0
2025,P02,P10027,P126,P02,0
2025,P02,P10028,P119,P01,0
2025,P02,P10028,P119,P02,0
2025,P02,P10028,P124,P01,0
2025,P02,P10028,P124,P02,0
2025,P02,P10028,P126,P01,0
2025,P02,P10028,P126,P02,0
2025,P02,P10029,P119,P01,0
2025,P02,P10029,P119,P02,0
2025,P02,P10029,P124,P01,0
2025,P02,P10029,P124,P02,0
2025,P02,P10029,P126,P01,0
2025,P02,P10029,P126,P02,0
2025,P02,P10030,P119,P01,0
2025,P02,P10030,P119,P02,0
2025,P02,P10030,P124,P01,0
2025,P02,P10030,P124,P02,0
2025,P02,P10030,P126,P01,0
2025,P02,P10030,P126,P02,0
2025,P02,P10031,P119,P01,0
2025,P02,P10031,P119,P02,0
2025,P02,P10031,P124,P01,0
2025,P02,P10031,P124,P02,0
2025,P02,P10031,P126,P01,0
2025,P02,P10031,P126,P02,0
2025,P02,P10032,P119,P01,0
2025,P02,P10032,P119,P02,0
2025,P02,P10032,P124,P01,0
2025,P02,P10032,P124,P02,0
2025,P02,P10032,P126,P01,0
2025,P02,P10032,P126,P02,0
2025,P02,P10033,P119,P01,0
2025,P02,P10033,P119,P02,0
2025,P02,P10033,P124,P01,0
2025,P02,P10033,P124,P02,0
2025,P02,P10033,P126,P01,0
2025,P02,P10033,P126,P02,0
2025,P02,P10034,P119,P01,0
2025,P02,P10034,P119,P02,0
2025,P02,P10034,P124,P01,0
2025,P02,P10034,P124,P02,0
2025,P02,P10034,P126,P01,0
2025,P02,P10034,P126,P02,0
2025,P02,P10035,P119,P01,0
2025,P02,P10035,P119,P02,0
2025,P02,P10035,P124,P01,0
2025,P02,P10035,P124,P02,0
2025,P02,P10035,P126,P01,0
2025,P02,P10035,P126,P02,0
2025,P02,P10036,P119,P01,0
2025,P02,P10036,P119,P02,0
2025,P02,P10036,P124,P01,0
2025,P02,P10036,P124,P02,0
2025,P02,P10036,P126,P01,0
2025,P02,P10036,P126,P02,0
2025,P02,P10037,P119,P01,0
2025,P02,P10037,P119,P02,0
2025,P02,P10037,P124,P01,0
2025,P02,P10037,P124,P02,0
2025,P02,P10037,P126,P01,0
2025,P02,P10037,P126,P02,0
2025,P02,P10038,P119,P01,0
2025,P02,P10038,P119,P02,0
2025,P02,P10038,P124,P01,0
2025,P02,P10038,P124,P02,0
2025,P02,P10038,P126,P01,0
2025,P02,P10038,P126,P02,0
2025,P02,P10039,P119,P01,0
2025,P02,P10039,P119,P02,0
2025,P02,P10039,P124,P01,0
2025,P02,P10039,P124,P02,0
2025,P02,P10039,P126,P01,0
2025,P02,P10039,P126,P02,0
2025,P02,P11001,P119,P01,0
2025,P02,P11001,P119,P02,0
2025,P02,P11001,P124,P01,0
2025,P02,P11001,P124,P02,0
2025,P02,P11001,P126,P01,0
2025,P02,P11001,P126,P02,0
2025,P02,P11002,P119,P01,89
2025,P02,P11002,P119,P02,0
2025,P02,P11002,P124,P01,0
2025,P02,P11002,P124,P02,0
2025,P02,P11002,P126,P01,1
2025,P02,P11002,P126,P02,0
2025,P02,P11003,P119,P01,51
2025,P02,P11003,P119,P02,0
2025,P02,P11003,P124,P01,0
2025,P02,P11003,P124,P02,0
2025,P02,P11003,P126,P01,0
2025,P02,P11003,P126,P02,0
2025,P02,P11004,P119,P01,19
2025,P02,P11004,P119,P02,0
2025,P02,P11004,P124,P01,0
2025,P02,P11004,P124,P02,0
2025,P02,P11004,P126,P01,0
2025,P02,P11004,P126,P02,0
2025,P02,P11005,P119,P01,16
2025,P02,P11005,P119,P02,0
2025,P02,P11005,P124,P01,0
2025,P02,P11005,P124,P02,0
2025,P02,P11005,P126,P01,0
2025,P02,P11005,P126,P02,0
2025,P02,P11006,P119,P01,0
2025,P02,P11006,P119,P02,0
2025,P02,P11006,P124,P01,0
2025,P02,P11006,P124,P02,0
2025,P02,P11006,P126,P01,0
2025,P02,P11006,P126,P02,0
2025,P02,P11007,P119,P01,71
2025,P02,P11007,P119,P02,0
2025,P02,P11007,P124,P01,0
2025,P02,P11007,P124,P02,0
2025,P02,P11007,P126,P01,1
2025,P02,P11007,P126,P02,0
2025,P02,P11008,P119,P01,49
2025,P02,P11008,P119,P02,0
2025,P02,P11008,P124,P01,0
2025,P02,P11008,P124,P02,0
2025,P02,P11008,P126,P01,0
2025,P02,P11008,P126,P02,0
2025,P02,P11009,P119,P01,6
2025,P02,P11009,P119,P02,0
2025,P02,P11009,P124,P01,0
2025,P02,P11009,P124,P02,0
2025,P02,P11009,P126,P01,0
2025,P02,P11009,P126,P02,0
2025,P02,P11010,P119,P01,0
2025,P02,P11010,P119,P02,0
2025,P02,P11010,P124,P01,0
2025,P02,P11010,P124,P02,0
2025,P02,P11010,P126,P01,0
2025,P02,P11010,P126,P02,0
2025,P02,P11011,P119,P01,3
2025,P02,P11011,P119,P02,0
2025,P02,P11011,P124,P01,0
2025,P02,P11011,P124,P02,0
2025,P02,P11011,P126,P01,0
2025,P02,P11011,P126,P02,0
2025,P02,P11012,P119,P01,21
2025,P02,P11012,P119,P02,0
2025,P02,P11012,P124,P01,0
2025,P02,P11012,P124,P02,0
2025,P02,P11012,P126,P01,0
2025,P02,P11012,P126,P02,0
2025,P02,P11013,P119,P01,2
2025,P02,P11013,P119,P02,0
2025,P02,P11013,P124,P01,0
2025,P02,P11013,P124,P02,0
2025,P02,P11013,P126,P01,0
2025,P02,P11013,P126,P02,0
2025,P02,P11014,P119,P01,118
2025,P02,P11014,P119,P02,0
2025,P02,P11014,P124,P01,0
2025,P02,P11014,P124,P02,0
2025,P02,P11014,P126,P01,1
2025,P02,P11014,P126,P02,0
2025,P02,P11015,P119,P01,7
2025,P02,P11015,P119,P02,0
2025,P02,P11015,P124,P01,0
2025,P02,P11015,P124,P02,0
2025,P02,P11015,P126,P01,0
2025,P02,P11015,P126,P02,0
2025,P02,P11016,P119,P01,1
2025,P02,P11016,P119,P02,0
2025,P02,P11016,P124,P01,0
2025,P02,P11016,P124,P02,0
2025,P02,P11016,P126,P01,0
2025,P02,P11016,P126,P02,0
2025,P02,P11017,P119,P01,9
2025,P02,P11017,P119,P02,0
2025,P02,P11017,P124,P01,0
2025,P02,P11017,P124,P02,0
2025,P02,P11017,P126,P01,0
2025,P02,P11017,P126,P02,0
2025,P02,P11018,P119,P01,2
2025,P02,P11018,P119,P02,0
2025,P02,P11018,P124,P01,0
2025,P02,P11018,P124,P02,0
2025,P02,P11018,P126,P01,0
2025,P02,P11018,P126,P02,0
2025,P02,P11019,P119,P01,1
2025,P02,P11019,P119,P02,0
2025,P02,P11019,P124,P01,0
2025,P02,P11019,P124,P02,0
2025,P02,P11019,P126,P01,0
2025,P02,P11019,P126,P02,0
2025,P02,P11020,P119,P01,"4,035"
2025,P02,P11020,P119,P02,0
2025,P02,P11020,P124,P01,6
2025,P02,P11020,P124,P02,0
2025,P02,P11020,P126,P01,38
2025,P02,P11020,P126,P02,0
2025,P02,P11021,P119,P01,0
2025,P02,P11021,P119,P02,0
2025,P02,P11021,P124,P01,0
2025,P02,P11021,P124,P02,0
2025,P02,P11021,P126,P01,0
2025,P02,P11021,P126,P02,0
2025,P02,P11022,P119,P01,0
2025,P02,P11022,P119,P02,0
2025,P02,P11022,P124,P01,0
2025,P02,P11022,P124,P02,0
2025,P02,P11022,P126,P01,0
2025,P02,P11022,P126,P02,0
2025,P02,P11023,P119,P01,19
2025,P02,P11023,P119,P02,0
2025,P02,P11023,P124,P01,0
2025,P02,P11023,P124,P02,0
2025,P02,P11023,P126,P01,0
2025,P02,P11023,P126,P02,0
2025,P02,P11024,P119,P01,0
2025,P02,P11024,P119,P02,0
2025,P02,P11024,P124,P01,0
2025,P02,P11024,P124,P02,0
2025,P02,P11024,P126,P01,0
2025,P02,P11024,P126,P02,0
2025,P02,P11025,P119,P01,29
2025,P02,P11025,P119,P02,0
2025,P02,P11025,P124,P01,0
2025,P02,P11025,P124,P02,0
2025,P02,P11025,P126,P01,0
2025,P02,P11025,P126,P02,0
2025,P02,P11026,P119,P01,12
2025,P02,P11026,P119,P02,0
2025,P02,P11026,P124,P01,0
2025,P02,P11026,P124,P02,0
2025,P02,P11026,P126,P01,0
2025,P02,P11026,P126,P02,0
2025,P02,P11027,P119,P01,8
2025,P02,P11027,P119,P02,0
2025,P02,P11027,P124,P01,0
2025,P02,P11027,P124,P02,0
2025,P02,P11027,P126,P01,0
2025,P02,P11027,P126,P02,0
2025,P02,P11028,P119,P01,6
2025,P02,P11028,P119,P02,0
2025,P02,P11028,P124,P01,0
2025,P02,P11028,P124,P02,0
2025,P02,P11028,P126,P01,0
2025,P02,P11028,P126,P02,0
2025,P02,P11029,P119,P01,7
2025,P02,P11029,P119,P02,0
2025,P02,P11029,P124,P01,0
2025,P02,P11029,P124,P02,0
2025,P02,P11029,P126,P01,0
2025,P02,P11029,P126,P02,0
2025,P02,P11030,P119,P01,0
2025,P02,P11030,P119,P02,0
2025,P02,P11030,P124,P01,0
2025,P02,P11030,P124,P02,0
2025,P02,P11030,P126,P01,0
2025,P02,P11030,P126,P02,0
2025,P02,P11031,P119,P01,141
2025,P02,P11031,P119,P02,0
2025,P02,P11031,P124,P01,0
2025,P02,P11031,P124,P02,0
2025,P02,P11031,P126,P01,1
2025,P02,P11031,P126,P02,0
2025,P02,P11032,P119,P01,7
2025,P02,P11032,P119,P02,0
2025,P02,P11032,P124,P01,0
2025,P02,P11032,P124,P02,0
2025,P02,P11032,P126,P01,0
2025,P02,P11032,P126,P02,0
2025,P02,P11033,P119,P01,17
2025,P02,P11033,P119,P02,0
2025,P02,P11033,P124,P01,0
2025,P02,P11033,P124,P02,0
2025,P02,P11033,P126,P01,0
2025,P02,P11033,P126,P02,0
2025,P02,P11034,P119,P01,0
2025,P02,P11034,P119,P02,0
2025,P02,P11034,P124,P01,0
2025,P02,P11034,P124,P02,0
2025,P02,P11034,P126,P01,0
2025,P02,P11034,P126,P02,0
2025,P02,P11035,P119,P01,1
2025,P02,P11035,P119,P02,0
2025,P02,P11035,P124,P01,0
2025,P02,P11035,P124,P02,0
2025,P02,P11035,P126,P01,0
2025,P02,P11035,P126,P02,0
2025,P02,P11036,P119,P01,1
2025,P02,P11036,P119,P02,0
2025,P02,P11036,P124,P01,0
2025,P02,P11036,P124,P02,0
2025,P02,P11036,P126,P01,0
2025,P02,P11036,P126,P02,0
2025,P02,P11037,P119,P01,63
2025,P02,P11037,P119,P02,0
2025,P02,P11037,P124,P01,0
2025,P02,P11037,P124,P02,0
2025,P02,P11037,P126,P01,1
2025,P02,P11037,P126,P02,0
2025,P02,P11038,P119,P01,0
2025,P02,P11038,P119,P02,0
2025,P02,P11038,P124,P01,0
2025,P02,P11038,P124,P02,0
2025,P02,P11038,P126,P01,0
2025,P02,P11038,P126,P02,0
2025,P02,P11039,P119,P01,3
2025,P02,P11039,P119,P02,0
2025,P02,P11039,P124,P01,0
2025,P02,P11039,P124,P02,0
2025,P02,P11039,P126,P01,0
2025,P02,P11039,P126,P02,0
2025,P02,P11040,P119,P01,0
2025,P02,P11040,P119,P02,0
2025,P02,P11040,P124,P01,0
2025,P02,P11040,P124,P02,0
2025,P02,P11040,P126,P01,0
2025,P02,P11040,P126,P02,0
2025,P02,P11041,P119,P01,0
2025,P02,P11041,P119,P02,0
2025,P02,P11041,P124,P01,0
2025,P02,P11041,P124,P02,0
2025,P02,P11041,P126,P01,0
2025,P02,P11041,P126,P02,0
2025,P02,P11042,P119,P01,5
2025,P02,P11042,P119,P02,0
2025,P02,P11042,P124,P01,0
2025,P02,P11042,P124,P02,0
2025,P02,P11042,P126,P01,0
2025,P02,P11042,P126,P02,0
2025,P02,P11043,P119,P01,0
2025,P02,P11043,P119,P02,0
2025,P02,P11043,P124,P01,0
2025,P02,P11043,P124,P02,0
2025,P02,P11043,P126,P01,0
2025,P02,P11043,P126,P02,0
2025,P02,P11044,P119,P01,0
2025,P02,P11044,P119,P02,0
2025,P02,P11044,P124,P01,0
2025,P02,P11044,P124,P02,0
2025,P02,P11044,P126,P01,0
2025,P02,P11044,P126,P02,0
2025,P02,P11045,P119,P01,0
2025,P02,P11045,P119,P02,0
2025,P02,P11045,P124,P01,0
2025,P02,P11045,P124,P02,0
2025,P02,P11045,P126,P01,0
2025,P02,P11045,P126,P02,0
2025,P02,P11046,P119,P01,3
2025,P02,P11046,P119,P02,0
2025,P02,P11046,P124,P01,0
2025,P02,P11046,P124,P02,0
2025,P02,P11046,P126,P01,0
2025,P02,P11046,P126,P02,0
2025,P02,P12001,P119,P01,206
2025,P02,P12001,P119,P02,0
2025,P02,P12001,P124,P01,0
2025,P02,P12001,P124,P02,0
2025,P02,P12001,P126,P01,2
2025,P02,P12001,P126,P02,0
2025,P02,P12002,P119,P01,1
2025,P02,P12002,P119,P02,0
2025,P02,P12002,P124,P01,0
2025,P02,P12002,P124,P02,0
2025,P02,P12002,P126,P01,0
2025,P02,P12002,P126,P02,0
2025,P02,P12003,P119,P01,1
2025,P02,P12003,P119,P02,0
2025,P02,P12003,P124,P01,0
2025,P02,P12003,P124,P02,0
2025,P02,P12003,P126,P01,0
2025,P02,P12003,P126,P02,0
2025,P02,P12004,P119,P01,2
2025,P02,P12004,P119,P02,0
2025,P02,P12004,P124,P01,0
2025,P02,P12004,P124,P02,0
2025,P02,P12004,P126,P01,0
2025,P02,P12004,P126,P02,0
2025,P02,P12005,P119,P01,3
2025,P02,P12005,P119,P02,0
2025,P02,P12005,P124,P01,0
2025,P02,P12005,P124,P02,0
2025,P02,P12005,P126,P01,0
2025,P02,P12005,P126,P02,0
2025,P02,P12006,P119,P01,0
2025,P02,P12006,P119,P02,0
2025,P02,P12006,P124,P01,0
2025,P02,P12006,P124,P02,0
2025,P02,P12006,P126,P01,0
2025,P02,P12006,P126,P02,0
2025,P02,P12007,P119,P01,0
2025,P02,P12007,P119,P02,0
2025,P02,P12007,P124,P01,0
2025,P02,P12007,P124,P02,0
2025,P02,P12007,P126,P01,0
2025,P02,P12007,P126,P02,0
2025,P02,P12008,P119,P01,0
2025,P02,P12008,P119,P02,0
2025,P02,P12008,P124,P01,0
2025,P02,P12008,P124,P02,0
2025,P02,P12008,P126,P01,0
2025,P02,P12008,P126,P02,0
2025,P02,P12009,P119,P01,4
2025,P02,P12009,P119,P02,0
2025,P02,P12009,P124,P01,0
2025,P02,P12009,P124,P02,0
2025,P02,P12009,P126,P01,0
2025,P02,P12009,P126,P02,0
2025,P02,P12010,P119,P01,4
2025,P02,P12010,P119,P02,0
2025,P02,P12010,P124,P01,0
2025,P02,P12010,P124,P02,0
2025,P02,P12010,P126,P01,0
2025,P02,P12010,P126,P02,0
2025,P02,P12011,P119,P01,4
2025,P02,P12011,P119,P02,0
2025,P02,P12011,P124,P01,0
2025,P02,P12011,P124,P02,0
2025,P02,P12011,P126,P01,0
2025,P02,P12011,P126,P02,0
2025,P02,P12012,P119,P01,3
2025,P02,P12012,P119,P02,0
2025,P02,P12012,P124,P01,0
2025,P02,P12012,P124,P02,0
2025,P02,P12012,P126,P01,0
2025,P02,P12012,P126,P02,0
2025,P02,P12013,P119,P01,32
2025,P02,P12013,P119,P02,0
2025,P02,P12013,P124,P01,0
2025,P02,P12013,P124,P02,0
2025,P02,P12013,P126,P01,0
2025,P02,P12013,P126,P02,0
2025,P02,P12014,P119,P01,0
2025,P02,P12014,P119,P02,0
2025,P02,P12014,P124,P01,0
2025,P02,P12014,P124,P02,0
2025,P02,P12014,P126,P01,0
2025,P02,P12014,P126,P02,0
2025,P02,P12015,P119,P01,7
2025,P02,P12015,P119,P02,0
2025,P02,P12015,P124,P01,0
2025,P02,P12015,P124,P02,0
2025,P02,P12015,P126,P01,0
2025,P02,P12015,P126,P02,0
2025,P02,P12016,P119,P01,0
2025,P02,P12016,P119,P02,0
2025,P02,P12016,P124,P01,0
2025,P02,P12016,P124,P02,0
2025,P02,P12016,P126,P01,0
2025,P02,P12016,P126,P02,0
2025,P02,P12017,P119,P01,0
2025,P02,P12017,P119,P02,0
2025,P02,P12017,P124,P01,0
2025,P02,P12017,P124,P02,0
2025,P02,P12017,P126,P01,0
2025,P02,P12017,P126,P02,0
2025,P02,P12018,P119,P01,28
2025,P02,P12018,P119,P02,0
2025,P02,P12018,P124,P01,0
2025,P02,P12018,P124,P02,0
2025,P02,P12018,P126,P01,0
2025,P02,P12018,P126,P02,0
2025,P02,P12019,P119,P01,0
2025,P02,P12019,P119,P02,0
2025,P02,P12019,P124,P01,0
2025,P02,P12019,P124,P02,0
2025,P02,P12019,P126,P01,0
2025,P02,P12019,P126,P02,0
2025,P02,P12020,P119,P01,3
2025,P02,P12020,P119,P02,0
2025,P02,P12020,P124,P01,0
2025,P02,P12020,P124,P02,0
2025,P02,P12020,P126,P01,0
2025,P02,P12020,P126,P02,0
2025,P02,P12021,P119,P01,23
2025,P02,P12021,P119,P02,0
2025,P02,P12021,P124,P01,0
2025,P02,P12021,P124,P02,0
2025,P02,P12021,P126,P01,0
2025,P02,P12021,P126,P02,0
2025,P02,P12022,P119,P01,3
2025,P02,P12022,P119,P02,0
2025,P02,P12022,P124,P01,0
2025,P02,P12022,P124,P02,0
2025,P02,P12022,P126,P01,0
2025,P02,P12022,P126,P02,0
2025,P02,P12023,P119,P01,384
2025,P02,P12023,P119,P02,0
2025,P02,P12023,P124,P01,1
2025,P02,P12023,P124,P02,0
2025,P02,P12023,P126,P01,4
2025,P02,P12023,P126,P02,0
2025,P02,P12024,P119,P01,0
2025,P02,P12024,P119,P02,0
2025,P02,P12024,P124,P01,0
2025,P02,P12024,P124,P02,0
2025,P02,P12024,P126,P01,0
2025,P02,P12024,P126,P02,0
2025,P02,P12025,P119,P01,0
2025,P02,P12025,P119,P02,0
2025,P02,P12025,P124,P01,0
2025,P02,P12025,P124,P02,0
2025,P02,P12025,P126,P01,0
2025,P02,P12025,P126,P02,0
2025,P02,P12026,P119,P01,1
2025,P02,P12026,P119,P02,0
2025,P02,P12026,P124,P01,0
2025,P02,P12026,P124,P02,0
2025,P02,P12026,P126,P01,0
2025,P02,P12026,P126,P02,0
2025,P02,P12027,P119,P01,3
2025,P02,P12027,P119,P02,0
2025,P02,P12027,P124,P01,0
2025,P02,P12027,P124,P02,0
2025,P02,P12027,P126,P01,0
2025,P02,P12027,P126,P02,0
2025,P02,P12028,P119,P01,9
2025,P02,P12028,P119,P02,0
2025,P02,P12028,P124,P01,0
2025,P02,P12028,P124,P02,0
2025,P02,P12028,P126,P01,0
2025,P02,P12028,P126,P02,0
2025,P02,P12029,P119,P01,84
2025,P02,P12029,P119,P02,0
2025,P02,P12029,P124,P01,0
2025,P02,P12029,P124,P02,0
2025,P02,P12029,P126,P01,1
2025,P02,P12029,P126,P02,0
2025,P02,P12030,P119,P01,0
2025,P02,P12030,P119,P02,0
2025,P02,P12030,P124,P01,0
2025,P02,P12030,P124,P02,0
2025,P02,P12030,P126,P01,0
2025,P02,P12030,P126,P02,0
2025,P02,P12031,P119,P01,43
2025,P02,P12031,P119,P02,0
2025,P02,P12031,P124,P01,0
2025,P02,P12031,P124,P02,0
2025,P02,P12031,P126,P01,0
2025,P02,P12031,P126,P02,0
2025,P02,P12032,P119,P01,35
2025,P02,P12032,P119,P02,0
2025,P02,P12032,P124,P01,0
2025,P02,P12032,P124,P02,0
2025,P02,P12032,P126,P01,0
2025,P02,P12032,P126,P02,0
2025,P02,P12033,P119,P01,2
2025,P02,P12033,P119,P02,0
2025,P02,P12033,P124,P01,0
2025,P02,P12033,P124,P02,0
2025,P02,P12033,P126,P01,0
2025,P02,P12033,P126,P02,0
2025,P02,P12034,P119,P01,5
2025,P02,P12034,P119,P02,0
2025,P02,P12034,P124,P01,0
2025,P02,P12034,P124,P02,0
2025,P02,P12034,P126,P01,0
2025,P02,P12034,P126,P02,0
2025,P02,P12035,P119,P01,17
2025,P02,P12035,P119,P02,0
2025,P02,P12035,P124,P01,0
2025,P02,P12035,P124,P02,0
2025,P02,P12035,P126,P01,0
2025,P02,P12035,P126,P02,0
2025,P02,P12036,P119,P01,105
2025,P02,P12036,P119,P02,0
2025,P02,P12036,P124,P01,0
2025,P02,P12036,P124,P02,0
2025,P02,P12036,P126,P01,1
2025,P02,P12036,P126,P02,0
2025,P02,P12037,P119,P01,10
2025,P02,P12037,P119,P02,0
2025,P02,P12037,P124,P01,0
2025,P02,P12037,P124,P02,0
2025,P02,P12037,P126,P01,0
2025,P02,P12037,P126,P02,0
2025,P02,P12038,P119,P01,190
2025,P02,P12038,P119,P02,0
2025,P02,P12038,P124,P01,0
2025,P02,P12038,P124,P02,0
2025,P02,P12038,P126,P01,2
2025,P02,P12038,P126,P02,0
2025,P02,P12039,P119,P01,0
2025,P02,P12039,P119,P02,0
2025,P02,P12039,P124,P01,0
2025,P02,P12039,P124,P02,0
2025,P02,P12039,P126,P01,0
2025,P02,P12039,P126,P02,0
2025,P02,P12040,P119,P01,2
2025,P02,P12040,P119,P02,0
2025,P02,P12040,P124,P01,0
2025,P02,P12040,P124,P02,0
2025,P02,P12040,P126,P01,0
2025,P02,P12040,P126,P02,0
2025,P02,P12041,P119,P01,0
2025,P02,P12041,P119,P02,0
2025,P02,P12041,P124,P01,0
2025,P02,P12041,P124,P02,0
2025,P02,P12041,P126,P01,0
2025,P02,P12041,P126,P02,0
2025,P02,P12042,P119,P01,2
2025,P02,P12042,P119,P02,0
2025,P02,P12042,P124,P01,0
2025,P02,P12042,P124,P02,0
2025,P02,P12042,P126,P01,0
2025,P02,P12042,P126,P02,0
2025,P02,P12043,P119,P01,546
2025,P02,P12043,P119,P02,0
2025,P02,P12043,P124,P01,1
2025,P02,P12043,P124,P02,0
2025,P02,P12043,P126,P01,5
2025,P02,P12043,P126,P02,0
2025,P02,P12044,P119,P01,1
2025,P02,P12044,P119,P02,0
2025,P02,P12044,P124,P01,0
2025,P02,P12044,P124,P02,0
2025,P02,P12044,P126,P01,0
2025,P02,P12044,P126,P02,0
2025,P02,P12045,P119,P01,5
2025,P02,P12045,P119,P02,0
2025,P02,P12045,P124,P01,0
2025,P02,P12045,P124,P02,0
2025,P02,P12045,P126,P01,0
2025,P02,P12045,P126,P02,0
2025,P02,P12046,P119,P01,0
2025,P02,P12046,P119,P02,0
2025,P02,P12046,P124,P01,0
2025,P02,P12046,P124,P02,0
2025,P02,P12046,P126,P01,0
2025,P02,P12046,P126,P02,0
2025,P02,P12047,P119,P01,0
2025,P02,P12047,P119,P02,0
2025,P02,P12047,P124,P01,0
2025,P02,P12047,P124,P02,0
2025,P02,P12047,P126,P01,0
2025,P02,P12047,P126,P02,0
2025,P02,P12048,P119,P01,4
2025,P02,P12048,P119,P02,0
2025,P02,P12048,P124,P01,0
2025,P02,P12048,P124,P02,0
2025,P02,P12048,P126,P01,0
2025,P02,P12048,P126,P02,0
2025,P02,P12049,P119,P01,1
2025,P02,P12049,P119,P02,0
2025,P02,P12049,P124,P01,0
2025,P02,P12049,P124,P02,0
2025,P02,P12049,P126,P01,0
2025,P02,P12049,P126,P02,0
2025,P02,P12050,P119,P01,11
2025,P02,P12050,P119,P02,0
2025,P02,P12050,P124,P01,0
2025,P02,P12050,P124,P02,0
2025,P02,P12050,P126,P01,0
2025,P02,P12050,P126,P02,0
2025,P02,P12051,P119,P01,1
2025,P02,P12051,P119,P02,0
2025,P02,P12051,P124,P01,0
2025,P02,P12051,P124,P02,0
2025,P02,P12051,P126,P01,0
2025,P02,P12051,P126,P02,0
2025,P02,P12052,P119,P01,151
2025,P02,P12052,P119,P02,0
2025,P02,P12052,P124,P01,0
2025,P02,P12052,P124,P02,0
2025,P02,P12052,P126,P01,1
2025,P02,P12052,P126,P02,0
2025,P02,P12053,P119,P01,0
2025,P02,P12053,P119,P02,0
2025,P02,P12053,P124,P01,0
2025,P02,P12053,P124,P02,0
2025,P02,P12053,P126,P01,0
2025,P02,P12053,P126,P02,0
2025,P02,P12054,P119,P01,1
2025,P02,P12054,P119,P02,0
2025,P02,P12054,P124,P01,0
2025,P02,P12054,P124,P02,0
2025,P02,P12054,P126,P01,0
2025,P02,P12054,P126,P02,0
2025,P02,P12055,P119,P01,9
2025,P02,P12055,P119,P02,0
2025,P02,P12055,P124,P01,0
2025,P02,P12055,P124,P02,0
2025,P02,P12055,P126,P01,0
2025,P02,P12055,P126,P02,0
2025,P02,P12056,P119,P01,4
2025,P02,P12056,P119,P02,0
2025,P02,P12056,P124,P01,0
2025,P02,P12056,P124,P02,0
2025,P02,P12056,P126,P01,0
2025,P02,P12056,P126,P02,0
2025,P02,P12057,P119,P01,0
2025,P02,P12057,P119,P02,0
2025,P02,P12057,P124,P01,0
2025,P02,P12057,P124,P02,0
2025,P02,P12057,P126,P01,0
2025,P02,P12057,P126,P02,0
2025,P02,P12058,P119,P01,14
2025,P02,P12058,P119,P02,0
2025,P02,P12058,P124,P01,0
2025,P02,P12058,P124,P02,0
2025,P02,P12058,P126,P01,0
2025,P02,P12058,P126,P02,0
2025,P02,P12059,P119,P01,1
2025,P02,P12059,P119,P02,0
2025,P02,P12059,P124,P01,0
2025,P02,P12059,P124,P02,0
2025,P02,P12059,P126,P01,0
2025,P02,P12059,P126,P02,0
2025,P02,P12060,P119,P01,16
2025,P02,P12060,P119,P02,0
2025,P02,P12060,P124,P01,0
2025,P02,P12060,P124,P02,0
2025,P02,P12060,P126,P01,0
2025,P02,P12060,P126,P02,0
2025,P02,P12061,P119,P01,3
2025,P02,P12061,P119,P02,0
2025,P02,P12061,P124,P01,0
2025,P02,P12061,P124,P02,0
2025,P02,P12061,P126,P01,0
2025,P02,P12061,P126,P02,0
2025,P02,P12062,P119,P01,426
2025,P02,P12062,P119,P02,0
2025,P02,P12062,P124,P01,1
2025,P02,P12062,P124,P02,0
2025,P02,P12062,P126,P01,4
2025,P02,P12062,P126,P02,0
2025,P02,P12063,P119,P01,23
2025,P02,P12063,P119,P02,0
2025,P02,P12063,P124,P01,0
2025,P02,P12063,P124,P02,0
2025,P02,P12063,P126,P01,0
2025,P02,P12063,P126,P02,0
2025,P02,P12064,P119,P01,0
2025,P02,P12064,P119,P02,0
2025,P02,P12064,P124,P01,0
2025,P02,P12064,P124,P02,0
2025,P02,P12064,P126,P01,0
2025,P02,P12064,P126,P02,0
2025,P02,P12065,P119,P01,6
2025,P02,P12065,P119,P02,0
2025,P02,P12065,P124,P01,0
2025,P02,P12065,P124,P02,0
2025,P02,P12065,P126,P01,0
2025,P02,P12065,P126,P02,0
2025,P02,P12066,P119,P01,83
2025,P02,P12066,P119,P02,0
2025,P02,P12066,P124,P01,0
2025,P02,P12066,P124,P02,0
2025,P02,P12066,P126,P01,1
2025,P02,P12066,P126,P02,0
2025,P02,P12067,P119,P01,1
2025,P02,P12067,P119,P02,0
2025,P02,P12067,P124,P01,0
2025,P02,P12067,P124,P02,0
2025,P02,P12067,P126,P01,0
2025,P02,P12067,P126,P02,0
2025,P02,P12068,P119,P01,30
2025,P02,P12068,P119,P02,0
2025,P02,P12068,P124,P01,0
2025,P02,P12068,P124,P02,0
2025,P02,P12068,P126,P01,0
2025,P02,P12068,P126,P02,0
2025,P02,P12069,P119,P01,21
2025,P02,P12069,P119,P02,0
2025,P02,P12069,P124,P01,0
2025,P02,P12069,P124,P02,0
2025,P02,P12069,P126,P01,0
2025,P02,P12069,P126,P02,0
2025,P02,P12070,P119,P01,0
2025,P02,P12070,P119,P02,0
2025,P02,P12070,P124,P01,0
2025,P02,P12070,P124,P02,0
2025,P02,P12070,P126,P01,0
2025,P02,P12070,P126,P02,0
2025,P02,P12071,P119,P01,0
2025,P02,P12071,P119,P02,0
2025,P02,P12071,P124,P01,0
2025,P02,P12071,P124,P02,0
2025,P02,P12071,P126,P01,0
2025,P02,P12071,P126,P02,0
2025,P02,P12072,P119,P01,4
2025,P02,P12072,P119,P02,0
2025,P02,P12072,P124,P01,0
2025,P02,P12072,P124,P02,0
2025,P02,P12072,P126,P01,0
2025,P02,P12072,P126,P02,0
2025,P02,P12073,P119,P01,1
2025,P02,P12073,P119,P02,0
2025,P02,P12073,P124,P01,0
2025,P02,P12073,P124,P02,0
2025,P02,P12073,P126,P01,0
2025,P02,P12073,P126,P02,0
2025,P02,P12074,P119,P01,1
2025,P02,P12074,P119,P02,0
2025,P02,P12074,P124,P01,0
2025,P02,P12074,P124,P02,0
2025,P02,P12074,P126,P01,0
2025,P02,P12074,P126,P02,0
2025,P02,P12075,P119,P01,0
2025,P02,P12075,P119,P02,0
2025,P02,P12075,P124,P01,0
2025,P02,P12075,P124,P02,0
2025,P02,P12075,P126,P01,0
2025,P02,P12075,P126,P02,0
2025,P02,P12076,P119,P01,0
2025,P02,P12076,P119,P02,0
2025,P02,P12076,P124,P01,0
2025,P02,P12076,P124,P02,0
2025,P02,P12076,P126,P01,0
2025,P02,P12076,P126,P02,0
2025,P02,P12077,P119,P01,0
2025,P02,P12077,P119,P02,0
2025,P02,P12077,P124,P01,0
2025,P02,P12077,P124,P02,0
2025,P02,P12077,P126,P01,0
2025,P02,P12077,P126,P02,0
2025,P02,P12078,P119,P01,156
2025,P02,P12078,P119,P02,0
2025,P02,P12078,P124,P01,0
2025,P02,P12078,P124,P02,0
2025,P02,P12078,P126,P01,1
2025,P02,P12078,P126,P02,0
2025,P02,P12079,P119,P01,1
2025,P02,P12079,P119,P02,0
2025,P02,P12079,P124,P01,0
2025,P02,P12079,P124,P02,0
2025,P02,P12079,P126,P01,0
2025,P02,P12079,P126,P02,0
2025,P02,P12080,P119,P01,0
2025,P02,P12080,P119,P02,0
2025,P02,P12080,P124,P01,0
2025,P02,P12080,P124,P02,0
2025,P02,P12080,P126,P01,0
2025,P02,P12080,P126,P02,0
2025,P02,P12081,P119,P01,0
2025,P02,P12081,P119,P02,0
2025,P02,P12081,P124,P01,0
2025,P02,P12081,P124,P02,0
2025,P02,P12081,P126,P01,0
2025,P02,P12081,P126,P02,0
2025,P02,P12082,P119,P01,0
2025,P02,P12082,P119,P02,0
2025,P02,P12082,P124,P01,0
2025,P02,P12082,P124,P02,0
2025,P02,P12082,P126,P01,0
2025,P02,P12082,P126,P02,0
2025,P02,P12083,P119,P01,0
2025,P02,P12083,P119,P02,0
2025,P02,P12083,P124,P01,0
2025,P02,P12083,P124,P02,0
2025,P02,P12083,P126,P01,0
2025,P02,P12083,P126,P02,0
2025,P02,P12084,P119,P01,0
2025,P02,P12084,P119,P02,0
2025,P02,P12084,P124,P01,0
2025,P02,P12084,P124,P02,0
2025,P02,P12084,P126,P01,0
2025,P02,P12084,P126,P02,0
2025,P02,P12085,P119,P01,0
2025,P02,P12085,P119,P02,0
2025,P02,P12085,P124,P01,0
2025,P02,P12085,P124,P02,0
2025,P02,P12085,P126,P01,0
2025,P02,P12085,P126,P02,0
2025,P02,P13001,P119,P01,0
2025,P02,P13001,P119,P02,0
2025,P02,P13001,P124,P01,0
2025,P02,P13001,P124,P02,0
2025,P02,P13001,P126,P01,0
2025,P02,P13001,P126,P02,0
2025,P02,P13002,P119,P01,42
2025,P02,P13002,P119,P02,0
2025,P02,P13002,P124,P01,0
2025,P02,P13002,P124,P02,0
2025,P02,P13002,P126,P01,0
2025,P02,P13002,P126,P02,0
2025,P02,P13003,P119,P01,0
2025,P02,P13003,P119,P02,0
2025,P02,P13003,P124,P01,0
2025,P02,P13003,P124,P02,0
2025,P02,P13003,P126,P01,0
2025,P02,P13003,P126,P02,0
2025,P02,P13004,P119,P01,0
2025,P02,P13004,P119,P02,0
2025,P02,P13004,P124,P01,0
2025,P02,P13004,P124,P02,0
2025,P02,P13004,P126,P01,0
2025,P02,P13004,P126,P02,0
2025,P02,P13005,P119,P01,0
2025,P02,P13005,P119,P02,0
2025,P02,P13005,P124,P01,0
2025,P02,P13005,P124,P02,0
2025,P02,P13005,P126,P01,0
2025,P02,P13005,P126,P02,0
2025,P02,P13006,P119,P01,10
2025,P02,P13006,P119,P02,0
2025,P02,P13006,P124,P01,0
2025,P02,P13006,P124,P02,0
2025,P02,P13006,P126,P01,0
2025,P02,P13006,P126,P02,0
2025,P02,P13007,P119,P01,46
2025,P02,P13007,P119,P02,0
2025,P02,P13007,P124,P01,0
2025,P02,P13007,P124,P02,0
2025,P02,P13007,P126,P01,0
2025,P02,P13007,P126,P02,0
2025,P02,P13008,P119,P01,125
2025,P02,P13008,P119,P02,0
2025,P02,P13008,P124,P01,0
2025,P02,P13008,P124,P02,0
2025,P02,P13008,P126,P01,1
2025,P02,P13008,P126,P02,0
2025,P02,P13009,P119,P01,0
2025,P02,P13009,P119,P02,0
2025,P02,P13009,P124,P01,0
2025,P02,P13009,P124,P02,0
2025,P02,P13009,P126,P01,0
2025,P02,P13009,P126,P02,0
2025,P02,P13010,P119,P01,35
2025,P02,P13010,P119,P02,0
2025,P02,P13010,P124,P01,0
2025,P02,P13010,P124,P02,0
2025,P02,P13010,P126,P01,0
2025,P02,P13010,P126,P02,0
2025,P02,P13011,P119,P01,0
2025,P02,P13011,P119,P02,0
2025,P02,P13011,P124,P01,0
2025,P02,P13011,P124,P02,0
2025,P02,P13011,P126,P01,0
2025,P02,P13011,P126,P02,0
2025,P02,P13012,P119,P01,3
2025,P02,P13012,P119,P02,0
2025,P02,P13012,P124,P01,0
2025,P02,P13012,P124,P02,0
2025,P02,P13012,P126,P01,0
2025,P02,P13012,P126,P02,0
2025,P02,P13013,P119,P01,13
2025,P02,P13013,P119,P02,0
2025,P02,P13013,P124,P01,0
2025,P02,P13013,P124,P02,0
2025,P02,P13013,P126,P01,0
2025,P02,P13013,P126,P02,0
2025,P02,P13014,P119,P01,0
2025,P02,P13014,P119,P02,0
2025,P02,P13014,P124,P01,0
2025,P02,P13014,P124,P02,0
2025,P02,P13014,P126,P01,0
2025,P02,P13014,P126,P02,0
2025,P02,P13015,P119,P01,12
2025,P02,P13015,P119,P02,0
2025,P02,P13015,P124,P01,0
2025,P02,P13015,P124,P02,0
2025,P02,P13015,P126,P01,0
2025,P02,P13015,P126,P02,0
2025,P02,P13016,P119,P01,11
2025,P02,P13016,P119,P02,0
2025,P02,P13016,P124,P01,0
2025,P02,P13016,P124,P02,0
2025,P02,P13016,P126,P01,0
2025,P02,P13016,P126,P02,0
2025,P02,P13017,P119,P01,0
2025,P02,P13017,P119,P02,0
2025,P02,P13017,P124,P01,0
2025,P02,P13017,P124,P02,0
2025,P02,P13017,P126,P01,0
2025,P02,P13017,P126,P02,0
2025,P02,P13018,P119,P01,2
2025,P02,P13018,P119,P02,0
2025,P02,P13018,P124,P01,0
2025,P02,P13018,P124,P02,0
2025,P02,P13018,P126,P01,0
2025,P02,P13018,P126,P02,0
2025,P02,P13019,P119,P01,13
2025,P02,P13019,P119,P02,0
2025,P02,P13019,P124,P01,0
2025,P02,P13019,P124,P02,0
2025,P02,P13019,P126,P01,0
2025,P02,P13019,P126,P02,0
2025,P02,P13020,P119,P01,0
2025,P02,P13020,P119,P02,0
2025,P02,P13020,P124,P01,0
2025,P02,P13020,P124,P02,0
2025,P02,P13020,P126,P01,0
2025,P02,P13020,P126,P02,0
2025,P02,P13021,P119,P01,0
2025,P02,P13021,P119,P02,0
2025,P02,P13021,P124,P01,0
2025,P02,P13021,P124,P02,0
2025,P02,P13021,P126,P01,0
2025,P02,P13021,P126,P02,0
2025,P02,P13022,P119,P01,12
2025,P02,P13022,P119,P02,0
2025,P02,P13022,P124,P01,0
2025,P02,P13022,P124,P02,0
2025,P02,P13022,P126,P01,0
2025,P02,P13022,P126,P02,0
2025,P02,P13023,P119,P01,33
2025,P02,P13023,P119,P02,0
2025,P02,P13023,P124,P01,0
2025,P02,P13023,P124,P02,0
2025,P02,P13023,P126,P01,0
2025,P02,P13023,P126,P02,0
2025,P02,P13024,P119,P01,5
2025,P02,P13024,P119,P02,0
2025,P02,P13024,P124,P01,0
2025,P02,P13024,P124,P02,0
2025,P02,P13024,P126,P01,0
2025,P02,P13024,P126,P02,0
2025,P02,P13025,P119,P01,79
2025,P02,P13025,P119,P02,0
2025,P02,P13025,P124,P01,0
2025,P02,P13025,P124,P02,0
2025,P02,P13025,P126,P01,1
2025,P02,P13025,P126,P02,0
2025,P02,P13026,P119,P01,0
2025,P02,P13026,P119,P02,0
2025,P02,P13026,P124,P01,0
2025,P02,P13026,P124,P02,0
2025,P02,P13026,P126,P01,0
2025,P02,P13026,P126,P02,0
2025,P02,P13027,P119,P01,0
2025,P02,P13027,P119,P02,0
2025,P02,P13027,P124,P01,0
2025,P02,P13027,P124,P02,0
2025,P02,P13027,P126,P01,0
2025,P02,P13027,P126,P02,0
2025,P02,P13028,P119,P01,1
2025,P02,P13028,P119,P02,0
2025,P02,P13028,P124,P01,0
2025,P02,P13028,P124,P02,0
2025,P02,P13028,P126,P01,0
2025,P02,P13028,P126,P02,0
2025,P02,P13029,P119,P01,40
2025,P02,P13029,P119,P02,0
2025,P02,P13029,P124,P01,0
2025,P02,P13029,P124,P02,0
2025,P02,P13029,P126,P01,0
2025,P02,P13029,P126,P02,0
2025,P02,P13030,P119,P01,147
2025,P02,P13030,P119,P02,0
2025,P02,P13030,P124,P01,0
2025,P02,P13030,P124,P02,0
2025,P02,P13030,P126,P01,1
2025,P02,P13030,P126,P02,0
2025,P02,P13031,P119,P01,0
2025,P02,P13031,P119,P02,0
2025,P02,P13031,P124,P01,0
2025,P02,P13031,P124,P02,0
2025,P02,P13031,P126,P01,0
2025,P02,P13031,P126,P02,0
2025,P02,P13032,P119,P01,0
2025,P02,P13032,P119,P02,0
2025,P02,P13032,P124,P01,0
2025,P02,P13032,P124,P02,0
2025,P02,P13032,P126,P01,0
2025,P02,P13032,P126,P02,0
2025,P02,P13033,P119,P01,0
2025,P02,P13033,P119,P02,0
2025,P02,P13033,P124,P01,0
2025,P02,P13033,P124,P02,0
2025,P02,P13033,P126,P01,0
2025,P02,P13033,P126,P02,0
2025,P02,P13034,P119,P01,0
2025,P02,P13034,P119,P02,0
2025,P02,P13034,P124,P01,0
2025,P02,P13034,P124,P02,0
2025,P02,P13034,P126,P01,0
2025,P02,P13034,P126,P02,0
2025,P02,P13035,P119,P01,0
2025,P02,P13035,P119,P02,0
2025,P02,P13035,P124,P01,0
2025,P02,P13035,P124,P02,0
2025,P02,P13035,P126,P01,0
2025,P02,P13035,P126,P02,0
2025,P02,P13036,P119,P01,6
2025,P02,P13036,P119,P02,0
2025,P02,P13036,P124,P01,0
2025,P02,P13036,P124,P02,0
2025,P02,P13036,P126,P01,0
2025,P02,P13036,P126,P02,0
2025,P02,P13037,P119,P01,6
2025,P02,P13037,P119,P02,0
2025,P02,P13037,P124,P01,0
2025,P02,P13037,P124,P02,0
2025,P02,P13037,P126,P01,0
2025,P02,P13037,P126,P02,0
2025,P02,P13038,P119,P01,2
2025,P02,P13038,P119,P02,0
2025,P02,P13038,P124,P01,0
2025,P02,P13038,P124,P02,0
2025,P02,P13038,P126,P01,0
2025,P02,P13038,P126,P02,0
2025,P02,P13039,P119,P01,30
2025,P02,P13039,P119,P02,0
2025,P02,P13039,P124,P01,0
2025,P02,P13039,P124,P02,0
2025,P02,P13039,P126,P01,0
2025,P02,P13039,P126,P02,0
2025,P02,P13040,P119,P01,2
2025,P02,P13040,P119,P02,0
2025,P02,P13040,P124,P01,0
2025,P02,P13040,P124,P02,0
2025,P02,P13040,P126,P01,0
2025,P02,P13040,P126,P02,0
2025,P02,P13041,P119,P01,0
2025,P02,P13041,P119,P02,0
2025,P02,P13041,P124,P01,0
2025,P02,P13041,P124,P02,0
2025,P02,P13041,P126,P01,0
2025,P02,P13041,P126,P02,0
2025,P02,P13042,P119,P01,0
2025,P02,P13042,P119,P02,0
2025,P02,P13042,P124,P01,0
2025,P02,P13042,P124,P02,0
2025,P02,P13042,P126,P01,0
2025,P02,P13042,P126,P02,0
2025,P02,P13043,P119,P01,25
2025,P02,P13043,P119,P02,0
2025,P02,P13043,P124,P01,0
2025,P02,P13043,P124,P02,0
2025,P02,P13043,P126,P01,0
2025,P02,P13043,P126,P02,0
2025,P02,P13044,P119,P01,13
2025,P02,P13044,P119,P02,0
2025,P02,P13044,P124,P01,0
2025,P02,P13044,P124,P02,0
2025,P02,P13044,P126,P01,0
2025,P02,P13044,P126,P02,0
2025,P02,P13045,P119,P01,0
2025,P02,P13045,P119,P02,0
2025,P02,P13045,P124,P01,0
2025,P02,P13045,P124,P02,0
2025,P02,P13045,P126,P01,0
2025,P02,P13045,P126,P02,0
2025,P02,P13046,P119,P01,0
2025,P02,P13046,P119,P02,0
2025,P02,P13046,P124,P01,0
2025,P02,P13046,P124,P02,0
2025,P02,P13046,P126,P01,0
2025,P02,P13046,P126,P02,0
2025,P02,P13047,P119,P01,21
2025,P02,P13047,P119,P02,0
2025,P02,P13047,P124,P01,0
2025,P02,P13047,P124,P02,0
2025,P02,P13047,P126,P01,0
2025,P02,P13047,P126,P02,0
2025,P02,P13048,P119,P01,466
2025,P02,P13048,P119,P02,0
2025,P02,P13048,P124,P01,1
2025,P02,P13048,P124,P02,0
2025,P02,P13048,P126,P01,4
2025,P02,P13048,P126,P02,0
2025,P02,P13049,P119,P01,0
2025,P02,P13049,P119,P02,0
2025,P02,P13049,P124,P01,0
2025,P02,P13049,P124,P02,0
2025,P02,P13049,P126,P01,0
2025,P02,P13049,P126,P02,0
2025,P02,P13050,P119,P01,0
2025,P02,P13050,P119,P02,0
2025,P02,P13050,P124,P01,0
2025,P02,P13050,P124,P02,0
2025,P02,P13050,P126,P01,0
2025,P02,P13050,P126,P02,0
2025,P02,P13051,P119,P01,0
2025,P02,P13051,P119,P02,0
2025,P02,P13051,P124,P01,0
2025,P02,P13051,P124,P02,0
2025,P02,P13051,P126,P01,0
2025,P02,P13051,P126,P02,0
2025,P02,P13052,P119,P01,0
2025,P02,P13052,P119,P02,0
2025,P02,P13052,P124,P01,0
2025,P02,P13052,P124,P02,0
2025,P02,P13052,P126,P01,0
2025,P02,P13052,P126,P02,0
2025,P02,P13053,P119,P01,155
2025,P02,P13053,P119,P02,0
2025,P02,P13053,P124,P01,0
2025,P02,P13053,P124,P02,0
2025,P02,P13053,P126,P01,1
2025,P02,P13053,P126,P02,0
2025,P02,P13054,P119,P01,4
2025,P02,P13054,P119,P02,0
2025,P02,P13054,P124,P01,0
2025,P02,P13054,P124,P02,0
2025,P02,P13054,P126,P01,0
2025,P02,P13054,P126,P02,0
2025,P02,P13055,P119,P01,9
2025,P02,P13055,P119,P02,0
2025,P02,P13055,P124,P01,0
2025,P02,P13055,P124,P02,0
2025,P02,P13055,P126,P01,0
2025,P02,P13055,P126,P02,0
2025,P02,P13056,P119,P01,0
2025,P02,P13056,P119,P02,0
2025,P02,P13056,P124,P01,0
2025,P02,P13056,P124,P02,0
2025,P02,P13056,P126,P01,0
2025,P02,P13056,P126,P02,0
2025,P02,P13057,P119,P01,19
2025,P02,P13057,P119,P02,0
2025,P02,P13057,P124,P01,0
2025,P02,P13057,P124,P02,0
2025,P02,P13057,P126,P01,0
2025,P02,P13057,P126,P02,0
2025,P02,P13058,P119,P01,68
2025,P02,P13058,P119,P02,0
2025,P02,P13058,P124,P01,0
2025,P02,P13058,P124,P02,0
2025,P02,P13058,P126,P01,1
2025,P02,P13058,P126,P02,0
2025,P02,P13059,P119,P01,19
2025,P02,P13059,P119,P02,0
2025,P02,P13059,P124,P01,0
2025,P02,P13059,P124,P02,0
2025,P02,P13059,P126,P01,0
2025,P02,P13059,P126,P02,0
2025,P02,P13060,P119,P01,0
2025,P02,P13060,P119,P02,0
2025,P02,P13060,P124,P01,0
2025,P02,P13060,P124,P02,0
2025,P02,P13060,P126,P01,0
2025,P02,P13060,P126,P02,0
2025,P02,P13061,P119,P01,155
2025,P02,P13061,P119,P02,0
2025,P02,P13061,P124,P01,0
2025,P02,P13061,P124,P02,0
2025,P02,P13061,P126,P01,1
2025,P02,P13061,P126,P02,0
2025,P02,P13062,P119,P01,0
2025,P02,P13062,P119,P02,0
2025,P02,P13062,P124,P01,0
2025,P02,P13062,P124,P02,0
2025,P02,P13062,P126,P01,0
2025,P02,P13062,P126,P02,0
2025,P02,P13063,P119,P01,25
2025,P02,P13063,P119,P02,0
2025,P02,P13063,P124,P01,0
2025,P02,P13063,P124,P02,0
2025,P02,P13063,P126,P01,0
2025,P02,P13063,P126,P02,0
2025,P02,P13064,P119,P01,0
2025,P02,P13064,P119,P02,0
2025,P02,P13064,P124,P01,0
2025,P02,P13064,P124,P02,0
2025,P02,P13064,P126,P01,0
2025,P02,P13064,P126,P02,0
2025,P02,P13065,P119,P01,0
2025,P02,P13065,P119,P02,0
2025,P02,P13065,P124,P01,0
2025,P02,P13065,P124,P02,0
2025,P02,P13065,P126,P01,0
2025,P02,P13065,P126,P02,0
2025,P02,P13066,P119,P01,13
2025,P02,P13066,P119,P02,0
2025,P02,P13066,P124,P01,0
2025,P02,P13066,P124,P02,0
2025,P02,P13066,P126,P01,0
2025,P02,P13066,P126,P02,0
2025,P02,P13067,P119,P01,0
2025,P02,P13067,P119,P02,0
2025,P02,P13067,P124,P01,0
2025,P02,P13067,P124,P02,0
2025,P02,P13067,P126,P01,0
2025,P02,P13067,P126,P02,0
2025,P02,P13068,P119,P01,0
2025,P02,P13068,P119,P02,0
2025,P02,P13068,P124,P01,0
2025,P02,P13068,P124,P02,0
2025,P02,P13068,P126,P01,0
2025,P02,P13068,P126,P02,0
2025,P02,P13069,P119,P01,117
2025,P02,P13069,P119,P02,0
2025,P02,P13069,P124,P01,0
2025,P02,P13069,P124,P02,0
2025,P02,P13069,P126,P01,1
2025,P02,P13069,P126,P02,0
2025,P02,P13070,P119,P01,0
2025,P02,P13070,P119,P02,0
2025,P02,P13070,P124,P01,0
2025,P02,P13070,P124,P02,0
2025,P02,P13070,P126,P01,0
2025,P02,P13070,P126,P02,0
2025,P02,P13071,P119,P01,12
2025,P02,P13071,P119,P02,0
2025,P02,P13071,P124,P01,0
2025,P02,P13071,P124,P02,0
2025,P02,P13071,P126,P01,0
2025,P02,P13071,P126,P02,0
2025,P02,P13072,P119,P01,8
2025,P02,P13072,P119,P02,0
2025,P02,P13072,P124,P01,0
2025,P02,P13072,P124,P02,0
2025,P02,P13072,P126,P01,0
2025,P02,P13072,P126,P02,0
2025,P02,P13073,P119,P01,0
2025,P02,P13073,P119,P02,0
2025,P02,P13073,P124,P01,0
2025,P02,P13073,P124,P02,0
2025,P02,P13073,P126,P01,0
2025,P02,P13073,P126,P02,0
2025,P02,P13074,P119,P01,8
2025,P02,P13074,P119,P02,0
2025,P02,P13074,P124,P01,0
2025,P02,P13074,P124,P02,0
2025,P02,P13074,P126,P01,0
2025,P02,P13074,P126,P02,0
2025,P02,P13075,P119,P01,31
2025,P02,P13075,P119,P02,0
2025,P02,P13075,P124,P01,0
2025,P02,P13075,P124,P02,0
2025,P02,P13075,P126,P01,0
2025,P02,P13075,P126,P02,0
2025,P02,P13076,P119,P01,78
2025,P02,P13076,P119,P02,0
2025,P02,P13076,P124,P01,0
2025,P02,P13076,P124,P02,0
2025,P02,P13076,P126,P01,1
2025,P02,P13076,P126,P02,0
2025,P02,P13077,P119,P01,25
2025,P02,P13077,P119,P02,0
2025,P02,P13077,P124,P01,0
2025,P02,P13077,P124,P02,0
2025,P02,P13077,P126,P01,0
2025,P02,P13077,P126,P02,0
2025,P02,P13078,P119,P01,27
2025,P02,P13078,P119,P02,0
2025,P02,P13078,P124,P01,0
2025,P02,P13078,P124,P02,0
2025,P02,P13078,P126,P01,0
2025,P02,P13078,P126,P02,0
2025,P02,P13079,P119,P01,0
2025,P02,P13079,P119,P02,0
2025,P02,P13079,P124,P01,0
2025,P02,P13079,P124,P02,0
2025,P02,P13079,P126,P01,0
2025,P02,P13079,P126,P02,0
2025,P02,P13080,P119,P01,6
2025,P02,P13080,P119,P02,0
2025,P02,P13080,P124,P01,0
2025,P02,P13080,P124,P02,0
2025,P02,P13080,P126,P01,0
2025,P02,P13080,P126,P02,0
2025,P02,P13081,P119,P01,0
2025,P02,P13081,P119,P02,0
2025,P02,P13081,P124,P01,0
2025,P02,P13081,P124,P02,0
2025,P02,P13081,P126,P01,0
2025,P02,P13081,P126,P02,0
2025,P02,P13082,P119,P01,0
2025,P02,P13082,P119,P02,0
2025,P02,P13082,P124,P01,0
2025,P02,P13082,P124,P02,0
2025,P02,P13082,P126,P01,0
2025,P02,P13082,P126,P02,0
2025,P02,P13083,P119,P01,19
2025,P02,P13083,P119,P02,0
2025,P02,P13083,P124,P01,0
2025,P02,P13083,P124,P02,0
2025,P02,P13083,P126,P01,0
2025,P02,P13083,P126,P02,0
2025,P02,P13084,P119,P01,0
2025,P02,P13084,P119,P02,0
2025,P02,P13084,P124,P01,0
2025,P02,P13084,P124,P02,0
2025,P02,P13084,P126,P01,0
2025,P02,P13084,P126,P02,0
2025,P02,P14001,P119,P01,3
2025,P02,P14001,P119,P02,0
2025,P02,P14001,P124,P01,0
2025,P02,P14001,P124,P02,0
2025,P02,P14001,P126,P01,0
2025,P02,P14001,P126,P02,0
2025,P02,P14002,P119,P01,16
2025,P02,P14002,P119,P02,0
2025,P02,P14002,P124,P01,0
2025,P02,P14002,P124,P02,0
2025,P02,P14002,P126,P01,0
2025,P02,P14002,P126,P02,0
2025,P02,P14003,P119,P01,3
2025,P02,P14003,P119,P02,0
2025,P02,P14003,P124,P01,0
2025,P02,P14003,P124,P02,0
2025,P02,P14003,P126,P01,0
2025,P02,P14003,P126,P02,0
2025,P02,P14004,P119,P01,1
2025,P02,P14004,P119,P02,0
2025,P02,P14004,P124,P01,0
2025,P02,P14004,P124,P02,0
2025,P02,P14004,P126,P01,0
2025,P02,P14004,P126,P02,0
2025,P02,P14005,P119,P01,10
2025,P02,P14005,P119,P02,0
2025,P02,P14005,P124,P01,0
2025,P02,P14005,P124,P02,0
2025,P02,P14005,P126,P01,0
2025,P02,P14005,P126,P02,0
2025,P02,P14006,P119,P01,0
2025,P02,P14006,P119,P02,0
2025,P02,P14006,P124,P01,0
2025,P02,P14006,P124,P02,0
2025,P02,P14006,P126,P01,0
2025,P02,P14006,P126,P02,0
2025,P02,P14007,P119,P01,0
2025,P02,P14007,P119,P02,0
2025,P02,P14007,P124,P01,0
2025,P02,P14007,P124,P02,0
2025,P02,P14007,P126,P01,0
2025,P02,P14007,P126,P02,0
2025,P02,P14008,P119,P01,11
2025,P02,P14008,P119,P02,0
2025,P02,P14008,P124,P01,0
2025,P02,P14008,P124,P02,0
2025,P02,P14008,P126,P01,0
2025,P02,P14008,P126,P02,0
2025,P02,P14009,P119,P01,6
2025,P02,P14009,P119,P02,0
2025,P02,P14009,P124,P01,0
2025,P02,P14009,P124,P02,0
2025,P02,P14009,P126,P01,0
2025,P02,P14009,P126,P02,0
2025,P02,P14010,P119,P01,0
2025,P02,P14010,P119,P02,0
2025,P02,P14010,P124,P01,0
2025,P02,P14010,P124,P02,0
2025,P02,P14010,P126,P01,0
2025,P02,P14010,P126,P02,0
2025,P02,P14011,P119,P01,0
2025,P02,P14011,P119,P02,0
2025,P02,P14011,P124,P01,0
2025,P02,P14011,P124,P02,0
2025,P02,P14011,P126,P01,0
2025,P02,P14011,P126,P02,0
2025,P02,P14012,P119,P01,0
2025,P02,P14012,P119,P02,0
2025,P02,P14012,P124,P01,0
2025,P02,P14012,P124,P02,0
2025,P02,P14012,P126,P01,0
2025,P02,P14012,P126,P02,0
2025,P02,P14013,P119,P01,5
2025,P02,P14013,P119,P02,0
2025,P02,P14013,P124,P01,0
2025,P02,P14013,P124,P02,0
2025,P02,P14013,P126,P01,0
2025,P02,P14013,P126,P02,0
2025,P02,P14014,P119,P01,0
2025,P02,P14014,P119,P02,0
2025,P02,P14014,P124,P01,0
2025,P02,P14014,P124,P02,0
2025,P02,P14014,P126,P01,0
2025,P02,P14014,P126,P02,0
2025,P02,P14015,P119,P01,2
2025,P02,P14015,P119,P02,0
2025,P02,P14015,P124,P01,0
2025,P02,P14015,P124,P02,0
2025,P02,P14015,P126,P01,0
2025,P02,P14015,P126,P02,0
2025,P02,P14016,P119,P01,7
2025,P02,P14016,P119,P02,0
2025,P02,P14016,P124,P01,0
2025,P02,P14016,P124,P02,0
2025,P02,P14016,P126,P01,0
2025,P02,P14016,P126,P02,0
2025,P02,P14017,P119,P01,0
2025,P02,P14017,P119,P02,0
2025,P02,P14017,P124,P01,0
2025,P02,P14017,P124,P02,0
2025,P02,P14017,P126,P01,0
2025,P02,P14017,P126,P02,0
2025,P02,P14018,P119,P01,3
2025,P02,P14018,P119,P02,0
2025,P02,P14018,P124,P01,0
2025,P02,P14018,P124,P02,0
2025,P02,P14018,P126,P01,0
2025,P02,P14018,P126,P02,0
2025,P02,P14019,P119,P01,3
2025,P02,P14019,P119,P02,0
2025,P02,P14019,P124,P01,0
2025,P02,P14019,P124,P02,0
2025,P02,P14019,P126,P01,0
2025,P02,P14019,P126,P02,0
2025,P02,P14020,P119,P01,1
2025,P02,P14020,P119,P02,0
2025,P02,P14020,P124,P01,0
2025,P02,P14020,P124,P02,0
2025,P02,P14020,P126,P01,0
2025,P02,P14020,P126,P02,0
2025,P02,P14021,P119,P01,1
2025,P02,P14021,P119,P02,0
2025,P02,P14021,P124,P01,0
2025,P02,P14021,P124,P02,0
2025,P02,P14021,P126,P01,0
2025,P02,P14021,P126,P02,0
2025,P02,P14022,P119,P01,1
2025,P02,P14022,P119,P02,0
2025,P02,P14022,P124,P01,0
2025,P02,P14022,P124,P02,0
2025,P02,P14022,P126,P01,0
2025,P02,P14022,P126,P02,0
2025,P02,P14023,P119,P01,18
2025,P02,P14023,P119,P02,0
2025,P02,P14023,P124,P01,0
2025,P02,P14023,P124,P02,0
2025,P02,P14023,P126,P01,0
2025,P02,P14023,P126,P02,0
2025,P02,P14024,P119,P01,26
2025,P02,P14024,P119,P02,0
2025,P02,P14024,P124,P01,0
2025,P02,P14024,P124,P02,0
2025,P02,P14024,P126,P01,0
2025,P02,P14024,P126,P02,0
2025,P02,P14025,P119,P01,8
2025,P02,P14025,P119,P02,0
2025,P02,P14025,P124,P01,0
2025,P02,P14025,P124,P02,0
2025,P02,P14025,P126,P01,0
2025,P02,P14025,P126,P02,0
2025,P02,P14026,P119,P01,0
2025,P02,P14026,P119,P02,0
2025,P02,P14026,P124,P01,0
2025,P02,P14026,P124,P02,0
2025,P02,P14026,P126,P01,0
2025,P02,P14026,P126,P02,0
2025,P02,P14027,P119,P01,0
2025,P02,P14027,P119,P02,0
2025,P02,P14027,P124,P01,0
2025,P02,P14027,P124,P02,0
2025,P02,P14027,P126,P01,0
2025,P02,P14027,P126,P02,0
2025,P02,P14028,P119,P01,0
2025,P02,P14028,P119,P02,0
2025,P02,P14028,P124,P01,0
2025,P02,P14028,P124,P02,0
2025,P02,P14028,P126,P01,0
2025,P02,P14028,P126,P02,0
2025,P02,P14029,P119,P01,3
2025,P02,P14029,P119,P02,0
2025,P02,P14029,P124,P01,0
2025,P02,P14029,P124,P02,0
2025,P02,P14029,P126,P01,0
2025,P02,P14029,P126,P02,0
2025,P02,P14030,P119,P01,12
2025,P02,P14030,P119,P02,0
2025,P02,P14030,P124,P01,0
2025,P02,P14030,P124,P02,0
2025,P02,P14030,P126,P01,0
2025,P02,P14030,P126,P02,0
2025,P02,P14031,P119,P01,0
2025,P02,P14031,P119,P02,0
2025,P02,P14031,P124,P01,0
2025,P02,P14031,P124,P02,0
2025,P02,P14031,P126,P01,0
2025,P02,P14031,P126,P02,0
2025,P02,P14032,P119,P01,0
2025,P02,P14032,P119,P02,0
2025,P02,P14032,P124,P01,0
2025,P02,P14032,P124,P02,0
2025,P02,P14032,P126,P01,0
2025,P02,P14032,P126,P02,0
2025,P02,P14033,P119,P01,4
2025,P02,P14033,P119,P02,0
2025,P02,P14033,P124,P01,0
2025,P02,P14033,P124,P02,0
2025,P02,P14033,P126,P01,0
2025,P02,P14033,P126,P02,0
2025,P02,P14034,P119,P01,0
2025,P02,P14034,P119,P02,0
2025,P02,P14034,P124,P01,0
2025,P02,P14034,P124,P02,0
2025,P02,P14034,P126,P01,0
2025,P02,P14034,P126,P02,0
2025,P02,P14035,P119,P01,48
2025,P02,P14035,P119,P02,0
2025,P02,P14035,P124,P01,0
2025,P02,P14035,P124,P02,0
2025,P02,P14035,P126,P01,0
2025,P02,P14035,P126,P02,0
2025,P02,P14036,P119,P01,0
2025,P02,P14036,P119,P02,0
2025,P02,P14036,P124,P01,0
2025,P02,P14036,P124,P02,0
2025,P02,P14036,P126,P01,0
2025,P02,P14036,P126,P02,0
2025,P02,P14037,P119,P01,4
2025,P02,P14037,P119,P02,0
2025,P02,P14037,P124,P01,0
2025,P02,P14037,P124,P02,0
2025,P02,P14037,P126,P01,0
2025,P02,P14037,P126,P02,0
2025,P02,P14038,P119,P01,0
2025,P02,P14038,P119,P02,0
2025,P02,P14038,P124,P01,0
2025,P02,P14038,P124,P02,0
2025,P02,P14038,P126,P01,0
2025,P02,P14038,P126,P02,0
2025,P02,P14039,P119,P01,968
2025,P02,P14039,P119,P02,0
2025,P02,P14039,P124,P01,2
2025,P02,P14039,P124,P02,0
2025,P02,P14039,P126,P01,9
2025,P02,P14039,P126,P02,0
2025,P02,P14040,P119,P01,7
2025,P02,P14040,P119,P02,0
2025,P02,P14040,P124,P01,0
2025,P02,P14040,P124,P02,0
2025,P02,P14040,P126,P01,0
2025,P02,P14040,P126,P02,0
2025,P02,P14041,P119,P01,6
2025,P02,P14041,P119,P02,0
2025,P02,P14041,P124,P01,0
2025,P02,P14041,P124,P02,0
2025,P02,P14041,P126,P01,0
2025,P02,P14041,P126,P02,0
2025,P02,P14042,P119,P01,0
2025,P02,P14042,P119,P02,0
2025,P02,P14042,P124,P01,0
2025,P02,P14042,P124,P02,0
2025,P02,P14042,P126,P01,0
2025,P02,P14042,P126,P02,0
2025,P02,P14043,P119,P01,1
2025,P02,P14043,P119,P02,0
2025,P02,P14043,P124,P01,0
2025,P02,P14043,P124,P02,0
2025,P02,P14043,P126,P01,0
2025,P02,P14043,P126,P02,0
2025,P02,P14044,P119,P01,19
2025,P02,P14044,P119,P02,0
2025,P02,P14044,P124,P01,0
2025,P02,P14044,P124,P02,0
2025,P02,P14044,P126,P01,0
2025,P02,P14044,P126,P02,0
2025,P02,P14045,P119,P01,2
2025,P02,P14045,P119,P02,0
2025,P02,P14045,P124,P01,0
2025,P02,P14045,P124,P02,0
2025,P02,P14045,P126,P01,0
2025,P02,P14045,P126,P02,0
2025,P02,P14046,P119,P01,6
2025,P02,P14046,P119,P02,0
2025,P02,P14046,P124,P01,0
2025,P02,P14046,P124,P02,0
2025,P02,P14046,P126,P01,0
2025,P02,P14046,P126,P02,0
2025,P02,P14047,P119,P01,5
2025,P02,P14047,P119,P02,0
2025,P02,P14047,P124,P01,0
2025,P02,P14047,P124,P02,0
2025,P02,P14047,P126,P01,0
2025,P02,P14047,P126,P02,0
2025,P02,P14048,P119,P01,19
2025,P02,P14048,P119,P02,0
2025,P02,P14048,P124,P01,0
2025,P02,P14048,P124,P02,0
2025,P02,P14048,P126,P01,0
2025,P02,P14048,P126,P02,0
2025,P02,P14049,P119,P01,1
2025,P02,P14049,P119,P02,0
2025,P02,P14049,P124,P01,0
2025,P02,P14049,P124,P02,0
2025,P02,P14049,P126,P01,0
2025,P02,P14049,P126,P02,0
2025,P02,P14050,P119,P01,20
2025,P02,P14050,P119,P02,0
2025,P02,P14050,P124,P01,0
2025,P02,P14050,P124,P02,0
2025,P02,P14050,P126,P01,0
2025,P02,P14050,P126,P02,0
2025,P02,P14051,P119,P01,5
2025,P02,P14051,P119,P02,0
2025,P02,P14051,P124,P01,0
2025,P02,P14051,P124,P02,0
2025,P02,P14051,P126,P01,0
2025,P02,P14051,P126,P02,0
2025,P02,P14052,P119,P01,0
2025,P02,P14052,P119,P02,0
2025,P02,P14052,P124,P01,0
2025,P02,P14052,P124,P02,0
2025,P02,P14052,P126,P01,0
2025,P02,P14052,P126,P02,0
2025,P02,P14053,P119,P01,64
2025,P02,P14053,P119,P02,0
2025,P02,P14053,P124,P01,0
2025,P02,P14053,P124,P02,0
2025,P02,P14053,P126,P01,1
2025,P02,P14053,P126,P02,0
2025,P02,P14054,P119,P01,0
2025,P02,P14054,P119,P02,0
2025,P02,P14054,P124,P01,0
2025,P02,P14054,P124,P02,0
2025,P02,P14054,P126,P01,0
2025,P02,P14054,P126,P02,0
2025,P02,P14055,P119,P01,0
2025,P02,P14055,P119,P02,0
2025,P02,P14055,P124,P01,0
2025,P02,P14055,P124,P02,0
2025,P02,P14055,P126,P01,0
2025,P02,P14055,P126,P02,0
2025,P02,P14056,P119,P01,0
2025,P02,P14056,P119,P02,0
2025,P02,P14056,P124,P01,0
2025,P02,P14056,P124,P02,0
2025,P02,P14056,P126,P01,0
2025,P02,P14056,P126,P02,0
2025,P02,P14057,P119,P01,2
2025,P02,P14057,P119,P02,0
2025,P02,P14057,P124,P01,0
2025,P02,P14057,P124,P02,0
2025,P02,P14057,P126,P01,0
2025,P02,P14057,P126,P02,0
2025,P02,P14058,P119,P01,0
2025,P02,P14058,P119,P02,0
2025,P02,P14058,P124,P01,0
2025,P02,P14058,P124,P02,0
2025,P02,P14058,P126,P01,0
2025,P02,P14058,P126,P02,0
2025,P02,P14059,P119,P01,4
2025,P02,P14059,P119,P02,0
2025,P02,P14059,P124,P01,0
2025,P02,P14059,P124,P02,0
2025,P02,P14059,P126,P01,0
2025,P02,P14059,P126,P02,0
2025,P02,P14060,P119,P01,0
2025,P02,P14060,P119,P02,0
2025,P02,P14060,P124,P01,0
2025,P02,P14060,P124,P02,0
2025,P02,P14060,P126,P01,0
2025,P02,P14060,P126,P02,0
2025,P02,P14061,P119,P01,15
2025,P02,P14061,P119,P02,0
2025,P02,P14061,P124,P01,0
2025,P02,P14061,P124,P02,0
2025,P02,P14061,P126,P01,0
2025,P02,P14061,P126,P02,0
2025,P02,P14062,P119,P01,0
2025,P02,P14062,P119,P02,0
2025,P02,P14062,P124,P01,0
2025,P02,P14062,P124,P02,0
2025,P02,P14062,P126,P01,0
2025,P02,P14062,P126,P02,0
2025,P02,P14063,P119,P01,10
2025,P02,P14063,P119,P02,0
2025,P02,P14063,P124,P01,0
2025,P02,P14063,P124,P02,0
2025,P02,P14063,P126,P01,0
2025,P02,P14063,P126,P02,0
2025,P02,P14064,P119,P01,67
2025,P02,P14064,P119,P02,0
2025,P02,P14064,P124,P01,0
2025,P02,P14064,P124,P02,0
2025,P02,P14064,P126,P01,1
2025,P02,P14064,P126,P02,0
2025,P02,P14065,P119,P01,1
2025,P02,P14065,P119,P02,0
2025,P02,P14065,P124,P01,0
2025,P02,P14065,P124,P02,0
2025,P02,P14065,P126,P01,0
2025,P02,P14065,P126,P02,0
2025,P02,P14066,P119,P01,8
2025,P02,P14066,P119,P02,0
2025,P02,P14066,P124,P01,0
2025,P02,P14066,P124,P02,0
2025,P02,P14066,P126,P01,0
2025,P02,P14066,P126,P02,0
2025,P02,P14067,P119,P01,50
2025,P02,P14067,P119,P02,0
2025,P02,P14067,P124,P01,0
2025,P02,P14067,P124,P02,0
2025,P02,P14067,P126,P01,0
2025,P02,P14067,P126,P02,0
2025,P02,P14068,P119,P01,0
2025,P02,P14068,P119,P02,0
2025,P02,P14068,P124,P01,0
2025,P02,P14068,P124,P02,0
2025,P02,P14068,P126,P01,0
2025,P02,P14068,P126,P02,0
2025,P02,P14069,P119,P01,0
2025,P02,P14069,P119,P02,0
2025,P02,P14069,P124,P01,0
2025,P02,P14069,P124,P02,0
2025,P02,P14069,P126,P01,0
2025,P02,P14069,P126,P02,0
2025,P02,P14070,P119,P01,101
2025,P02,P14070,P119,P02,0
2025,P02,P14070,P124,P01,0
2025,P02,P14070,P124,P02,0
2025,P02,P14070,P126,P01,1
2025,P02,P14070,P126,P02,0
2025,P02,P14071,P119,P01,12
2025,P02,P14071,P119,P02,0
2025,P02,P14071,P124,P01,0
2025,P02,P14071,P124,P02,0
2025,P02,P14071,P126,P01,0
2025,P02,P14071,P126,P02,0
2025,P02,P14072,P119,P01,2
2025,P02,P14072,P119,P02,0
2025,P02,P14072,P124,P01,0
2025,P02,P14072,P124,P02,0
2025,P02,P14072,P126,P01,0
2025,P02,P14072,P126,P02,0
2025,P02,P14073,P119,P01,22
2025,P02,P14073,P119,P02,0
2025,P02,P14073,P124,P01,0
2025,P02,P14073,P124,P02,0
2025,P02,P14073,P126,P01,0
2025,P02,P14073,P126,P02,0
2025,P02,P14074,P119,P01,0
2025,P02,P14074,P119,P02,0
2025,P02,P14074,P124,P01,0
2025,P02,P14074,P124,P02,0
2025,P02,P14074,P126,P01,0
2025,P02,P14074,P126,P02,0
2025,P02,P14075,P119,P01,28
2025,P02,P14075,P119,P02,0
2025,P02,P14075,P124,P01,0
2025,P02,P14075,P124,P02,0
2025,P02,P14075,P126,P01,0
2025,P02,P14075,P126,P02,0
2025,P02,P14076,P119,P01,2
2025,P02,P14076,P119,P02,0
2025,P02,P14076,P124,P01,0
2025,P02,P14076,P124,P02,0
2025,P02,P14076,P126,P01,0
2025,P02,P14076,P126,P02,0
2025,P02,P14077,P119,P01,0
2025,P02,P14077,P119,P02,0
2025,P02,P14077,P124,P01,0
2025,P02,P14077,P124,P02,0
2025,P02,P14077,P126,P01,0
2025,P02,P14077,P126,P02,0
2025,P02,P14078,P119,P01,8
2025,P02,P14078,P119,P02,0
2025,P02,P14078,P124,P01,0
2025,P02,P14078,P124,P02,0
2025,P02,P14078,P126,P01,0
2025,P02,P14078,P126,P02,0
2025,P02,P14079,P119,P01,0
2025,P02,P14079,P119,P02,0
2025,P02,P14079,P124,P01,0
2025,P02,P14079,P124,P02,0
2025,P02,P14079,P126,P01,0
2025,P02,P14079,P126,P02,0
2025,P02,P14080,P119,P01,1
2025,P02,P14080,P119,P02,0
2025,P02,P14080,P124,P01,0
2025,P02,P14080,P124,P02,0
2025,P02,P14080,P126,P01,0
2025,P02,P14080,P126,P02,0
2025,P02,P14081,P119,P01,0
2025,P02,P14081,P119,P02,0
2025,P02,P14081,P124,P01,0
2025,P02,P14081,P124,P02,0
2025,P02,P14081,P126,P01,0
2025,P02,P14081,P126,P02,0
2025,P02,P14082,P119,P01,9
2025,P02,P14082,P119,P02,0
2025,P02,P14082,P124,P01,0
2025,P02,P14082,P124,P02,0
2025,P02,P14082,P126,P01,0
2025,P02,P14082,P126,P02,0
2025,P02,P14083,P119,P01,27
2025,P02,P14083,P119,P02,0
2025,P02,P14083,P124,P01,0
2025,P02,P14083,P124,P02,0
2025,P02,P14083,P126,P01,0
2025,P02,P14083,P126,P02,0
2025,P02,P14084,P119,P01,0
2025,P02,P14084,P119,P02,0
2025,P02,P14084,P124,P01,0
2025,P02,P14084,P124,P02,0
2025,P02,P14084,P126,P01,0
2025,P02,P14084,P126,P02,0
2025,P02,P14085,P119,P01,0
2025,P02,P14085,P119,P02,0
2025,P02,P14085,P124,P01,0
2025,P02,P14085,P124,P02,0
2025,P02,P14085,P126,P01,0
2025,P02,P14085,P126,P02,0
2025,P02,P14086,P119,P01,7
2025,P02,P14086,P119,P02,0
2025,P02,P14086,P124,P01,0
2025,P02,P14086,P124,P02,0
2025,P02,P14086,P126,P01,0
2025,P02,P14086,P126,P02,0
2025,P02,P14087,P119,P01,0
2025,P02,P14087,P119,P02,0
2025,P02,P14087,P124,P01,0
2025,P02,P14087,P124,P02,0
2025,P02,P14087,P126,P01,0
2025,P02,P14087,P126,P02,0
2025,P02,P14088,P119,P01,1
2025,P02,P14088,P119,P02,0
2025,P02,P14088,P124,P01,0
2025,P02,P14088,P124,P02,0
2025,P02,P14088,P126,P01,0
2025,P02,P14088,P126,P02,0
2025,P02,P14089,P119,P01,0
2025,P02,P14089,P119,P02,0
2025,P02,P14089,P124,P01,0
2025,P02,P14089,P124,P02,0
2025,P02,P14089,P126,P01,0
2025,P02,P14089,P126,P02,0
2025,P02,P14090,P119,P01,1
2025,P02,P14090,P119,P02,0
2025,P02,P14090,P124,P01,0
2025,P02,P14090,P124,P02,0
2025,P02,P14090,P126,P01,0
2025,P02,P14090,P126,P02,0
2025,P02,P14091,P119,P01,1
2025,P02,P14091,P119,P02,0
2025,P02,P14091,P124,P01,0
2025,P02,P14091,P124,P02,0
2025,P02,P14091,P126,P01,0
2025,P02,P14091,P126,P02,0
2025,P02,P14092,P119,P01,0
2025,P02,P14092,P119,P02,0
2025,P02,P14092,P124,P01,0
2025,P02,P14092,P124,P02,0
2025,P02,P14092,P126,P01,0
2025,P02,P14092,P126,P02,0
2025,P02,P14093,P119,P01,38
2025,P02,P14093,P119,P02,0
2025,P02,P14093,P124,P01,0
2025,P02,P14093,P124,P02,0
2025,P02,P14093,P126,P01,0
2025,P02,P14093,P126,P02,0
2025,P02,P14094,P119,P01,0
2025,P02,P14094,P119,P02,0
2025,P02,P14094,P124,P01,0
2025,P02,P14094,P124,P02,0
2025,P02,P14094,P126,P01,0
2025,P02,P14094,P126,P02,0
2025,P02,P14095,P119,P01,0
2025,P02,P14095,P119,P02,0
2025,P02,P14095,P124,P01,0
2025,P02,P14095,P124,P02,0
2025,P02,P14095,P126,P01,0
2025,P02,P14095,P126,P02,0
2025,P02,P14096,P119,P01,3
2025,P02,P14096,P119,P02,0
2025,P02,P14096,P124,P01,0
2025,P02,P14096,P124,P02,0
2025,P02,P14096,P126,P01,0
2025,P02,P14096,P126,P02,0
2025,P02,P14097,P119,P01,428
2025,P02,P14097,P119,P02,0
2025,P02,P14097,P124,P01,1
2025,P02,P14097,P124,P02,0
2025,P02,P14097,P126,P01,4
2025,P02,P14097,P126,P02,0
2025,P02,P14098,P119,P01,369
2025,P02,P14098,P119,P02,0
2025,P02,P14098,P124,P01,1
2025,P02,P14098,P124,P02,0
2025,P02,P14098,P126,P01,3
2025,P02,P14098,P126,P02,0
2025,P02,P14099,P119,P01,0
2025,P02,P14099,P119,P02,0
2025,P02,P14099,P124,P01,0
2025,P02,P14099,P124,P02,0
2025,P02,P14099,P126,P01,0
2025,P02,P14099,P126,P02,0
2025,P02,P14100,P119,P01,0
2025,P02,P14100,P119,P02,0
2025,P02,P14100,P124,P01,0
2025,P02,P14100,P124,P02,0
2025,P02,P14100,P126,P01,0
2025,P02,P14100,P126,P02,0
2025,P02,P14101,P119,P01,198
2025,P02,P14101,P119,P02,0
2025,P02,P14101,P124,P01,0
2025,P02,P14101,P124,P02,0
2025,P02,P14101,P126,P01,2
2025,P02,P14101,P126,P02,0
2025,P02,P14102,P119,P01,12
2025,P02,P14102,P119,P02,0
2025,P02,P14102,P124,P01,0
2025,P02,P14102,P124,P02,0
2025,P02,P14102,P126,P01,0
2025,P02,P14102,P126,P02,0
2025,P02,P14103,P119,P01,3
2025,P02,P14103,P119,P02,0
2025,P02,P14103,P124,P01,0
2025,P02,P14103,P124,P02,0
2025,P02,P14103,P126,P01,0
2025,P02,P14103,P126,P02,0
2025,P02,P14104,P119,P01,0
2025,P02,P14104,P119,P02,0
2025,P02,P14104,P124,P01,0
2025,P02,P14104,P124,P02,0
2025,P02,P14104,P126,P01,0
2025,P02,P14104,P126,P02,0
2025,P02,P14105,P119,P01,8
2025,P02,P14105,P119,P02,0
2025,P02,P14105,P124,P01,0
2025,P02,P14105,P124,P02,0
2025,P02,P14105,P126,P01,0
2025,P02,P14105,P126,P02,0
2025,P02,P14106,P119,P01,0
2025,P02,P14106,P119,P02,0
2025,P02,P14106,P124,P01,0
2025,P02,P14106,P124,P02,0
2025,P02,P14106,P126,P01,0
2025,P02,P14106,P126,P02,0
2025,P02,P14107,P119,P01,8
2025,P02,P14107,P119,P02,0
2025,P02,P14107,P124,P01,0
2025,P02,P14107,P124,P02,0
2025,P02,P14107,P126,P01,0
2025,P02,P14107,P126,P02,0
2025,P02,P14108,P119,P01,0
2025,P02,P14108,P119,P02,0
2025,P02,P14108,P124,P01,0
2025,P02,P14108,P124,P02,0
2025,P02,P14108,P126,P01,0
2025,P02,P14108,P126,P02,0
2025,P02,P14109,P119,P01,9
2025,P02,P14109,P119,P02,0
2025,P02,P14109,P124,P01,0
2025,P02,P14109,P124,P02,0
2025,P02,P14109,P126,P01,0
2025,P02,P14109,P126,P02,0
2025,P02,P14110,P119,P01,0
2025,P02,P14110,P119,P02,0
2025,P02,P14110,P124,P01,0
2025,P02,P14110,P124,P02,0
2025,P02,P14110,P126,P01,0
2025,P02,P14110,P126,P02,0
2025,P02,P14111,P119,P01,2
2025,P02,P14111,P119,P02,0
2025,P02,P14111,P124,P01,0
2025,P02,P14111,P124,P02,0
2025,P02,P14111,P126,P01,0
2025,P02,P14111,P126,P02,0
2025,P02,P14112,P119,P01,14
2025,P02,P14112,P119,P02,0
2025,P02,P14112,P124,P01,0
2025,P02,P14112,P124,P02,0
2025,P02,P14112,P126,P01,0
2025,P02,P14112,P126,P02,0
2025,P02,P14113,P119,P01,6
2025,P02,P14113,P119,P02,0
2025,P02,P14113,P124,P01,0
2025,P02,P14113,P124,P02,0
2025,P02,P14113,P126,P01,0
2025,P02,P14113,P126,P02,0
2025,P02,P14114,P119,P01,5
2025,P02,P14114,P119,P02,0
2025,P02,P14114,P124,P01,0
2025,P02,P14114,P124,P02,0
2025,P02,P14114,P126,P01,0
2025,P02,P14114,P126,P02,0
2025,P02,P14115,P119,P01,0
2025,P02,P14115,P119,P02,0
2025,P02,P14115,P124,P01,0
2025,P02,P14115,P124,P02,0
2025,P02,P14115,P126,P01,0
2025,P02,P14115,P126,P02,0
2025,P02,P14116,P119,P01,0
2025,P02,P14116,P119,P02,0
2025,P02,P14116,P124,P01,0
2025,P02,P14116,P124,P02,0
2025,P02,P14116,P126,P01,0
2025,P02,P14116,P126,P02,0
2025,P02,P14117,P119,P01,2
2025,P02,P14117,P119,P02,0
2025,P02,P14117,P124,P01,0
2025,P02,P14117,P124,P02,0
2025,P02,P14117,P126,P01,0
2025,P02,P14117,P126,P02,0
2025,P02,P14118,P119,P01,1
2025,P02,P14118,P119,P02,0
2025,P02,P14118,P124,P01,0
2025,P02,P14118,P124,P02,0
2025,P02,P14118,P126,P01,0
2025,P02,P14118,P126,P02,0
2025,P02,P14119,P119,P01,12
2025,P02,P14119,P119,P02,0
2025,P02,P14119,P124,P01,0
2025,P02,P14119,P124,P02,0
2025,P02,P14119,P126,P01,0
2025,P02,P14119,P126,P02,0
2025,P02,P14120,P119,P01,801
2025,P02,P14120,P119,P02,0
2025,P02,P14120,P124,P01,1
2025,P02,P14120,P124,P02,0
2025,P02,P14120,P126,P01,8
2025,P02,P14120,P126,P02,0
2025,P02,P14121,P119,P01,11
2025,P02,P14121,P119,P02,0
2025,P02,P14121,P124,P01,0
2025,P02,P14121,P124,P02,0
2025,P02,P14121,P126,P01,0
2025,P02,P14121,P126,P02,0
2025,P02,P14122,P119,P01,1
2025,P02,P14122,P119,P02,0
2025,P02,P14122,P124,P01,0
2025,P02,P14122,P124,P02,0
2025,P02,P14122,P126,P01,0
2025,P02,P14122,P126,P02,0
2025,P02,P14123,P119,P01,0
2025,P02,P14123,P119,P02,0
2025,P02,P14123,P124,P01,0
2025,P02,P14123,P124,P02,0
2025,P02,P14123,P126,P01,0
2025,P02,P14123,P126,P02,0
2025,P02,P14124,P119,P01,32
2025,P02,P14124,P119,P02,0
2025,P02,P14124,P124,P01,0
2025,P02,P14124,P124,P02,0
2025,P02,P14124,P126,P01,0
2025,P02,P14124,P126,P02,0
2025,P02,P14125,P119,P01,8
2025,P02,P14125,P119,P02,0
2025,P02,P14125,P124,P01,0
2025,P02,P14125,P124,P02,0
2025,P02,P14125,P126,P01,0
2025,P02,P14125,P126,P02,0
2025,P02,P15001,P119,P01,5
2025,P02,P15001,P119,P02,0
2025,P02,P15001,P124,P01,0
2025,P02,P15001,P124,P02,0
2025,P02,P15001,P126,P01,0
2025,P02,P15001,P126,P02,0
2025,P02,P15002,P119,P01,50
2025,P02,P15002,P119,P02,0
2025,P02,P15002,P124,P01,0
2025,P02,P15002,P124,P02,0
2025,P02,P15002,P126,P01,0
2025,P02,P15002,P126,P02,0
2025,P02,P15003,P119,P01,26
2025,P02,P15003,P119,P02,0
2025,P02,P15003,P124,P01,0
2025,P02,P15003,P124,P02,0
2025,P02,P15003,P126,P01,0
2025,P02,P15003,P126,P02,0
2025,P02,P15004,P119,P01,0
2025,P02,P15004,P119,P02,0
2025,P02,P15004,P124,P01,0
2025,P02,P15004,P124,P02,0
2025,P02,P15004,P126,P01,0
2025,P02,P15004,P126,P02,0
2025,P02,P15005,P119,P01,49
2025,P02,P15005,P119,P02,0
2025,P02,P15005,P124,P01,0
2025,P02,P15005,P124,P02,0
2025,P02,P15005,P126,P01,0
2025,P02,P15005,P126,P02,0
2025,P02,P15006,P119,P01,7
2025,P02,P15006,P119,P02,0
2025,P02,P15006,P124,P01,0
2025,P02,P15006,P124,P02,0
2025,P02,P15006,P126,P01,0
2025,P02,P15006,P126,P02,0
2025,P02,P15007,P119,P01,9
2025,P02,P15007,P119,P02,0
2025,P02,P15007,P124,P01,0
2025,P02,P15007,P124,P02,0
2025,P02,P15007,P126,P01,0
2025,P02,P15007,P126,P02,0
2025,P02,P15008,P119,P01,0
2025,P02,P15008,P119,P02,0
2025,P02,P15008,P124,P01,0
2025,P02,P15008,P124,P02,0
2025,P02,P15008,P126,P01,0
2025,P02,P15008,P126,P02,0
2025,P02,P15009,P119,P01,6
2025,P02,P15009,P119,P02,0
2025,P02,P15009,P124,P01,0
2025,P02,P15009,P124,P02,0
2025,P02,P15009,P126,P01,0
2025,P02,P15009,P126,P02,0
2025,P02,P15010,P119,P01,13
2025,P02,P15010,P119,P02,0
2025,P02,P15010,P124,P01,0
2025,P02,P15010,P124,P02,0
2025,P02,P15010,P126,P01,0
2025,P02,P15010,P126,P02,0
2025,P02,P15011,P119,P01,16
2025,P02,P15011,P119,P02,0
2025,P02,P15011,P124,P01,0
2025,P02,P15011,P124,P02,0
2025,P02,P15011,P126,P01,0
2025,P02,P15011,P126,P02,0
2025,P02,P15012,P119,P01,0
2025,P02,P15012,P119,P02,0
2025,P02,P15012,P124,P01,0
2025,P02,P15012,P124,P02,0
2025,P02,P15012,P126,P01,0
2025,P02,P15012,P126,P02,0
2025,P02,P15013,P119,P01,172
2025,P02,P15013,P119,P02,0
2025,P02,P15013,P124,P01,0
2025,P02,P15013,P124,P02,0
2025,P02,P15013,P126,P01,2
2025,P02,P15013,P126,P02,0
2025,P02,P15014,P119,P01,16
2025,P02,P15014,P119,P02,0
2025,P02,P15014,P124,P01,0
2025,P02,P15014,P124,P02,0
2025,P02,P15014,P126,P01,0
2025,P02,P15014,P126,P02,0
2025,P02,P15015,P119,P01,1
2025,P02,P15015,P119,P02,0
2025,P02,P15015,P124,P01,0
2025,P02,P15015,P124,P02,0
2025,P02,P15015,P126,P01,0
2025,P02,P15015,P126,P02,0
2025,P02,P15016,P119,P01,23
2025,P02,P15016,P119,P02,0
2025,P02,P15016,P124,P01,0
2025,P02,P15016,P124,P02,0
2025,P02,P15016,P126,P01,0
2025,P02,P15016,P126,P02,0
2025,P02,P15017,P119,P01,2
2025,P02,P15017,P119,P02,0
2025,P02,P15017,P124,P01,0
2025,P02,P15017,P124,P02,0
2025,P02,P15017,P126,P01,0
2025,P02,P15017,P126,P02,0
2025,P02,P15018,P119,P01,7
2025,P02,P15018,P119,P02,0
2025,P02,P15018,P124,P01,0
2025,P02,P15018,P124,P02,0
2025,P02,P15018,P126,P01,0
2025,P02,P15018,P126,P02,0
2025,P02,P15019,P119,P01,8
2025,P02,P15019,P119,P02,0
2025,P02,P15019,P124,P01,0
2025,P02,P15019,P124,P02,0
2025,P02,P15019,P126,P01,0
2025,P02,P15019,P126,P02,0
2025,P02,P15020,P119,P01,57
2025,P02,P15020,P119,P02,0
2025,P02,P15020,P124,P01,0
2025,P02,P15020,P124,P02,0
2025,P02,P15020,P126,P01,1
2025,P02,P15020,P126,P02,0
2025,P02,P15021,P119,P01,1
2025,P02,P15021,P119,P02,0
2025,P02,P15021,P124,P01,0
2025,P02,P15021,P124,P02,0
2025,P02,P15021,P126,P01,0
2025,P02,P15021,P126,P02,0
2025,P02,P15022,P119,P01,50
2025,P02,P15022,P119,P02,0
2025,P02,P15022,P124,P01,0
2025,P02,P15022,P124,P02,0
2025,P02,P15022,P126,P01,0
2025,P02,P15022,P126,P02,0
2025,P02,P15023,P119,P01,0
2025,P02,P15023,P119,P02,0
2025,P02,P15023,P124,P01,0
2025,P02,P15023,P124,P02,0
2025,P02,P15023,P126,P01,0
2025,P02,P15023,P126,P02,0
2025,P02,P15024,P119,P01,77
2025,P02,P15024,P119,P02,0
2025,P02,P15024,P124,P01,0
2025,P02,P15024,P124,P02,0
2025,P02,P15024,P126,P01,1
2025,P02,P15024,P126,P02,0
2025,P02,P15025,P119,P01,132
2025,P02,P15025,P119,P02,0
2025,P02,P15025,P124,P01,0
2025,P02,P15025,P124,P02,0
2025,P02,P15025,P126,P01,1
2025,P02,P15025,P126,P02,0
2025,P02,P15026,P119,P01,13
2025,P02,P15026,P119,P02,0
2025,P02,P15026,P124,P01,0
2025,P02,P15026,P124,P02,0
2025,P02,P15026,P126,P01,0
2025,P02,P15026,P126,P02,0
2025,P02,P15027,P119,P01,2
2025,P02,P15027,P119,P02,0
2025,P02,P15027,P124,P01,0
2025,P02,P15027,P124,P02,0
2025,P02,P15027,P126,P01,0
2025,P02,P15027,P126,P02,0
2025,P02,P15028,P119,P01,0
2025,P02,P15028,P119,P02,0
2025,P02,P15028,P124,P01,0
2025,P02,P15028,P124,P02,0
2025,P02,P15028,P126,P01,0
2025,P02,P15028,P126,P02,0
2025,P02,P15029,P119,P01,52
2025,P02,P15029,P119,P02,0
2025,P02,P15029,P124,P01,0
2025,P02,P15029,P124,P02,0
2025,P02,P15029,P126,P01,0
2025,P02,P15029,P126,P02,0
2025,P02,P15030,P119,P01,5
2025,P02,P15030,P119,P02,0
2025,P02,P15030,P124,P01,0
2025,P02,P15030,P124,P02,0
2025,P02,P15030,P126,P01,0
2025,P02,P15030,P126,P02,0
2025,P02,P15031,P119,P01,119
2025,P02,P15031,P119,P02,0
2025,P02,P15031,P124,P01,0
2025,P02,P15031,P124,P02,0
2025,P02,P15031,P126,P01,1
2025,P02,P15031,P126,P02,0
2025,P02,P15032,P119,P01,0
2025,P02,P15032,P119,P02,0
2025,P02,P15032,P124,P01,0
2025,P02,P15032,P124,P02,0
2025,P02,P15032,P126,P01,0
2025,P02,P15032,P126,P02,0
2025,P02,P15033,P119,P01,595
2025,P02,P15033,P119,P02,0
2025,P02,P15033,P124,P01,1
2025,P02,P15033,P124,P02,0
2025,P02,P15033,P126,P01,6
2025,P02,P15033,P126,P02,0
2025,P02,P15034,P119,P01,0
2025,P02,P15034,P119,P02,0
2025,P02,P15034,P124,P01,0
2025,P02,P15034,P124,P02,0
2025,P02,P15034,P126,P01,0
2025,P02,P15034,P126,P02,0
2025,P02,P15035,P119,P01,22
2025,P02,P15035,P119,P02,0
2025,P02,P15035,P124,P01,0
2025,P02,P15035,P124,P02,0
2025,P02,P15035,P126,P01,0
2025,P02,P15035,P126,P02,0
2025,P02,P15036,P119,P01,271
2025,P02,P15036,P119,P02,0
2025,P02,P15036,P124,P01,0
2025,P02,P15036,P124,P02,0
2025,P02,P15036,P126,P01,3
2025,P02,P15036,P126,P02,0
2025,P02,P15037,P119,P01,101
2025,P02,P15037,P119,P02,0
2025,P02,P15037,P124,P01,0
2025,P02,P15037,P124,P02,0
2025,P02,P15037,P126,P01,1
2025,P02,P15037,P126,P02,0
2025,P02,P15038,P119,P01,1
2025,P02,P15038,P119,P02,0
2025,P02,P15038,P124,P01,0
2025,P02,P15038,P124,P02,0
2025,P02,P15038,P126,P01,0
2025,P02,P15038,P126,P02,0
2025,P02,P15039,P119,P01,257
2025,P02,P15039,P119,P02,0
2025,P02,P15039,P124,P01,0
2025,P02,P15039,P124,P02,0
2025,P02,P15039,P126,P01,2
2025,P02,P15039,P126,P02,0
2025,P02,P15040,P119,P01,5
2025,P02,P15040,P119,P02,0
2025,P02,P15040,P124,P01,0
2025,P02,P15040,P124,P02,0
2025,P02,P15040,P126,P01,0
2025,P02,P15040,P126,P02,0
2025,P02,P15041,P119,P01,0
2025,P02,P15041,P119,P02,0
2025,P02,P15041,P124,P01,0
2025,P02,P15041,P124,P02,0
2025,P02,P15041,P126,P01,0
2025,P02,P15041,P126,P02,0
2025,P02,P15042,P119,P01,18
2025,P02,P15042,P119,P02,0
2025,P02,P15042,P124,P01,0
2025,P02,P15042,P124,P02,0
2025,P02,P15042,P126,P01,0
2025,P02,P15042,P126,P02,0
2025,P02,P15043,P119,P01,2
2025,P02,P15043,P119,P02,0
2025,P02,P15043,P124,P01,0
2025,P02,P15043,P124,P02,0
2025,P02,P15043,P126,P01,0
2025,P02,P15043,P126,P02,0
2025,P02,P15044,P119,P01,4
2025,P02,P15044,P119,P02,0
2025,P02,P15044,P124,P01,0
2025,P02,P15044,P124,P02,0
2025,P02,P15044,P126,P01,0
2025,P02,P15044,P126,P02,0
2025,P02,P15045,P119,P01,0
2025,P02,P15045,P119,P02,0
2025,P02,P15045,P124,P01,0
2025,P02,P15045,P124,P02,0
2025,P02,P15045,P126,P01,0
2025,P02,P15045,P126,P02,0
2025,P02,P15046,P119,P01,2
2025,P02,P15046,P119,P02,0
2025,P02,P15046,P124,P01,0
2025,P02,P15046,P124,P02,0
2025,P02,P15046,P126,P01,0
2025,P02,P15046,P126,P02,0
2025,P02,P15047,P119,P01,5
2025,P02,P15047,P119,P02,0
2025,P02,P15047,P124,P01,0
2025,P02,P15047,P124,P02,0
2025,P02,P15047,P126,P01,0
2025,P02,P15047,P126,P02,0
2025,P02,P15048,P119,P01,10
2025,P02,P15048,P119,P02,0
2025,P02,P15048,P124,P01,0
2025,P02,P15048,P124,P02,0
2025,P02,P15048,P126,P01,0
2025,P02,P15048,P126,P02,0
2025,P02,P15049,P119,P01,4
2025,P02,P15049,P119,P02,0
2025,P02,P15049,P124,P01,0
2025,P02,P15049,P124,P02,0
2025,P02,P15049,P126,P01,0
2025,P02,P15049,P126,P02,0
2025,P02,P15050,P119,P01,5
2025,P02,P15050,P119,P02,0
2025,P02,P15050,P124,P01,0
2025,P02,P15050,P124,P02,0
2025,P02,P15050,P126,P01,0
2025,P02,P15050,P126,P02,0
2025,P02,P15051,P119,P01,28
2025,P02,P15051,P119,P02,0
2025,P02,P15051,P124,P01,0
2025,P02,P15051,P124,P02,0
2025,P02,P15051,P126,P01,0
2025,P02,P15051,P126,P02,0
2025,P02,P15052,P119,P01,7
2025,P02,P15052,P119,P02,0
2025,P02,P15052,P124,P01,0
2025,P02,P15052,P124,P02,0
2025,P02,P15052,P126,P01,0
2025,P02,P15052,P126,P02,0
2025,P02,P15053,P119,P01,0
2025,P02,P15053,P119,P02,0
2025,P02,P15053,P124,P01,0
2025,P02,P15053,P124,P02,0
2025,P02,P15053,P126,P01,0
2025,P02,P15053,P126,P02,0
2025,P02,P15054,P119,P01,60
2025,P02,P15054,P119,P02,0
2025,P02,P15054,P124,P01,0
2025,P02,P15054,P124,P02,0
2025,P02,P15054,P126,P01,1
2025,P02,P15054,P126,P02,0
2025,P02,P15055,P119,P01,1
2025,P02,P15055,P119,P02,0
2025,P02,P15055,P124,P01,0
2025,P02,P15055,P124,P02,0
2025,P02,P15055,P126,P01,0
2025,P02,P15055,P126,P02,0
2025,P02,P15056,P119,P01,0
2025,P02,P15056,P119,P02,0
2025,P02,P15056,P124,P01,0
2025,P02,P15056,P124,P02,0
2025,P02,P15056,P126,P01,0
2025,P02,P15056,P126,P02,0
2025,P02,P15057,P119,P01,421
2025,P02,P15057,P119,P02,0
2025,P02,P15057,P124,P01,1
2025,P02,P15057,P124,P02,0
2025,P02,P15057,P126,P01,4
2025,P02,P15057,P126,P02,0
2025,P02,P15058,P119,P01,235
2025,P02,P15058,P119,P02,0
2025,P02,P15058,P124,P01,0
2025,P02,P15058,P124,P02,0
2025,P02,P15058,P126,P01,2
2025,P02,P15058,P126,P02,0
2025,P02,P15059,P119,P01,21
2025,P02,P15059,P119,P02,0
2025,P02,P15059,P124,P01,0
2025,P02,P15059,P124,P02,0
2025,P02,P15059,P126,P01,0
2025,P02,P15059,P126,P02,0
2025,P02,P15060,P119,P01,72
2025,P02,P15060,P119,P02,0
2025,P02,P15060,P124,P01,0
2025,P02,P15060,P124,P02,0
2025,P02,P15060,P126,P01,1
2025,P02,P15060,P126,P02,0
2025,P02,P15061,P119,P01,37
2025,P02,P15061,P119,P02,0
2025,P02,P15061,P124,P01,0
2025,P02,P15061,P124,P02,0
2025,P02,P15061,P126,P01,0
2025,P02,P15061,P126,P02,0
2025,P02,P15062,P119,P01,8
2025,P02,P15062,P119,P02,0
2025,P02,P15062,P124,P01,0
2025,P02,P15062,P124,P02,0
2025,P02,P15062,P126,P01,0
2025,P02,P15062,P126,P02,0
2025,P02,P15063,P119,P01,3
2025,P02,P15063,P119,P02,0
2025,P02,P15063,P124,P01,0
2025,P02,P15063,P124,P02,0
2025,P02,P15063,P126,P01,0
2025,P02,P15063,P126,P02,0
2025,P02,P15064,P119,P01,1
2025,P02,P15064,P119,P02,0
2025,P02,P15064,P124,P01,0
2025,P02,P15064,P124,P02,0
2025,P02,P15064,P126,P01,0
2025,P02,P15064,P126,P02,0
2025,P02,P15065,P119,P01,29
2025,P02,P15065,P119,P02,0
2025,P02,P15065,P124,P01,0
2025,P02,P15065,P124,P02,0
2025,P02,P15065,P126,P01,0
2025,P02,P15065,P126,P02,0
2025,P02,P15066,P119,P01,0
2025,P02,P15066,P119,P02,0
2025,P02,P15066,P124,P01,0
2025,P02,P15066,P124,P02,0
2025,P02,P15066,P126,P01,0
2025,P02,P15066,P126,P02,0
2025,P02,P15067,P119,P01,17
2025,P02,P15067,P119,P02,0
2025,P02,P15067,P124,P01,0
2025,P02,P15067,P124,P02,0
2025,P02,P15067,P126,P01,0
2025,P02,P15067,P126,P02,0
2025,P02,P15068,P119,P01,10
2025,P02,P15068,P119,P02,0
2025,P02,P15068,P124,P01,0
2025,P02,P15068,P124,P02,0
2025,P02,P15068,P126,P01,0
2025,P02,P15068,P126,P02,0
2025,P02,P15069,P119,P01,4
2025,P02,P15069,P119,P02,0
2025,P02,P15069,P124,P01,0
2025,P02,P15069,P124,P02,0
2025,P02,P15069,P126,P01,0
2025,P02,P15069,P126,P02,0
2025,P02,P15070,P119,P01,56
2025,P02,P15070,P119,P02,0
2025,P02,P15070,P124,P01,0
2025,P02,P15070,P124,P02,0
2025,P02,P15070,P126,P01,1
2025,P02,P15070,P126,P02,0
2025,P02,P15071,P119,P01,29
2025,P02,P15071,P119,P02,0
2025,P02,P15071,P124,P01,0
2025,P02,P15071,P124,P02,0
2025,P02,P15071,P126,P01,0
2025,P02,P15071,P126,P02,0
2025,P02,P15072,P119,P01,0
2025,P02,P15072,P119,P02,0
2025,P02,P15072,P124,P01,0
2025,P02,P15072,P124,P02,0
2025,P02,P15072,P126,P01,0
2025,P02,P15072,P126,P02,0
2025,P02,P15073,P119,P01,1
2025,P02,P15073,P119,P02,0
2025,P02,P15073,P124,P01,0
2025,P02,P15073,P124,P02,0
2025,P02,P15073,P126,P01,0
2025,P02,P15073,P126,P02,0
2025,P02,P15074,P119,P01,11
2025,P02,P15074,P119,P02,0
2025,P02,P15074,P124,P01,0
2025,P02,P15074,P124,P02,0
2025,P02,P15074,P126,P01,0
2025,P02,P15074,P126,P02,0
2025,P02,P15075,P119,P01,21
2025,P02,P15075,P119,P02,0
2025,P02,P15075,P124,P01,0
2025,P02,P15075,P124,P02,0
2025,P02,P15075,P126,P01,0
2025,P02,P15075,P126,P02,0
2025,P02,P15076,P119,P01,29
2025,P02,P15076,P119,P02,0
2025,P02,P15076,P124,P01,0
2025,P02,P15076,P124,P02,0
2025,P02,P15076,P126,P01,0
2025,P02,P15076,P126,P02,0
2025,P02,P15077,P119,P01,0
2025,P02,P15077,P119,P02,0
2025,P02,P15077,P124,P01,0
2025,P02,P15077,P124,P02,0
2025,P02,P15077,P126,P01,0
2025,P02,P15077,P126,P02,0
2025,P02,P15078,P119,P01,0
2025,P02,P15078,P119,P02,0
2025,P02,P15078,P124,P01,0
2025,P02,P15078,P124,P02,0
2025,P02,P15078,P126,P01,0
2025,P02,P15078,P126,P02,0
2025,P02,P15079,P119,P01,5
2025,P02,P15079,P119,P02,0
2025,P02,P15079,P124,P01,0
2025,P02,P15079,P124,P02,0
2025,P02,P15079,P126,P01,0
2025,P02,P15079,P126,P02,0
2025,P02,P15080,P119,P01,0
2025,P02,P15080,P119,P02,0
2025,P02,P15080,P124,P01,0
2025,P02,P15080,P124,P02,0
2025,P02,P15080,P126,P01,0
2025,P02,P15080,P126,P02,0
2025,P02,P15081,P119,P01,243
2025,P02,P15081,P119,P02,0
2025,P02,P15081,P124,P01,0
2025,P02,P15081,P124,P02,0
2025,P02,P15081,P126,P01,2
2025,P02,P15081,P126,P02,0
2025,P02,P15082,P119,P01,0
2025,P02,P15082,P119,P02,0
2025,P02,P15082,P124,P01,0
2025,P02,P15082,P124,P02,0
2025,P02,P15082,P126,P01,0
2025,P02,P15082,P126,P02,0
2025,P02,P15083,P119,P01,9
2025,P02,P15083,P119,P02,0
2025,P02,P15083,P124,P01,0
2025,P02,P15083,P124,P02,0
2025,P02,P15083,P126,P01,0
2025,P02,P15083,P126,P02,0
2025,P02,P15084,P119,P01,44
2025,P02,P15084,P119,P02,0
2025,P02,P15084,P124,P01,0
2025,P02,P15084,P124,P02,0
2025,P02,P15084,P126,P01,0
2025,P02,P15084,P126,P02,0
2025,P02,P15085,P119,P01,4
2025,P02,P15085,P119,P02,0
2025,P02,P15085,P124,P01,0
2025,P02,P15085,P124,P02,0
2025,P02,P15085,P126,P01,0
2025,P02,P15085,P126,P02,0
2025,P02,P15086,P119,P01,0
2025,P02,P15086,P119,P02,0
2025,P02,P15086,P124,P01,0
2025,P02,P15086,P124,P02,0
2025,P02,P15086,P126,P01,0
2025,P02,P15086,P126,P02,0
2025,P02,P15087,P119,P01,10
2025,P02,P15087,P119,P02,0
2025,P02,P15087,P124,P01,0
2025,P02,P15087,P124,P02,0
2025,P02,P15087,P126,P01,0
2025,P02,P15087,P126,P02,0
2025,P02,P15088,P119,P01,0
2025,P02,P15088,P119,P02,0
2025,P02,P15088,P124,P01,0
2025,P02,P15088,P124,P02,0
2025,P02,P15088,P126,P01,0
2025,P02,P15088,P126,P02,0
2025,P02,P15089,P119,P01,3
2025,P02,P15089,P119,P02,0
2025,P02,P15089,P124,P01,0
2025,P02,P15089,P124,P02,0
2025,P02,P15089,P126,P01,0
2025,P02,P15089,P126,P02,0
2025,P02,P15090,P119,P01,12
2025,P02,P15090,P119,P02,0
2025,P02,P15090,P124,P01,0
2025,P02,P15090,P124,P02,0
2025,P02,P15090,P126,P01,0
2025,P02,P15090,P126,P02,0
2025,P02,P15091,P119,P01,6
2025,P02,P15091,P119,P02,0
2025,P02,P15091,P124,P01,0
2025,P02,P15091,P124,P02,0
2025,P02,P15091,P126,P01,0
2025,P02,P15091,P126,P02,0
2025,P02,P15092,P119,P01,24
2025,P02,P15092,P119,P02,0
2025,P02,P15092,P124,P01,0
2025,P02,P15092,P124,P02,0
2025,P02,P15092,P126,P01,0
2025,P02,P15092,P126,P02,0
2025,P02,P15093,P119,P01,21
2025,P02,P15093,P119,P02,0
2025,P02,P15093,P124,P01,0
2025,P02,P15093,P124,P02,0
2025,P02,P15093,P126,P01,0
2025,P02,P15093,P126,P02,0
2025,P02,P15094,P119,P01,0
2025,P02,P15094,P119,P02,0
2025,P02,P15094,P124,P01,0
2025,P02,P15094,P124,P02,0
2025,P02,P15094,P126,P01,0
2025,P02,P15094,P126,P02,0
2025,P02,P15095,P119,P01,60
2025,P02,P15095,P119,P02,0
2025,P02,P15095,P124,P01,0
2025,P02,P15095,P124,P02,0
2025,P02,P15095,P126,P01,1
2025,P02,P15095,P126,P02,0
2025,P02,P15096,P119,P01,42
2025,P02,P15096,P119,P02,0
2025,P02,P15096,P124,P01,0
2025,P02,P15096,P124,P02,0
2025,P02,P15096,P126,P01,0
2025,P02,P15096,P126,P02,0
2025,P02,P15097,P119,P01,1
2025,P02,P15097,P119,P02,0
2025,P02,P15097,P124,P01,0
2025,P02,P15097,P124,P02,0
2025,P02,P15097,P126,P01,0
2025,P02,P15097,P126,P02,0
2025,P02,P15098,P119,P01,0
2025,P02,P15098,P119,P02,0
2025,P02,P15098,P124,P01,0
2025,P02,P15098,P124,P02,0
2025,P02,P15098,P126,P01,0
2025,P02,P15098,P126,P02,0
2025,P02,P15099,P119,P01,109
2025,P02,P15099,P119,P02,0
2025,P02,P15099,P124,P01,0
2025,P02,P15099,P124,P02,0
2025,P02,P15099,P126,P01,1
2025,P02,P15099,P126,P02,0
2025,P02,P15100,P119,P01,26
2025,P02,P15100,P119,P02,0
2025,P02,P15100,P124,P01,0
2025,P02,P15100,P124,P02,0
2025,P02,P15100,P126,P01,0
2025,P02,P15100,P126,P02,0
2025,P02,P15101,P119,P01,10
2025,P02,P15101,P119,P02,0
2025,P02,P15101,P124,P01,0
2025,P02,P15101,P124,P02,0
2025,P02,P15101,P126,P01,0
2025,P02,P15101,P126,P02,0
2025,P02,P15102,P119,P01,4
2025,P02,P15102,P119,P02,0
2025,P02,P15102,P124,P01,0
2025,P02,P15102,P124,P02,0
2025,P02,P15102,P126,P01,0
2025,P02,P15102,P126,P02,0
2025,P02,P15103,P119,P01,26
2025,P02,P15103,P119,P02,0
2025,P02,P15103,P124,P01,0
2025,P02,P15103,P124,P02,0
2025,P02,P15103,P126,P01,0
2025,P02,P15103,P126,P02,0
2025,P02,P15104,P119,P01,269
2025,P02,P15104,P119,P02,0
2025,P02,P15104,P124,P01,0
2025,P02,P15104,P124,P02,0
2025,P02,P15104,P126,P01,3
2025,P02,P15104,P126,P02,0
2025,P02,P15105,P119,P01,0
2025,P02,P15105,P119,P02,0
2025,P02,P15105,P124,P01,0
2025,P02,P15105,P124,P02,0
2025,P02,P15105,P126,P01,0
2025,P02,P15105,P126,P02,0
2025,P02,P15106,P119,P01,238
2025,P02,P15106,P119,P02,0
2025,P02,P15106,P124,P01,0
2025,P02,P15106,P124,P02,0
2025,P02,P15106,P126,P01,2
2025,P02,P15106,P126,P02,0
2025,P02,P15107,P119,P01,4
2025,P02,P15107,P119,P02,0
2025,P02,P15107,P124,P01,0
2025,P02,P15107,P124,P02,0
2025,P02,P15107,P126,P01,0
2025,P02,P15107,P126,P02,0
2025,P02,P15108,P119,P01,70
2025,P02,P15108,P119,P02,0
2025,P02,P15108,P124,P01,0
2025,P02,P15108,P124,P02,0
2025,P02,P15108,P126,P01,1
2025,P02,P15108,P126,P02,0
2025,P02,P15109,P119,P01,111
2025,P02,P15109,P119,P02,0
2025,P02,P15109,P124,P01,0
2025,P02,P15109,P124,P02,0
2025,P02,P15109,P126,P01,1
2025,P02,P15109,P126,P02,0
2025,P02,P15110,P119,P01,67
2025,P02,P15110,P119,P02,0
2025,P02,P15110,P124,P01,0
2025,P02,P15110,P124,P02,0
2025,P02,P15110,P126,P01,1
2025,P02,P15110,P126,P02,0
2025,P02,P15111,P119,P01,0
2025,P02,P15111,P119,P02,0
2025,P02,P15111,P124,P01,0
2025,P02,P15111,P124,P02,0
2025,P02,P15111,P126,P01,0
2025,P02,P15111,P126,P02,0
2025,P02,P15112,P119,P01,2
2025,P02,P15112,P119,P02,0
2025,P02,P15112,P124,P01,0
2025,P02,P15112,P124,P02,0
2025,P02,P15112,P126,P01,0
2025,P02,P15112,P126,P02,0
2025,P02,P15113,P119,P01,10
2025,P02,P15113,P119,P02,0
2025,P02,P15113,P124,P01,0
2025,P02,P15113,P124,P02,0
2025,P02,P15113,P126,P01,0
2025,P02,P15113,P126,P02,0
2025,P02,P15114,P119,P01,10
2025,P02,P15114,P119,P02,0
2025,P02,P15114,P124,P01,0
2025,P02,P15114,P124,P02,0
2025,P02,P15114,P126,P01,0
2025,P02,P15114,P126,P02,0
2025,P02,P15115,P119,P01,13
2025,P02,P15115,P119,P02,0
2025,P02,P15115,P124,P01,0
2025,P02,P15115,P124,P02,0
2025,P02,P15115,P126,P01,0
2025,P02,P15115,P126,P02,0
2025,P02,P15116,P119,P01,0
2025,P02,P15116,P119,P02,0
2025,P02,P15116,P124,P01,0
2025,P02,P15116,P124,P02,0
2025,P02,P15116,P126,P01,0
2025,P02,P15116,P126,P02,0
2025,P02,P15117,P119,P01,0
2025,P02,P15117,P119,P02,0
2025,P02,P15117,P124,P01,0
2025,P02,P15117,P124,P02,0
2025,P02,P15117,P126,P01,0
2025,P02,P15117,P126,P02,0
2025,P02,P15118,P119,P01,38
2025,P02,P15118,P119,P02,0
2025,P02,P15118,P124,P01,0
2025,P02,P15118,P124,P02,0
2025,P02,P15118,P126,P01,0
2025,P02,P15118,P126,P02,0
2025,P02,P15119,P119,P01,0
2025,P02,P15119,P119,P02,0
2025,P02,P15119,P124,P01,0
2025,P02,P15119,P124,P02,0
2025,P02,P15119,P126,P01,0
2025,P02,P15119,P126,P02,0
2025,P02,P15120,P119,P01,179
2025,P02,P15120,P119,P02,0
2025,P02,P15120,P124,P01,0
2025,P02,P15120,P124,P02,0
2025,P02,P15120,P126,P01,2
2025,P02,P15120,P126,P02,0
2025,P02,P15121,P119,P01,183
2025,P02,P15121,P119,P02,0
2025,P02,P15121,P124,P01,0
2025,P02,P15121,P124,P02,0
2025,P02,P15121,P126,P01,2
2025,P02,P15121,P126,P02,0
2025,P02,P15122,P119,P01,82
2025,P02,P15122,P119,P02,0
2025,P02,P15122,P124,P01,0
2025,P02,P15122,P124,P02,0
2025,P02,P15122,P126,P01,1
2025,P02,P15122,P126,P02,0
2025,P02,P15123,P119,P01,0
2025,P02,P15123,P119,P02,0
2025,P02,P15123,P124,P01,0
2025,P02,P15123,P124,P02,0
2025,P02,P15123,P126,P01,0
2025,P02,P15123,P126,P02,0
2025,P02,P15124,P119,P01,3
2025,P02,P15124,P119,P02,0
2025,P02,P15124,P124,P01,0
2025,P02,P15124,P124,P02,0
2025,P02,P15124,P126,P01,0
2025,P02,P15124,P126,P02,0
2025,P02,P15125,P119,P01,8
2025,P02,P15125,P119,P02,0
2025,P02,P15125,P124,P01,0
2025,P02,P15125,P124,P02,0
2025,P02,P15125,P126,P01,0
2025,P02,P15125,P126,P02,0
2025,P02,P16001,P119,P01,5
2025,P02,P16001,P119,P02,0
2025,P02,P16001,P124,P01,0
2025,P02,P16001,P124,P02,0
2025,P02,P16001,P126,P01,0
2025,P02,P16001,P126,P02,0
2025,P02,P16002,P119,P01,0
2025,P02,P16002,P119,P02,0
2025,P02,P16002,P124,P01,0
2025,P02,P16002,P124,P02,0
2025,P02,P16002,P126,P01,0
2025,P02,P16002,P126,P02,0
2025,P02,P16003,P119,P01,267
2025,P02,P16003,P119,P02,0
2025,P02,P16003,P124,P01,0
2025,P02,P16003,P124,P02,0
2025,P02,P16003,P126,P01,3
2025,P02,P16003,P126,P02,0
2025,P02,P16004,P119,P01,0
2025,P02,P16004,P119,P02,0
2025,P02,P16004,P124,P01,0
2025,P02,P16004,P124,P02,0
2025,P02,P16004,P126,P01,0
2025,P02,P16004,P126,P02,0
2025,P02,P16005,P119,P01,0
2025,P02,P16005,P119,P02,0
2025,P02,P16005,P124,P01,0
2025,P02,P16005,P124,P02,0
2025,P02,P16005,P126,P01,0
2025,P02,P16005,P126,P02,0
2025,P02,P16006,P119,P01,0
2025,P02,P16006,P119,P02,0
2025,P02,P16006,P124,P01,0
2025,P02,P16006,P124,P02,0
2025,P02,P16006,P126,P01,0
2025,P02,P16006,P126,P02,0
2025,P02,P16007,P119,P01,0
2025,P02,P16007,P119,P02,0
2025,P02,P16007,P124,P01,0
2025,P02,P16007,P124,P02,0
2025,P02,P16007,P126,P01,0
2025,P02,P16007,P126,P02,0
2025,P02,P16008,P119,P01,0
2025,P02,P16008,P119,P02,0
2025,P02,P16008,P124,P01,0
2025,P02,P16008,P124,P02,0
2025,P02,P16008,P126,P01,0
2025,P02,P16008,P126,P02,0
2025,P02,P16009,P119,P01,6
2025,P02,P16009,P119,P02,0
2025,P02,P16009,P124,P01,0
2025,P02,P16009,P124,P02,0
2025,P02,P16009,P126,P01,0
2025,P02,P16009,P126,P02,0
2025,P02,P16010,P119,P01,3
2025,P02,P16010,P119,P02,0
2025,P02,P16010,P124,P01,0
2025,P02,P16010,P124,P02,0
2025,P02,P16010,P126,P01,0
2025,P02,P16010,P126,P02,0
2025,P02,P16011,P119,P01,0
2025,P02,P16011,P119,P02,0
2025,P02,P16011,P124,P01,0
2025,P02,P16011,P124,P02,0
2025,P02,P16011,P126,P01,0
2025,P02,P16011,P126,P02,0
2025,P02,P16012,P119,P01,2
2025,P02,P16012,P119,P02,0
2025,P02,P16012,P124,P01,0
2025,P02,P16012,P124,P02,0
2025,P02,P16012,P126,P01,0
2025,P02,P16012,P126,P02,0
2025,P02,P16013,P119,P01,0
2025,P02,P16013,P119,P02,0
2025,P02,P16013,P124,P01,0
2025,P02,P16013,P124,P02,0
2025,P02,P16013,P126,P01,0
2025,P02,P16013,P126,P02,0
2025,P02,P16014,P119,P01,4
2025,P02,P16014,P119,P02,0
2025,P02,P16014,P124,P01,0
2025,P02,P16014,P124,P02,0
2025,P02,P16014,P126,P01,0
2025,P02,P16014,P126,P02,0
2025,P02,P16015,P119,P01,0
2025,P02,P16015,P119,P02,0
2025,P02,P16015,P124,P01,0
2025,P02,P16015,P124,P02,0
2025,P02,P16015,P126,P01,0
2025,P02,P16015,P126,P02,0
2025,P02,P16016,P119,P01,0
2025,P02,P16016,P119,P02,0
2025,P02,P16016,P124,P01,0
2025,P02,P16016,P124,P02,0
2025,P02,P16016,P126,P01,0
2025,P02,P16016,P126,P02,0
2025,P02,P16017,P119,P01,21
2025,P02,P16017,P119,P02,0
2025,P02,P16017,P124,P01,0
2025,P02,P16017,P124,P02,0
2025,P02,P16017,P126,P01,0
2025,P02,P16017,P126,P02,0
2025,P02,P16018,P119,P01,0
2025,P02,P16018,P119,P02,0
2025,P02,P16018,P124,P01,0
2025,P02,P16018,P124,P02,0
2025,P02,P16018,P126,P01,0
2025,P02,P16018,P126,P02,0
2025,P02,P16019,P119,P01,0
2025,P02,P16019,P119,P02,0
2025,P02,P16019,P124,P01,0
2025,P02,P16019,P124,P02,0
2025,P02,P16019,P126,P01,0
2025,P02,P16019,P126,P02,0
2025,P02,P16020,P119,P01,8
2025,P02,P16020,P119,P02,0
2025,P02,P16020,P124,P01,0
2025,P02,P16020,P124,P02,0
2025,P02,P16020,P126,P01,0
2025,P02,P16020,P126,P02,0
2025,P02,P16021,P119,P01,0
2025,P02,P16021,P119,P02,0
2025,P02,P16021,P124,P01,0
2025,P02,P16021,P124,P02,0
2025,P02,P16021,P126,P01,0
2025,P02,P16021,P126,P02,0
2025,P02,P16022,P119,P01,4
2025,P02,P16022,P119,P02,0
2025,P02,P16022,P124,P01,0
2025,P02,P16022,P124,P02,0
2025,P02,P16022,P126,P01,0
2025,P02,P16022,P126,P02,0
2025,P02,P16023,P119,P01,0
2025,P02,P16023,P119,P02,0
2025,P02,P16023,P124,P01,0
2025,P02,P16023,P124,P02,0
2025,P02,P16023,P126,P01,0
2025,P02,P16023,P126,P02,0
2025,P02,P16024,P119,P01,0
2025,P02,P16024,P119,P02,0
2025,P02,P16024,P124,P01,0
2025,P02,P16024,P124,P02,0
2025,P02,P16024,P126,P01,0
2025,P02,P16024,P126,P02,0
2025,P02,P16025,P119,P01,0
2025,P02,P16025,P119,P02,0
2025,P02,P16025,P124,P01,0
2025,P02,P16025,P124,P02,0
2025,P02,P16025,P126,P01,0
2025,P02,P16025,P126,P02,0
2025,P02,P16026,P119,P01,0
2025,P02,P16026,P119,P02,0
2025,P02,P16026,P124,P01,0
2025,P02,P16026,P124,P02,0
2025,P02,P16026,P126,P01,0
2025,P02,P16026,P126,P02,0
2025,P02,P16027,P119,P01,3
2025,P02,P16027,P119,P02,0
2025,P02,P16027,P124,P01,0
2025,P02,P16027,P124,P02,0
2025,P02,P16027,P126,P01,0
2025,P02,P16027,P126,P02,0
2025,P02,P16028,P119,P01,0
2025,P02,P16028,P119,P02,0
2025,P02,P16028,P124,P01,0
2025,P02,P16028,P124,P02,0
2025,P02,P16028,P126,P01,0
2025,P02,P16028,P126,P02,0
2025,P02,P16029,P119,P01,0
2025,P02,P16029,P119,P02,0
2025,P02,P16029,P124,P01,0
2025,P02,P16029,P124,P02,0
2025,P02,P16029,P126,P01,0
2025,P02,P16029,P126,P02,0
2025,P02,P16030,P119,P01,0
2025,P02,P16030,P119,P02,0
2025,P02,P16030,P124,P01,0
2025,P02,P16030,P124,P02,0
2025,P02,P16030,P126,P01,0
2025,P02,P16030,P126,P02,0
2025,P02,P16031,P119,P01,1
2025,P02,P16031,P119,P02,0
2025,P02,P16031,P124,P01,0
2025,P02,P16031,P124,P02,0
2025,P02,P16031,P126,P01,0
2025,P02,P16031,P126,P02,0
2025,P02,P16032,P119,P01,0
2025,P02,P16032,P119,P02,0
2025,P02,P16032,P124,P01,0
2025,P02,P16032,P124,P02,0
2025,P02,P16032,P126,P01,0
2025,P02,P16032,P126,P02,0
2025,P02,P16033,P119,P01,0
2025,P02,P16033,P119,P02,0
2025,P02,P16033,P124,P01,0
2025,P02,P16033,P124,P02,0
2025,P02,P16033,P126,P01,0
2025,P02,P16033,P126,P02,0
2025,P02,P16034,P119,P01,0
2025,P02,P16034,P119,P02,0
2025,P02,P16034,P124,P01,0
2025,P02,P16034,P124,P02,0
2025,P02,P16034,P126,P01,0
2025,P02,P16034,P126,P02,0
2025,P02,P16035,P119,P01,1
2025,P02,P16035,P119,P02,0
2025,P02,P16035,P124,P01,0
2025,P02,P16035,P124,P02,0
2025,P02,P16035,P126,P01,0
2025,P02,P16035,P126,P02,0
2025,P02,P16036,P119,P01,0
2025,P02,P16036,P119,P02,0
2025,P02,P16036,P124,P01,0
2025,P02,P16036,P124,P02,0
2025,P02,P16036,P126,P01,0
2025,P02,P16036,P126,P02,0
2025,P02,P16037,P119,P01,4
2025,P02,P16037,P119,P02,0
2025,P02,P16037,P124,P01,0
2025,P02,P16037,P124,P02,0
2025,P02,P16037,P126,P01,0
2025,P02,P16037,P126,P02,0
2025,P02,P16038,P119,P01,0
2025,P02,P16038,P119,P02,0
2025,P02,P16038,P124,P01,0
2025,P02,P16038,P124,P02,0
2025,P02,P16038,P126,P01,0
2025,P02,P16038,P126,P02,0
2025,P02,P16039,P119,P01,0
2025,P02,P16039,P119,P02,0
2025,P02,P16039,P124,P01,0
2025,P02,P16039,P124,P02,0
2025,P02,P16039,P126,P01,0
2025,P02,P16039,P126,P02,0
2025,P02,P16040,P119,P01,1
2025,P02,P16040,P119,P02,0
2025,P02,P16040,P124,P01,0
2025,P02,P16040,P124,P02,0
2025,P02,P16040,P126,P01,0
2025,P02,P16040,P126,P02,0
2025,P02,P16041,P119,P01,2
2025,P02,P16041,P119,P02,0
2025,P02,P16041,P124,P01,0
2025,P02,P16041,P124,P02,0
2025,P02,P16041,P126,P01,0
2025,P02,P16041,P126,P02,0
2025,P02,P16042,P119,P01,0
2025,P02,P16042,P119,P02,0
2025,P02,P16042,P124,P01,0
2025,P02,P16042,P124,P02,0
2025,P02,P16042,P126,P01,0
2025,P02,P16042,P126,P02,0
2025,P02,P16043,P119,P01,0
2025,P02,P16043,P119,P02,0
2025,P02,P16043,P124,P01,0
2025,P02,P16043,P124,P02,0
2025,P02,P16043,P126,P01,0
2025,P02,P16043,P126,P02,0
2025,P02,P16044,P119,P01,0
2025,P02,P16044,P119,P02,0
2025,P02,P16044,P124,P01,0
2025,P02,P16044,P124,P02,0
2025,P02,P16044,P126,P01,0
2025,P02,P16044,P126,P02,0
2025,P02,P16045,P119,P01,19
2025,P02,P16045,P119,P02,0
2025,P02,P16045,P124,P01,0
2025,P02,P16045,P124,P02,0
2025,P02,P16045,P126,P01,0
2025,P02,P16045,P126,P02,0
2025,P02,P16046,P119,P01,0
2025,P02,P16046,P119,P02,0
2025,P02,P16046,P124,P01,0
2025,P02,P16046,P124,P02,0
2025,P02,P16046,P126,P01,0
2025,P02,P16046,P126,P02,0
2025,P02,P16047,P119,P01,1
2025,P02,P16047,P119,P02,0
2025,P02,P16047,P124,P01,0
2025,P02,P16047,P124,P02,0
2025,P02,P16047,P126,P01,0
2025,P02,P16047,P126,P02,0
2025,P02,P16048,P119,P01,0
2025,P02,P16048,P119,P02,0
2025,P02,P16048,P124,P01,0
2025,P02,P16048,P124,P02,0
2025,P02,P16048,P126,P01,0
2025,P02,P16048,P126,P02,0
2025,P02,P16049,P119,P01,8
2025,P02,P16049,P119,P02,0
2025,P02,P16049,P124,P01,0
2025,P02,P16049,P124,P02,0
2025,P02,P16049,P126,P01,0
2025,P02,P16049,P126,P02,0
2025,P02,P16050,P119,P01,4
2025,P02,P16050,P119,P02,0
2025,P02,P16050,P124,P01,0
2025,P02,P16050,P124,P02,0
2025,P02,P16050,P126,P01,0
2025,P02,P16050,P126,P02,0
2025,P02,P16051,P119,P01,1
2025,P02,P16051,P119,P02,0
2025,P02,P16051,P124,P01,0
2025,P02,P16051,P124,P02,0
2025,P02,P16051,P126,P01,0
2025,P02,P16051,P126,P02,0
2025,P02,P16052,P119,P01,0
2025,P02,P16052,P119,P02,0
2025,P02,P16052,P124,P01,0
2025,P02,P16052,P124,P02,0
2025,P02,P16052,P126,P01,0
2025,P02,P16052,P126,P02,0
2025,P02,P16053,P119,P01,157
2025,P02,P16053,P119,P02,0
2025,P02,P16053,P124,P01,0
2025,P02,P16053,P124,P02,0
2025,P02,P16053,P126,P01,1
2025,P02,P16053,P126,P02,0
2025,P02,P16054,P119,P01,0
2025,P02,P16054,P119,P02,0
2025,P02,P16054,P124,P01,0
2025,P02,P16054,P124,P02,0
2025,P02,P16054,P126,P01,0
2025,P02,P16054,P126,P02,0
2025,P02,P16055,P119,P01,0
2025,P02,P16055,P119,P02,0
2025,P02,P16055,P124,P01,0
2025,P02,P16055,P124,P02,0
2025,P02,P16055,P126,P01,0
2025,P02,P16055,P126,P02,0
2025,P02,P16056,P119,P01,0
2025,P02,P16056,P119,P02,0
2025,P02,P16056,P124,P01,0
2025,P02,P16056,P124,P02,0
2025,P02,P16056,P126,P01,0
2025,P02,P16056,P126,P02,0
2025,P02,P16057,P119,P01,0
2025,P02,P16057,P119,P02,0
2025,P02,P16057,P124,P01,0
2025,P02,P16057,P124,P02,0
2025,P02,P16057,P126,P01,0
2025,P02,P16057,P126,P02,0
2025,P02,P16058,P119,P01,0
2025,P02,P16058,P119,P02,0
2025,P02,P16058,P124,P01,0
2025,P02,P16058,P124,P02,0
2025,P02,P16058,P126,P01,0
2025,P02,P16058,P126,P02,0
2025,P02,P16059,P119,P01,1
2025,P02,P16059,P119,P02,0
2025,P02,P16059,P124,P01,0
2025,P02,P16059,P124,P02,0
2025,P02,P16059,P126,P01,0
2025,P02,P16059,P126,P02,0
2025,P02,P16060,P119,P01,0
2025,P02,P16060,P119,P02,0
2025,P02,P16060,P124,P01,0
2025,P02,P16060,P124,P02,0
2025,P02,P16060,P126,P01,0
2025,P02,P16060,P126,P02,0
2025,P02,P16061,P119,P01,0
2025,P02,P16061,P119,P02,0
2025,P02,P16061,P124,P01,0
2025,P02,P16061,P124,P02,0
2025,P02,P16061,P126,P01,0
2025,P02,P16061,P126,P02,0
2025,P02,P16062,P119,P01,0
2025,P02,P16062,P119,P02,0
2025,P02,P16062,P124,P01,0
2025,P02,P16062,P124,P02,0
2025,P02,P16062,P126,P01,0
2025,P02,P16062,P126,P02,0
2025,P02,P16063,P119,P01,0
2025,P02,P16063,P119,P02,0
2025,P02,P16063,P124,P01,0
2025,P02,P16063,P124,P02,0
2025,P02,P16063,P126,P01,0
2025,P02,P16063,P126,P02,0
2025,P02,P16064,P119,P01,3
2025,P02,P16064,P119,P02,0
2025,P02,P16064,P124,P01,0
2025,P02,P16064,P124,P02,0
2025,P02,P16064,P126,P01,0
2025,P02,P16064,P126,P02,0
2025,P02,P16065,P119,P01,0
2025,P02,P16065,P119,P02,0
2025,P02,P16065,P124,P01,0
2025,P02,P16065,P124,P02,0
2025,P02,P16065,P126,P01,0
2025,P02,P16065,P126,P02,0
2025,P02,P16066,P119,P01,12
2025,P02,P16066,P119,P02,0
2025,P02,P16066,P124,P01,0
2025,P02,P16066,P124,P02,0
2025,P02,P16066,P126,P01,0
2025,P02,P16066,P126,P02,0
2025,P02,P16067,P119,P01,3
2025,P02,P16067,P119,P02,0
2025,P02,P16067,P124,P01,0
2025,P02,P16067,P124,P02,0
2025,P02,P16067,P126,P01,0
2025,P02,P16067,P126,P02,0
2025,P02,P16068,P119,P01,0
2025,P02,P16068,P119,P02,0
2025,P02,P16068,P124,P01,0
2025,P02,P16068,P124,P02,0
2025,P02,P16068,P126,P01,0
2025,P02,P16068,P126,P02,0
2025,P02,P16069,P119,P01,14
2025,P02,P16069,P119,P02,0
2025,P02,P16069,P124,P01,0
2025,P02,P16069,P124,P02,0
2025,P02,P16069,P126,P01,0
2025,P02,P16069,P126,P02,0
2025,P02,P16070,P119,P01,0
2025,P02,P16070,P119,P02,0
2025,P02,P16070,P124,P01,0
2025,P02,P16070,P124,P02,0
2025,P02,P16070,P126,P01,0
2025,P02,P16070,P126,P02,0
2025,P02,P16071,P119,P01,0
2025,P02,P16071,P119,P02,0
2025,P02,P16071,P124,P01,0
2025,P02,P16071,P124,P02,0
2025,P02,P16071,P126,P01,0
2025,P02,P16071,P126,P02,0
2025,P02,P16072,P119,P01,3
2025,P02,P16072,P119,P02,0
2025,P02,P16072,P124,P01,0
2025,P02,P16072,P124,P02,0
2025,P02,P16072,P126,P01,0
2025,P02,P16072,P126,P02,0
2025,P02,P16073,P119,P01,0
2025,P02,P16073,P119,P02,0
2025,P02,P16073,P124,P01,0
2025,P02,P16073,P124,P02,0
2025,P02,P16073,P126,P01,0
2025,P02,P16073,P126,P02,0
2025,P02,P16074,P119,P01,2
2025,P02,P16074,P119,P02,0
2025,P02,P16074,P124,P01,0
2025,P02,P16074,P124,P02,0
2025,P02,P16074,P126,P01,0
2025,P02,P16074,P126,P02,0
2025,P02,P16075,P119,P01,0
2025,P02,P16075,P119,P02,0
2025,P02,P16075,P124,P01,0
2025,P02,P16075,P124,P02,0
2025,P02,P16075,P126,P01,0
2025,P02,P16075,P126,P02,0
2025,P02,P16076,P119,P01,9
2025,P02,P16076,P119,P02,0
2025,P02,P16076,P124,P01,0
2025,P02,P16076,P124,P02,0
2025,P02,P16076,P126,P01,0
2025,P02,P16076,P126,P02,0
2025,P02,P16077,P119,P01,1
2025,P02,P16077,P119,P02,0
2025,P02,P16077,P124,P01,0
2025,P02,P16077,P124,P02,0
2025,P02,P16077,P126,P01,0
2025,P02,P16077,P126,P02,0
2025,P02,P16078,P119,P01,0
2025,P02,P16078,P119,P02,0
2025,P02,P16078,P124,P01,0
2025,P02,P16078,P124,P02,0
2025,P02,P16078,P126,P01,0
2025,P02,P16078,P126,P02,0
2025,P02,P16079,P119,P01,7
2025,P02,P16079,P119,P02,0
2025,P02,P16079,P124,P01,0
2025,P02,P16079,P124,P02,0
2025,P02,P16079,P126,P01,0
2025,P02,P16079,P126,P02,0
2025,P02,P16080,P119,P01,1
2025,P02,P16080,P119,P02,0
2025,P02,P16080,P124,P01,0
2025,P02,P16080,P124,P02,0
2025,P02,P16080,P126,P01,0
2025,P02,P16080,P126,P02,0
2025,P02,P16081,P119,P01,0
2025,P02,P16081,P119,P02,0
2025,P02,P16081,P124,P01,0
2025,P02,P16081,P124,P02,0
2025,P02,P16081,P126,P01,0
2025,P02,P16081,P126,P02,0
2025,P02,P16082,P119,P01,3
2025,P02,P16082,P119,P02,0
2025,P02,P16082,P124,P01,0
2025,P02,P16082,P124,P02,0
2025,P02,P16082,P126,P01,0
2025,P02,P16082,P126,P02,0
2025,P02,P16083,P119,P01,0
2025,P02,P16083,P119,P02,0
2025,P02,P16083,P124,P01,0
2025,P02,P16083,P124,P02,0
2025,P02,P16083,P126,P01,0
2025,P02,P16083,P126,P02,0
2025,P02,P16084,P119,P01,0
2025,P02,P16084,P119,P02,0
2025,P02,P16084,P124,P01,0
2025,P02,P16084,P124,P02,0
2025,P02,P16084,P126,P01,0
2025,P02,P16084,P126,P02,0
2025,P02,P16085,P119,P01,0
2025,P02,P16085,P119,P02,0
2025,P02,P16085,P124,P01,0
2025,P02,P16085,P124,P02,0
2025,P02,P16085,P126,P01,0
2025,P02,P16085,P126,P02,0
2025,P02,P16086,P119,P01,0
2025,P02,P16086,P119,P02,0
2025,P02,P16086,P124,P01,0
2025,P02,P16086,P124,P02,0
2025,P02,P16086,P126,P01,0
2025,P02,P16086,P126,P02,0
2025,P02,P16087,P119,P01,0
2025,P02,P16087,P119,P02,0
2025,P02,P16087,P124,P01,0
2025,P02,P16087,P124,P02,0
2025,P02,P16087,P126,P01,0
2025,P02,P16087,P126,P02,0
2025,P02,P16088,P119,P01,11
2025,P02,P16088,P119,P02,0
2025,P02,P16088,P124,P01,0
2025,P02,P16088,P124,P02,0
2025,P02,P16088,P126,P01,0
2025,P02,P16088,P126,P02,0
2025,P02,P16089,P119,P01,0
2025,P02,P16089,P119,P02,0
2025,P02,P16089,P124,P01,0
2025,P02,P16089,P124,P02,0
2025,P02,P16089,P126,P01,0
2025,P02,P16089,P126,P02,0
2025,P02,P16090,P119,P01,0
2025,P02,P16090,P119,P02,0
2025,P02,P16090,P124,P01,0
2025,P02,P16090,P124,P02,0
2025,P02,P16090,P126,P01,0
2025,P02,P16090,P126,P02,0
2025,P02,P16091,P119,P01,0
2025,P02,P16091,P119,P02,0
2025,P02,P16091,P124,P01,0
2025,P02,P16091,P124,P02,0
2025,P02,P16091,P126,P01,0
2025,P02,P16091,P126,P02,0
2025,P02,P16092,P119,P01,0
2025,P02,P16092,P119,P02,0
2025,P02,P16092,P124,P01,0
2025,P02,P16092,P124,P02,0
2025,P02,P16092,P126,P01,0
2025,P02,P16092,P126,P02,0
2025,P02,P16093,P119,P01,4
2025,P02,P16093,P119,P02,0
2025,P02,P16093,P124,P01,0
2025,P02,P16093,P124,P02,0
2025,P02,P16093,P126,P01,0
2025,P02,P16093,P126,P02,0
2025,P02,P16094,P119,P01,0
2025,P02,P16094,P119,P02,0
2025,P02,P16094,P124,P01,0
2025,P02,P16094,P124,P02,0
2025,P02,P16094,P126,P01,0
2025,P02,P16094,P126,P02,0
2025,P02,P16095,P119,P01,0
2025,P02,P16095,P119,P02,0
2025,P02,P16095,P124,P01,0
2025,P02,P16095,P124,P02,0
2025,P02,P16095,P126,P01,0
2025,P02,P16095,P126,P02,0
2025,P02,P16096,P119,P01,0
2025,P02,P16096,P119,P02,0
2025,P02,P16096,P124,P01,0
2025,P02,P16096,P124,P02,0
2025,P02,P16096,P126,P01,0
2025,P02,P16096,P126,P02,0
2025,P02,P16097,P119,P01,0
2025,P02,P16097,P119,P02,0
2025,P02,P16097,P124,P01,0
2025,P02,P16097,P124,P02,0
2025,P02,P16097,P126,P01,0
2025,P02,P16097,P126,P02,0
2025,P02,P16098,P119,P01,0
2025,P02,P16098,P119,P02,0
2025,P02,P16098,P124,P01,0
2025,P02,P16098,P124,P02,0
2025,P02,P16098,P126,P01,0
2025,P02,P16098,P126,P02,0
2025,P02,P16099,P119,P01,0
2025,P02,P16099,P119,P02,0
2025,P02,P16099,P124,P01,0
2025,P02,P16099,P124,P02,0
2025,P02,P16099,P126,P01,0
2025,P02,P16099,P126,P02,0
2025,P02,P16100,P119,P01,6
2025,P02,P16100,P119,P02,0
2025,P02,P16100,P124,P01,0
2025,P02,P16100,P124,P02,0
2025,P02,P16100,P126,P01,0
2025,P02,P16100,P126,P02,0
2025,P02,P16101,P119,P01,5
2025,P02,P16101,P119,P02,0
2025,P02,P16101,P124,P01,0
2025,P02,P16101,P124,P02,0
2025,P02,P16101,P126,P01,0
2025,P02,P16101,P126,P02,0
2025,P02,P16102,P119,P01,4
2025,P02,P16102,P119,P02,0
2025,P02,P16102,P124,P01,0
2025,P02,P16102,P124,P02,0
2025,P02,P16102,P126,P01,0
2025,P02,P16102,P126,P02,0
2025,P02,P16103,P119,P01,0
2025,P02,P16103,P119,P02,0
2025,P02,P16103,P124,P01,0
2025,P02,P16103,P124,P02,0
2025,P02,P16103,P126,P01,0
2025,P02,P16103,P126,P02,0
2025,P02,P16104,P119,P01,0
2025,P02,P16104,P119,P02,0
2025,P02,P16104,P124,P01,0
2025,P02,P16104,P124,P02,0
2025,P02,P16104,P126,P01,0
2025,P02,P16104,P126,P02,0
2025,P02,P16105,P119,P01,4
2025,P02,P16105,P119,P02,0
2025,P02,P16105,P124,P01,0
2025,P02,P16105,P124,P02,0
2025,P02,P16105,P126,P01,0
2025,P02,P16105,P126,P02,0
2025,P02,P16106,P119,P01,7
2025,P02,P16106,P119,P02,0
2025,P02,P16106,P124,P01,0
2025,P02,P16106,P124,P02,0
2025,P02,P16106,P126,P01,0
2025,P02,P16106,P126,P02,0
2025,P02,P16107,P119,P01,1
2025,P02,P16107,P119,P02,0
2025,P02,P16107,P124,P01,0
2025,P02,P16107,P124,P02,0
2025,P02,P16107,P126,P01,0
2025,P02,P16107,P126,P02,0
2025,P02,P16108,P119,P01,0
2025,P02,P16108,P119,P02,0
2025,P02,P16108,P124,P01,0
2025,P02,P16108,P124,P02,0
2025,P02,P16108,P126,P01,0
2025,P02,P16108,P126,P02,0
2025,P02,P16109,P119,P01,0
2025,P02,P16109,P119,P02,0
2025,P02,P16109,P124,P01,0
2025,P02,P16109,P124,P02,0
2025,P02,P16109,P126,P01,0
2025,P02,P16109,P126,P02,0
2025,P02,P16110,P119,P01,22
2025,P02,P16110,P119,P02,0
2025,P02,P16110,P124,P01,0
2025,P02,P16110,P124,P02,0
2025,P02,P16110,P126,P01,0
2025,P02,P16110,P126,P02,0
2025,P02,P16111,P119,P01,0
2025,P02,P16111,P119,P02,0
2025,P02,P16111,P124,P01,0
2025,P02,P16111,P124,P02,0
2025,P02,P16111,P126,P01,0
2025,P02,P16111,P126,P02,0
2025,P02,P16112,P119,P01,2
2025,P02,P16112,P119,P02,0
2025,P02,P16112,P124,P01,0
2025,P02,P16112,P124,P02,0
2025,P02,P16112,P126,P01,0
2025,P02,P16112,P126,P02,0
2025,P02,P16113,P119,P01,3
2025,P02,P16113,P119,P02,0
2025,P02,P16113,P124,P01,0
2025,P02,P16113,P124,P02,0
2025,P02,P16113,P126,P01,0
2025,P02,P16113,P126,P02,0
2025,P02,P17001,P119,P01,0
2025,P02,P17001,P119,P02,0
2025,P02,P17001,P124,P01,0
2025,P02,P17001,P124,P02,0
2025,P02,P17001,P126,P01,0
2025,P02,P17001,P126,P02,0
2025,P02,P17002,P119,P01,4
2025,P02,P17002,P119,P02,0
2025,P02,P17002,P124,P01,0
2025,P02,P17002,P124,P02,0
2025,P02,P17002,P126,P01,0
2025,P02,P17002,P126,P02,0
2025,P02,P17003,P119,P01,0
2025,P02,P17003,P119,P02,0
2025,P02,P17003,P124,P01,0
2025,P02,P17003,P124,P02,0
2025,P02,P17003,P126,P01,0
2025,P02,P17003,P126,P02,0
2025,P02,P17004,P119,P01,1
2025,P02,P17004,P119,P02,0
2025,P02,P17004,P124,P01,0
2025,P02,P17004,P124,P02,0
2025,P02,P17004,P126,P01,0
2025,P02,P17004,P126,P02,0
2025,P02,P17005,P119,P01,0
2025,P02,P17005,P119,P02,0
2025,P02,P17005,P124,P01,0
2025,P02,P17005,P124,P02,0
2025,P02,P17005,P126,P01,0
2025,P02,P17005,P126,P02,0
2025,P02,P17006,P119,P01,0
2025,P02,P17006,P119,P02,0
2025,P02,P17006,P124,P01,0
2025,P02,P17006,P124,P02,0
2025,P02,P17006,P126,P01,0
2025,P02,P17006,P126,P02,0
2025,P02,P17007,P119,P01,"2,911"
2025,P02,P17007,P119,P02,0
2025,P02,P17007,P124,P01,5
2025,P02,P17007,P124,P02,0
2025,P02,P17007,P126,P01,28
2025,P02,P17007,P126,P02,0
2025,P02,P17008,P119,P01,0
2025,P02,P17008,P119,P02,0
2025,P02,P17008,P124,P01,0
2025,P02,P17008,P124,P02,0
2025,P02,P17008,P126,P01,0
2025,P02,P17008,P126,P02,0
2025,P02,P17009,P119,P01,59
2025,P02,P17009,P119,P02,0
2025,P02,P17009,P124,P01,0
2025,P02,P17009,P124,P02,0
2025,P02,P17009,P126,P01,1
2025,P02,P17009,P126,P02,0
2025,P02,P17010,P119,P01,0
2025,P02,P17010,P119,P02,0
2025,P02,P17010,P124,P01,0
2025,P02,P17010,P124,P02,0
2025,P02,P17010,P126,P01,0
2025,P02,P17010,P126,P02,0
2025,P02,P17011,P119,P01,"1,667"
2025,P02,P17011,P119,P02,0
2025,P02,P17011,P124,P01,3
2025,P02,P17011,P124,P02,0
2025,P02,P17011,P126,P01,16
2025,P02,P17011,P126,P02,0
2025,P02,P17012,P119,P01,0
2025,P02,P17012,P119,P02,0
2025,P02,P17012,P124,P01,0
2025,P02,P17012,P124,P02,0
2025,P02,P17012,P126,P01,0
2025,P02,P17012,P126,P02,0
2025,P02,P17013,P119,P01,0
2025,P02,P17013,P119,P02,0
2025,P02,P17013,P124,P01,0
2025,P02,P17013,P124,P02,0
2025,P02,P17013,P126,P01,0
2025,P02,P17013,P126,P02,0
2025,P02,P17014,P119,P01,0
2025,P02,P17014,P119,P02,0
2025,P02,P17014,P124,P01,0
2025,P02,P17014,P124,P02,0
2025,P02,P17014,P126,P01,0
2025,P02,P17014,P126,P02,0
2025,P02,P17015,P119,P01,0
2025,P02,P17015,P119,P02,0
2025,P02,P17015,P124,P01,0
2025,P02,P17015,P124,P02,0
2025,P02,P17015,P126,P01,0
2025,P02,P17015,P126,P02,0
2025,P02,P17016,P119,P01,0
2025,P02,P17016,P119,P02,0
2025,P02,P17016,P124,P01,0
2025,P02,P17016,P124,P02,0
2025,P02,P17016,P126,P01,0
2025,P02,P17016,P126,P02,0
2025,P02,P17017,P119,P01,0
2025,P02,P17017,P119,P02,0
2025,P02,P17017,P124,P01,0
2025,P02,P17017,P124,P02,0
2025,P02,P17017,P126,P01,0
2025,P02,P17017,P126,P02,0
2025,P02,P17018,P119,P01,655
2025,P02,P17018,P119,P02,0
2025,P02,P17018,P124,P01,1
2025,P02,P17018,P124,P02,0
2025,P02,P17018,P126,P01,6
2025,P02,P17018,P126,P02,0
2025,P02,P17019,P119,P01,2
2025,P02,P17019,P119,P02,0
2025,P02,P17019,P124,P01,0
2025,P02,P17019,P124,P02,0
2025,P02,P17019,P126,P01,0
2025,P02,P17019,P126,P02,0
2025,P02,P17020,P119,P01,306
2025,P02,P17020,P119,P02,0
2025,P02,P17020,P124,P01,0
2025,P02,P17020,P124,P02,0
2025,P02,P17020,P126,P01,3
2025,P02,P17020,P126,P02,0
2025,P02,P17021,P119,P01,0
2025,P02,P17021,P119,P02,0
2025,P02,P17021,P124,P01,0
2025,P02,P17021,P124,P02,0
2025,P02,P17021,P126,P01,0
2025,P02,P17021,P126,P02,0
2025,P02,P17022,P119,P01,0
2025,P02,P17022,P119,P02,0
2025,P02,P17022,P124,P01,0
2025,P02,P17022,P124,P02,0
2025,P02,P17022,P126,P01,0
2025,P02,P17022,P126,P02,0
2025,P02,P17023,P119,P01,14
2025,P02,P17023,P119,P02,0
2025,P02,P17023,P124,P01,0
2025,P02,P17023,P124,P02,0
2025,P02,P17023,P126,P01,0
2025,P02,P17023,P126,P02,0
2025,P02,P17024,P119,P01,0
2025,P02,P17024,P119,P02,0
2025,P02,P17024,P124,P01,0
2025,P02,P17024,P124,P02,0
2025,P02,P17024,P126,P01,0
2025,P02,P17024,P126,P02,0
2025,P02,P17025,P119,P01,5
2025,P02,P17025,P119,P02,0
2025,P02,P17025,P124,P01,0
2025,P02,P17025,P124,P02,0
2025,P02,P17025,P126,P01,0
2025,P02,P17025,P126,P02,0
2025,P02,P17026,P119,P01,27
2025,P02,P17026,P119,P02,0
2025,P02,P17026,P124,P01,0
2025,P02,P17026,P124,P02,0
2025,P02,P17026,P126,P01,0
2025,P02,P17026,P126,P02,0
2025,P02,P17027,P119,P01,0
2025,P02,P17027,P119,P02,0
2025,P02,P17027,P124,P01,0
2025,P02,P17027,P124,P02,0
2025,P02,P17027,P126,P01,0
2025,P02,P17027,P126,P02,0
2025,P02,P17028,P119,P01,348
2025,P02,P17028,P119,P02,0
2025,P02,P17028,P124,P01,1
2025,P02,P17028,P124,P02,0
2025,P02,P17028,P126,P01,3
2025,P02,P17028,P126,P02,0
2025,P02,P17029,P119,P01,79
2025,P02,P17029,P119,P02,0
2025,P02,P17029,P124,P01,0
2025,P02,P17029,P124,P02,0
2025,P02,P17029,P126,P01,1
2025,P02,P17029,P126,P02,0
2025,P02,P17030,P119,P01,0
2025,P02,P17030,P119,P02,0
2025,P02,P17030,P124,P01,0
2025,P02,P17030,P124,P02,0
2025,P02,P17030,P126,P01,0
2025,P02,P17030,P126,P02,0
2025,P02,P17031,P119,P01,0
2025,P02,P17031,P119,P02,0
2025,P02,P17031,P124,P01,0
2025,P02,P17031,P124,P02,0
2025,P02,P17031,P126,P01,0
2025,P02,P17031,P126,P02,0
2025,P02,P17032,P119,P01,0
2025,P02,P17032,P119,P02,0
2025,P02,P17032,P124,P01,0
2025,P02,P17032,P124,P02,0
2025,P02,P17032,P126,P01,0
2025,P02,P17032,P126,P02,0
2025,P02,P17033,P119,P01,0
2025,P02,P17033,P119,P02,0
2025,P02,P17033,P124,P01,0
2025,P02,P17033,P124,P02,0
2025,P02,P17033,P126,P01,0
2025,P02,P17033,P126,P02,0
2025,P02,P17034,P119,P01,0
2025,P02,P17034,P119,P02,0
2025,P02,P17034,P124,P01,0
2025,P02,P17034,P124,P02,0
2025,P02,P17034,P126,P01,0
2025,P02,P17034,P126,P02,0
2025,P02,P17035,P119,P01,0
2025,P02,P17035,P119,P02,0
2025,P02,P17035,P124,P01,0
2025,P02,P17035,P124,P02,0
2025,P02,P17035,P126,P01,0
2025,P02,P17035,P126,P02,0
2025,P02,P17036,P119,P01,0
2025,P02,P17036,P119,P02,0
2025,P02,P17036,P124,P01,0
2025,P02,P17036,P124,P02,0
2025,P02,P17036,P126,P01,0
2025,P02,P17036,P126,P02,0
2025,P02,P18001,P119,P01,0
2025,P02,P18001,P119,P02,0
2025,P02,P18001,P124,P01,0
2025,P02,P18001,P124,P02,0
2025,P02,P18001,P126,P01,0
2025,P02,P18001,P126,P02,0
2025,P02,P18002,P119,P01,0
2025,P02,P18002,P119,P02,0
2025,P02,P18002,P124,P01,0
2025,P02,P18002,P124,P02,0
2025,P02,P18002,P126,P01,0
2025,P02,P18002,P126,P02,0
2025,P02,P18003,P119,P01,9
2025,P02,P18003,P119,P02,0
2025,P02,P18003,P124,P01,0
2025,P02,P18003,P124,P02,0
2025,P02,P18003,P126,P01,0
2025,P02,P18003,P126,P02,0
2025,P02,P18004,P119,P01,9
2025,P02,P18004,P119,P02,0
2025,P02,P18004,P124,P01,0
2025,P02,P18004,P124,P02,0
2025,P02,P18004,P126,P01,0
2025,P02,P18004,P126,P02,0
2025,P02,P18005,P119,P01,55
2025,P02,P18005,P119,P02,0
2025,P02,P18005,P124,P01,0
2025,P02,P18005,P124,P02,0
2025,P02,P18005,P126,P01,1
2025,P02,P18005,P126,P02,0
2025,P02,P18006,P119,P01,8
2025,P02,P18006,P119,P02,0
2025,P02,P18006,P124,P01,0
2025,P02,P18006,P124,P02,0
2025,P02,P18006,P126,P01,0
2025,P02,P18006,P126,P02,0
2025,P02,P18007,P119,P01,5
2025,P02,P18007,P119,P02,0
2025,P02,P18007,P124,P01,0
2025,P02,P18007,P124,P02,0
2025,P02,P18007,P126,P01,0
2025,P02,P18007,P126,P02,0
2025,P02,P18008,P119,P01,10
2025,P02,P18008,P119,P02,0
2025,P02,P18008,P124,P01,0
2025,P02,P18008,P124,P02,0
2025,P02,P18008,P126,P01,0
2025,P02,P18008,P126,P02,0
2025,P02,P18009,P119,P01,2
2025,P02,P18009,P119,P02,0
2025,P02,P18009,P124,P01,0
2025,P02,P18009,P124,P02,0
2025,P02,P18009,P126,P01,0
2025,P02,P18009,P126,P02,0
2025,P02,P18010,P119,P01,39
2025,P02,P18010,P119,P02,0
2025,P02,P18010,P124,P01,0
2025,P02,P18010,P124,P02,0
2025,P02,P18010,P126,P01,0
2025,P02,P18010,P126,P02,0
2025,P02,P18011,P119,P01,8
2025,P02,P18011,P119,P02,0
2025,P02,P18011,P124,P01,0
2025,P02,P18011,P124,P02,0
2025,P02,P18011,P126,P01,0
2025,P02,P18011,P126,P02,0
2025,P02,P18012,P119,P01,2
2025,P02,P18012,P119,P02,0
2025,P02,P18012,P124,P01,0
2025,P02,P18012,P124,P02,0
2025,P02,P18012,P126,P01,0
2025,P02,P18012,P126,P02,0
2025,P02,P18013,P119,P01,0
2025,P02,P18013,P119,P02,0
2025,P02,P18013,P124,P01,0
2025,P02,P18013,P124,P02,0
2025,P02,P18013,P126,P01,0
2025,P02,P18013,P126,P02,0
2025,P02,P18014,P119,P01,3
2025,P02,P18014,P119,P02,0
2025,P02,P18014,P124,P01,0
2025,P02,P18014,P124,P02,0
2025,P02,P18014,P126,P01,0
2025,P02,P18014,P126,P02,0
2025,P02,P18015,P119,P01,2
2025,P02,P18015,P119,P02,0
2025,P02,P18015,P124,P01,0
2025,P02,P18015,P124,P02,0
2025,P02,P18015,P126,P01,0
2025,P02,P18015,P126,P02,0
2025,P02,P18016,P119,P01,3
2025,P02,P18016,P119,P02,0
2025,P02,P18016,P124,P01,0
2025,P02,P18016,P124,P02,0
2025,P02,P18016,P126,P01,0
2025,P02,P18016,P126,P02,0
2025,P02,P18017,P119,P01,82
2025,P02,P18017,P119,P02,0
2025,P02,P18017,P124,P01,0
2025,P02,P18017,P124,P02,0
2025,P02,P18017,P126,P01,1
2025,P02,P18017,P126,P02,0
2025,P02,P18018,P119,P01,0
2025,P02,P18018,P119,P02,0
2025,P02,P18018,P124,P01,0
2025,P02,P18018,P124,P02,0
2025,P02,P18018,P126,P01,0
2025,P02,P18018,P126,P02,0
2025,P02,P18019,P119,P01,45
2025,P02,P18019,P119,P02,0
2025,P02,P18019,P124,P01,0
2025,P02,P18019,P124,P02,0
2025,P02,P18019,P126,P01,0
2025,P02,P18019,P126,P02,0
2025,P02,P18020,P119,P01,44
2025,P02,P18020,P119,P02,0
2025,P02,P18020,P124,P01,0
2025,P02,P18020,P124,P02,0
2025,P02,P18020,P126,P01,0
2025,P02,P18020,P126,P02,0
2025,P02,P19001,P119,P01,0
2025,P02,P19001,P119,P02,0
2025,P02,P19001,P124,P01,0
2025,P02,P19001,P124,P02,0
2025,P02,P19001,P126,P01,0
2025,P02,P19001,P126,P02,0
2025,P02,P19002,P119,P01,0
2025,P02,P19002,P119,P02,0
2025,P02,P19002,P124,P01,0
2025,P02,P19002,P124,P02,0
2025,P02,P19002,P126,P01,0
2025,P02,P19002,P126,P02,0
2025,P02,P19003,P119,P01,0
2025,P02,P19003,P119,P02,0
2025,P02,P19003,P124,P01,0
2025,P02,P19003,P124,P02,0
2025,P02,P19003,P126,P01,0
2025,P02,P19003,P126,P02,0
2025,P02,P19004,P119,P01,10
2025,P02,P19004,P119,P02,0
2025,P02,P19004,P124,P01,0
2025,P02,P19004,P124,P02,0
2025,P02,P19004,P126,P01,0
2025,P02,P19004,P126,P02,0
2025,P02,P19005,P119,P01,0
2025,P02,P19005,P119,P02,0
2025,P02,P19005,P124,P01,0
2025,P02,P19005,P124,P02,0
2025,P02,P19005,P126,P01,0
2025,P02,P19005,P126,P02,0
2025,P02,P19006,P119,P01,152
2025,P02,P19006,P119,P02,0
2025,P02,P19006,P124,P01,0
2025,P02,P19006,P124,P02,0
2025,P02,P19006,P126,P01,1
2025,P02,P19006,P126,P02,0
2025,P02,P19007,P119,P01,0
2025,P02,P19007,P119,P02,0
2025,P02,P19007,P124,P01,0
2025,P02,P19007,P124,P02,0
2025,P02,P19007,P126,P01,0
2025,P02,P19007,P126,P02,0
2025,P02,P19008,P119,P01,0
2025,P02,P19008,P119,P02,0
2025,P02,P19008,P124,P01,0
2025,P02,P19008,P124,P02,0
2025,P02,P19008,P126,P01,0
2025,P02,P19008,P126,P02,0
2025,P02,P19009,P119,P01,29
2025,P02,P19009,P119,P02,0
2025,P02,P19009,P124,P01,0
2025,P02,P19009,P124,P02,0
2025,P02,P19009,P126,P01,0
2025,P02,P19009,P126,P02,0
2025,P02,P19010,P119,P01,7
2025,P02,P19010,P119,P02,0
2025,P02,P19010,P124,P01,0
2025,P02,P19010,P124,P02,0
2025,P02,P19010,P126,P01,0
2025,P02,P19010,P126,P02,0
2025,P02,P19011,P119,P01,0
2025,P02,P19011,P119,P02,0
2025,P02,P19011,P124,P01,0
2025,P02,P19011,P124,P02,0
2025,P02,P19011,P126,P01,0
2025,P02,P19011,P126,P02,0
2025,P02,P19012,P119,P01,9
2025,P02,P19012,P119,P02,0
2025,P02,P19012,P124,P01,0
2025,P02,P19012,P124,P02,0
2025,P02,P19012,P126,P01,0
2025,P02,P19012,P126,P02,0
2025,P02,P19013,P119,P01,2
2025,P02,P19013,P119,P02,0
2025,P02,P19013,P124,P01,0
2025,P02,P19013,P124,P02,0
2025,P02,P19013,P126,P01,0
2025,P02,P19013,P126,P02,0
2025,P02,P19014,P119,P01,4
2025,P02,P19014,P119,P02,0
2025,P02,P19014,P124,P01,0
2025,P02,P19014,P124,P02,0
2025,P02,P19014,P126,P01,0
2025,P02,P19014,P126,P02,0
2025,P02,P19015,P119,P01,0
2025,P02,P19015,P119,P02,0
2025,P02,P19015,P124,P01,0
2025,P02,P19015,P124,P02,0
2025,P02,P19015,P126,P01,0
2025,P02,P19015,P126,P02,0
2025,P02,P19016,P119,P01,1
2025,P02,P19016,P119,P02,0
2025,P02,P19016,P124,P01,0
2025,P02,P19016,P124,P02,0
2025,P02,P19016,P126,P01,0
2025,P02,P19016,P126,P02,0
2025,P02,P19017,P119,P01,9
2025,P02,P19017,P119,P02,0
2025,P02,P19017,P124,P01,0
2025,P02,P19017,P124,P02,0
2025,P02,P19017,P126,P01,0
2025,P02,P19017,P126,P02,0
2025,P02,P19018,P119,P01,47
2025,P02,P19018,P119,P02,0
2025,P02,P19018,P124,P01,0
2025,P02,P19018,P124,P02,0
2025,P02,P19018,P126,P01,0
2025,P02,P19018,P126,P02,0
2025,P02,P19019,P119,P01,42
2025,P02,P19019,P119,P02,0
2025,P02,P19019,P124,P01,0
2025,P02,P19019,P124,P02,0
2025,P02,P19019,P126,P01,0
2025,P02,P19019,P126,P02,0
2025,P02,P19020,P119,P01,2
2025,P02,P19020,P119,P02,0
2025,P02,P19020,P124,P01,0
2025,P02,P19020,P124,P02,0
2025,P02,P19020,P126,P01,0
2025,P02,P19020,P126,P02,0
2025,P02,P19021,P119,P01,67
2025,P02,P19021,P119,P02,0
2025,P02,P19021,P124,P01,0
2025,P02,P19021,P124,P02,0
2025,P02,P19021,P126,P01,1
2025,P02,P19021,P126,P02,0
2025,P02,P19022,P119,P01,2
2025,P02,P19022,P119,P02,0
2025,P02,P19022,P124,P01,0
2025,P02,P19022,P124,P02,0
2025,P02,P19022,P126,P01,0
2025,P02,P19022,P126,P02,0
2025,P02,P19023,P119,P01,0
2025,P02,P19023,P119,P02,0
2025,P02,P19023,P124,P01,0
2025,P02,P19023,P124,P02,0
2025,P02,P19023,P126,P01,0
2025,P02,P19023,P126,P02,0
2025,P02,P19024,P119,P01,0
2025,P02,P19024,P119,P02,0
2025,P02,P19024,P124,P01,0
2025,P02,P19024,P124,P02,0
2025,P02,P19024,P126,P01,0
2025,P02,P19024,P126,P02,0
2025,P02,P19025,P119,P01,35
2025,P02,P19025,P119,P02,0
2025,P02,P19025,P124,P01,0
2025,P02,P19025,P124,P02,0
2025,P02,P19025,P126,P01,0
2025,P02,P19025,P126,P02,0
2025,P02,P19026,P119,P01,0
2025,P02,P19026,P119,P02,0
2025,P02,P19026,P124,P01,0
2025,P02,P19026,P124,P02,0
2025,P02,P19026,P126,P01,0
2025,P02,P19026,P126,P02,0
2025,P02,P19027,P119,P01,0
2025,P02,P19027,P119,P02,0
2025,P02,P19027,P124,P01,0
2025,P02,P19027,P124,P02,0
2025,P02,P19027,P126,P01,0
2025,P02,P19027,P126,P02,0
2025,P02,P19028,P119,P01,0
2025,P02,P19028,P119,P02,0
2025,P02,P19028,P124,P01,0
2025,P02,P19028,P124,P02,0
2025,P02,P19028,P126,P01,0
2025,P02,P19028,P126,P02,0
2025,P02,P19029,P119,P01,1
2025,P02,P19029,P119,P02,0
2025,P02,P19029,P124,P01,0
2025,P02,P19029,P124,P02,0
2025,P02,P19029,P126,P01,0
2025,P02,P19029,P126,P02,0
2025,P02,P19030,P119,P01,0
2025,P02,P19030,P119,P02,0
2025,P02,P19030,P124,P01,0
2025,P02,P19030,P124,P02,0
2025,P02,P19030,P126,P01,0
2025,P02,P19030,P126,P02,0
2025,P02,P19031,P119,P01,621
2025,P02,P19031,P119,P02,0
2025,P02,P19031,P124,P01,1
2025,P02,P19031,P124,P02,0
2025,P02,P19031,P126,P01,6
2025,P02,P19031,P126,P02,0
2025,P02,P19032,P119,P01,0
2025,P02,P19032,P119,P02,0
2025,P02,P19032,P124,P01,0
2025,P02,P19032,P124,P02,0
2025,P02,P19032,P126,P01,0
2025,P02,P19032,P126,P02,0
2025,P02,P19033,P119,P01,4
2025,P02,P19033,P119,P02,0
2025,P02,P19033,P124,P01,0
2025,P02,P19033,P124,P02,0
2025,P02,P19033,P126,P01,0
2025,P02,P19033,P126,P02,0
2025,P02,P19034,P119,P01,2
2025,P02,P19034,P119,P02,0
2025,P02,P19034,P124,P01,0
2025,P02,P19034,P124,P02,0
2025,P02,P19034,P126,P01,0
2025,P02,P19034,P126,P02,0
2025,P02,P19035,P119,P01,0
2025,P02,P19035,P119,P02,0
2025,P02,P19035,P124,P01,0
2025,P02,P19035,P124,P02,0
2025,P02,P19035,P126,P01,0
2025,P02,P19035,P126,P02,0
2025,P02,P19036,P119,P01,0
2025,P02,P19036,P119,P02,0
2025,P02,P19036,P124,P01,0
2025,P02,P19036,P124,P02,0
2025,P02,P19036,P126,P01,0
2025,P02,P19036,P126,P02,0
2025,P02,P19037,P119,P01,1
2025,P02,P19037,P119,P02,0
2025,P02,P19037,P124,P01,0
2025,P02,P19037,P124,P02,0
2025,P02,P19037,P126,P01,0
2025,P02,P19037,P126,P02,0
2025,P02,P19038,P119,P01,23
2025,P02,P19038,P119,P02,0
2025,P02,P19038,P124,P01,0
2025,P02,P19038,P124,P02,0
2025,P02,P19038,P126,P01,0
2025,P02,P19038,P126,P02,0
2025,P02,P19039,P119,P01,401
2025,P02,P19039,P119,P02,0
2025,P02,P19039,P124,P01,1
2025,P02,P19039,P124,P02,0
2025,P02,P19039,P126,P01,4
2025,P02,P19039,P126,P02,0
2025,P02,P19040,P119,P01,0
2025,P02,P19040,P119,P02,0
2025,P02,P19040,P124,P01,0
2025,P02,P19040,P124,P02,0
2025,P02,P19040,P126,P01,0
2025,P02,P19040,P126,P02,0
2025,P02,P19041,P119,P01,57
2025,P02,P19041,P119,P02,0
2025,P02,P19041,P124,P01,0
2025,P02,P19041,P124,P02,0
2025,P02,P19041,P126,P01,1
2025,P02,P19041,P126,P02,0
2025,P02,P19042,P119,P01,6
2025,P02,P19042,P119,P02,0
2025,P02,P19042,P124,P01,0
2025,P02,P19042,P124,P02,0
2025,P02,P19042,P126,P01,0
2025,P02,P19042,P126,P02,0
2025,P02,P19043,P119,P01,0
2025,P02,P19043,P119,P02,0
2025,P02,P19043,P124,P01,0
2025,P02,P19043,P124,P02,0
2025,P02,P19043,P126,P01,0
2025,P02,P19043,P126,P02,0
2025,P02,P19044,P119,P01,2
2025,P02,P19044,P119,P02,0
2025,P02,P19044,P124,P01,0
2025,P02,P19044,P124,P02,0
2025,P02,P19044,P126,P01,0
2025,P02,P19044,P126,P02,0
2025,P02,P19045,P119,P01,31
2025,P02,P19045,P119,P02,0
2025,P02,P19045,P124,P01,0
2025,P02,P19045,P124,P02,0
2025,P02,P19045,P126,P01,0
2025,P02,P19045,P126,P02,0
2025,P02,P19046,P119,P01,87
2025,P02,P19046,P119,P02,0
2025,P02,P19046,P124,P01,0
2025,P02,P19046,P124,P02,0
2025,P02,P19046,P126,P01,1
2025,P02,P19046,P126,P02,0
2025,P02,P19047,P119,P01,0
2025,P02,P19047,P119,P02,0
2025,P02,P19047,P124,P01,0
2025,P02,P19047,P124,P02,0
2025,P02,P19047,P126,P01,0
2025,P02,P19047,P126,P02,0
2025,P02,P19048,P119,P01,0
2025,P02,P19048,P119,P02,0
2025,P02,P19048,P124,P01,0
2025,P02,P19048,P124,P02,0
2025,P02,P19048,P126,P01,0
2025,P02,P19048,P126,P02,0
2025,P02,P19049,P119,P01,14
2025,P02,P19049,P119,P02,0
2025,P02,P19049,P124,P01,0
2025,P02,P19049,P124,P02,0
2025,P02,P19049,P126,P01,0
2025,P02,P19049,P126,P02,0
2025,P02,P19050,P119,P01,3
2025,P02,P19050,P119,P02,0
2025,P02,P19050,P124,P01,0
2025,P02,P19050,P124,P02,0
2025,P02,P19050,P126,P01,0
2025,P02,P19050,P126,P02,0
2025,P02,P19051,P119,P01,0
2025,P02,P19051,P119,P02,0
2025,P02,P19051,P124,P01,0
2025,P02,P19051,P124,P02,0
2025,P02,P19051,P126,P01,0
2025,P02,P19051,P126,P02,0
2025,P02,P20001,P119,P01,0
2025,P02,P20001,P119,P02,0
2025,P02,P20001,P124,P01,0
2025,P02,P20001,P124,P02,0
2025,P02,P20001,P126,P01,0
2025,P02,P20001,P126,P02,0
2025,P02,P20002,P119,P01,0
2025,P02,P20002,P119,P02,0
2025,P02,P20002,P124,P01,0
2025,P02,P20002,P124,P02,0
2025,P02,P20002,P126,P01,0
2025,P02,P20002,P126,P02,0
2025,P02,P20003,P119,P01,0
2025,P02,P20003,P119,P02,0
2025,P02,P20003,P124,P01,0
2025,P02,P20003,P124,P02,0
2025,P02,P20003,P126,P01,0
2025,P02,P20003,P126,P02,0
2025,P02,P20004,P119,P01,0
2025,P02,P20004,P119,P02,0
2025,P02,P20004,P124,P01,0
2025,P02,P20004,P124,P02,0
2025,P02,P20004,P126,P01,0
2025,P02,P20004,P126,P02,0
2025,P02,P20005,P119,P01,12
2025,P02,P20005,P119,P02,0
2025,P02,P20005,P124,P01,0
2025,P02,P20005,P124,P02,0
2025,P02,P20005,P126,P01,0
2025,P02,P20005,P126,P02,0
2025,P02,P20006,P119,P01,0
2025,P02,P20006,P119,P02,0
2025,P02,P20006,P124,P01,0
2025,P02,P20006,P124,P02,0
2025,P02,P20006,P126,P01,0
2025,P02,P20006,P126,P02,0
2025,P02,P20007,P119,P01,0
2025,P02,P20007,P119,P02,0
2025,P02,P20007,P124,P01,0
2025,P02,P20007,P124,P02,0
2025,P02,P20007,P126,P01,0
2025,P02,P20007,P126,P02,0
2025,P02,P20008,P119,P01,0
2025,P02,P20008,P119,P02,0
2025,P02,P20008,P124,P01,0
2025,P02,P20008,P124,P02,0
2025,P02,P20008,P126,P01,0
2025,P02,P20008,P126,P02,0
2025,P02,P20009,P119,P01,0
2025,P02,P20009,P119,P02,0
2025,P02,P20009,P124,P01,0
2025,P02,P20009,P124,P02,0
2025,P02,P20009,P126,P01,0
2025,P02,P20009,P126,P02,0
2025,P02,P20010,P119,P01,0
2025,P02,P20010,P119,P02,0
2025,P02,P20010,P124,P01,0
2025,P02,P20010,P124,P02,0
2025,P02,P20010,P126,P01,0
2025,P02,P20010,P126,P02,0
2025,P02,P20011,P119,P01,0
2025,P02,P20011,P119,P02,0
2025,P02,P20011,P124,P01,0
2025,P02,P20011,P124,P02,0
2025,P02,P20011,P126,P01,0
2025,P02,P20011,P126,P02,0
2025,P02,P20012,P119,P01,7
2025,P02,P20012,P119,P02,0
2025,P02,P20012,P124,P01,0
2025,P02,P20012,P124,P02,0
2025,P02,P20012,P126,P01,0
2025,P02,P20012,P126,P02,0
2025,P02,P20013,P119,P01,6
2025,P02,P20013,P119,P02,0
2025,P02,P20013,P124,P01,0
2025,P02,P20013,P124,P02,0
2025,P02,P20013,P126,P01,0
2025,P02,P20013,P126,P02,0
2025,P02,P20014,P119,P01,20
2025,P02,P20014,P119,P02,0
2025,P02,P20014,P124,P01,0
2025,P02,P20014,P124,P02,0
2025,P02,P20014,P126,P01,0
2025,P02,P20014,P126,P02,0
2025,P02,P20015,P119,P01,0
2025,P02,P20015,P119,P02,0
2025,P02,P20015,P124,P01,0
2025,P02,P20015,P124,P02,0
2025,P02,P20015,P126,P01,0
2025,P02,P20015,P126,P02,0
2025,P02,P20016,P119,P01,0
2025,P02,P20016,P119,P02,0
2025,P02,P20016,P124,P01,0
2025,P02,P20016,P124,P02,0
2025,P02,P20016,P126,P01,0
2025,P02,P20016,P126,P02,0
2025,P02,P20017,P119,P01,0
2025,P02,P20017,P119,P02,0
2025,P02,P20017,P124,P01,0
2025,P02,P20017,P124,P02,0
2025,P02,P20017,P126,P01,0
2025,P02,P20017,P126,P02,0
2025,P02,P20018,P119,P01,0
2025,P02,P20018,P119,P02,0
2025,P02,P20018,P124,P01,0
2025,P02,P20018,P124,P02,0
2025,P02,P20018,P126,P01,0
2025,P02,P20018,P126,P02,0
2025,P02,P20019,P119,P01,2
2025,P02,P20019,P119,P02,0
2025,P02,P20019,P124,P01,0
2025,P02,P20019,P124,P02,0
2025,P02,P20019,P126,P01,0
2025,P02,P20019,P126,P02,0
2025,P02,P20020,P119,P01,0
2025,P02,P20020,P119,P02,0
2025,P02,P20020,P124,P01,0
2025,P02,P20020,P124,P02,0
2025,P02,P20020,P126,P01,0
2025,P02,P20020,P126,P02,0
2025,P02,P20021,P119,P01,0
2025,P02,P20021,P119,P02,0
2025,P02,P20021,P124,P01,0
2025,P02,P20021,P124,P02,0
2025,P02,P20021,P126,P01,0
2025,P02,P20021,P126,P02,0
2025,P02,P20022,P119,P01,0
2025,P02,P20022,P119,P02,0
2025,P02,P20022,P124,P01,0
2025,P02,P20022,P124,P02,0
2025,P02,P20022,P126,P01,0
2025,P02,P20022,P126,P02,0
2025,P02,P20023,P119,P01,27
2025,P02,P20023,P119,P02,0
2025,P02,P20023,P124,P01,0
2025,P02,P20023,P124,P02,0
2025,P02,P20023,P126,P01,0
2025,P02,P20023,P126,P02,0
2025,P02,P20024,P119,P01,0
2025,P02,P20024,P119,P02,0
2025,P02,P20024,P124,P01,0
2025,P02,P20024,P124,P02,0
2025,P02,P20024,P126,P01,0
2025,P02,P20024,P126,P02,0
2025,P02,P20025,P119,P01,1
2025,P02,P20025,P119,P02,0
2025,P02,P20025,P124,P01,0
2025,P02,P20025,P124,P02,0
2025,P02,P20025,P126,P01,0
2025,P02,P20025,P126,P02,0
2025,P02,P20026,P119,P01,0
2025,P02,P20026,P119,P02,0
2025,P02,P20026,P124,P01,0
2025,P02,P20026,P124,P02,0
2025,P02,P20026,P126,P01,0
2025,P02,P20026,P126,P02,0
2025,P02,P20027,P119,P01,0
2025,P02,P20027,P119,P02,0
2025,P02,P20027,P124,P01,0
2025,P02,P20027,P124,P02,0
2025,P02,P20027,P126,P01,0
2025,P02,P20027,P126,P02,0
2025,P02,P20028,P119,P01,13
2025,P02,P20028,P119,P02,0
2025,P02,P20028,P124,P01,0
2025,P02,P20028,P124,P02,0
2025,P02,P20028,P126,P01,0
2025,P02,P20028,P126,P02,0
2025,P02,P20029,P119,P01,0
2025,P02,P20029,P119,P02,0
2025,P02,P20029,P124,P01,0
2025,P02,P20029,P124,P02,0
2025,P02,P20029,P126,P01,0
2025,P02,P20029,P126,P02,0
2025,P02,P20030,P119,P01,0
2025,P02,P20030,P119,P02,0
2025,P02,P20030,P124,P01,0
2025,P02,P20030,P124,P02,0
2025,P02,P20030,P126,P01,0
2025,P02,P20030,P126,P02,0
2025,P02,P20031,P119,P01,0
2025,P02,P20031,P119,P02,0
2025,P02,P20031,P124,P01,0
2025,P02,P20031,P124,P02,0
2025,P02,P20031,P126,P01,0
2025,P02,P20031,P126,P02,0
2025,P02,P20032,P119,P01,0
2025,P02,P20032,P119,P02,0
2025,P02,P20032,P124,P01,0
2025,P02,P20032,P124,P02,0
2025,P02,P20032,P126,P01,0
2025,P02,P20032,P126,P02,0
2025,P02,P20033,P119,P01,0
2025,P02,P20033,P119,P02,0
2025,P02,P20033,P124,P01,0
2025,P02,P20033,P124,P02,0
2025,P02,P20033,P126,P01,0
2025,P02,P20033,P126,P02,0
2025,P02,P20034,P119,P01,0
2025,P02,P20034,P119,P02,0
2025,P02,P20034,P124,P01,0
2025,P02,P20034,P124,P02,0
2025,P02,P20034,P126,P01,0
2025,P02,P20034,P126,P02,0
2025,P02,P20035,P119,P01,0
2025,P02,P20035,P119,P02,0
2025,P02,P20035,P124,P01,0
2025,P02,P20035,P124,P02,0
2025,P02,P20035,P126,P01,0
2025,P02,P20035,P126,P02,0
2025,P02,P20036,P119,P01,0
2025,P02,P20036,P119,P02,0
2025,P02,P20036,P124,P01,0
2025,P02,P20036,P124,P02,0
2025,P02,P20036,P126,P01,0
2025,P02,P20036,P126,P02,0
2025,P02,P20037,P119,P01,0
2025,P02,P20037,P119,P02,0
2025,P02,P20037,P124,P01,0
2025,P02,P20037,P124,P02,0
2025,P02,P20037,P126,P01,0
2025,P02,P20037,P126,P02,0
2025,P02,P20038,P119,P01,0
2025,P02,P20038,P119,P02,0
2025,P02,P20038,P124,P01,0
2025,P02,P20038,P124,P02,0
2025,P02,P20038,P126,P01,0
2025,P02,P20038,P126,P02,0
2025,P02,P20039,P119,P01,249
2025,P02,P20039,P119,P02,0
2025,P02,P20039,P124,P01,0
2025,P02,P20039,P124,P02,0
2025,P02,P20039,P126,P01,2
2025,P02,P20039,P126,P02,0
2025,P02,P20040,P119,P01,0
2025,P02,P20040,P119,P02,0
2025,P02,P20040,P124,P01,0
2025,P02,P20040,P124,P02,0
2025,P02,P20040,P126,P01,0
2025,P02,P20040,P126,P02,0
2025,P02,P20041,P119,P01,0
2025,P02,P20041,P119,P02,0
2025,P02,P20041,P124,P01,0
2025,P02,P20041,P124,P02,0
2025,P02,P20041,P126,P01,0
2025,P02,P20041,P126,P02,0
2025,P02,P20042,P119,P01,5
2025,P02,P20042,P119,P02,0
2025,P02,P20042,P124,P01,0
2025,P02,P20042,P124,P02,0
2025,P02,P20042,P126,P01,0
2025,P02,P20042,P126,P02,0
2025,P02,P20043,P119,P01,127
2025,P02,P20043,P119,P02,0
2025,P02,P20043,P124,P01,0
2025,P02,P20043,P124,P02,0
2025,P02,P20043,P126,P01,1
2025,P02,P20043,P126,P02,0
2025,P02,P20044,P119,P01,0
2025,P02,P20044,P119,P02,0
2025,P02,P20044,P124,P01,0
2025,P02,P20044,P124,P02,0
2025,P02,P20044,P126,P01,0
2025,P02,P20044,P126,P02,0
2025,P02,P20045,P119,P01,15
2025,P02,P20045,P119,P02,0
2025,P02,P20045,P124,P01,0
2025,P02,P20045,P124,P02,0
2025,P02,P20045,P126,P01,0
2025,P02,P20045,P126,P02,0
2025,P02,P20046,P119,P01,0
2025,P02,P20046,P119,P02,0
2025,P02,P20046,P124,P01,0
2025,P02,P20046,P124,P02,0
2025,P02,P20046,P126,P01,0
2025,P02,P20046,P126,P02,0
2025,P02,P20047,P119,P01,0
2025,P02,P20047,P119,P02,0
2025,P02,P20047,P124,P01,0
2025,P02,P20047,P124,P02,0
2025,P02,P20047,P126,P01,0
2025,P02,P20047,P126,P02,0
2025,P02,P20048,P119,P01,0
2025,P02,P20048,P119,P02,0
2025,P02,P20048,P124,P01,0
2025,P02,P20048,P124,P02,0
2025,P02,P20048,P126,P01,0
2025,P02,P20048,P126,P02,0
2025,P02,P20049,P119,P01,0
2025,P02,P20049,P119,P02,0
2025,P02,P20049,P124,P01,0
2025,P02,P20049,P124,P02,0
2025,P02,P20049,P126,P01,0
2025,P02,P20049,P126,P02,0
2025,P02,P20050,P119,P01,0
2025,P02,P20050,P119,P02,0
2025,P02,P20050,P124,P01,0
2025,P02,P20050,P124,P02,0
2025,P02,P20050,P126,P01,0
2025,P02,P20050,P126,P02,0
2025,P02,P20051,P119,P01,0
2025,P02,P20051,P119,P02,0
2025,P02,P20051,P124,P01,0
2025,P02,P20051,P124,P02,0
2025,P02,P20051,P126,P01,0
2025,P02,P20051,P126,P02,0
2025,P02,P20052,P119,P01,3
2025,P02,P20052,P119,P02,0
2025,P02,P20052,P124,P01,0
2025,P02,P20052,P124,P02,0
2025,P02,P20052,P126,P01,0
2025,P02,P20052,P126,P02,0
2025,P02,P20053,P119,P01,0
2025,P02,P20053,P119,P02,0
2025,P02,P20053,P124,P01,0
2025,P02,P20053,P124,P02,0
2025,P02,P20053,P126,P01,0
2025,P02,P20053,P126,P02,0
2025,P02,P20054,P119,P01,0
2025,P02,P20054,P119,P02,0
2025,P02,P20054,P124,P01,0
2025,P02,P20054,P124,P02,0
2025,P02,P20054,P126,P01,0
2025,P02,P20054,P126,P02,0
2025,P02,P20055,P119,P01,8
2025,P02,P20055,P119,P02,0
2025,P02,P20055,P124,P01,0
2025,P02,P20055,P124,P02,0
2025,P02,P20055,P126,P01,0
2025,P02,P20055,P126,P02,0
2025,P02,P20056,P119,P01,0
2025,P02,P20056,P119,P02,0
2025,P02,P20056,P124,P01,0
2025,P02,P20056,P124,P02,0
2025,P02,P20056,P126,P01,0
2025,P02,P20056,P126,P02,0
2025,P02,P20057,P119,P01,5
2025,P02,P20057,P119,P02,0
2025,P02,P20057,P124,P01,0
2025,P02,P20057,P124,P02,0
2025,P02,P20057,P126,P01,0
2025,P02,P20057,P126,P02,0
2025,P02,P20058,P119,P01,1
2025,P02,P20058,P119,P02,0
2025,P02,P20058,P124,P01,0
2025,P02,P20058,P124,P02,0
2025,P02,P20058,P126,P01,0
2025,P02,P20058,P126,P02,0
2025,P02,P20059,P119,P01,270
2025,P02,P20059,P119,P02,0
2025,P02,P20059,P124,P01,0
2025,P02,P20059,P124,P02,0
2025,P02,P20059,P126,P01,3
2025,P02,P20059,P126,P02,0
2025,P02,P20060,P119,P01,0
2025,P02,P20060,P119,P02,0
2025,P02,P20060,P124,P01,0
2025,P02,P20060,P124,P02,0
2025,P02,P20060,P126,P01,0
2025,P02,P20060,P126,P02,0
2025,P02,P20061,P119,P01,29
2025,P02,P20061,P119,P02,0
2025,P02,P20061,P124,P01,0
2025,P02,P20061,P124,P02,0
2025,P02,P20061,P126,P01,0
2025,P02,P20061,P126,P02,0
2025,P02,P20062,P119,P01,0
2025,P02,P20062,P119,P02,0
2025,P02,P20062,P124,P01,0
2025,P02,P20062,P124,P02,0
2025,P02,P20062,P126,P01,0
2025,P02,P20062,P126,P02,0
2025,P02,P20063,P119,P01,0
2025,P02,P20063,P119,P02,0
2025,P02,P20063,P124,P01,0
2025,P02,P20063,P124,P02,0
2025,P02,P20063,P126,P01,0
2025,P02,P20063,P126,P02,0
2025,P02,P20064,P119,P01,0
2025,P02,P20064,P119,P02,0
2025,P02,P20064,P124,P01,0
2025,P02,P20064,P124,P02,0
2025,P02,P20064,P126,P01,0
2025,P02,P20064,P126,P02,0
2025,P02,P20065,P119,P01,21
2025,P02,P20065,P119,P02,0
2025,P02,P20065,P124,P01,0
2025,P02,P20065,P124,P02,0
2025,P02,P20065,P126,P01,0
2025,P02,P20065,P126,P02,0
2025,P02,P20066,P119,P01,6
2025,P02,P20066,P119,P02,0
2025,P02,P20066,P124,P01,0
2025,P02,P20066,P124,P02,0
2025,P02,P20066,P126,P01,0
2025,P02,P20066,P126,P02,0
2025,P02,P20067,P119,P01,283
2025,P02,P20067,P119,P02,0
2025,P02,P20067,P124,P01,0
2025,P02,P20067,P124,P02,0
2025,P02,P20067,P126,P01,3
2025,P02,P20067,P126,P02,0
2025,P02,P20068,P119,P01,28
2025,P02,P20068,P119,P02,0
2025,P02,P20068,P124,P01,0
2025,P02,P20068,P124,P02,0
2025,P02,P20068,P126,P01,0
2025,P02,P20068,P126,P02,0
2025,P02,P20069,P119,P01,0
2025,P02,P20069,P119,P02,0
2025,P02,P20069,P124,P01,0
2025,P02,P20069,P124,P02,0
2025,P02,P20069,P126,P01,0
2025,P02,P20069,P126,P02,0
2025,P02,P20070,P119,P01,0
2025,P02,P20070,P119,P02,0
2025,P02,P20070,P124,P01,0
2025,P02,P20070,P124,P02,0
2025,P02,P20070,P126,P01,0
2025,P02,P20070,P126,P02,0
2025,P02,P20071,P119,P01,0
2025,P02,P20071,P119,P02,0
2025,P02,P20071,P124,P01,0
2025,P02,P20071,P124,P02,0
2025,P02,P20071,P126,P01,0
2025,P02,P20071,P126,P02,0
2025,P02,P20072,P119,P01,3
2025,P02,P20072,P119,P02,0
2025,P02,P20072,P124,P01,0
2025,P02,P20072,P124,P02,0
2025,P02,P20072,P126,P01,0
2025,P02,P20072,P126,P02,0
2025,P02,P20073,P119,P01,14
2025,P02,P20073,P119,P02,0
2025,P02,P20073,P124,P01,0
2025,P02,P20073,P124,P02,0
2025,P02,P20073,P126,P01,0
2025,P02,P20073,P126,P02,0
2025,P02,P20074,P119,P01,0
2025,P02,P20074,P119,P02,0
2025,P02,P20074,P124,P01,0
2025,P02,P20074,P124,P02,0
2025,P02,P20074,P126,P01,0
2025,P02,P20074,P126,P02,0
2025,P02,P20075,P119,P01,0
2025,P02,P20075,P119,P02,0
2025,P02,P20075,P124,P01,0
2025,P02,P20075,P124,P02,0
2025,P02,P20075,P126,P01,0
2025,P02,P20075,P126,P02,0
2025,P02,P20076,P119,P01,0
2025,P02,P20076,P119,P02,0
2025,P02,P20076,P124,P01,0
2025,P02,P20076,P124,P02,0
2025,P02,P20076,P126,P01,0
2025,P02,P20076,P126,P02,0
2025,P02,P20077,P119,P01,0
2025,P02,P20077,P119,P02,0
2025,P02,P20077,P124,P01,0
2025,P02,P20077,P124,P02,0
2025,P02,P20077,P126,P01,0
2025,P02,P20077,P126,P02,0
2025,P02,P20078,P119,P01,0
2025,P02,P20078,P119,P02,0
2025,P02,P20078,P124,P01,0
2025,P02,P20078,P124,P02,0
2025,P02,P20078,P126,P01,0
2025,P02,P20078,P126,P02,0
2025,P02,P20079,P119,P01,396
2025,P02,P20079,P119,P02,0
2025,P02,P20079,P124,P01,1
2025,P02,P20079,P124,P02,0
2025,P02,P20079,P126,P01,4
2025,P02,P20079,P126,P02,0
2025,P02,P20080,P119,P01,0
2025,P02,P20080,P119,P02,0
2025,P02,P20080,P124,P01,0
2025,P02,P20080,P124,P02,0
2025,P02,P20080,P126,P01,0
2025,P02,P20080,P126,P02,0
2025,P02,P20081,P119,P01,67
2025,P02,P20081,P119,P02,0
2025,P02,P20081,P124,P01,0
2025,P02,P20081,P124,P02,0
2025,P02,P20081,P126,P01,1
2025,P02,P20081,P126,P02,0
2025,P02,P20082,P119,P01,0
2025,P02,P20082,P119,P02,0
2025,P02,P20082,P124,P01,0
2025,P02,P20082,P124,P02,0
2025,P02,P20082,P126,P01,0
2025,P02,P20082,P126,P02,0
2025,P02,P20083,P119,P01,0
2025,P02,P20083,P119,P02,0
2025,P02,P20083,P124,P01,0
2025,P02,P20083,P124,P02,0
2025,P02,P20083,P126,P01,0
2025,P02,P20083,P126,P02,0
2025,P02,P20084,P119,P01,6
2025,P02,P20084,P119,P02,0
2025,P02,P20084,P124,P01,0
2025,P02,P20084,P124,P02,0
2025,P02,P20084,P126,P01,0
2025,P02,P20084,P126,P02,0
2025,P02,P20085,P119,P01,0
2025,P02,P20085,P119,P02,0
2025,P02,P20085,P124,P01,0
2025,P02,P20085,P124,P02,0
2025,P02,P20085,P126,P01,0
2025,P02,P20085,P126,P02,0
2025,P02,P20086,P119,P01,0
2025,P02,P20086,P119,P02,0
2025,P02,P20086,P124,P01,0
2025,P02,P20086,P124,P02,0
2025,P02,P20086,P126,P01,0
2025,P02,P20086,P126,P02,0
2025,P02,P20087,P119,P01,0
2025,P02,P20087,P119,P02,0
2025,P02,P20087,P124,P01,0
2025,P02,P20087,P124,P02,0
2025,P02,P20087,P126,P01,0
2025,P02,P20087,P126,P02,0
2025,P02,P20088,P119,P01,0
2025,P02,P20088,P119,P02,0
2025,P02,P20088,P124,P01,0
2025,P02,P20088,P124,P02,0
2025,P02,P20088,P126,P01,0
2025,P02,P20088,P126,P02,0
2025,P02,P20089,P119,P01,0
2025,P02,P20089,P119,P02,0
2025,P02,P20089,P124,P01,0
2025,P02,P20089,P124,P02,0
2025,P02,P20089,P126,P01,0
2025,P02,P20089,P126,P02,0
2025,P02,P20090,P119,P01,0
2025,P02,P20090,P119,P02,0
2025,P02,P20090,P124,P01,0
2025,P02,P20090,P124,P02,0
2025,P02,P20090,P126,P01,0
2025,P02,P20090,P126,P02,0
2025,P02,P20091,P119,P01,0
2025,P02,P20091,P119,P02,0
2025,P02,P20091,P124,P01,0
2025,P02,P20091,P124,P02,0
2025,P02,P20091,P126,P01,0
2025,P02,P20091,P126,P02,0
2025,P02,P20092,P119,P01,0
2025,P02,P20092,P119,P02,0
2025,P02,P20092,P124,P01,0
2025,P02,P20092,P124,P02,0
2025,P02,P20092,P126,P01,0
2025,P02,P20092,P126,P02,0
2025,P02,P20093,P119,P01,0
2025,P02,P20093,P119,P02,0
2025,P02,P20093,P124,P01,0
2025,P02,P20093,P124,P02,0
2025,P02,P20093,P126,P01,0
2025,P02,P20093,P126,P02,0
2025,P02,P20094,P119,P01,0
2025,P02,P20094,P119,P02,0
2025,P02,P20094,P124,P01,0
2025,P02,P20094,P124,P02,0
2025,P02,P20094,P126,P01,0
2025,P02,P20094,P126,P02,0
2025,P02,P20095,P119,P01,0
2025,P02,P20095,P119,P02,0
2025,P02,P20095,P124,P01,0
2025,P02,P20095,P124,P02,0
2025,P02,P20095,P126,P01,0
2025,P02,P20095,P126,P02,0
2025,P02,P20096,P119,P01,0
2025,P02,P20096,P119,P02,0
2025,P02,P20096,P124,P01,0
2025,P02,P20096,P124,P02,0
2025,P02,P20096,P126,P01,0
2025,P02,P20096,P126,P02,0
2025,P02,P20097,P119,P01,1
2025,P02,P20097,P119,P02,0
2025,P02,P20097,P124,P01,0
2025,P02,P20097,P124,P02,0
2025,P02,P20097,P126,P01,0
2025,P02,P20097,P126,P02,0
2025,P02,P20098,P119,P01,0
2025,P02,P20098,P119,P02,0
2025,P02,P20098,P124,P01,0
2025,P02,P20098,P124,P02,0
2025,P02,P20098,P126,P01,0
2025,P02,P20098,P126,P02,0
2025,P02,P20099,P119,P01,0
2025,P02,P20099,P119,P02,0
2025,P02,P20099,P124,P01,0
2025,P02,P20099,P124,P02,0
2025,P02,P20099,P126,P01,0
2025,P02,P20099,P126,P02,0
2025,P02,P20100,P119,P01,0
2025,P02,P20100,P119,P02,0
2025,P02,P20100,P124,P01,0
2025,P02,P20100,P124,P02,0
2025,P02,P20100,P126,P01,0
2025,P02,P20100,P126,P02,0
2025,P02,P20101,P119,P01,0
2025,P02,P20101,P119,P02,0
2025,P02,P20101,P124,P01,0
2025,P02,P20101,P124,P02,0
2025,P02,P20101,P126,P01,0
2025,P02,P20101,P126,P02,0
2025,P02,P20102,P119,P01,3
2025,P02,P20102,P119,P02,0
2025,P02,P20102,P124,P01,0
2025,P02,P20102,P124,P02,0
2025,P02,P20102,P126,P01,0
2025,P02,P20102,P126,P02,0
2025,P02,P20103,P119,P01,0
2025,P02,P20103,P119,P02,0
2025,P02,P20103,P124,P01,0
2025,P02,P20103,P124,P02,0
2025,P02,P20103,P126,P01,0
2025,P02,P20103,P126,P02,0
2025,P02,P20104,P119,P01,0
2025,P02,P20104,P119,P02,0
2025,P02,P20104,P124,P01,0
2025,P02,P20104,P124,P02,0
2025,P02,P20104,P126,P01,0
2025,P02,P20104,P126,P02,0
2025,P02,P20105,P119,P01,10
2025,P02,P20105,P119,P02,0
2025,P02,P20105,P124,P01,0
2025,P02,P20105,P124,P02,0
2025,P02,P20105,P126,P01,0
2025,P02,P20105,P126,P02,0
2025,P02,P20106,P119,P01,0
2025,P02,P20106,P119,P02,0
2025,P02,P20106,P124,P01,0
2025,P02,P20106,P124,P02,0
2025,P02,P20106,P126,P01,0
2025,P02,P20106,P126,P02,0
2025,P02,P20107,P119,P01,18
2025,P02,P20107,P119,P02,0
2025,P02,P20107,P124,P01,0
2025,P02,P20107,P124,P02,0
2025,P02,P20107,P126,P01,0
2025,P02,P20107,P126,P02,0
2025,P02,P20108,P119,P01,0
2025,P02,P20108,P119,P02,0
2025,P02,P20108,P124,P01,0
2025,P02,P20108,P124,P02,0
2025,P02,P20108,P126,P01,0
2025,P02,P20108,P126,P02,0
2025,P02,P20109,P119,P01,0
2025,P02,P20109,P119,P02,0
2025,P02,P20109,P124,P01,0
2025,P02,P20109,P124,P02,0
2025,P02,P20109,P126,P01,0
2025,P02,P20109,P126,P02,0
2025,P02,P20110,P119,P01,0
2025,P02,P20110,P119,P02,0
2025,P02,P20110,P124,P01,0
2025,P02,P20110,P124,P02,0
2025,P02,P20110,P126,P01,0
2025,P02,P20110,P126,P02,0
2025,P02,P20111,P119,P01,0
2025,P02,P20111,P119,P02,0
2025,P02,P20111,P124,P01,0
2025,P02,P20111,P124,P02,0
2025,P02,P20111,P126,P01,0
2025,P02,P20111,P126,P02,0
2025,P02,P20112,P119,P01,0
2025,P02,P20112,P119,P02,0
2025,P02,P20112,P124,P01,0
2025,P02,P20112,P124,P02,0
2025,P02,P20112,P126,P01,0
2025,P02,P20112,P126,P02,0
2025,P02,P20113,P119,P01,0
2025,P02,P20113,P119,P02,0
2025,P02,P20113,P124,P01,0
2025,P02,P20113,P124,P02,0
2025,P02,P20113,P126,P01,0
2025,P02,P20113,P126,P02,0
2025,P02,P20114,P119,P01,0
2025,P02,P20114,P119,P02,0
2025,P02,P20114,P124,P01,0
2025,P02,P20114,P124,P02,0
2025,P02,P20114,P126,P01,0
2025,P02,P20114,P126,P02,0
2025,P02,P20115,P119,P01,12
2025,P02,P20115,P119,P02,0
2025,P02,P20115,P124,P01,0
2025,P02,P20115,P124,P02,0
2025,P02,P20115,P126,P01,0
2025,P02,P20115,P126,P02,0
2025,P02,P20116,P119,P01,0
2025,P02,P20116,P119,P02,0
2025,P02,P20116,P124,P01,0
2025,P02,P20116,P124,P02,0
2025,P02,P20116,P126,P01,0
2025,P02,P20116,P126,P02,0
2025,P02,P20117,P119,P01,0
2025,P02,P20117,P119,P02,0
2025,P02,P20117,P124,P01,0
2025,P02,P20117,P124,P02,0
2025,P02,P20117,P126,P01,0
2025,P02,P20117,P126,P02,0
2025,P02,P20118,P119,P01,2
2025,P02,P20118,P119,P02,0
2025,P02,P20118,P124,P01,0
2025,P02,P20118,P124,P02,0
2025,P02,P20118,P126,P01,0
2025,P02,P20118,P126,P02,0
2025,P02,P20119,P119,P01,0
2025,P02,P20119,P119,P02,0
2025,P02,P20119,P124,P01,0
2025,P02,P20119,P124,P02,0
2025,P02,P20119,P126,P01,0
2025,P02,P20119,P126,P02,0
2025,P02,P20120,P119,P01,0
2025,P02,P20120,P119,P02,0
2025,P02,P20120,P124,P01,0
2025,P02,P20120,P124,P02,0
2025,P02,P20120,P126,P01,0
2025,P02,P20120,P126,P02,0
2025,P02,P20121,P119,P01,0
2025,P02,P20121,P119,P02,0
2025,P02,P20121,P124,P01,0
2025,P02,P20121,P124,P02,0
2025,P02,P20121,P126,P01,0
2025,P02,P20121,P126,P02,0
2025,P02,P20122,P119,P01,0
2025,P02,P20122,P119,P02,0
2025,P02,P20122,P124,P01,0
2025,P02,P20122,P124,P02,0
2025,P02,P20122,P126,P01,0
2025,P02,P20122,P126,P02,0
2025,P02,P20123,P119,P01,0
2025,P02,P20123,P119,P02,0
2025,P02,P20123,P124,P01,0
2025,P02,P20123,P124,P02,0
2025,P02,P20123,P126,P01,0
2025,P02,P20123,P126,P02,0
2025,P02,P20124,P119,P01,12
2025,P02,P20124,P119,P02,0
2025,P02,P20124,P124,P01,0
2025,P02,P20124,P124,P02,0
2025,P02,P20124,P126,P01,0
2025,P02,P20124,P126,P02,0
2025,P02,P20125,P119,P01,0
2025,P02,P20125,P119,P02,0
2025,P02,P20125,P124,P01,0
2025,P02,P20125,P124,P02,0
2025,P02,P20125,P126,P01,0
2025,P02,P20125,P126,P02,0
2025,P02,P20126,P119,P01,0
2025,P02,P20126,P119,P02,0
2025,P02,P20126,P124,P01,0
2025,P02,P20126,P124,P02,0
2025,P02,P20126,P126,P01,0
2025,P02,P20126,P126,P02,0
2025,P02,P20127,P119,P01,0
2025,P02,P20127,P119,P02,0
2025,P02,P20127,P124,P01,0
2025,P02,P20127,P124,P02,0
2025,P02,P20127,P126,P01,0
2025,P02,P20127,P126,P02,0
2025,P02,P20128,P119,P01,0
2025,P02,P20128,P119,P02,0
2025,P02,P20128,P124,P01,0
2025,P02,P20128,P124,P02,0
2025,P02,P20128,P126,P01,0
2025,P02,P20128,P126,P02,0
2025,P02,P20129,P119,P01,0
2025,P02,P20129,P119,P02,0
2025,P02,P20129,P124,P01,0
2025,P02,P20129,P124,P02,0
2025,P02,P20129,P126,P01,0
2025,P02,P20129,P126,P02,0
2025,P02,P20130,P119,P01,0
2025,P02,P20130,P119,P02,0
2025,P02,P20130,P124,P01,0
2025,P02,P20130,P124,P02,0
2025,P02,P20130,P126,P01,0
2025,P02,P20130,P126,P02,0
2025,P02,P20131,P119,P01,0
2025,P02,P20131,P119,P02,0
2025,P02,P20131,P124,P01,0
2025,P02,P20131,P124,P02,0
2025,P02,P20131,P126,P01,0
2025,P02,P20131,P126,P02,0
2025,P02,P20132,P119,P01,0
2025,P02,P20132,P119,P02,0
2025,P02,P20132,P124,P01,0
2025,P02,P20132,P124,P02,0
2025,P02,P20132,P126,P01,0
2025,P02,P20132,P126,P02,0
2025,P02,P20133,P119,P01,0
2025,P02,P20133,P119,P02,0
2025,P02,P20133,P124,P01,0
2025,P02,P20133,P124,P02,0
2025,P02,P20133,P126,P01,0
2025,P02,P20133,P126,P02,0
2025,P02,P20134,P119,P01,8
2025,P02,P20134,P119,P02,0
2025,P02,P20134,P124,P01,0
2025,P02,P20134,P124,P02,0
2025,P02,P20134,P126,P01,0
2025,P02,P20134,P126,P02,0
2025,P02,P20135,P119,P01,1
2025,P02,P20135,P119,P02,0
2025,P02,P20135,P124,P01,0
2025,P02,P20135,P124,P02,0
2025,P02,P20135,P126,P01,0
2025,P02,P20135,P126,P02,0
2025,P02,P20136,P119,P01,92
2025,P02,P20136,P119,P02,0
2025,P02,P20136,P124,P01,0
2025,P02,P20136,P124,P02,0
2025,P02,P20136,P126,P01,1
2025,P02,P20136,P126,P02,0
2025,P02,P20137,P119,P01,3
2025,P02,P20137,P119,P02,0
2025,P02,P20137,P124,P01,0
2025,P02,P20137,P124,P02,0
2025,P02,P20137,P126,P01,0
2025,P02,P20137,P126,P02,0
2025,P02,P20138,P119,P01,0
2025,P02,P20138,P119,P02,0
2025,P02,P20138,P124,P01,0
2025,P02,P20138,P124,P02,0
2025,P02,P20138,P126,P01,0
2025,P02,P20138,P126,P02,0
2025,P02,P20139,P119,P01,0
2025,P02,P20139,P119,P02,0
2025,P02,P20139,P124,P01,0
2025,P02,P20139,P124,P02,0
2025,P02,P20139,P126,P01,0
2025,P02,P20139,P126,P02,0
2025,P02,P20140,P119,P01,0
2025,P02,P20140,P119,P02,0
2025,P02,P20140,P124,P01,0
2025,P02,P20140,P124,P02,0
2025,P02,P20140,P126,P01,0
2025,P02,P20140,P126,P02,0
2025,P02,P20141,P119,P01,0
2025,P02,P20141,P119,P02,0
2025,P02,P20141,P124,P01,0
2025,P02,P20141,P124,P02,0
2025,P02,P20141,P126,P01,0
2025,P02,P20141,P126,P02,0
2025,P02,P20142,P119,P01,0
2025,P02,P20142,P119,P02,0
2025,P02,P20142,P124,P01,0
2025,P02,P20142,P124,P02,0
2025,P02,P20142,P126,P01,0
2025,P02,P20142,P126,P02,0
2025,P02,P20143,P119,P01,8
2025,P02,P20143,P119,P02,0
2025,P02,P20143,P124,P01,0
2025,P02,P20143,P124,P02,0
2025,P02,P20143,P126,P01,0
2025,P02,P20143,P126,P02,0
2025,P02,P20144,P119,P01,0
2025,P02,P20144,P119,P02,0
2025,P02,P20144,P124,P01,0
2025,P02,P20144,P124,P02,0
2025,P02,P20144,P126,P01,0
2025,P02,P20144,P126,P02,0
2025,P02,P20145,P119,P01,13
2025,P02,P20145,P119,P02,0
2025,P02,P20145,P124,P01,0
2025,P02,P20145,P124,P02,0
2025,P02,P20145,P126,P01,0
2025,P02,P20145,P126,P02,0
2025,P02,P20146,P119,P01,0
2025,P02,P20146,P119,P02,0
2025,P02,P20146,P124,P01,0
2025,P02,P20146,P124,P02,0
2025,P02,P20146,P126,P01,0
2025,P02,P20146,P126,P02,0
2025,P02,P20147,P119,P01,0
2025,P02,P20147,P119,P02,0
2025,P02,P20147,P124,P01,0
2025,P02,P20147,P124,P02,0
2025,P02,P20147,P126,P01,0
2025,P02,P20147,P126,P02,0
2025,P02,P20148,P119,P01,0
2025,P02,P20148,P119,P02,0
2025,P02,P20148,P124,P01,0
2025,P02,P20148,P124,P02,0
2025,P02,P20148,P126,P01,0
2025,P02,P20148,P126,P02,0
2025,P02,P20149,P119,P01,0
2025,P02,P20149,P119,P02,0
2025,P02,P20149,P124,P01,0
2025,P02,P20149,P124,P02,0
2025,P02,P20149,P126,P01,0
2025,P02,P20149,P126,P02,0
2025,P02,P20150,P119,P01,0
2025,P02,P20150,P119,P02,0
2025,P02,P20150,P124,P01,0
2025,P02,P20150,P124,P02,0
2025,P02,P20150,P126,P01,0
2025,P02,P20150,P126,P02,0
2025,P02,P20151,P119,P01,0
2025,P02,P20151,P119,P02,0
2025,P02,P20151,P124,P01,0
2025,P02,P20151,P124,P02,0
2025,P02,P20151,P126,P01,0
2025,P02,P20151,P126,P02,0
2025,P02,P20152,P119,P01,0
2025,P02,P20152,P119,P02,0
2025,P02,P20152,P124,P01,0
2025,P02,P20152,P124,P02,0
2025,P02,P20152,P126,P01,0
2025,P02,P20152,P126,P02,0
2025,P02,P20153,P119,P01,0
2025,P02,P20153,P119,P02,0
2025,P02,P20153,P124,P01,0
2025,P02,P20153,P124,P02,0
2025,P02,P20153,P126,P01,0
2025,P02,P20153,P126,P02,0
2025,P02,P20154,P119,P01,0
2025,P02,P20154,P119,P02,0
2025,P02,P20154,P124,P01,0
2025,P02,P20154,P124,P02,0
2025,P02,P20154,P126,P01,0
2025,P02,P20154,P126,P02,0
2025,P02,P20155,P119,P01,0
2025,P02,P20155,P119,P02,0
2025,P02,P20155,P124,P01,0
2025,P02,P20155,P124,P02,0
2025,P02,P20155,P126,P01,0
2025,P02,P20155,P126,P02,0
2025,P02,P20156,P119,P01,0
2025,P02,P20156,P119,P02,0
2025,P02,P20156,P124,P01,0
2025,P02,P20156,P124,P02,0
2025,P02,P20156,P126,P01,0
2025,P02,P20156,P126,P02,0
2025,P02,P20157,P119,P01,0
2025,P02,P20157,P119,P02,0
2025,P02,P20157,P124,P01,0
2025,P02,P20157,P124,P02,0
2025,P02,P20157,P126,P01,0
2025,P02,P20157,P126,P02,0
2025,P02,P20158,P119,P01,0
2025,P02,P20158,P119,P02,0
2025,P02,P20158,P124,P01,0
2025,P02,P20158,P124,P02,0
2025,P02,P20158,P126,P01,0
2025,P02,P20158,P126,P02,0
2025,P02,P20159,P119,P01,2
2025,P02,P20159,P119,P02,0
2025,P02,P20159,P124,P01,0
2025,P02,P20159,P124,P02,0
2025,P02,P20159,P126,P01,0
2025,P02,P20159,P126,P02,0
2025,P02,P20160,P119,P01,0
2025,P02,P20160,P119,P02,0
2025,P02,P20160,P124,P01,0
2025,P02,P20160,P124,P02,0
2025,P02,P20160,P126,P01,0
2025,P02,P20160,P126,P02,0
2025,P02,P20161,P119,P01,0
2025,P02,P20161,P119,P02,0
2025,P02,P20161,P124,P01,0
2025,P02,P20161,P124,P02,0
2025,P02,P20161,P126,P01,0
2025,P02,P20161,P126,P02,0
2025,P02,P20162,P119,P01,0
2025,P02,P20162,P119,P02,0
2025,P02,P20162,P124,P01,0
2025,P02,P20162,P124,P02,0
2025,P02,P20162,P126,P01,0
2025,P02,P20162,P126,P02,0
2025,P02,P20163,P119,P01,0
2025,P02,P20163,P119,P02,0
2025,P02,P20163,P124,P01,0
2025,P02,P20163,P124,P02,0
2025,P02,P20163,P126,P01,0
2025,P02,P20163,P126,P02,0
2025,P02,P20164,P119,P01,0
2025,P02,P20164,P119,P02,0
2025,P02,P20164,P124,P01,0
2025,P02,P20164,P124,P02,0
2025,P02,P20164,P126,P01,0
2025,P02,P20164,P126,P02,0
2025,P02,P20165,P119,P01,0
2025,P02,P20165,P119,P02,0
2025,P02,P20165,P124,P01,0
2025,P02,P20165,P124,P02,0
2025,P02,P20165,P126,P01,0
2025,P02,P20165,P126,P02,0
2025,P02,P20166,P119,P01,0
2025,P02,P20166,P119,P02,0
2025,P02,P20166,P124,P01,0
2025,P02,P20166,P124,P02,0
2025,P02,P20166,P126,P01,0
2025,P02,P20166,P126,P02,0
2025,P02,P20167,P119,P01,0
2025,P02,P20167,P119,P02,0
2025,P02,P20167,P124,P01,0
2025,P02,P20167,P124,P02,0
2025,P02,P20167,P126,P01,0
2025,P02,P20167,P126,P02,0
2025,P02,P20168,P119,P01,0
2025,P02,P20168,P119,P02,0
2025,P02,P20168,P124,P01,0
2025,P02,P20168,P124,P02,0
2025,P02,P20168,P126,P01,0
2025,P02,P20168,P126,P02,0
2025,P02,P20169,P119,P01,0
2025,P02,P20169,P119,P02,0
2025,P02,P20169,P124,P01,0
2025,P02,P20169,P124,P02,0
2025,P02,P20169,P126,P01,0
2025,P02,P20169,P126,P02,0
2025,P02,P20170,P119,P01,0
2025,P02,P20170,P119,P02,0
2025,P02,P20170,P124,P01,0
2025,P02,P20170,P124,P02,0
2025,P02,P20170,P126,P01,0
2025,P02,P20170,P126,P02,0
2025,P02,P20171,P119,P01,0
2025,P02,P20171,P119,P02,0
2025,P02,P20171,P124,P01,0
2025,P02,P20171,P124,P02,0
2025,P02,P20171,P126,P01,0
2025,P02,P20171,P126,P02,0
2025,P02,P20172,P119,P01,0
2025,P02,P20172,P119,P02,0
2025,P02,P20172,P124,P01,0
2025,P02,P20172,P124,P02,0
2025,P02,P20172,P126,P01,0
2025,P02,P20172,P126,P02,0
2025,P02,P20173,P119,P01,0
2025,P02,P20173,P119,P02,0
2025,P02,P20173,P124,P01,0
2025,P02,P20173,P124,P02,0
2025,P02,P20173,P126,P01,0
2025,P02,P20173,P126,P02,0
2025,P02,P20174,P119,P01,26
2025,P02,P20174,P119,P02,0
2025,P02,P20174,P124,P01,0
2025,P02,P20174,P124,P02,0
2025,P02,P20174,P126,P01,0
2025,P02,P20174,P126,P02,0
2025,P02,P20175,P119,P01,0
2025,P02,P20175,P119,P02,0
2025,P02,P20175,P124,P01,0
2025,P02,P20175,P124,P02,0
2025,P02,P20175,P126,P01,0
2025,P02,P20175,P126,P02,0
2025,P02,P20176,P119,P01,32
2025,P02,P20176,P119,P02,0
2025,P02,P20176,P124,P01,0
2025,P02,P20176,P124,P02,0
2025,P02,P20176,P126,P01,0
2025,P02,P20176,P126,P02,0
2025,P02,P20177,P119,P01,0
2025,P02,P20177,P119,P02,0
2025,P02,P20177,P124,P01,0
2025,P02,P20177,P124,P02,0
2025,P02,P20177,P126,P01,0
2025,P02,P20177,P126,P02,0
2025,P02,P20178,P119,P01,0
2025,P02,P20178,P119,P02,0
2025,P02,P20178,P124,P01,0
2025,P02,P20178,P124,P02,0
2025,P02,P20178,P126,P01,0
2025,P02,P20178,P126,P02,0
2025,P02,P20179,P119,P01,1
2025,P02,P20179,P119,P02,0
2025,P02,P20179,P124,P01,0
2025,P02,P20179,P124,P02,0
2025,P02,P20179,P126,P01,0
2025,P02,P20179,P126,P02,0
2025,P02,P20180,P119,P01,0
2025,P02,P20180,P119,P02,0
2025,P02,P20180,P124,P01,0
2025,P02,P20180,P124,P02,0
2025,P02,P20180,P126,P01,0
2025,P02,P20180,P126,P02,0
2025,P02,P20181,P119,P01,0
2025,P02,P20181,P119,P02,0
2025,P02,P20181,P124,P01,0
2025,P02,P20181,P124,P02,0
2025,P02,P20181,P126,P01,0
2025,P02,P20181,P126,P02,0
2025,P02,P20182,P119,P01,0
2025,P02,P20182,P119,P02,0
2025,P02,P20182,P124,P01,0
2025,P02,P20182,P124,P02,0
2025,P02,P20182,P126,P01,0
2025,P02,P20182,P126,P02,0
2025,P02,P20183,P119,P01,0
2025,P02,P20183,P119,P02,0
2025,P02,P20183,P124,P01,0
2025,P02,P20183,P124,P02,0
2025,P02,P20183,P126,P01,0
2025,P02,P20183,P126,P02,0
2025,P02,P20184,P119,P01,7
2025,P02,P20184,P119,P02,0
2025,P02,P20184,P124,P01,0
2025,P02,P20184,P124,P02,0
2025,P02,P20184,P126,P01,0
2025,P02,P20184,P126,P02,0
2025,P02,P20185,P119,P01,0
2025,P02,P20185,P119,P02,0
2025,P02,P20185,P124,P01,0
2025,P02,P20185,P124,P02,0
2025,P02,P20185,P126,P01,0
2025,P02,P20185,P126,P02,0
2025,P02,P20186,P119,P01,0
2025,P02,P20186,P119,P02,0
2025,P02,P20186,P124,P01,0
2025,P02,P20186,P124,P02,0
2025,P02,P20186,P126,P01,0
2025,P02,P20186,P126,P02,0
2025,P02,P20187,P119,P01,0
2025,P02,P20187,P119,P02,0
2025,P02,P20187,P124,P01,0
2025,P02,P20187,P124,P02,0
2025,P02,P20187,P126,P01,0
2025,P02,P20187,P126,P02,0
2025,P02,P20188,P119,P01,0
2025,P02,P20188,P119,P02,0
2025,P02,P20188,P124,P01,0
2025,P02,P20188,P124,P02,0
2025,P02,P20188,P126,P01,0
2025,P02,P20188,P126,P02,0
2025,P02,P20189,P119,P01,0
2025,P02,P20189,P119,P02,0
2025,P02,P20189,P124,P01,0
2025,P02,P20189,P124,P02,0
2025,P02,P20189,P126,P01,0
2025,P02,P20189,P126,P02,0
2025,P02,P20190,P119,P01,47
2025,P02,P20190,P119,P02,0
2025,P02,P20190,P124,P01,0
2025,P02,P20190,P124,P02,0
2025,P02,P20190,P126,P01,0
2025,P02,P20190,P126,P02,0
2025,P02,P20191,P119,P01,0
2025,P02,P20191,P119,P02,0
2025,P02,P20191,P124,P01,0
2025,P02,P20191,P124,P02,0
2025,P02,P20191,P126,P01,0
2025,P02,P20191,P126,P02,0
2025,P02,P20192,P119,P01,0
2025,P02,P20192,P119,P02,0
2025,P02,P20192,P124,P01,0
2025,P02,P20192,P124,P02,0
2025,P02,P20192,P126,P01,0
2025,P02,P20192,P126,P02,0
2025,P02,P20193,P119,P01,1
2025,P02,P20193,P119,P02,0
2025,P02,P20193,P124,P01,0
2025,P02,P20193,P124,P02,0
2025,P02,P20193,P126,P01,0
2025,P02,P20193,P126,P02,0
2025,P02,P20194,P119,P01,0
2025,P02,P20194,P119,P02,0
2025,P02,P20194,P124,P01,0
2025,P02,P20194,P124,P02,0
2025,P02,P20194,P126,P01,0
2025,P02,P20194,P126,P02,0
2025,P02,P20195,P119,P01,0
2025,P02,P20195,P119,P02,0
2025,P02,P20195,P124,P01,0
2025,P02,P20195,P124,P02,0
2025,P02,P20195,P126,P01,0
2025,P02,P20195,P126,P02,0
2025,P02,P20196,P119,P01,0
2025,P02,P20196,P119,P02,0
2025,P02,P20196,P124,P01,0
2025,P02,P20196,P124,P02,0
2025,P02,P20196,P126,P01,0
2025,P02,P20196,P126,P02,0
2025,P02,P20197,P119,P01,0
2025,P02,P20197,P119,P02,0
2025,P02,P20197,P124,P01,0
2025,P02,P20197,P124,P02,0
2025,P02,P20197,P126,P01,0
2025,P02,P20197,P126,P02,0
2025,P02,P20198,P119,P01,0
2025,P02,P20198,P119,P02,0
2025,P02,P20198,P124,P01,0
2025,P02,P20198,P124,P02,0
2025,P02,P20198,P126,P01,0
2025,P02,P20198,P126,P02,0
2025,P02,P20199,P119,P01,0
2025,P02,P20199,P119,P02,0
2025,P02,P20199,P124,P01,0
2025,P02,P20199,P124,P02,0
2025,P02,P20199,P126,P01,0
2025,P02,P20199,P126,P02,0
2025,P02,P20200,P119,P01,0
2025,P02,P20200,P119,P02,0
2025,P02,P20200,P124,P01,0
2025,P02,P20200,P124,P02,0
2025,P02,P20200,P126,P01,0
2025,P02,P20200,P126,P02,0
2025,P02,P20201,P119,P01,0
2025,P02,P20201,P119,P02,0
2025,P02,P20201,P124,P01,0
2025,P02,P20201,P124,P02,0
2025,P02,P20201,P126,P01,0
2025,P02,P20201,P126,P02,0
2025,P02,P20202,P119,P01,0
2025,P02,P20202,P119,P02,0
2025,P02,P20202,P124,P01,0
2025,P02,P20202,P124,P02,0
2025,P02,P20202,P126,P01,0
2025,P02,P20202,P126,P02,0
2025,P02,P20203,P119,P01,0
2025,P02,P20203,P119,P02,0
2025,P02,P20203,P124,P01,0
2025,P02,P20203,P124,P02,0
2025,P02,P20203,P126,P01,0
2025,P02,P20203,P126,P02,0
2025,P02,P20204,P119,P01,0
2025,P02,P20204,P119,P02,0
2025,P02,P20204,P124,P01,0
2025,P02,P20204,P124,P02,0
2025,P02,P20204,P126,P01,0
2025,P02,P20204,P126,P02,0
2025,P02,P20205,P119,P01,2
2025,P02,P20205,P119,P02,0
2025,P02,P20205,P124,P01,0
2025,P02,P20205,P124,P02,0
2025,P02,P20205,P126,P01,0
2025,P02,P20205,P126,P02,0
2025,P02,P20206,P119,P01,0
2025,P02,P20206,P119,P02,0
2025,P02,P20206,P124,P01,0
2025,P02,P20206,P124,P02,0
2025,P02,P20206,P126,P01,0
2025,P02,P20206,P126,P02,0
2025,P02,P20207,P119,P01,0
2025,P02,P20207,P119,P02,0
2025,P02,P20207,P124,P01,0
2025,P02,P20207,P124,P02,0
2025,P02,P20207,P126,P01,0
2025,P02,P20207,P126,P02,0
2025,P02,P20208,P119,P01,0
2025,P02,P20208,P119,P02,0
2025,P02,P20208,P124,P01,0
2025,P02,P20208,P124,P02,0
2025,P02,P20208,P126,P01,0
2025,P02,P20208,P126,P02,0
2025,P02,P20209,P119,P01,1
2025,P02,P20209,P119,P02,0
2025,P02,P20209,P124,P01,0
2025,P02,P20209,P124,P02,0
2025,P02,P20209,P126,P01,0
2025,P02,P20209,P126,P02,0
2025,P02,P20210,P119,P01,51
2025,P02,P20210,P119,P02,0
2025,P02,P20210,P124,P01,0
2025,P02,P20210,P124,P02,0
2025,P02,P20210,P126,P01,0
2025,P02,P20210,P126,P02,0
2025,P02,P20211,P119,P01,0
2025,P02,P20211,P119,P02,0
2025,P02,P20211,P124,P01,0
2025,P02,P20211,P124,P02,0
2025,P02,P20211,P126,P01,0
2025,P02,P20211,P126,P02,0
2025,P02,P20212,P119,P01,0
2025,P02,P20212,P119,P02,0
2025,P02,P20212,P124,P01,0
2025,P02,P20212,P124,P02,0
2025,P02,P20212,P126,P01,0
2025,P02,P20212,P126,P02,0
2025,P02,P20213,P119,P01,0
2025,P02,P20213,P119,P02,0
2025,P02,P20213,P124,P01,0
2025,P02,P20213,P124,P02,0
2025,P02,P20213,P126,P01,0
2025,P02,P20213,P126,P02,0
2025,P02,P20214,P119,P01,0
2025,P02,P20214,P119,P02,0
2025,P02,P20214,P124,P01,0
2025,P02,P20214,P124,P02,0
2025,P02,P20214,P126,P01,0
2025,P02,P20214,P126,P02,0
2025,P02,P20215,P119,P01,6
2025,P02,P20215,P119,P02,0
2025,P02,P20215,P124,P01,0
2025,P02,P20215,P124,P02,0
2025,P02,P20215,P126,P01,0
2025,P02,P20215,P126,P02,0
2025,P02,P20216,P119,P01,0
2025,P02,P20216,P119,P02,0
2025,P02,P20216,P124,P01,0
2025,P02,P20216,P124,P02,0
2025,P02,P20216,P126,P01,0
2025,P02,P20216,P126,P02,0
2025,P02,P20217,P119,P01,0
2025,P02,P20217,P119,P02,0
2025,P02,P20217,P124,P01,0
2025,P02,P20217,P124,P02,0
2025,P02,P20217,P126,P01,0
2025,P02,P20217,P126,P02,0
2025,P02,P20218,P119,P01,0
2025,P02,P20218,P119,P02,0
2025,P02,P20218,P124,P01,0
2025,P02,P20218,P124,P02,0
2025,P02,P20218,P126,P01,0
2025,P02,P20218,P126,P02,0
2025,P02,P20219,P119,P01,0
2025,P02,P20219,P119,P02,0
2025,P02,P20219,P124,P01,0
2025,P02,P20219,P124,P02,0
2025,P02,P20219,P126,P01,0
2025,P02,P20219,P126,P02,0
2025,P02,P20220,P119,P01,0
2025,P02,P20220,P119,P02,0
2025,P02,P20220,P124,P01,0
2025,P02,P20220,P124,P02,0
2025,P02,P20220,P126,P01,0
2025,P02,P20220,P126,P02,0
2025,P02,P20221,P119,P01,0
2025,P02,P20221,P119,P02,0
2025,P02,P20221,P124,P01,0
2025,P02,P20221,P124,P02,0
2025,P02,P20221,P126,P01,0
2025,P02,P20221,P126,P02,0
2025,P02,P20222,P119,P01,0
2025,P02,P20222,P119,P02,0
2025,P02,P20222,P124,P01,0
2025,P02,P20222,P124,P02,0
2025,P02,P20222,P126,P01,0
2025,P02,P20222,P126,P02,0
2025,P02,P20223,P119,P01,0
2025,P02,P20223,P119,P02,0
2025,P02,P20223,P124,P01,0
2025,P02,P20223,P124,P02,0
2025,P02,P20223,P126,P01,0
2025,P02,P20223,P126,P02,0
2025,P02,P20224,P119,P01,0
2025,P02,P20224,P119,P02,0
2025,P02,P20224,P124,P01,0
2025,P02,P20224,P124,P02,0
2025,P02,P20224,P126,P01,0
2025,P02,P20224,P126,P02,0
2025,P02,P20225,P119,P01,0
2025,P02,P20225,P119,P02,0
2025,P02,P20225,P124,P01,0
2025,P02,P20225,P124,P02,0
2025,P02,P20225,P126,P01,0
2025,P02,P20225,P126,P02,0
2025,P02,P20226,P119,P01,0
2025,P02,P20226,P119,P02,0
2025,P02,P20226,P124,P01,0
2025,P02,P20226,P124,P02,0
2025,P02,P20226,P126,P01,0
2025,P02,P20226,P126,P02,0
2025,P02,P20227,P119,P01,20
2025,P02,P20227,P119,P02,0
2025,P02,P20227,P124,P01,0
2025,P02,P20227,P124,P02,0
2025,P02,P20227,P126,P01,0
2025,P02,P20227,P126,P02,0
2025,P02,P20228,P119,P01,0
2025,P02,P20228,P119,P02,0
2025,P02,P20228,P124,P01,0
2025,P02,P20228,P124,P02,0
2025,P02,P20228,P126,P01,0
2025,P02,P20228,P126,P02,0
2025,P02,P20229,P119,P01,0
2025,P02,P20229,P119,P02,0
2025,P02,P20229,P124,P01,0
2025,P02,P20229,P124,P02,0
2025,P02,P20229,P126,P01,0
2025,P02,P20229,P126,P02,0
2025,P02,P20230,P119,P01,0
2025,P02,P20230,P119,P02,0
2025,P02,P20230,P124,P01,0
2025,P02,P20230,P124,P02,0
2025,P02,P20230,P126,P01,0
2025,P02,P20230,P126,P02,0
2025,P02,P20231,P119,P01,0
2025,P02,P20231,P119,P02,0
2025,P02,P20231,P124,P01,0
2025,P02,P20231,P124,P02,0
2025,P02,P20231,P126,P01,0
2025,P02,P20231,P126,P02,0
2025,P02,P20232,P119,P01,0
2025,P02,P20232,P119,P02,0
2025,P02,P20232,P124,P01,0
2025,P02,P20232,P124,P02,0
2025,P02,P20232,P126,P01,0
2025,P02,P20232,P126,P02,0
2025,P02,P20233,P119,P01,0
2025,P02,P20233,P119,P02,0
2025,P02,P20233,P124,P01,0
2025,P02,P20233,P124,P02,0
2025,P02,P20233,P126,P01,0
2025,P02,P20233,P126,P02,0
2025,P02,P20234,P119,P01,0
2025,P02,P20234,P119,P02,0
2025,P02,P20234,P124,P01,0
2025,P02,P20234,P124,P02,0
2025,P02,P20234,P126,P01,0
2025,P02,P20234,P126,P02,0
2025,P02,P20235,P119,P01,0
2025,P02,P20235,P119,P02,0
2025,P02,P20235,P124,P01,0
2025,P02,P20235,P124,P02,0
2025,P02,P20235,P126,P01,0
2025,P02,P20235,P126,P02,0
2025,P02,P20236,P119,P01,0
2025,P02,P20236,P119,P02,0
2025,P02,P20236,P124,P01,0
2025,P02,P20236,P124,P02,0
2025,P02,P20236,P126,P01,0
2025,P02,P20236,P126,P02,0
2025,P02,P20237,P119,P01,0
2025,P02,P20237,P119,P02,0
2025,P02,P20237,P124,P01,0
2025,P02,P20237,P124,P02,0
2025,P02,P20237,P126,P01,0
2025,P02,P20237,P126,P02,0
2025,P02,P20238,P119,P01,0
2025,P02,P20238,P119,P02,0
2025,P02,P20238,P124,P01,0
2025,P02,P20238,P124,P02,0
2025,P02,P20238,P126,P01,0
2025,P02,P20238,P126,P02,0
2025,P02,P20239,P119,P01,0
2025,P02,P20239,P119,P02,0
2025,P02,P20239,P124,P01,0
2025,P02,P20239,P124,P02,0
2025,P02,P20239,P126,P01,0
2025,P02,P20239,P126,P02,0
2025,P02,P20240,P119,P01,0
2025,P02,P20240,P119,P02,0
2025,P02,P20240,P124,P01,0
2025,P02,P20240,P124,P02,0
2025,P02,P20240,P126,P01,0
2025,P02,P20240,P126,P02,0
2025,P02,P20241,P119,P01,0
2025,P02,P20241,P119,P02,0
2025,P02,P20241,P124,P01,0
2025,P02,P20241,P124,P02,0
2025,P02,P20241,P126,P01,0
2025,P02,P20241,P126,P02,0
2025,P02,P20242,P119,P01,1
2025,P02,P20242,P119,P02,0
2025,P02,P20242,P124,P01,0
2025,P02,P20242,P124,P02,0
2025,P02,P20242,P126,P01,0
2025,P02,P20242,P126,P02,0
2025,P02,P20243,P119,P01,0
2025,P02,P20243,P119,P02,0
2025,P02,P20243,P124,P01,0
2025,P02,P20243,P124,P02,0
2025,P02,P20243,P126,P01,0
2025,P02,P20243,P126,P02,0
2025,P02,P20244,P119,P01,0
2025,P02,P20244,P119,P02,0
2025,P02,P20244,P124,P01,0
2025,P02,P20244,P124,P02,0
2025,P02,P20244,P126,P01,0
2025,P02,P20244,P126,P02,0
2025,P02,P20245,P119,P01,0
2025,P02,P20245,P119,P02,0
2025,P02,P20245,P124,P01,0
2025,P02,P20245,P124,P02,0
2025,P02,P20245,P126,P01,0
2025,P02,P20245,P126,P02,0
2025,P02,P20246,P119,P01,0
2025,P02,P20246,P119,P02,0
2025,P02,P20246,P124,P01,0
2025,P02,P20246,P124,P02,0
2025,P02,P20246,P126,P01,0
2025,P02,P20246,P126,P02,0
2025,P02,P20247,P119,P01,0
2025,P02,P20247,P119,P02,0
2025,P02,P20247,P124,P01,0
2025,P02,P20247,P124,P02,0
2025,P02,P20247,P126,P01,0
2025,P02,P20247,P126,P02,0
2025,P02,P20248,P119,P01,0
2025,P02,P20248,P119,P02,0
2025,P02,P20248,P124,P01,0
2025,P02,P20248,P124,P02,0
2025,P02,P20248,P126,P01,0
2025,P02,P20248,P126,P02,0
2025,P02,P20249,P119,P01,0
2025,P02,P20249,P119,P02,0
2025,P02,P20249,P124,P01,0
2025,P02,P20249,P124,P02,0
2025,P02,P20249,P126,P01,0
2025,P02,P20249,P126,P02,0
2025,P02,P20250,P119,P01,0
2025,P02,P20250,P119,P02,0
2025,P02,P20250,P124,P01,0
2025,P02,P20250,P124,P02,0
2025,P02,P20250,P126,P01,0
2025,P02,P20250,P126,P02,0
2025,P02,P20251,P119,P01,0
2025,P02,P20251,P119,P02,0
2025,P02,P20251,P124,P01,0
2025,P02,P20251,P124,P02,0
2025,P02,P20251,P126,P01,0
2025,P02,P20251,P126,P02,0
2025,P02,P20252,P119,P01,0
2025,P02,P20252,P119,P02,0
2025,P02,P20252,P124,P01,0
2025,P02,P20252,P124,P02,0
2025,P02,P20252,P126,P01,0
2025,P02,P20252,P126,P02,0
2025,P02,P20253,P119,P01,0
2025,P02,P20253,P119,P02,0
2025,P02,P20253,P124,P01,0
2025,P02,P20253,P124,P02,0
2025,P02,P20253,P126,P01,0
2025,P02,P20253,P126,P02,0
2025,P02,P20254,P119,P01,0
2025,P02,P20254,P119,P02,0
2025,P02,P20254,P124,P01,0
2025,P02,P20254,P124,P02,0
2025,P02,P20254,P126,P01,0
2025,P02,P20254,P126,P02,0
2025,P02,P20255,P119,P01,0
2025,P02,P20255,P119,P02,0
2025,P02,P20255,P124,P01,0
2025,P02,P20255,P124,P02,0
2025,P02,P20255,P126,P01,0
2025,P02,P20255,P126,P02,0
2025,P02,P20256,P119,P01,0
2025,P02,P20256,P119,P02,0
2025,P02,P20256,P124,P01,0
2025,P02,P20256,P124,P02,0
2025,P02,P20256,P126,P01,0
2025,P02,P20256,P126,P02,0
2025,P02,P20257,P119,P01,0
2025,P02,P20257,P119,P02,0
2025,P02,P20257,P124,P01,0
2025,P02,P20257,P124,P02,0
2025,P02,P20257,P126,P01,0
2025,P02,P20257,P126,P02,0
2025,P02,P20258,P119,P01,0
2025,P02,P20258,P119,P02,0
2025,P02,P20258,P124,P01,0
2025,P02,P20258,P124,P02,0
2025,P02,P20258,P126,P01,0
2025,P02,P20258,P126,P02,0
2025,P02,P20259,P119,P01,0
2025,P02,P20259,P119,P02,0
2025,P02,P20259,P124,P01,0
2025,P02,P20259,P124,P02,0
2025,P02,P20259,P126,P01,0
2025,P02,P20259,P126,P02,0
2025,P02,P20260,P119,P01,1
2025,P02,P20260,P119,P02,0
2025,P02,P20260,P124,P01,0
2025,P02,P20260,P124,P02,0
2025,P02,P20260,P126,P01,0
2025,P02,P20260,P126,P02,0
2025,P02,P20261,P119,P01,0
2025,P02,P20261,P119,P02,0
2025,P02,P20261,P124,P01,0
2025,P02,P20261,P124,P02,0
2025,P02,P20261,P126,P01,0
2025,P02,P20261,P126,P02,0
2025,P02,P20262,P119,P01,0
2025,P02,P20262,P119,P02,0
2025,P02,P20262,P124,P01,0
2025,P02,P20262,P124,P02,0
2025,P02,P20262,P126,P01,0
2025,P02,P20262,P126,P02,0
2025,P02,P20263,P119,P01,2
2025,P02,P20263,P119,P02,0
2025,P02,P20263,P124,P01,0
2025,P02,P20263,P124,P02,0
2025,P02,P20263,P126,P01,0
2025,P02,P20263,P126,P02,0
2025,P02,P20264,P119,P01,0
2025,P02,P20264,P119,P02,0
2025,P02,P20264,P124,P01,0
2025,P02,P20264,P124,P02,0
2025,P02,P20264,P126,P01,0
2025,P02,P20264,P126,P02,0
2025,P02,P20265,P119,P01,0
2025,P02,P20265,P119,P02,0
2025,P02,P20265,P124,P01,0
2025,P02,P20265,P124,P02,0
2025,P02,P20265,P126,P01,0
2025,P02,P20265,P126,P02,0
2025,P02,P20266,P119,P01,50
2025,P02,P20266,P119,P02,0
2025,P02,P20266,P124,P01,0
2025,P02,P20266,P124,P02,0
2025,P02,P20266,P126,P01,0
2025,P02,P20266,P126,P02,0
2025,P02,P20267,P119,P01,0
2025,P02,P20267,P119,P02,0
2025,P02,P20267,P124,P01,0
2025,P02,P20267,P124,P02,0
2025,P02,P20267,P126,P01,0
2025,P02,P20267,P126,P02,0
2025,P02,P20268,P119,P01,0
2025,P02,P20268,P119,P02,0
2025,P02,P20268,P124,P01,0
2025,P02,P20268,P124,P02,0
2025,P02,P20268,P126,P01,0
2025,P02,P20268,P126,P02,0
2025,P02,P20269,P119,P01,0
2025,P02,P20269,P119,P02,0
2025,P02,P20269,P124,P01,0
2025,P02,P20269,P124,P02,0
2025,P02,P20269,P126,P01,0
2025,P02,P20269,P126,P02,0
2025,P02,P20270,P119,P01,0
2025,P02,P20270,P119,P02,0
2025,P02,P20270,P124,P01,0
2025,P02,P20270,P124,P02,0
2025,P02,P20270,P126,P01,0
2025,P02,P20270,P126,P02,0
2025,P02,P20271,P119,P01,0
2025,P02,P20271,P119,P02,0
2025,P02,P20271,P124,P01,0
2025,P02,P20271,P124,P02,0
2025,P02,P20271,P126,P01,0
2025,P02,P20271,P126,P02,0
2025,P02,P20272,P119,P01,0
2025,P02,P20272,P119,P02,0
2025,P02,P20272,P124,P01,0
2025,P02,P20272,P124,P02,0
2025,P02,P20272,P126,P01,0
2025,P02,P20272,P126,P02,0
2025,P02,P20273,P119,P01,0
2025,P02,P20273,P119,P02,0
2025,P02,P20273,P124,P01,0
2025,P02,P20273,P124,P02,0
2025,P02,P20273,P126,P01,0
2025,P02,P20273,P126,P02,0
2025,P02,P20274,P119,P01,0
2025,P02,P20274,P119,P02,0
2025,P02,P20274,P124,P01,0
2025,P02,P20274,P124,P02,0
2025,P02,P20274,P126,P01,0
2025,P02,P20274,P126,P02,0
2025,P02,P20275,P119,P01,3
2025,P02,P20275,P119,P02,0
2025,P02,P20275,P124,P01,0
2025,P02,P20275,P124,P02,0
2025,P02,P20275,P126,P01,0
2025,P02,P20275,P126,P02,0
2025,P02,P20276,P119,P01,0
2025,P02,P20276,P119,P02,0
2025,P02,P20276,P124,P01,0
2025,P02,P20276,P124,P02,0
2025,P02,P20276,P126,P01,0
2025,P02,P20276,P126,P02,0
2025,P02,P20277,P119,P01,8
2025,P02,P20277,P119,P02,0
2025,P02,P20277,P124,P01,0
2025,P02,P20277,P124,P02,0
2025,P02,P20277,P126,P01,0
2025,P02,P20277,P126,P02,0
2025,P02,P20278,P119,P01,0
2025,P02,P20278,P119,P02,0
2025,P02,P20278,P124,P01,0
2025,P02,P20278,P124,P02,0
2025,P02,P20278,P126,P01,0
2025,P02,P20278,P126,P02,0
2025,P02,P20279,P119,P01,0
2025,P02,P20279,P119,P02,0
2025,P02,P20279,P124,P01,0
2025,P02,P20279,P124,P02,0
2025,P02,P20279,P126,P01,0
2025,P02,P20279,P126,P02,0
2025,P02,P20280,P119,P01,0
2025,P02,P20280,P119,P02,0
2025,P02,P20280,P124,P01,0
2025,P02,P20280,P124,P02,0
2025,P02,P20280,P126,P01,0
2025,P02,P20280,P126,P02,0
2025,P02,P20281,P119,P01,0
2025,P02,P20281,P119,P02,0
2025,P02,P20281,P124,P01,0
2025,P02,P20281,P124,P02,0
2025,P02,P20281,P126,P01,0
2025,P02,P20281,P126,P02,0
2025,P02,P20282,P119,P01,0
2025,P02,P20282,P119,P02,0
2025,P02,P20282,P124,P01,0
2025,P02,P20282,P124,P02,0
2025,P02,P20282,P126,P01,0
2025,P02,P20282,P126,P02,0
2025,P02,P20283,P119,P01,0
2025,P02,P20283,P119,P02,0
2025,P02,P20283,P124,P01,0
2025,P02,P20283,P124,P02,0
2025,P02,P20283,P126,P01,0
2025,P02,P20283,P126,P02,0
2025,P02,P20284,P119,P01,0
2025,P02,P20284,P119,P02,0
2025,P02,P20284,P124,P01,0
2025,P02,P20284,P124,P02,0
2025,P02,P20284,P126,P01,0
2025,P02,P20284,P126,P02,0
2025,P02,P20285,P119,P01,0
2025,P02,P20285,P119,P02,0
2025,P02,P20285,P124,P01,0
2025,P02,P20285,P124,P02,0
2025,P02,P20285,P126,P01,0
2025,P02,P20285,P126,P02,0
2025,P02,P20286,P119,P01,16
2025,P02,P20286,P119,P02,0
2025,P02,P20286,P124,P01,0
2025,P02,P20286,P124,P02,0
2025,P02,P20286,P126,P01,0
2025,P02,P20286,P126,P02,0
2025,P02,P20287,P119,P01,0
2025,P02,P20287,P119,P02,0
2025,P02,P20287,P124,P01,0
2025,P02,P20287,P124,P02,0
2025,P02,P20287,P126,P01,0
2025,P02,P20287,P126,P02,0
2025,P02,P20288,P119,P01,0
2025,P02,P20288,P119,P02,0
2025,P02,P20288,P124,P01,0
2025,P02,P20288,P124,P02,0
2025,P02,P20288,P126,P01,0
2025,P02,P20288,P126,P02,0
2025,P02,P20289,P119,P01,0
2025,P02,P20289,P119,P02,0
2025,P02,P20289,P124,P01,0
2025,P02,P20289,P124,P02,0
2025,P02,P20289,P126,P01,0
2025,P02,P20289,P126,P02,0
2025,P02,P20290,P119,P01,0
2025,P02,P20290,P119,P02,0
2025,P02,P20290,P124,P01,0
2025,P02,P20290,P124,P02,0
2025,P02,P20290,P126,P01,0
2025,P02,P20290,P126,P02,0
2025,P02,P20291,P119,P01,0
2025,P02,P20291,P119,P02,0
2025,P02,P20291,P124,P01,0
2025,P02,P20291,P124,P02,0
2025,P02,P20291,P126,P01,0
2025,P02,P20291,P126,P02,0
2025,P02,P20292,P119,P01,0
2025,P02,P20292,P119,P02,0
2025,P02,P20292,P124,P01,0
2025,P02,P20292,P124,P02,0
2025,P02,P20292,P126,P01,0
2025,P02,P20292,P126,P02,0
2025,P02,P20293,P119,P01,12
2025,P02,P20293,P119,P02,0
2025,P02,P20293,P124,P01,0
2025,P02,P20293,P124,P02,0
2025,P02,P20293,P126,P01,0
2025,P02,P20293,P126,P02,0
2025,P02,P20294,P119,P01,0
2025,P02,P20294,P119,P02,0
2025,P02,P20294,P124,P01,0
2025,P02,P20294,P124,P02,0
2025,P02,P20294,P126,P01,0
2025,P02,P20294,P126,P02,0
2025,P02,P20295,P119,P01,6
2025,P02,P20295,P119,P02,0
2025,P02,P20295,P124,P01,0
2025,P02,P20295,P124,P02,0
2025,P02,P20295,P126,P01,0
2025,P02,P20295,P126,P02,0
2025,P02,P20296,P119,P01,0
2025,P02,P20296,P119,P02,0
2025,P02,P20296,P124,P01,0
2025,P02,P20296,P124,P02,0
2025,P02,P20296,P126,P01,0
2025,P02,P20296,P126,P02,0
2025,P02,P20297,P119,P01,1
2025,P02,P20297,P119,P02,0
2025,P02,P20297,P124,P01,0
2025,P02,P20297,P124,P02,0
2025,P02,P20297,P126,P01,0
2025,P02,P20297,P126,P02,0
2025,P02,P20298,P119,P01,10
2025,P02,P20298,P119,P02,0
2025,P02,P20298,P124,P01,0
2025,P02,P20298,P124,P02,0
2025,P02,P20298,P126,P01,0
2025,P02,P20298,P126,P02,0
2025,P02,P20299,P119,P01,0
2025,P02,P20299,P119,P02,0
2025,P02,P20299,P124,P01,0
2025,P02,P20299,P124,P02,0
2025,P02,P20299,P126,P01,0
2025,P02,P20299,P126,P02,0
2025,P02,P20300,P119,P01,0
2025,P02,P20300,P119,P02,0
2025,P02,P20300,P124,P01,0
2025,P02,P20300,P124,P02,0
2025,P02,P20300,P126,P01,0
2025,P02,P20300,P126,P02,0
2025,P02,P20301,P119,P01,0
2025,P02,P20301,P119,P02,0
2025,P02,P20301,P124,P01,0
2025,P02,P20301,P124,P02,0
2025,P02,P20301,P126,P01,0
2025,P02,P20301,P126,P02,0
2025,P02,P20302,P119,P01,0
2025,P02,P20302,P119,P02,0
2025,P02,P20302,P124,P01,0
2025,P02,P20302,P124,P02,0
2025,P02,P20302,P126,P01,0
2025,P02,P20302,P126,P02,0
2025,P02,P20303,P119,P01,0
2025,P02,P20303,P119,P02,0
2025,P02,P20303,P124,P01,0
2025,P02,P20303,P124,P02,0
2025,P02,P20303,P126,P01,0
2025,P02,P20303,P126,P02,0
2025,P02,P20304,P119,P01,0
2025,P02,P20304,P119,P02,0
2025,P02,P20304,P124,P01,0
2025,P02,P20304,P124,P02,0
2025,P02,P20304,P126,P01,0
2025,P02,P20304,P126,P02,0
2025,P02,P20305,P119,P01,0
2025,P02,P20305,P119,P02,0
2025,P02,P20305,P124,P01,0
2025,P02,P20305,P124,P02,0
2025,P02,P20305,P126,P01,0
2025,P02,P20305,P126,P02,0
2025,P02,P20306,P119,P01,0
2025,P02,P20306,P119,P02,0
2025,P02,P20306,P124,P01,0
2025,P02,P20306,P124,P02,0
2025,P02,P20306,P126,P01,0
2025,P02,P20306,P126,P02,0
2025,P02,P20307,P119,P01,62
2025,P02,P20307,P119,P02,0
2025,P02,P20307,P124,P01,0
2025,P02,P20307,P124,P02,0
2025,P02,P20307,P126,P01,1
2025,P02,P20307,P126,P02,0
2025,P02,P20308,P119,P01,0
2025,P02,P20308,P119,P02,0
2025,P02,P20308,P124,P01,0
2025,P02,P20308,P124,P02,0
2025,P02,P20308,P126,P01,0
2025,P02,P20308,P126,P02,0
2025,P02,P20309,P119,P01,10
2025,P02,P20309,P119,P02,0
2025,P02,P20309,P124,P01,0
2025,P02,P20309,P124,P02,0
2025,P02,P20309,P126,P01,0
2025,P02,P20309,P126,P02,0
2025,P02,P20310,P119,P01,39
2025,P02,P20310,P119,P02,0
2025,P02,P20310,P124,P01,0
2025,P02,P20310,P124,P02,0
2025,P02,P20310,P126,P01,0
2025,P02,P20310,P126,P02,0
2025,P02,P20311,P119,P01,0
2025,P02,P20311,P119,P02,0
2025,P02,P20311,P124,P01,0
2025,P02,P20311,P124,P02,0
2025,P02,P20311,P126,P01,0
2025,P02,P20311,P126,P02,0
2025,P02,P20312,P119,P01,0
2025,P02,P20312,P119,P02,0
2025,P02,P20312,P124,P01,0
2025,P02,P20312,P124,P02,0
2025,P02,P20312,P126,P01,0
2025,P02,P20312,P126,P02,0
2025,P02,P20313,P119,P01,0
2025,P02,P20313,P119,P02,0
2025,P02,P20313,P124,P01,0
2025,P02,P20313,P124,P02,0
2025,P02,P20313,P126,P01,0
2025,P02,P20313,P126,P02,0
2025,P02,P20314,P119,P01,0
2025,P02,P20314,P119,P02,0
2025,P02,P20314,P124,P01,0
2025,P02,P20314,P124,P02,0
2025,P02,P20314,P126,P01,0
2025,P02,P20314,P126,P02,0
2025,P02,P20315,P119,P01,0
2025,P02,P20315,P119,P02,0
2025,P02,P20315,P124,P01,0
2025,P02,P20315,P124,P02,0
2025,P02,P20315,P126,P01,0
2025,P02,P20315,P126,P02,0
2025,P02,P20316,P119,P01,0
2025,P02,P20316,P119,P02,0
2025,P02,P20316,P124,P01,0
2025,P02,P20316,P124,P02,0
2025,P02,P20316,P126,P01,0
2025,P02,P20316,P126,P02,0
2025,P02,P20317,P119,P01,0
2025,P02,P20317,P119,P02,0
2025,P02,P20317,P124,P01,0
2025,P02,P20317,P124,P02,0
2025,P02,P20317,P126,P01,0
2025,P02,P20317,P126,P02,0
2025,P02,P20318,P119,P01,0
2025,P02,P20318,P119,P02,0
2025,P02,P20318,P124,P01,0
2025,P02,P20318,P124,P02,0
2025,P02,P20318,P126,P01,0
2025,P02,P20318,P126,P02,0
2025,P02,P20319,P119,P01,0
2025,P02,P20319,P119,P02,0
2025,P02,P20319,P124,P01,0
2025,P02,P20319,P124,P02,0
2025,P02,P20319,P126,P01,0
2025,P02,P20319,P126,P02,0
2025,P02,P20320,P119,P01,0
2025,P02,P20320,P119,P02,0
2025,P02,P20320,P124,P01,0
2025,P02,P20320,P124,P02,0
2025,P02,P20320,P126,P01,0
2025,P02,P20320,P126,P02,0
2025,P02,P20321,P119,P01,0
2025,P02,P20321,P119,P02,0
2025,P02,P20321,P124,P01,0
2025,P02,P20321,P124,P02,0
2025,P02,P20321,P126,P01,0
2025,P02,P20321,P126,P02,0
2025,P02,P20322,P119,P01,0
2025,P02,P20322,P119,P02,0
2025,P02,P20322,P124,P01,0
2025,P02,P20322,P124,P02,0
2025,P02,P20322,P126,P01,0
2025,P02,P20322,P126,P02,0
2025,P02,P20323,P119,P01,0
2025,P02,P20323,P119,P02,0
2025,P02,P20323,P124,P01,0
2025,P02,P20323,P124,P02,0
2025,P02,P20323,P126,P01,0
2025,P02,P20323,P126,P02,0
2025,P02,P20324,P119,P01,0
2025,P02,P20324,P119,P02,0
2025,P02,P20324,P124,P01,0
2025,P02,P20324,P124,P02,0
2025,P02,P20324,P126,P01,0
2025,P02,P20324,P126,P02,0
2025,P02,P20325,P119,P01,0
2025,P02,P20325,P119,P02,0
2025,P02,P20325,P124,P01,0
2025,P02,P20325,P124,P02,0
2025,P02,P20325,P126,P01,0
2025,P02,P20325,P126,P02,0
2025,P02,P20326,P119,P01,0
2025,P02,P20326,P119,P02,0
2025,P02,P20326,P124,P01,0
2025,P02,P20326,P124,P02,0
2025,P02,P20326,P126,P01,0
2025,P02,P20326,P126,P02,0
2025,P02,P20327,P119,P01,9
2025,P02,P20327,P119,P02,0
2025,P02,P20327,P124,P01,0
2025,P02,P20327,P124,P02,0
2025,P02,P20327,P126,P01,0
2025,P02,P20327,P126,P02,0
2025,P02,P20328,P119,P01,0
2025,P02,P20328,P119,P02,0
2025,P02,P20328,P124,P01,0
2025,P02,P20328,P124,P02,0
2025,P02,P20328,P126,P01,0
2025,P02,P20328,P126,P02,0
2025,P02,P20329,P119,P01,4
2025,P02,P20329,P119,P02,0
2025,P02,P20329,P124,P01,0
2025,P02,P20329,P124,P02,0
2025,P02,P20329,P126,P01,0
2025,P02,P20329,P126,P02,0
2025,P02,P20330,P119,P01,0
2025,P02,P20330,P119,P02,0
2025,P02,P20330,P124,P01,0
2025,P02,P20330,P124,P02,0
2025,P02,P20330,P126,P01,0
2025,P02,P20330,P126,P02,0
2025,P02,P20331,P119,P01,0
2025,P02,P20331,P119,P02,0
2025,P02,P20331,P124,P01,0
2025,P02,P20331,P124,P02,0
2025,P02,P20331,P126,P01,0
2025,P02,P20331,P126,P02,0
2025,P02,P20332,P119,P01,0
2025,P02,P20332,P119,P02,0
2025,P02,P20332,P124,P01,0
2025,P02,P20332,P124,P02,0
2025,P02,P20332,P126,P01,0
2025,P02,P20332,P126,P02,0
2025,P02,P20333,P119,P01,0
2025,P02,P20333,P119,P02,0
2025,P02,P20333,P124,P01,0
2025,P02,P20333,P124,P02,0
2025,P02,P20333,P126,P01,0
2025,P02,P20333,P126,P02,0
2025,P02,P20334,P119,P01,14
2025,P02,P20334,P119,P02,0
2025,P02,P20334,P124,P01,0
2025,P02,P20334,P124,P02,0
2025,P02,P20334,P126,P01,0
2025,P02,P20334,P126,P02,0
2025,P02,P20335,P119,P01,0
2025,P02,P20335,P119,P02,0
2025,P02,P20335,P124,P01,0
2025,P02,P20335,P124,P02,0
2025,P02,P20335,P126,P01,0
2025,P02,P20335,P126,P02,0
2025,P02,P20336,P119,P01,0
2025,P02,P20336,P119,P02,0
2025,P02,P20336,P124,P01,0
2025,P02,P20336,P124,P02,0
2025,P02,P20336,P126,P01,0
2025,P02,P20336,P126,P02,0
2025,P02,P20337,P119,P01,5
2025,P02,P20337,P119,P02,0
2025,P02,P20337,P124,P01,0
2025,P02,P20337,P124,P02,0
2025,P02,P20337,P126,P01,0
2025,P02,P20337,P126,P02,0
2025,P02,P20338,P119,P01,8
2025,P02,P20338,P119,P02,0
2025,P02,P20338,P124,P01,0
2025,P02,P20338,P124,P02,0
2025,P02,P20338,P126,P01,0
2025,P02,P20338,P126,P02,0
2025,P02,P20339,P119,P01,9
2025,P02,P20339,P119,P02,0
2025,P02,P20339,P124,P01,0
2025,P02,P20339,P124,P02,0
2025,P02,P20339,P126,P01,0
2025,P02,P20339,P126,P02,0
2025,P02,P20340,P119,P01,0
2025,P02,P20340,P119,P02,0
2025,P02,P20340,P124,P01,0
2025,P02,P20340,P124,P02,0
2025,P02,P20340,P126,P01,0
2025,P02,P20340,P126,P02,0
2025,P02,P20341,P119,P01,0
2025,P02,P20341,P119,P02,0
2025,P02,P20341,P124,P01,0
2025,P02,P20341,P124,P02,0
2025,P02,P20341,P126,P01,0
2025,P02,P20341,P126,P02,0
2025,P02,P20342,P119,P01,0
2025,P02,P20342,P119,P02,0
2025,P02,P20342,P124,P01,0
2025,P02,P20342,P124,P02,0
2025,P02,P20342,P126,P01,0
2025,P02,P20342,P126,P02,0
2025,P02,P20343,P119,P01,0
2025,P02,P20343,P119,P02,0
2025,P02,P20343,P124,P01,0
2025,P02,P20343,P124,P02,0
2025,P02,P20343,P126,P01,0
2025,P02,P20343,P126,P02,0
2025,P02,P20344,P119,P01,0
2025,P02,P20344,P119,P02,0
2025,P02,P20344,P124,P01,0
2025,P02,P20344,P124,P02,0
2025,P02,P20344,P126,P01,0
2025,P02,P20344,P126,P02,0
2025,P02,P20345,P119,P01,107
2025,P02,P20345,P119,P02,0
2025,P02,P20345,P124,P01,0
2025,P02,P20345,P124,P02,0
2025,P02,P20345,P126,P01,1
2025,P02,P20345,P126,P02,0
2025,P02,P20346,P119,P01,0
2025,P02,P20346,P119,P02,0
2025,P02,P20346,P124,P01,0
2025,P02,P20346,P124,P02,0
2025,P02,P20346,P126,P01,0
2025,P02,P20346,P126,P02,0
2025,P02,P20347,P119,P01,0
2025,P02,P20347,P119,P02,0
2025,P02,P20347,P124,P01,0
2025,P02,P20347,P124,P02,0
2025,P02,P20347,P126,P01,0
2025,P02,P20347,P126,P02,0
2025,P02,P20348,P119,P01,0
2025,P02,P20348,P119,P02,0
2025,P02,P20348,P124,P01,0
2025,P02,P20348,P124,P02,0
2025,P02,P20348,P126,P01,0
2025,P02,P20348,P126,P02,0
2025,P02,P20349,P119,P01,0
2025,P02,P20349,P119,P02,0
2025,P02,P20349,P124,P01,0
2025,P02,P20349,P124,P02,0
2025,P02,P20349,P126,P01,0
2025,P02,P20349,P126,P02,0
2025,P02,P20350,P119,P01,19
2025,P02,P20350,P119,P02,0
2025,P02,P20350,P124,P01,0
2025,P02,P20350,P124,P02,0
2025,P02,P20350,P126,P01,0
2025,P02,P20350,P126,P02,0
2025,P02,P20351,P119,P01,0
2025,P02,P20351,P119,P02,0
2025,P02,P20351,P124,P01,0
2025,P02,P20351,P124,P02,0
2025,P02,P20351,P126,P01,0
2025,P02,P20351,P126,P02,0
2025,P02,P20352,P119,P01,0
2025,P02,P20352,P119,P02,0
2025,P02,P20352,P124,P01,0
2025,P02,P20352,P124,P02,0
2025,P02,P20352,P126,P01,0
2025,P02,P20352,P126,P02,0
2025,P02,P20353,P119,P01,0
2025,P02,P20353,P119,P02,0
2025,P02,P20353,P124,P01,0
2025,P02,P20353,P124,P02,0
2025,P02,P20353,P126,P01,0
2025,P02,P20353,P126,P02,0
2025,P02,P20354,P119,P01,0
2025,P02,P20354,P119,P02,0
2025,P02,P20354,P124,P01,0
2025,P02,P20354,P124,P02,0
2025,P02,P20354,P126,P01,0
2025,P02,P20354,P126,P02,0
2025,P02,P20355,P119,P01,0
2025,P02,P20355,P119,P02,0
2025,P02,P20355,P124,P01,0
2025,P02,P20355,P124,P02,0
2025,P02,P20355,P126,P01,0
2025,P02,P20355,P126,P02,0
2025,P02,P20356,P119,P01,0
2025,P02,P20356,P119,P02,0
2025,P02,P20356,P124,P01,0
2025,P02,P20356,P124,P02,0
2025,P02,P20356,P126,P01,0
2025,P02,P20356,P126,P02,0
2025,P02,P20357,P119,P01,0
2025,P02,P20357,P119,P02,0
2025,P02,P20357,P124,P01,0
2025,P02,P20357,P124,P02,0
2025,P02,P20357,P126,P01,0
2025,P02,P20357,P126,P02,0
2025,P02,P20358,P119,P01,0
2025,P02,P20358,P119,P02,0
2025,P02,P20358,P124,P01,0
2025,P02,P20358,P124,P02,0
2025,P02,P20358,P126,P01,0
2025,P02,P20358,P126,P02,0
2025,P02,P20359,P119,P01,0
2025,P02,P20359,P119,P02,0
2025,P02,P20359,P124,P01,0
2025,P02,P20359,P124,P02,0
2025,P02,P20359,P126,P01,0
2025,P02,P20359,P126,P02,0
2025,P02,P20360,P119,P01,0
2025,P02,P20360,P119,P02,0
2025,P02,P20360,P124,P01,0
2025,P02,P20360,P124,P02,0
2025,P02,P20360,P126,P01,0
2025,P02,P20360,P126,P02,0
2025,P02,P20361,P119,P01,0
2025,P02,P20361,P119,P02,0
2025,P02,P20361,P124,P01,0
2025,P02,P20361,P124,P02,0
2025,P02,P20361,P126,P01,0
2025,P02,P20361,P126,P02,0
2025,P02,P20362,P119,P01,0
2025,P02,P20362,P119,P02,0
2025,P02,P20362,P124,P01,0
2025,P02,P20362,P124,P02,0
2025,P02,P20362,P126,P01,0
2025,P02,P20362,P126,P02,0
2025,P02,P20363,P119,P01,5
2025,P02,P20363,P119,P02,0
2025,P02,P20363,P124,P01,0
2025,P02,P20363,P124,P02,0
2025,P02,P20363,P126,P01,0
2025,P02,P20363,P126,P02,0
2025,P02,P20364,P119,P01,0
2025,P02,P20364,P119,P02,0
2025,P02,P20364,P124,P01,0
2025,P02,P20364,P124,P02,0
2025,P02,P20364,P126,P01,0
2025,P02,P20364,P126,P02,0
2025,P02,P20365,P119,P01,0
2025,P02,P20365,P119,P02,0
2025,P02,P20365,P124,P01,0
2025,P02,P20365,P124,P02,0
2025,P02,P20365,P126,P01,0
2025,P02,P20365,P126,P02,0
2025,P02,P20366,P119,P01,0
2025,P02,P20366,P119,P02,0
2025,P02,P20366,P124,P01,0
2025,P02,P20366,P124,P02,0
2025,P02,P20366,P126,P01,0
2025,P02,P20366,P126,P02,0
2025,P02,P20367,P119,P01,1
2025,P02,P20367,P119,P02,0
2025,P02,P20367,P124,P01,0
2025,P02,P20367,P124,P02,0
2025,P02,P20367,P126,P01,0
2025,P02,P20367,P126,P02,0
2025,P02,P20368,P119,P01,0
2025,P02,P20368,P119,P02,0
2025,P02,P20368,P124,P01,0
2025,P02,P20368,P124,P02,0
2025,P02,P20368,P126,P01,0
2025,P02,P20368,P126,P02,0
2025,P02,P20369,P119,P01,0
2025,P02,P20369,P119,P02,0
2025,P02,P20369,P124,P01,0
2025,P02,P20369,P124,P02,0
2025,P02,P20369,P126,P01,0
2025,P02,P20369,P126,P02,0
2025,P02,P20370,P119,P01,0
2025,P02,P20370,P119,P02,0
2025,P02,P20370,P124,P01,0
2025,P02,P20370,P124,P02,0
2025,P02,P20370,P126,P01,0
2025,P02,P20370,P126,P02,0
2025,P02,P20371,P119,P01,0
2025,P02,P20371,P119,P02,0
2025,P02,P20371,P124,P01,0
2025,P02,P20371,P124,P02,0
2025,P02,P20371,P126,P01,0
2025,P02,P20371,P126,P02,0
2025,P02,P20372,P119,P01,0
2025,P02,P20372,P119,P02,0
2025,P02,P20372,P124,P01,0
2025,P02,P20372,P124,P02,0
2025,P02,P20372,P126,P01,0
2025,P02,P20372,P126,P02,0
2025,P02,P20373,P119,P01,0
2025,P02,P20373,P119,P02,0
2025,P02,P20373,P124,P01,0
2025,P02,P20373,P124,P02,0
2025,P02,P20373,P126,P01,0
2025,P02,P20373,P126,P02,0
2025,P02,P20374,P119,P01,0
2025,P02,P20374,P119,P02,0
2025,P02,P20374,P124,P01,0
2025,P02,P20374,P124,P02,0
2025,P02,P20374,P126,P01,0
2025,P02,P20374,P126,P02,0
2025,P02,P20375,P119,P01,0
2025,P02,P20375,P119,P02,0
2025,P02,P20375,P124,P01,0
2025,P02,P20375,P124,P02,0
2025,P02,P20375,P126,P01,0
2025,P02,P20375,P126,P02,0
2025,P02,P20376,P119,P01,0
2025,P02,P20376,P119,P02,0
2025,P02,P20376,P124,P01,0
2025,P02,P20376,P124,P02,0
2025,P02,P20376,P126,P01,0
2025,P02,P20376,P126,P02,0
2025,P02,P20377,P119,P01,0
2025,P02,P20377,P119,P02,0
2025,P02,P20377,P124,P01,0
2025,P02,P20377,P124,P02,0
2025,P02,P20377,P126,P01,0
2025,P02,P20377,P126,P02,0
2025,P02,P20378,P119,P01,0
2025,P02,P20378,P119,P02,0
2025,P02,P20378,P124,P01,0
2025,P02,P20378,P124,P02,0
2025,P02,P20378,P126,P01,0
2025,P02,P20378,P126,P02,0
2025,P02,P20379,P119,P01,240
2025,P02,P20379,P119,P02,0
2025,P02,P20379,P124,P01,0
2025,P02,P20379,P124,P02,0
2025,P02,P20379,P126,P01,2
2025,P02,P20379,P126,P02,0
2025,P02,P20380,P119,P01,0
2025,P02,P20380,P119,P02,0
2025,P02,P20380,P124,P01,0
2025,P02,P20380,P124,P02,0
2025,P02,P20380,P126,P01,0
2025,P02,P20380,P126,P02,0
2025,P02,P20381,P119,P01,0
2025,P02,P20381,P119,P02,0
2025,P02,P20381,P124,P01,0
2025,P02,P20381,P124,P02,0
2025,P02,P20381,P126,P01,0
2025,P02,P20381,P126,P02,0
2025,P02,P20382,P119,P01,0
2025,P02,P20382,P119,P02,0
2025,P02,P20382,P124,P01,0
2025,P02,P20382,P124,P02,0
2025,P02,P20382,P126,P01,0
2025,P02,P20382,P126,P02,0
2025,P02,P20383,P119,P01,0
2025,P02,P20383,P119,P02,0
2025,P02,P20383,P124,P01,0
2025,P02,P20383,P124,P02,0
2025,P02,P20383,P126,P01,0
2025,P02,P20383,P126,P02,0
2025,P02,P20384,P119,P01,0
2025,P02,P20384,P119,P02,0
2025,P02,P20384,P124,P01,0
2025,P02,P20384,P124,P02,0
2025,P02,P20384,P126,P01,0
2025,P02,P20384,P126,P02,0
2025,P02,P20385,P119,P01,96
2025,P02,P20385,P119,P02,0
2025,P02,P20385,P124,P01,0
2025,P02,P20385,P124,P02,0
2025,P02,P20385,P126,P01,1
2025,P02,P20385,P126,P02,0
2025,P02,P20386,P119,P01,0
2025,P02,P20386,P119,P02,0
2025,P02,P20386,P124,P01,0
2025,P02,P20386,P124,P02,0
2025,P02,P20386,P126,P01,0
2025,P02,P20386,P126,P02,0
2025,P02,P20387,P119,P01,0
2025,P02,P20387,P119,P02,0
2025,P02,P20387,P124,P01,0
2025,P02,P20387,P124,P02,0
2025,P02,P20387,P126,P01,0
2025,P02,P20387,P126,P02,0
2025,P02,P20388,P119,P01,0
2025,P02,P20388,P119,P02,0
2025,P02,P20388,P124,P01,0
2025,P02,P20388,P124,P02,0
2025,P02,P20388,P126,P01,0
2025,P02,P20388,P126,P02,0
2025,P02,P20389,P119,P01,0
2025,P02,P20389,P119,P02,0
2025,P02,P20389,P124,P01,0
2025,P02,P20389,P124,P02,0
2025,P02,P20389,P126,P01,0
2025,P02,P20389,P126,P02,0
2025,P02,P20390,P119,P01,121
2025,P02,P20390,P119,P02,0
2025,P02,P20390,P124,P01,0
2025,P02,P20390,P124,P02,0
2025,P02,P20390,P126,P01,1
2025,P02,P20390,P126,P02,0
2025,P02,P20391,P119,P01,0
2025,P02,P20391,P119,P02,0
2025,P02,P20391,P124,P01,0
2025,P02,P20391,P124,P02,0
2025,P02,P20391,P126,P01,0
2025,P02,P20391,P126,P02,0
2025,P02,P20392,P119,P01,0
2025,P02,P20392,P119,P02,0
2025,P02,P20392,P124,P01,0
2025,P02,P20392,P124,P02,0
2025,P02,P20392,P126,P01,0
2025,P02,P20392,P126,P02,0
2025,P02,P20393,P119,P01,4
2025,P02,P20393,P119,P02,0
2025,P02,P20393,P124,P01,0
2025,P02,P20393,P124,P02,0
2025,P02,P20393,P126,P01,0
2025,P02,P20393,P126,P02,0
2025,P02,P20394,P119,P01,0
2025,P02,P20394,P119,P02,0
2025,P02,P20394,P124,P01,0
2025,P02,P20394,P124,P02,0
2025,P02,P20394,P126,P01,0
2025,P02,P20394,P126,P02,0
2025,P02,P20395,P119,P01,0
2025,P02,P20395,P119,P02,0
2025,P02,P20395,P124,P01,0
2025,P02,P20395,P124,P02,0
2025,P02,P20395,P126,P01,0
2025,P02,P20395,P126,P02,0
2025,P02,P20396,P119,P01,0
2025,P02,P20396,P119,P02,0
2025,P02,P20396,P124,P01,0
2025,P02,P20396,P124,P02,0
2025,P02,P20396,P126,P01,0
2025,P02,P20396,P126,P02,0
2025,P02,P20397,P119,P01,621
2025,P02,P20397,P119,P02,0
2025,P02,P20397,P124,P01,1
2025,P02,P20397,P124,P02,0
2025,P02,P20397,P126,P01,6
2025,P02,P20397,P126,P02,0
2025,P02,P20398,P119,P01,0
2025,P02,P20398,P119,P02,0
2025,P02,P20398,P124,P01,0
2025,P02,P20398,P124,P02,0
2025,P02,P20398,P126,P01,0
2025,P02,P20398,P126,P02,0
2025,P02,P20399,P119,P01,39
2025,P02,P20399,P119,P02,0
2025,P02,P20399,P124,P01,0
2025,P02,P20399,P124,P02,0
2025,P02,P20399,P126,P01,0
2025,P02,P20399,P126,P02,0
2025,P02,P20400,P119,P01,0
2025,P02,P20400,P119,P02,0
2025,P02,P20400,P124,P01,0
2025,P02,P20400,P124,P02,0
2025,P02,P20400,P126,P01,0
2025,P02,P20400,P126,P02,0
2025,P02,P20401,P119,P01,0
2025,P02,P20401,P119,P02,0
2025,P02,P20401,P124,P01,0
2025,P02,P20401,P124,P02,0
2025,P02,P20401,P126,P01,0
2025,P02,P20401,P126,P02,0
2025,P02,P20402,P119,P01,0
2025,P02,P20402,P119,P02,0
2025,P02,P20402,P124,P01,0
2025,P02,P20402,P124,P02,0
2025,P02,P20402,P126,P01,0
2025,P02,P20402,P126,P02,0
2025,P02,P20403,P119,P01,0
2025,P02,P20403,P119,P02,0
2025,P02,P20403,P124,P01,0
2025,P02,P20403,P124,P02,0
2025,P02,P20403,P126,P01,0
2025,P02,P20403,P126,P02,0
2025,P02,P20404,P119,P01,0
2025,P02,P20404,P119,P02,0
2025,P02,P20404,P124,P01,0
2025,P02,P20404,P124,P02,0
2025,P02,P20404,P126,P01,0
2025,P02,P20404,P126,P02,0
2025,P02,P20405,P119,P01,0
2025,P02,P20405,P119,P02,0
2025,P02,P20405,P124,P01,0
2025,P02,P20405,P124,P02,0
2025,P02,P20405,P126,P01,0
2025,P02,P20405,P126,P02,0
2025,P02,P20406,P119,P01,40
2025,P02,P20406,P119,P02,0
2025,P02,P20406,P124,P01,0
2025,P02,P20406,P124,P02,0
2025,P02,P20406,P126,P01,0
2025,P02,P20406,P126,P02,0
2025,P02,P20407,P119,P01,0
2025,P02,P20407,P119,P02,0
2025,P02,P20407,P124,P01,0
2025,P02,P20407,P124,P02,0
2025,P02,P20407,P126,P01,0
2025,P02,P20407,P126,P02,0
2025,P02,P20408,P119,P01,0
2025,P02,P20408,P119,P02,0
2025,P02,P20408,P124,P01,0
2025,P02,P20408,P124,P02,0
2025,P02,P20408,P126,P01,0
2025,P02,P20408,P126,P02,0
2025,P02,P20409,P119,P01,0
2025,P02,P20409,P119,P02,0
2025,P02,P20409,P124,P01,0
2025,P02,P20409,P124,P02,0
2025,P02,P20409,P126,P01,0
2025,P02,P20409,P126,P02,0
2025,P02,P20410,P119,P01,0
2025,P02,P20410,P119,P02,0
2025,P02,P20410,P124,P01,0
2025,P02,P20410,P124,P02,0
2025,P02,P20410,P126,P01,0
2025,P02,P20410,P126,P02,0
2025,P02,P20411,P119,P01,0
2025,P02,P20411,P119,P02,0
2025,P02,P20411,P124,P01,0
2025,P02,P20411,P124,P02,0
2025,P02,P20411,P126,P01,0
2025,P02,P20411,P126,P02,0
2025,P02,P20412,P119,P01,0
2025,P02,P20412,P119,P02,0
2025,P02,P20412,P124,P01,0
2025,P02,P20412,P124,P02,0
2025,P02,P20412,P126,P01,0
2025,P02,P20412,P126,P02,0
2025,P02,P20413,P119,P01,92
2025,P02,P20413,P119,P02,0
2025,P02,P20413,P124,P01,0
2025,P02,P20413,P124,P02,0
2025,P02,P20413,P126,P01,1
2025,P02,P20413,P126,P02,0
2025,P02,P20414,P119,P01,0
2025,P02,P20414,P119,P02,0
2025,P02,P20414,P124,P01,0
2025,P02,P20414,P124,P02,0
2025,P02,P20414,P126,P01,0
2025,P02,P20414,P126,P02,0
2025,P02,P20415,P119,P01,0
2025,P02,P20415,P119,P02,0
2025,P02,P20415,P124,P01,0
2025,P02,P20415,P124,P02,0
2025,P02,P20415,P126,P01,0
2025,P02,P20415,P126,P02,0
2025,P02,P20416,P119,P01,0
2025,P02,P20416,P119,P02,0
2025,P02,P20416,P124,P01,0
2025,P02,P20416,P124,P02,0
2025,P02,P20416,P126,P01,0
2025,P02,P20416,P126,P02,0
2025,P02,P20417,P119,P01,0
2025,P02,P20417,P119,P02,0
2025,P02,P20417,P124,P01,0
2025,P02,P20417,P124,P02,0
2025,P02,P20417,P126,P01,0
2025,P02,P20417,P126,P02,0
2025,P02,P20418,P119,P01,0
2025,P02,P20418,P119,P02,0
2025,P02,P20418,P124,P01,0
2025,P02,P20418,P124,P02,0
2025,P02,P20418,P126,P01,0
2025,P02,P20418,P126,P02,0
2025,P02,P20419,P119,P01,0
2025,P02,P20419,P119,P02,0
2025,P02,P20419,P124,P01,0
2025,P02,P20419,P124,P02,0
2025,P02,P20419,P126,P01,0
2025,P02,P20419,P126,P02,0
2025,P02,P20420,P119,P01,0
2025,P02,P20420,P119,P02,0
2025,P02,P20420,P124,P01,0
2025,P02,P20420,P124,P02,0
2025,P02,P20420,P126,P01,0
2025,P02,P20420,P126,P02,0
2025,P02,P20421,P119,P01,16
2025,P02,P20421,P119,P02,0
2025,P02,P20421,P124,P01,0
2025,P02,P20421,P124,P02,0
2025,P02,P20421,P126,P01,0
2025,P02,P20421,P126,P02,0
2025,P02,P20422,P119,P01,0
2025,P02,P20422,P119,P02,0
2025,P02,P20422,P124,P01,0
2025,P02,P20422,P124,P02,0
2025,P02,P20422,P126,P01,0
2025,P02,P20422,P126,P02,0
2025,P02,P20423,P119,P01,0
2025,P02,P20423,P119,P02,0
2025,P02,P20423,P124,P01,0
2025,P02,P20423,P124,P02,0
2025,P02,P20423,P126,P01,0
2025,P02,P20423,P126,P02,0
2025,P02,P20424,P119,P01,0
2025,P02,P20424,P119,P02,0
2025,P02,P20424,P124,P01,0
2025,P02,P20424,P124,P02,0
2025,P02,P20424,P126,P01,0
2025,P02,P20424,P126,P02,0
2025,P02,P20425,P119,P01,0
2025,P02,P20425,P119,P02,0
2025,P02,P20425,P124,P01,0
2025,P02,P20425,P124,P02,0
2025,P02,P20425,P126,P01,0
2025,P02,P20425,P126,P02,0
2025,P02,P20426,P119,P01,0
2025,P02,P20426,P119,P02,0
2025,P02,P20426,P124,P01,0
2025,P02,P20426,P124,P02,0
2025,P02,P20426,P126,P01,0
2025,P02,P20426,P126,P02,0
2025,P02,P20427,P119,P01,0
2025,P02,P20427,P119,P02,0
2025,P02,P20427,P124,P01,0
2025,P02,P20427,P124,P02,0
2025,P02,P20427,P126,P01,0
2025,P02,P20427,P126,P02,0
2025,P02,P20428,P119,P01,0
2025,P02,P20428,P119,P02,0
2025,P02,P20428,P124,P01,0
2025,P02,P20428,P124,P02,0
2025,P02,P20428,P126,P01,0
2025,P02,P20428,P126,P02,0
2025,P02,P20429,P119,P01,0
2025,P02,P20429,P119,P02,0
2025,P02,P20429,P124,P01,0
2025,P02,P20429,P124,P02,0
2025,P02,P20429,P126,P01,0
2025,P02,P20429,P126,P02,0
2025,P02,P20430,P119,P01,0
2025,P02,P20430,P119,P02,0
2025,P02,P20430,P124,P01,0
2025,P02,P20430,P124,P02,0
2025,P02,P20430,P126,P01,0
2025,P02,P20430,P126,P02,0
2025,P02,P20431,P119,P01,0
2025,P02,P20431,P119,P02,0
2025,P02,P20431,P124,P01,0
2025,P02,P20431,P124,P02,0
2025,P02,P20431,P126,P01,0
2025,P02,P20431,P126,P02,0
2025,P02,P20432,P119,P01,0
2025,P02,P20432,P119,P02,0
2025,P02,P20432,P124,P01,0
2025,P02,P20432,P124,P02,0
2025,P02,P20432,P126,P01,0
2025,P02,P20432,P126,P02,0
2025,P02,P20433,P119,P01,0
2025,P02,P20433,P119,P02,0
2025,P02,P20433,P124,P01,0
2025,P02,P20433,P124,P02,0
2025,P02,P20433,P126,P01,0
2025,P02,P20433,P126,P02,0
2025,P02,P20434,P119,P01,0
2025,P02,P20434,P119,P02,0
2025,P02,P20434,P124,P01,0
2025,P02,P20434,P124,P02,0
2025,P02,P20434,P126,P01,0
2025,P02,P20434,P126,P02,0
2025,P02,P20435,P119,P01,0
2025,P02,P20435,P119,P02,0
2025,P02,P20435,P124,P01,0
2025,P02,P20435,P124,P02,0
2025,P02,P20435,P126,P01,0
2025,P02,P20435,P126,P02,0
2025,P02,P20436,P119,P01,0
2025,P02,P20436,P119,P02,0
2025,P02,P20436,P124,P01,0
2025,P02,P20436,P124,P02,0
2025,P02,P20436,P126,P01,0
2025,P02,P20436,P126,P02,0
2025,P02,P20437,P119,P01,8
2025,P02,P20437,P119,P02,0
2025,P02,P20437,P124,P01,0
2025,P02,P20437,P124,P02,0
2025,P02,P20437,P126,P01,0
2025,P02,P20437,P126,P02,0
2025,P02,P20438,P119,P01,0
2025,P02,P20438,P119,P02,0
2025,P02,P20438,P124,P01,0
2025,P02,P20438,P124,P02,0
2025,P02,P20438,P126,P01,0
2025,P02,P20438,P126,P02,0
2025,P02,P20439,P119,P01,5
2025,P02,P20439,P119,P02,0
2025,P02,P20439,P124,P01,0
2025,P02,P20439,P124,P02,0
2025,P02,P20439,P126,P01,0
2025,P02,P20439,P126,P02,0
2025,P02,P20440,P119,P01,0
2025,P02,P20440,P119,P02,0
2025,P02,P20440,P124,P01,0
2025,P02,P20440,P124,P02,0
2025,P02,P20440,P126,P01,0
2025,P02,P20440,P126,P02,0
2025,P02,P20441,P119,P01,0
2025,P02,P20441,P119,P02,0
2025,P02,P20441,P124,P01,0
2025,P02,P20441,P124,P02,0
2025,P02,P20441,P126,P01,0
2025,P02,P20441,P126,P02,0
2025,P02,P20442,P119,P01,0
2025,P02,P20442,P119,P02,0
2025,P02,P20442,P124,P01,0
2025,P02,P20442,P124,P02,0
2025,P02,P20442,P126,P01,0
2025,P02,P20442,P126,P02,0
2025,P02,P20443,P119,P01,0
2025,P02,P20443,P119,P02,0
2025,P02,P20443,P124,P01,0
2025,P02,P20443,P124,P02,0
2025,P02,P20443,P126,P01,0
2025,P02,P20443,P126,P02,0
2025,P02,P20444,P119,P01,0
2025,P02,P20444,P119,P02,0
2025,P02,P20444,P124,P01,0
2025,P02,P20444,P124,P02,0
2025,P02,P20444,P126,P01,0
2025,P02,P20444,P126,P02,0
2025,P02,P20445,P119,P01,0
2025,P02,P20445,P119,P02,0
2025,P02,P20445,P124,P01,0
2025,P02,P20445,P124,P02,0
2025,P02,P20445,P126,P01,0
2025,P02,P20445,P126,P02,0
2025,P02,P20446,P119,P01,0
2025,P02,P20446,P119,P02,0
2025,P02,P20446,P124,P01,0
2025,P02,P20446,P124,P02,0
2025,P02,P20446,P126,P01,0
2025,P02,P20446,P126,P02,0
2025,P02,P20447,P119,P01,15
2025,P02,P20447,P119,P02,0
2025,P02,P20447,P124,P01,0
2025,P02,P20447,P124,P02,0
2025,P02,P20447,P126,P01,0
2025,P02,P20447,P126,P02,0
2025,P02,P20448,P119,P01,0
2025,P02,P20448,P119,P02,0
2025,P02,P20448,P124,P01,0
2025,P02,P20448,P124,P02,0
2025,P02,P20448,P126,P01,0
2025,P02,P20448,P126,P02,0
2025,P02,P20449,P119,P01,0
2025,P02,P20449,P119,P02,0
2025,P02,P20449,P124,P01,0
2025,P02,P20449,P124,P02,0
2025,P02,P20449,P126,P01,0
2025,P02,P20449,P126,P02,0
2025,P02,P20450,P119,P01,0
2025,P02,P20450,P119,P02,0
2025,P02,P20450,P124,P01,0
2025,P02,P20450,P124,P02,0
2025,P02,P20450,P126,P01,0
2025,P02,P20450,P126,P02,0
2025,P02,P20451,P119,P01,0
2025,P02,P20451,P119,P02,0
2025,P02,P20451,P124,P01,0
2025,P02,P20451,P124,P02,0
2025,P02,P20451,P126,P01,0
2025,P02,P20451,P126,P02,0
2025,P02,P20452,P119,P01,3
2025,P02,P20452,P119,P02,0
2025,P02,P20452,P124,P01,0
2025,P02,P20452,P124,P02,0
2025,P02,P20452,P126,P01,0
2025,P02,P20452,P126,P02,0
2025,P02,P20453,P119,P01,2
2025,P02,P20453,P119,P02,0
2025,P02,P20453,P124,P01,0
2025,P02,P20453,P124,P02,0
2025,P02,P20453,P126,P01,0
2025,P02,P20453,P126,P02,0
2025,P02,P20454,P119,P01,0
2025,P02,P20454,P119,P02,0
2025,P02,P20454,P124,P01,0
2025,P02,P20454,P124,P02,0
2025,P02,P20454,P126,P01,0
2025,P02,P20454,P126,P02,0
2025,P02,P20455,P119,P01,37
2025,P02,P20455,P119,P02,0
2025,P02,P20455,P124,P01,0
2025,P02,P20455,P124,P02,0
2025,P02,P20455,P126,P01,0
2025,P02,P20455,P126,P02,0
2025,P02,P20456,P119,P01,0
2025,P02,P20456,P119,P02,0
2025,P02,P20456,P124,P01,0
2025,P02,P20456,P124,P02,0
2025,P02,P20456,P126,P01,0
2025,P02,P20456,P126,P02,0
2025,P02,P20457,P119,P01,0
2025,P02,P20457,P119,P02,0
2025,P02,P20457,P124,P01,0
2025,P02,P20457,P124,P02,0
2025,P02,P20457,P126,P01,0
2025,P02,P20457,P126,P02,0
2025,P02,P20458,P119,P01,0
2025,P02,P20458,P119,P02,0
2025,P02,P20458,P124,P01,0
2025,P02,P20458,P124,P02,0
2025,P02,P20458,P126,P01,0
2025,P02,P20458,P126,P02,0
2025,P02,P20459,P119,P01,0
2025,P02,P20459,P119,P02,0
2025,P02,P20459,P124,P01,0
2025,P02,P20459,P124,P02,0
2025,P02,P20459,P126,P01,0
2025,P02,P20459,P126,P02,0
2025,P02,P20460,P119,P01,0
2025,P02,P20460,P119,P02,0
2025,P02,P20460,P124,P01,0
2025,P02,P20460,P124,P02,0
2025,P02,P20460,P126,P01,0
2025,P02,P20460,P126,P02,0
2025,P02,P20461,P119,P01,0
2025,P02,P20461,P119,P02,0
2025,P02,P20461,P124,P01,0
2025,P02,P20461,P124,P02,0
2025,P02,P20461,P126,P01,0
2025,P02,P20461,P126,P02,0
2025,P02,P20462,P119,P01,0
2025,P02,P20462,P119,P02,0
2025,P02,P20462,P124,P01,0
2025,P02,P20462,P124,P02,0
2025,P02,P20462,P126,P01,0
2025,P02,P20462,P126,P02,0
2025,P02,P20463,P119,P01,0
2025,P02,P20463,P119,P02,0
2025,P02,P20463,P124,P01,0
2025,P02,P20463,P124,P02,0
2025,P02,P20463,P126,P01,0
2025,P02,P20463,P126,P02,0
2025,P02,P20464,P119,P01,0
2025,P02,P20464,P119,P02,0
2025,P02,P20464,P124,P01,0
2025,P02,P20464,P124,P02,0
2025,P02,P20464,P126,P01,0
2025,P02,P20464,P126,P02,0
2025,P02,P20465,P119,P01,0
2025,P02,P20465,P119,P02,0
2025,P02,P20465,P124,P01,0
2025,P02,P20465,P124,P02,0
2025,P02,P20465,P126,P01,0
2025,P02,P20465,P126,P02,0
2025,P02,P20466,P119,P01,0
2025,P02,P20466,P119,P02,0
2025,P02,P20466,P124,P01,0
2025,P02,P20466,P124,P02,0
2025,P02,P20466,P126,P01,0
2025,P02,P20466,P126,P02,0
2025,P02,P20467,P119,P01,2
2025,P02,P20467,P119,P02,0
2025,P02,P20467,P124,P01,0
2025,P02,P20467,P124,P02,0
2025,P02,P20467,P126,P01,0
2025,P02,P20467,P126,P02,0
2025,P02,P20468,P119,P01,0
2025,P02,P20468,P119,P02,0
2025,P02,P20468,P124,P01,0
2025,P02,P20468,P124,P02,0
2025,P02,P20468,P126,P01,0
2025,P02,P20468,P126,P02,0
2025,P02,P20469,P119,P01,2
2025,P02,P20469,P119,P02,0
2025,P02,P20469,P124,P01,0
2025,P02,P20469,P124,P02,0
2025,P02,P20469,P126,P01,0
2025,P02,P20469,P126,P02,0
2025,P02,P20470,P119,P01,0
2025,P02,P20470,P119,P02,0
2025,P02,P20470,P124,P01,0
2025,P02,P20470,P124,P02,0
2025,P02,P20470,P126,P01,0
2025,P02,P20470,P126,P02,0
2025,P02,P20471,P119,P01,0
2025,P02,P20471,P119,P02,0
2025,P02,P20471,P124,P01,0
2025,P02,P20471,P124,P02,0
2025,P02,P20471,P126,P01,0
2025,P02,P20471,P126,P02,0
2025,P02,P20472,P119,P01,0
2025,P02,P20472,P119,P02,0
2025,P02,P20472,P124,P01,0
2025,P02,P20472,P124,P02,0
2025,P02,P20472,P126,P01,0
2025,P02,P20472,P126,P02,0
2025,P02,P20473,P119,P01,0
2025,P02,P20473,P119,P02,0
2025,P02,P20473,P124,P01,0
2025,P02,P20473,P124,P02,0
2025,P02,P20473,P126,P01,0
2025,P02,P20473,P126,P02,0
2025,P02,P20474,P119,P01,0
2025,P02,P20474,P119,P02,0
2025,P02,P20474,P124,P01,0
2025,P02,P20474,P124,P02,0
2025,P02,P20474,P126,P01,0
2025,P02,P20474,P126,P02,0
2025,P02,P20475,P119,P01,0
2025,P02,P20475,P119,P02,0
2025,P02,P20475,P124,P01,0
2025,P02,P20475,P124,P02,0
2025,P02,P20475,P126,P01,0
2025,P02,P20475,P126,P02,0
2025,P02,P20476,P119,P01,0
2025,P02,P20476,P119,P02,0
2025,P02,P20476,P124,P01,0
2025,P02,P20476,P124,P02,0
2025,P02,P20476,P126,P01,0
2025,P02,P20476,P126,P02,0
2025,P02,P20477,P119,P01,0
2025,P02,P20477,P119,P02,0
2025,P02,P20477,P124,P01,0
2025,P02,P20477,P124,P02,0
2025,P02,P20477,P126,P01,0
2025,P02,P20477,P126,P02,0
2025,P02,P20478,P119,P01,0
2025,P02,P20478,P119,P02,0
2025,P02,P20478,P124,P01,0
2025,P02,P20478,P124,P02,0
2025,P02,P20478,P126,P01,0
2025,P02,P20478,P126,P02,0
2025,P02,P20479,P119,P01,0
2025,P02,P20479,P119,P02,0
2025,P02,P20479,P124,P01,0
2025,P02,P20479,P124,P02,0
2025,P02,P20479,P126,P01,0
2025,P02,P20479,P126,P02,0
2025,P02,P20480,P119,P01,0
2025,P02,P20480,P119,P02,0
2025,P02,P20480,P124,P01,0
2025,P02,P20480,P124,P02,0
2025,P02,P20480,P126,P01,0
2025,P02,P20480,P126,P02,0
2025,P02,P20481,P119,P01,0
2025,P02,P20481,P119,P02,0
2025,P02,P20481,P124,P01,0
2025,P02,P20481,P124,P02,0
2025,P02,P20481,P126,P01,0
2025,P02,P20481,P126,P02,0
2025,P02,P20482,P119,P01,44
2025,P02,P20482,P119,P02,0
2025,P02,P20482,P124,P01,0
2025,P02,P20482,P124,P02,0
2025,P02,P20482,P126,P01,0
2025,P02,P20482,P126,P02,0
2025,P02,P20483,P119,P01,0
2025,P02,P20483,P119,P02,0
2025,P02,P20483,P124,P01,0
2025,P02,P20483,P124,P02,0
2025,P02,P20483,P126,P01,0
2025,P02,P20483,P126,P02,0
2025,P02,P20484,P119,P01,0
2025,P02,P20484,P119,P02,0
2025,P02,P20484,P124,P01,0
2025,P02,P20484,P124,P02,0
2025,P02,P20484,P126,P01,0
2025,P02,P20484,P126,P02,0
2025,P02,P20485,P119,P01,0
2025,P02,P20485,P119,P02,0
2025,P02,P20485,P124,P01,0
2025,P02,P20485,P124,P02,0
2025,P02,P20485,P126,P01,0
2025,P02,P20485,P126,P02,0
2025,P02,P20486,P119,P01,8
2025,P02,P20486,P119,P02,0
2025,P02,P20486,P124,P01,0
2025,P02,P20486,P124,P02,0
2025,P02,P20486,P126,P01,0
2025,P02,P20486,P126,P02,0
2025,P02,P20487,P119,P01,0
2025,P02,P20487,P119,P02,0
2025,P02,P20487,P124,P01,0
2025,P02,P20487,P124,P02,0
2025,P02,P20487,P126,P01,0
2025,P02,P20487,P126,P02,0
2025,P02,P20488,P119,P01,0
2025,P02,P20488,P119,P02,0
2025,P02,P20488,P124,P01,0
2025,P02,P20488,P124,P02,0
2025,P02,P20488,P126,P01,0
2025,P02,P20488,P126,P02,0
2025,P02,P20489,P119,P01,0
2025,P02,P20489,P119,P02,0
2025,P02,P20489,P124,P01,0
2025,P02,P20489,P124,P02,0
2025,P02,P20489,P126,P01,0
2025,P02,P20489,P126,P02,0
2025,P02,P20490,P119,P01,0
2025,P02,P20490,P119,P02,0
2025,P02,P20490,P124,P01,0
2025,P02,P20490,P124,P02,0
2025,P02,P20490,P126,P01,0
2025,P02,P20490,P126,P02,0
2025,P02,P20491,P119,P01,0
2025,P02,P20491,P119,P02,0
2025,P02,P20491,P124,P01,0
2025,P02,P20491,P124,P02,0
2025,P02,P20491,P126,P01,0
2025,P02,P20491,P126,P02,0
2025,P02,P20492,P119,P01,0
2025,P02,P20492,P119,P02,0
2025,P02,P20492,P124,P01,0
2025,P02,P20492,P124,P02,0
2025,P02,P20492,P126,P01,0
2025,P02,P20492,P126,P02,0
2025,P02,P20493,P119,P01,0
2025,P02,P20493,P119,P02,0
2025,P02,P20493,P124,P01,0
2025,P02,P20493,P124,P02,0
2025,P02,P20493,P126,P01,0
2025,P02,P20493,P126,P02,0
2025,P02,P20494,P119,P01,0
2025,P02,P20494,P119,P02,0
2025,P02,P20494,P124,P01,0
2025,P02,P20494,P124,P02,0
2025,P02,P20494,P126,P01,0
2025,P02,P20494,P126,P02,0
2025,P02,P20495,P119,P01,0
2025,P02,P20495,P119,P02,0
2025,P02,P20495,P124,P01,0
2025,P02,P20495,P124,P02,0
2025,P02,P20495,P126,P01,0
2025,P02,P20495,P126,P02,0
2025,P02,P20496,P119,P01,0
2025,P02,P20496,P119,P02,0
2025,P02,P20496,P124,P01,0
2025,P02,P20496,P124,P02,0
2025,P02,P20496,P126,P01,0
2025,P02,P20496,P126,P02,0
2025,P02,P20497,P119,P01,0
2025,P02,P20497,P119,P02,0
2025,P02,P20497,P124,P01,0
2025,P02,P20497,P124,P02,0
2025,P02,P20497,P126,P01,0
2025,P02,P20497,P126,P02,0
2025,P02,P20498,P119,P01,3
2025,P02,P20498,P119,P02,0
2025,P02,P20498,P124,P01,0
2025,P02,P20498,P124,P02,0
2025,P02,P20498,P126,P01,0
2025,P02,P20498,P126,P02,0
2025,P02,P20499,P119,P01,15
2025,P02,P20499,P119,P02,0
2025,P02,P20499,P124,P01,0
2025,P02,P20499,P124,P02,0
2025,P02,P20499,P126,P01,0
2025,P02,P20499,P126,P02,0
2025,P02,P20500,P119,P01,0
2025,P02,P20500,P119,P02,0
2025,P02,P20500,P124,P01,0
2025,P02,P20500,P124,P02,0
2025,P02,P20500,P126,P01,0
2025,P02,P20500,P126,P02,0
2025,P02,P20501,P119,P01,0
2025,P02,P20501,P119,P02,0
2025,P02,P20501,P124,P01,0
2025,P02,P20501,P124,P02,0
2025,P02,P20501,P126,P01,0
2025,P02,P20501,P126,P02,0
2025,P02,P20502,P119,P01,0
2025,P02,P20502,P119,P02,0
2025,P02,P20502,P124,P01,0
2025,P02,P20502,P124,P02,0
2025,P02,P20502,P126,P01,0
2025,P02,P20502,P126,P02,0
2025,P02,P20503,P119,P01,0
2025,P02,P20503,P119,P02,0
2025,P02,P20503,P124,P01,0
2025,P02,P20503,P124,P02,0
2025,P02,P20503,P126,P01,0
2025,P02,P20503,P126,P02,0
2025,P02,P20504,P119,P01,0
2025,P02,P20504,P119,P02,0
2025,P02,P20504,P124,P01,0
2025,P02,P20504,P124,P02,0
2025,P02,P20504,P126,P01,0
2025,P02,P20504,P126,P02,0
2025,P02,P20505,P119,P01,4
2025,P02,P20505,P119,P02,0
2025,P02,P20505,P124,P01,0
2025,P02,P20505,P124,P02,0
2025,P02,P20505,P126,P01,0
2025,P02,P20505,P126,P02,0
2025,P02,P20506,P119,P01,0
2025,P02,P20506,P119,P02,0
2025,P02,P20506,P124,P01,0
2025,P02,P20506,P124,P02,0
2025,P02,P20506,P126,P01,0
2025,P02,P20506,P126,P02,0
2025,P02,P20507,P119,P01,31
2025,P02,P20507,P119,P02,0
2025,P02,P20507,P124,P01,0
2025,P02,P20507,P124,P02,0
2025,P02,P20507,P126,P01,0
2025,P02,P20507,P126,P02,0
2025,P02,P20508,P119,P01,0
2025,P02,P20508,P119,P02,0
2025,P02,P20508,P124,P01,0
2025,P02,P20508,P124,P02,0
2025,P02,P20508,P126,P01,0
2025,P02,P20508,P126,P02,0
2025,P02,P20509,P119,P01,0
2025,P02,P20509,P119,P02,0
2025,P02,P20509,P124,P01,0
2025,P02,P20509,P124,P02,0
2025,P02,P20509,P126,P01,0
2025,P02,P20509,P126,P02,0
2025,P02,P20510,P119,P01,0
2025,P02,P20510,P119,P02,0
2025,P02,P20510,P124,P01,0
2025,P02,P20510,P124,P02,0
2025,P02,P20510,P126,P01,0
2025,P02,P20510,P126,P02,0
2025,P02,P20511,P119,P01,0
2025,P02,P20511,P119,P02,0
2025,P02,P20511,P124,P01,0
2025,P02,P20511,P124,P02,0
2025,P02,P20511,P126,P01,0
2025,P02,P20511,P126,P02,0
2025,P02,P20512,P119,P01,0
2025,P02,P20512,P119,P02,0
2025,P02,P20512,P124,P01,0
2025,P02,P20512,P124,P02,0
2025,P02,P20512,P126,P01,0
2025,P02,P20512,P126,P02,0
2025,P02,P20513,P119,P01,2
2025,P02,P20513,P119,P02,0
2025,P02,P20513,P124,P01,0
2025,P02,P20513,P124,P02,0
2025,P02,P20513,P126,P01,0
2025,P02,P20513,P126,P02,0
2025,P02,P20514,P119,P01,0
2025,P02,P20514,P119,P02,0
2025,P02,P20514,P124,P01,0
2025,P02,P20514,P124,P02,0
2025,P02,P20514,P126,P01,0
2025,P02,P20514,P126,P02,0
2025,P02,P20515,P119,P01,224
2025,P02,P20515,P119,P02,0
2025,P02,P20515,P124,P01,0
2025,P02,P20515,P124,P02,0
2025,P02,P20515,P126,P01,2
2025,P02,P20515,P126,P02,0
2025,P02,P20516,P119,P01,0
2025,P02,P20516,P119,P02,0
2025,P02,P20516,P124,P01,0
2025,P02,P20516,P124,P02,0
2025,P02,P20516,P126,P01,0
2025,P02,P20516,P126,P02,0
2025,P02,P20517,P119,P01,0
2025,P02,P20517,P119,P02,0
2025,P02,P20517,P124,P01,0
2025,P02,P20517,P124,P02,0
2025,P02,P20517,P126,P01,0
2025,P02,P20517,P126,P02,0
2025,P02,P20518,P119,P01,0
2025,P02,P20518,P119,P02,0
2025,P02,P20518,P124,P01,0
2025,P02,P20518,P124,P02,0
2025,P02,P20518,P126,P01,0
2025,P02,P20518,P126,P02,0
2025,P02,P20519,P119,P01,0
2025,P02,P20519,P119,P02,0
2025,P02,P20519,P124,P01,0
2025,P02,P20519,P124,P02,0
2025,P02,P20519,P126,P01,0
2025,P02,P20519,P126,P02,0
2025,P02,P20520,P119,P01,40
2025,P02,P20520,P119,P02,0
2025,P02,P20520,P124,P01,0
2025,P02,P20520,P124,P02,0
2025,P02,P20520,P126,P01,0
2025,P02,P20520,P126,P02,0
2025,P02,P20521,P119,P01,0
2025,P02,P20521,P119,P02,0
2025,P02,P20521,P124,P01,0
2025,P02,P20521,P124,P02,0
2025,P02,P20521,P126,P01,0
2025,P02,P20521,P126,P02,0
2025,P02,P20522,P119,P01,0
2025,P02,P20522,P119,P02,0
2025,P02,P20522,P124,P01,0
2025,P02,P20522,P124,P02,0
2025,P02,P20522,P126,P01,0
2025,P02,P20522,P126,P02,0
2025,P02,P20523,P119,P01,3
2025,P02,P20523,P119,P02,0
2025,P02,P20523,P124,P01,0
2025,P02,P20523,P124,P02,0
2025,P02,P20523,P126,P01,0
2025,P02,P20523,P126,P02,0
2025,P02,P20524,P119,P01,0
2025,P02,P20524,P119,P02,0
2025,P02,P20524,P124,P01,0
2025,P02,P20524,P124,P02,0
2025,P02,P20524,P126,P01,0
2025,P02,P20524,P126,P02,0
2025,P02,P20525,P119,P01,7
2025,P02,P20525,P119,P02,0
2025,P02,P20525,P124,P01,0
2025,P02,P20525,P124,P02,0
2025,P02,P20525,P126,P01,0
2025,P02,P20525,P126,P02,0
2025,P02,P20526,P119,P01,0
2025,P02,P20526,P119,P02,0
2025,P02,P20526,P124,P01,0
2025,P02,P20526,P124,P02,0
2025,P02,P20526,P126,P01,0
2025,P02,P20526,P126,P02,0
2025,P02,P20527,P119,P01,0
2025,P02,P20527,P119,P02,0
2025,P02,P20527,P124,P01,0
2025,P02,P20527,P124,P02,0
2025,P02,P20527,P126,P01,0
2025,P02,P20527,P126,P02,0
2025,P02,P20528,P119,P01,0
2025,P02,P20528,P119,P02,0
2025,P02,P20528,P124,P01,0
2025,P02,P20528,P124,P02,0
2025,P02,P20528,P126,P01,0
2025,P02,P20528,P126,P02,0
2025,P02,P20529,P119,P01,0
2025,P02,P20529,P119,P02,0
2025,P02,P20529,P124,P01,0
2025,P02,P20529,P124,P02,0
2025,P02,P20529,P126,P01,0
2025,P02,P20529,P126,P02,0
2025,P02,P20530,P119,P01,0
2025,P02,P20530,P119,P02,0
2025,P02,P20530,P124,P01,0
2025,P02,P20530,P124,P02,0
2025,P02,P20530,P126,P01,0
2025,P02,P20530,P126,P02,0
2025,P02,P20531,P119,P01,0
2025,P02,P20531,P119,P02,0
2025,P02,P20531,P124,P01,0
2025,P02,P20531,P124,P02,0
2025,P02,P20531,P126,P01,0
2025,P02,P20531,P126,P02,0
2025,P02,P20532,P119,P01,0
2025,P02,P20532,P119,P02,0
2025,P02,P20532,P124,P01,0
2025,P02,P20532,P124,P02,0
2025,P02,P20532,P126,P01,0
2025,P02,P20532,P126,P02,0
2025,P02,P20533,P119,P01,0
2025,P02,P20533,P119,P02,0
2025,P02,P20533,P124,P01,0
2025,P02,P20533,P124,P02,0
2025,P02,P20533,P126,P01,0
2025,P02,P20533,P126,P02,0
2025,P02,P20534,P119,P01,1
2025,P02,P20534,P119,P02,0
2025,P02,P20534,P124,P01,0
2025,P02,P20534,P124,P02,0
2025,P02,P20534,P126,P01,0
2025,P02,P20534,P126,P02,0
2025,P02,P20535,P119,P01,1
2025,P02,P20535,P119,P02,0
2025,P02,P20535,P124,P01,0
2025,P02,P20535,P124,P02,0
2025,P02,P20535,P126,P01,0
2025,P02,P20535,P126,P02,0
2025,P02,P20536,P119,P01,0
2025,P02,P20536,P119,P02,0
2025,P02,P20536,P124,P01,0
2025,P02,P20536,P124,P02,0
2025,P02,P20536,P126,P01,0
2025,P02,P20536,P126,P02,0
2025,P02,P20537,P119,P01,4
2025,P02,P20537,P119,P02,0
2025,P02,P20537,P124,P01,0
2025,P02,P20537,P124,P02,0
2025,P02,P20537,P126,P01,0
2025,P02,P20537,P126,P02,0
2025,P02,P20538,P119,P01,0
2025,P02,P20538,P119,P02,0
2025,P02,P20538,P124,P01,0
2025,P02,P20538,P124,P02,0
2025,P02,P20538,P126,P01,0
2025,P02,P20538,P126,P02,0
2025,P02,P20539,P119,P01,0
2025,P02,P20539,P119,P02,0
2025,P02,P20539,P124,P01,0
2025,P02,P20539,P124,P02,0
2025,P02,P20539,P126,P01,0
2025,P02,P20539,P126,P02,0
2025,P02,P20540,P119,P01,13
2025,P02,P20540,P119,P02,0
2025,P02,P20540,P124,P01,0
2025,P02,P20540,P124,P02,0
2025,P02,P20540,P126,P01,0
2025,P02,P20540,P126,P02,0
2025,P02,P20541,P119,P01,0
2025,P02,P20541,P119,P02,0
2025,P02,P20541,P124,P01,0
2025,P02,P20541,P124,P02,0
2025,P02,P20541,P126,P01,0
2025,P02,P20541,P126,P02,0
2025,P02,P20542,P119,P01,0
2025,P02,P20542,P119,P02,0
2025,P02,P20542,P124,P01,0
2025,P02,P20542,P124,P02,0
2025,P02,P20542,P126,P01,0
2025,P02,P20542,P126,P02,0
2025,P02,P20543,P119,P01,2
2025,P02,P20543,P119,P02,0
2025,P02,P20543,P124,P01,0
2025,P02,P20543,P124,P02,0
2025,P02,P20543,P126,P01,0
2025,P02,P20543,P126,P02,0
2025,P02,P20544,P119,P01,0
2025,P02,P20544,P119,P02,0
2025,P02,P20544,P124,P01,0
2025,P02,P20544,P124,P02,0
2025,P02,P20544,P126,P01,0
2025,P02,P20544,P126,P02,0
2025,P02,P20545,P119,P01,0
2025,P02,P20545,P119,P02,0
2025,P02,P20545,P124,P01,0
2025,P02,P20545,P124,P02,0
2025,P02,P20545,P126,P01,0
2025,P02,P20545,P126,P02,0
2025,P02,P20546,P119,P01,0
2025,P02,P20546,P119,P02,0
2025,P02,P20546,P124,P01,0
2025,P02,P20546,P124,P02,0
2025,P02,P20546,P126,P01,0
2025,P02,P20546,P126,P02,0
2025,P02,P20547,P119,P01,1
2025,P02,P20547,P119,P02,0
2025,P02,P20547,P124,P01,0
2025,P02,P20547,P124,P02,0
2025,P02,P20547,P126,P01,0
2025,P02,P20547,P126,P02,0
2025,P02,P20548,P119,P01,20
2025,P02,P20548,P119,P02,0
2025,P02,P20548,P124,P01,0
2025,P02,P20548,P124,P02,0
2025,P02,P20548,P126,P01,0
2025,P02,P20548,P126,P02,0
2025,P02,P20549,P119,P01,0
2025,P02,P20549,P119,P02,0
2025,P02,P20549,P124,P01,0
2025,P02,P20549,P124,P02,0
2025,P02,P20549,P126,P01,0
2025,P02,P20549,P126,P02,0
2025,P02,P20550,P119,P01,4
2025,P02,P20550,P119,P02,0
2025,P02,P20550,P124,P01,0
2025,P02,P20550,P124,P02,0
2025,P02,P20550,P126,P01,0
2025,P02,P20550,P126,P02,0
2025,P02,P20551,P119,P01,11
2025,P02,P20551,P119,P02,0
2025,P02,P20551,P124,P01,0
2025,P02,P20551,P124,P02,0
2025,P02,P20551,P126,P01,0
2025,P02,P20551,P126,P02,0
2025,P02,P20552,P119,P01,0
2025,P02,P20552,P119,P02,0
2025,P02,P20552,P124,P01,0
2025,P02,P20552,P124,P02,0
2025,P02,P20552,P126,P01,0
2025,P02,P20552,P126,P02,0
2025,P02,P20553,P119,P01,26
2025,P02,P20553,P119,P02,0
2025,P02,P20553,P124,P01,0
2025,P02,P20553,P124,P02,0
2025,P02,P20553,P126,P01,0
2025,P02,P20553,P126,P02,0
2025,P02,P20554,P119,P01,0
2025,P02,P20554,P119,P02,0
2025,P02,P20554,P124,P01,0
2025,P02,P20554,P124,P02,0
2025,P02,P20554,P126,P01,0
2025,P02,P20554,P126,P02,0
2025,P02,P20555,P119,P01,0
2025,P02,P20555,P119,P02,0
2025,P02,P20555,P124,P01,0
2025,P02,P20555,P124,P02,0
2025,P02,P20555,P126,P01,0
2025,P02,P20555,P126,P02,0
2025,P02,P20556,P119,P01,0
2025,P02,P20556,P119,P02,0
2025,P02,P20556,P124,P01,0
2025,P02,P20556,P124,P02,0
2025,P02,P20556,P126,P01,0
2025,P02,P20556,P126,P02,0
2025,P02,P20557,P119,P01,0
2025,P02,P20557,P119,P02,0
2025,P02,P20557,P124,P01,0
2025,P02,P20557,P124,P02,0
2025,P02,P20557,P126,P01,0
2025,P02,P20557,P126,P02,0
2025,P02,P20558,P119,P01,0
2025,P02,P20558,P119,P02,0
2025,P02,P20558,P124,P01,0
2025,P02,P20558,P124,P02,0
2025,P02,P20558,P126,P01,0
2025,P02,P20558,P126,P02,0
2025,P02,P20559,P119,P01,0
2025,P02,P20559,P119,P02,0
2025,P02,P20559,P124,P01,0
2025,P02,P20559,P124,P02,0
2025,P02,P20559,P126,P01,0
2025,P02,P20559,P126,P02,0
2025,P02,P20560,P119,P01,4
2025,P02,P20560,P119,P02,0
2025,P02,P20560,P124,P01,0
2025,P02,P20560,P124,P02,0
2025,P02,P20560,P126,P01,0
2025,P02,P20560,P126,P02,0
2025,P02,P20561,P119,P01,0
2025,P02,P20561,P119,P02,0
2025,P02,P20561,P124,P01,0
2025,P02,P20561,P124,P02,0
2025,P02,P20561,P126,P01,0
2025,P02,P20561,P126,P02,0
2025,P02,P20562,P119,P01,0
2025,P02,P20562,P119,P02,0
2025,P02,P20562,P124,P01,0
2025,P02,P20562,P124,P02,0
2025,P02,P20562,P126,P01,0
2025,P02,P20562,P126,P02,0
2025,P02,P20563,P119,P01,0
2025,P02,P20563,P119,P02,0
2025,P02,P20563,P124,P01,0
2025,P02,P20563,P124,P02,0
2025,P02,P20563,P126,P01,0
2025,P02,P20563,P126,P02,0
2025,P02,P20564,P119,P01,0
2025,P02,P20564,P119,P02,0
2025,P02,P20564,P124,P01,0
2025,P02,P20564,P124,P02,0
2025,P02,P20564,P126,P01,0
2025,P02,P20564,P126,P02,0
2025,P02,P20565,P119,P01,50
2025,P02,P20565,P119,P02,0
2025,P02,P20565,P124,P01,0
2025,P02,P20565,P124,P02,0
2025,P02,P20565,P126,P01,0
2025,P02,P20565,P126,P02,0
2025,P02,P20566,P119,P01,0
2025,P02,P20566,P119,P02,0
2025,P02,P20566,P124,P01,0
2025,P02,P20566,P124,P02,0
2025,P02,P20566,P126,P01,0
2025,P02,P20566,P126,P02,0
2025,P02,P20567,P119,P01,0
2025,P02,P20567,P119,P02,0
2025,P02,P20567,P124,P01,0
2025,P02,P20567,P124,P02,0
2025,P02,P20567,P126,P01,0
2025,P02,P20567,P126,P02,0
2025,P02,P20568,P119,P01,0
2025,P02,P20568,P119,P02,0
2025,P02,P20568,P124,P01,0
2025,P02,P20568,P124,P02,0
2025,P02,P20568,P126,P01,0
2025,P02,P20568,P126,P02,0
2025,P02,P20569,P119,P01,0
2025,P02,P20569,P119,P02,0
2025,P02,P20569,P124,P01,0
2025,P02,P20569,P124,P02,0
2025,P02,P20569,P126,P01,0
2025,P02,P20569,P126,P02,0
2025,P02,P20570,P119,P01,7
2025,P02,P20570,P119,P02,0
2025,P02,P20570,P124,P01,0
2025,P02,P20570,P124,P02,0
2025,P02,P20570,P126,P01,0
2025,P02,P20570,P126,P02,0
2025,P02,P21001,P119,P01,0
2025,P02,P21001,P119,P02,0
2025,P02,P21001,P124,P01,0
2025,P02,P21001,P124,P02,0
2025,P02,P21001,P126,P01,0
2025,P02,P21001,P126,P02,0
2025,P02,P21002,P119,P01,0
2025,P02,P21002,P119,P02,0
2025,P02,P21002,P124,P01,0
2025,P02,P21002,P124,P02,0
2025,P02,P21002,P126,P01,0
2025,P02,P21002,P126,P02,0
2025,P02,P21003,P119,P01,0
2025,P02,P21003,P119,P02,0
2025,P02,P21003,P124,P01,0
2025,P02,P21003,P124,P02,0
2025,P02,P21003,P126,P01,0
2025,P02,P21003,P126,P02,0
2025,P02,P21004,P119,P01,0
2025,P02,P21004,P119,P02,0
2025,P02,P21004,P124,P01,0
2025,P02,P21004,P124,P02,0
2025,P02,P21004,P126,P01,0
2025,P02,P21004,P126,P02,0
2025,P02,P21005,P119,P01,0
2025,P02,P21005,P119,P02,0
2025,P02,P21005,P124,P01,0
2025,P02,P21005,P124,P02,0
2025,P02,P21005,P126,P01,0
2025,P02,P21005,P126,P02,0
2025,P02,P21006,P119,P01,1
2025,P02,P21006,P119,P02,0
2025,P02,P21006,P124,P01,0
2025,P02,P21006,P124,P02,0
2025,P02,P21006,P126,P01,0
2025,P02,P21006,P126,P02,0
2025,P02,P21007,P119,P01,2
2025,P02,P21007,P119,P02,0
2025,P02,P21007,P124,P01,0
2025,P02,P21007,P124,P02,0
2025,P02,P21007,P126,P01,0
2025,P02,P21007,P126,P02,0
2025,P02,P21008,P119,P01,0
2025,P02,P21008,P119,P02,0
2025,P02,P21008,P124,P01,0
2025,P02,P21008,P124,P02,0
2025,P02,P21008,P126,P01,0
2025,P02,P21008,P126,P02,0
2025,P02,P21009,P119,P01,0
2025,P02,P21009,P119,P02,0
2025,P02,P21009,P124,P01,0
2025,P02,P21009,P124,P02,0
2025,P02,P21009,P126,P01,0
2025,P02,P21009,P126,P02,0
2025,P02,P21010,P119,P01,0
2025,P02,P21010,P119,P02,0
2025,P02,P21010,P124,P01,0
2025,P02,P21010,P124,P02,0
2025,P02,P21010,P126,P01,0
2025,P02,P21010,P126,P02,0
2025,P02,P21011,P119,P01,0
2025,P02,P21011,P119,P02,0
2025,P02,P21011,P124,P01,0
2025,P02,P21011,P124,P02,0
2025,P02,P21011,P126,P01,0
2025,P02,P21011,P126,P02,0
2025,P02,P21012,P119,P01,0
2025,P02,P21012,P119,P02,0
2025,P02,P21012,P124,P01,0
2025,P02,P21012,P124,P02,0
2025,P02,P21012,P126,P01,0
2025,P02,P21012,P126,P02,0
2025,P02,P21013,P119,P01,0
2025,P02,P21013,P119,P02,0
2025,P02,P21013,P124,P01,0
2025,P02,P21013,P124,P02,0
2025,P02,P21013,P126,P01,0
2025,P02,P21013,P126,P02,0
2025,P02,P21014,P119,P01,0
2025,P02,P21014,P119,P02,0
2025,P02,P21014,P124,P01,0
2025,P02,P21014,P124,P02,0
2025,P02,P21014,P126,P01,0
2025,P02,P21014,P126,P02,0
2025,P02,P21015,P119,P01,74
2025,P02,P21015,P119,P02,0
2025,P02,P21015,P124,P01,0
2025,P02,P21015,P124,P02,0
2025,P02,P21015,P126,P01,1
2025,P02,P21015,P126,P02,0
2025,P02,P21016,P119,P01,10
2025,P02,P21016,P119,P02,0
2025,P02,P21016,P124,P01,0
2025,P02,P21016,P124,P02,0
2025,P02,P21016,P126,P01,0
2025,P02,P21016,P126,P02,0
2025,P02,P21017,P119,P01,0
2025,P02,P21017,P119,P02,0
2025,P02,P21017,P124,P01,0
2025,P02,P21017,P124,P02,0
2025,P02,P21017,P126,P01,0
2025,P02,P21017,P126,P02,0
2025,P02,P21018,P119,P01,0
2025,P02,P21018,P119,P02,0
2025,P02,P21018,P124,P01,0
2025,P02,P21018,P124,P02,0
2025,P02,P21018,P126,P01,0
2025,P02,P21018,P126,P02,0
2025,P02,P21019,P119,P01,94
2025,P02,P21019,P119,P02,0
2025,P02,P21019,P124,P01,0
2025,P02,P21019,P124,P02,0
2025,P02,P21019,P126,P01,1
2025,P02,P21019,P126,P02,0
2025,P02,P21020,P119,P01,0
2025,P02,P21020,P119,P02,0
2025,P02,P21020,P124,P01,0
2025,P02,P21020,P124,P02,0
2025,P02,P21020,P126,P01,0
2025,P02,P21020,P126,P02,0
2025,P02,P21021,P119,P01,0
2025,P02,P21021,P119,P02,0
2025,P02,P21021,P124,P01,0
2025,P02,P21021,P124,P02,0
2025,P02,P21021,P126,P01,0
2025,P02,P21021,P126,P02,0
2025,P02,P21022,P119,P01,0
2025,P02,P21022,P119,P02,0
2025,P02,P21022,P124,P01,0
2025,P02,P21022,P124,P02,0
2025,P02,P21022,P126,P01,0
2025,P02,P21022,P126,P02,0
2025,P02,P21023,P119,P01,0
2025,P02,P21023,P119,P02,0
2025,P02,P21023,P124,P01,0
2025,P02,P21023,P124,P02,0
2025,P02,P21023,P126,P01,0
2025,P02,P21023,P126,P02,0
2025,P02,P21024,P119,P01,0
2025,P02,P21024,P119,P02,0
2025,P02,P21024,P124,P01,0
2025,P02,P21024,P124,P02,0
2025,P02,P21024,P126,P01,0
2025,P02,P21024,P126,P02,0
2025,P02,P21025,P119,P01,39
2025,P02,P21025,P119,P02,0
2025,P02,P21025,P124,P01,0
2025,P02,P21025,P124,P02,0
2025,P02,P21025,P126,P01,0
2025,P02,P21025,P126,P02,0
2025,P02,P21026,P119,P01,0
2025,P02,P21026,P119,P02,0
2025,P02,P21026,P124,P01,0
2025,P02,P21026,P124,P02,0
2025,P02,P21026,P126,P01,0
2025,P02,P21026,P126,P02,0
2025,P02,P21027,P119,P01,0
2025,P02,P21027,P119,P02,0
2025,P02,P21027,P124,P01,0
2025,P02,P21027,P124,P02,0
2025,P02,P21027,P126,P01,0
2025,P02,P21027,P126,P02,0
2025,P02,P21028,P119,P01,0
2025,P02,P21028,P119,P02,0
2025,P02,P21028,P124,P01,0
2025,P02,P21028,P124,P02,0
2025,P02,P21028,P126,P01,0
2025,P02,P21028,P126,P02,0
2025,P02,P21029,P119,P01,0
2025,P02,P21029,P119,P02,0
2025,P02,P21029,P124,P01,0
2025,P02,P21029,P124,P02,0
2025,P02,P21029,P126,P01,0
2025,P02,P21029,P126,P02,0
2025,P02,P21030,P119,P01,0
2025,P02,P21030,P119,P02,0
2025,P02,P21030,P124,P01,0
2025,P02,P21030,P124,P02,0
2025,P02,P21030,P126,P01,0
2025,P02,P21030,P126,P02,0
2025,P02,P21031,P119,P01,4
2025,P02,P21031,P119,P02,0
2025,P02,P21031,P124,P01,0
2025,P02,P21031,P124,P02,0
2025,P02,P21031,P126,P01,0
2025,P02,P21031,P126,P02,0
2025,P02,P21032,P119,P01,0
2025,P02,P21032,P119,P02,0
2025,P02,P21032,P124,P01,0
2025,P02,P21032,P124,P02,0
2025,P02,P21032,P126,P01,0
2025,P02,P21032,P126,P02,0
2025,P02,P21033,P119,P01,0
2025,P02,P21033,P119,P02,0
2025,P02,P21033,P124,P01,0
2025,P02,P21033,P124,P02,0
2025,P02,P21033,P126,P01,0
2025,P02,P21033,P126,P02,0
2025,P02,P21034,P119,P01,33
2025,P02,P21034,P119,P02,0
2025,P02,P21034,P124,P01,0
2025,P02,P21034,P124,P02,0
2025,P02,P21034,P126,P01,0
2025,P02,P21034,P126,P02,0
2025,P02,P21035,P119,P01,0
2025,P02,P21035,P119,P02,0
2025,P02,P21035,P124,P01,0
2025,P02,P21035,P124,P02,0
2025,P02,P21035,P126,P01,0
2025,P02,P21035,P126,P02,0
2025,P02,P21036,P119,P01,0
2025,P02,P21036,P119,P02,0
2025,P02,P21036,P124,P01,0
2025,P02,P21036,P124,P02,0
2025,P02,P21036,P126,P01,0
2025,P02,P21036,P126,P02,0
2025,P02,P21037,P119,P01,26
2025,P02,P21037,P119,P02,0
2025,P02,P21037,P124,P01,0
2025,P02,P21037,P124,P02,0
2025,P02,P21037,P126,P01,0
2025,P02,P21037,P126,P02,0
2025,P02,P21038,P119,P01,0
2025,P02,P21038,P119,P02,0
2025,P02,P21038,P124,P01,0
2025,P02,P21038,P124,P02,0
2025,P02,P21038,P126,P01,0
2025,P02,P21038,P126,P02,0
2025,P02,P21039,P119,P01,0
2025,P02,P21039,P119,P02,0
2025,P02,P21039,P124,P01,0
2025,P02,P21039,P124,P02,0
2025,P02,P21039,P126,P01,0
2025,P02,P21039,P126,P02,0
2025,P02,P21040,P119,P01,0
2025,P02,P21040,P119,P02,0
2025,P02,P21040,P124,P01,0
2025,P02,P21040,P124,P02,0
2025,P02,P21040,P126,P01,0
2025,P02,P21040,P126,P02,0
2025,P02,P21041,P119,P01,73
2025,P02,P21041,P119,P02,0
2025,P02,P21041,P124,P01,0
2025,P02,P21041,P124,P02,0
2025,P02,P21041,P126,P01,1
2025,P02,P21041,P126,P02,0
2025,P02,P21042,P119,P01,0
2025,P02,P21042,P119,P02,0
2025,P02,P21042,P124,P01,0
2025,P02,P21042,P124,P02,0
2025,P02,P21042,P126,P01,0
2025,P02,P21042,P126,P02,0
2025,P02,P21043,P119,P01,74
2025,P02,P21043,P119,P02,0
2025,P02,P21043,P124,P01,0
2025,P02,P21043,P124,P02,0
2025,P02,P21043,P126,P01,1
2025,P02,P21043,P126,P02,0
2025,P02,P21044,P119,P01,10
2025,P02,P21044,P119,P02,0
2025,P02,P21044,P124,P01,0
2025,P02,P21044,P124,P02,0
2025,P02,P21044,P126,P01,0
2025,P02,P21044,P126,P02,0
2025,P02,P21045,P119,P01,15
2025,P02,P21045,P119,P02,0
2025,P02,P21045,P124,P01,0
2025,P02,P21045,P124,P02,0
2025,P02,P21045,P126,P01,0
2025,P02,P21045,P126,P02,0
2025,P02,P21046,P119,P01,0
2025,P02,P21046,P119,P02,0
2025,P02,P21046,P124,P01,0
2025,P02,P21046,P124,P02,0
2025,P02,P21046,P126,P01,0
2025,P02,P21046,P126,P02,0
2025,P02,P21047,P119,P01,1
2025,P02,P21047,P119,P02,0
2025,P02,P21047,P124,P01,0
2025,P02,P21047,P124,P02,0
2025,P02,P21047,P126,P01,0
2025,P02,P21047,P126,P02,0
2025,P02,P21048,P119,P01,0
2025,P02,P21048,P119,P02,0
2025,P02,P21048,P124,P01,0
2025,P02,P21048,P124,P02,0
2025,P02,P21048,P126,P01,0
2025,P02,P21048,P126,P02,0
2025,P02,P21049,P119,P01,374
2025,P02,P21049,P119,P02,0
2025,P02,P21049,P124,P01,1
2025,P02,P21049,P124,P02,0
2025,P02,P21049,P126,P01,4
2025,P02,P21049,P126,P02,0
2025,P02,P21050,P119,P01,79
2025,P02,P21050,P119,P02,0
2025,P02,P21050,P124,P01,0
2025,P02,P21050,P124,P02,0
2025,P02,P21050,P126,P01,1
2025,P02,P21050,P126,P02,0
2025,P02,P21051,P119,P01,0
2025,P02,P21051,P119,P02,0
2025,P02,P21051,P124,P01,0
2025,P02,P21051,P124,P02,0
2025,P02,P21051,P126,P01,0
2025,P02,P21051,P126,P02,0
2025,P02,P21052,P119,P01,0
2025,P02,P21052,P119,P02,0
2025,P02,P21052,P124,P01,0
2025,P02,P21052,P124,P02,0
2025,P02,P21052,P126,P01,0
2025,P02,P21052,P126,P02,0
2025,P02,P21053,P119,P01,70
2025,P02,P21053,P119,P02,0
2025,P02,P21053,P124,P01,0
2025,P02,P21053,P124,P02,0
2025,P02,P21053,P126,P01,1
2025,P02,P21053,P126,P02,0
2025,P02,P21054,P119,P01,0
2025,P02,P21054,P119,P02,0
2025,P02,P21054,P124,P01,0
2025,P02,P21054,P124,P02,0
2025,P02,P21054,P126,P01,0
2025,P02,P21054,P126,P02,0
2025,P02,P21055,P119,P01,0
2025,P02,P21055,P119,P02,0
2025,P02,P21055,P124,P01,0
2025,P02,P21055,P124,P02,0
2025,P02,P21055,P126,P01,0
2025,P02,P21055,P126,P02,0
2025,P02,P21056,P119,P01,0
2025,P02,P21056,P119,P02,0
2025,P02,P21056,P124,P01,0
2025,P02,P21056,P124,P02,0
2025,P02,P21056,P126,P01,0
2025,P02,P21056,P126,P02,0
2025,P02,P21057,P119,P01,0
2025,P02,P21057,P119,P02,0
2025,P02,P21057,P124,P01,0
2025,P02,P21057,P124,P02,0
2025,P02,P21057,P126,P01,0
2025,P02,P21057,P126,P02,0
2025,P02,P21058,P119,P01,0
2025,P02,P21058,P119,P02,0
2025,P02,P21058,P124,P01,0
2025,P02,P21058,P124,P02,0
2025,P02,P21058,P126,P01,0
2025,P02,P21058,P126,P02,0
2025,P02,P21059,P119,P01,0
2025,P02,P21059,P119,P02,0
2025,P02,P21059,P124,P01,0
2025,P02,P21059,P124,P02,0
2025,P02,P21059,P126,P01,0
2025,P02,P21059,P126,P02,0
2025,P02,P21060,P119,P01,0
2025,P02,P21060,P119,P02,0
2025,P02,P21060,P124,P01,0
2025,P02,P21060,P124,P02,0
2025,P02,P21060,P126,P01,0
2025,P02,P21060,P126,P02,0
2025,P02,P21061,P119,P01,0
2025,P02,P21061,P119,P02,0
2025,P02,P21061,P124,P01,0
2025,P02,P21061,P124,P02,0
2025,P02,P21061,P126,P01,0
2025,P02,P21061,P126,P02,0
2025,P02,P21062,P119,P01,0
2025,P02,P21062,P119,P02,0
2025,P02,P21062,P124,P01,0
2025,P02,P21062,P124,P02,0
2025,P02,P21062,P126,P01,0
2025,P02,P21062,P126,P02,0
2025,P02,P21063,P119,P01,0
2025,P02,P21063,P119,P02,0
2025,P02,P21063,P124,P01,0
2025,P02,P21063,P124,P02,0
2025,P02,P21063,P126,P01,0
2025,P02,P21063,P126,P02,0
2025,P02,P21064,P119,P01,0
2025,P02,P21064,P119,P02,0
2025,P02,P21064,P124,P01,0
2025,P02,P21064,P124,P02,0
2025,P02,P21064,P126,P01,0
2025,P02,P21064,P126,P02,0
2025,P02,P21065,P119,P01,0
2025,P02,P21065,P119,P02,0
2025,P02,P21065,P124,P01,0
2025,P02,P21065,P124,P02,0
2025,P02,P21065,P126,P01,0
2025,P02,P21065,P126,P02,0
2025,P02,P21066,P119,P01,0
2025,P02,P21066,P119,P02,0
2025,P02,P21066,P124,P01,0
2025,P02,P21066,P124,P02,0
2025,P02,P21066,P126,P01,0
2025,P02,P21066,P126,P02,0
2025,P02,P21067,P119,P01,88
2025,P02,P21067,P119,P02,0
2025,P02,P21067,P124,P01,0
2025,P02,P21067,P124,P02,0
2025,P02,P21067,P126,P01,1
2025,P02,P21067,P126,P02,0
2025,P02,P21068,P119,P01,82
2025,P02,P21068,P119,P02,0
2025,P02,P21068,P124,P01,0
2025,P02,P21068,P124,P02,0
2025,P02,P21068,P126,P01,1
2025,P02,P21068,P126,P02,0
2025,P02,P21069,P119,P01,10
2025,P02,P21069,P119,P02,0
2025,P02,P21069,P124,P01,0
2025,P02,P21069,P124,P02,0
2025,P02,P21069,P126,P01,0
2025,P02,P21069,P126,P02,0
2025,P02,P21070,P119,P01,4
2025,P02,P21070,P119,P02,0
2025,P02,P21070,P124,P01,0
2025,P02,P21070,P124,P02,0
2025,P02,P21070,P126,P01,0
2025,P02,P21070,P126,P02,0
2025,P02,P21071,P119,P01,571
2025,P02,P21071,P119,P02,0
2025,P02,P21071,P124,P01,1
2025,P02,P21071,P124,P02,0
2025,P02,P21071,P126,P01,5
2025,P02,P21071,P126,P02,0
2025,P02,P21072,P119,P01,69
2025,P02,P21072,P119,P02,0
2025,P02,P21072,P124,P01,0
2025,P02,P21072,P124,P02,0
2025,P02,P21072,P126,P01,1
2025,P02,P21072,P126,P02,0
2025,P02,P21073,P119,P01,0
2025,P02,P21073,P119,P02,0
2025,P02,P21073,P124,P01,0
2025,P02,P21073,P124,P02,0
2025,P02,P21073,P126,P01,0
2025,P02,P21073,P126,P02,0
2025,P02,P21074,P119,P01,185
2025,P02,P21074,P119,P02,0
2025,P02,P21074,P124,P01,0
2025,P02,P21074,P124,P02,0
2025,P02,P21074,P126,P01,2
2025,P02,P21074,P126,P02,0
2025,P02,P21075,P119,P01,0
2025,P02,P21075,P119,P02,0
2025,P02,P21075,P124,P01,0
2025,P02,P21075,P124,P02,0
2025,P02,P21075,P126,P01,0
2025,P02,P21075,P126,P02,0
2025,P02,P21076,P119,P01,0
2025,P02,P21076,P119,P02,0
2025,P02,P21076,P124,P01,0
2025,P02,P21076,P124,P02,0
2025,P02,P21076,P126,P01,0
2025,P02,P21076,P126,P02,0
2025,P02,P21077,P119,P01,0
2025,P02,P21077,P119,P02,0
2025,P02,P21077,P124,P01,0
2025,P02,P21077,P124,P02,0
2025,P02,P21077,P126,P01,0
2025,P02,P21077,P126,P02,0
2025,P02,P21078,P119,P01,0
2025,P02,P21078,P119,P02,0
2025,P02,P21078,P124,P01,0
2025,P02,P21078,P124,P02,0
2025,P02,P21078,P126,P01,0
2025,P02,P21078,P126,P02,0
2025,P02,P21079,P119,P01,0
2025,P02,P21079,P119,P02,0
2025,P02,P21079,P124,P01,0
2025,P02,P21079,P124,P02,0
2025,P02,P21079,P126,P01,0
2025,P02,P21079,P126,P02,0
2025,P02,P21080,P119,P01,0
2025,P02,P21080,P119,P02,0
2025,P02,P21080,P124,P01,0
2025,P02,P21080,P124,P02,0
2025,P02,P21080,P126,P01,0
2025,P02,P21080,P126,P02,0
2025,P02,P21081,P119,P01,1
2025,P02,P21081,P119,P02,0
2025,P02,P21081,P124,P01,0
2025,P02,P21081,P124,P02,0
2025,P02,P21081,P126,P01,0
2025,P02,P21081,P126,P02,0
2025,P02,P21082,P119,P01,0
2025,P02,P21082,P119,P02,0
2025,P02,P21082,P124,P01,0
2025,P02,P21082,P124,P02,0
2025,P02,P21082,P126,P01,0
2025,P02,P21082,P126,P02,0
2025,P02,P21083,P119,P01,52
2025,P02,P21083,P119,P02,0
2025,P02,P21083,P124,P01,0
2025,P02,P21083,P124,P02,0
2025,P02,P21083,P126,P01,0
2025,P02,P21083,P126,P02,0
2025,P02,P21084,P119,P01,26
2025,P02,P21084,P119,P02,0
2025,P02,P21084,P124,P01,0
2025,P02,P21084,P124,P02,0
2025,P02,P21084,P126,P01,0
2025,P02,P21084,P126,P02,0
2025,P02,P21085,P119,P01,0
2025,P02,P21085,P119,P02,0
2025,P02,P21085,P124,P01,0
2025,P02,P21085,P124,P02,0
2025,P02,P21085,P126,P01,0
2025,P02,P21085,P126,P02,0
2025,P02,P21086,P119,P01,0
2025,P02,P21086,P119,P02,0
2025,P02,P21086,P124,P01,0
2025,P02,P21086,P124,P02,0
2025,P02,P21086,P126,P01,0
2025,P02,P21086,P126,P02,0
2025,P02,P21087,P119,P01,0
2025,P02,P21087,P119,P02,0
2025,P02,P21087,P124,P01,0
2025,P02,P21087,P124,P02,0
2025,P02,P21087,P126,P01,0
2025,P02,P21087,P126,P02,0
2025,P02,P21088,P119,P01,0
2025,P02,P21088,P119,P02,0
2025,P02,P21088,P124,P01,0
2025,P02,P21088,P124,P02,0
2025,P02,P21088,P126,P01,0
2025,P02,P21088,P126,P02,0
2025,P02,P21089,P119,P01,0
2025,P02,P21089,P119,P02,0
2025,P02,P21089,P124,P01,0
2025,P02,P21089,P124,P02,0
2025,P02,P21089,P126,P01,0
2025,P02,P21089,P126,P02,0
2025,P02,P21090,P119,P01,12
2025,P02,P21090,P119,P02,0
2025,P02,P21090,P124,P01,0
2025,P02,P21090,P124,P02,0
2025,P02,P21090,P126,P01,0
2025,P02,P21090,P126,P02,0
2025,P02,P21091,P119,P01,0
2025,P02,P21091,P119,P02,0
2025,P02,P21091,P124,P01,0
2025,P02,P21091,P124,P02,0
2025,P02,P21091,P126,P01,0
2025,P02,P21091,P126,P02,0
2025,P02,P21092,P119,P01,0
2025,P02,P21092,P119,P02,0
2025,P02,P21092,P124,P01,0
2025,P02,P21092,P124,P02,0
2025,P02,P21092,P126,P01,0
2025,P02,P21092,P126,P02,0
2025,P02,P21093,P119,P01,0
2025,P02,P21093,P119,P02,0
2025,P02,P21093,P124,P01,0
2025,P02,P21093,P124,P02,0
2025,P02,P21093,P126,P01,0
2025,P02,P21093,P126,P02,0
2025,P02,P21094,P119,P01,26
2025,P02,P21094,P119,P02,0
2025,P02,P21094,P124,P01,0
2025,P02,P21094,P124,P02,0
2025,P02,P21094,P126,P01,0
2025,P02,P21094,P126,P02,0
2025,P02,P21095,P119,P01,0
2025,P02,P21095,P119,P02,0
2025,P02,P21095,P124,P01,0
2025,P02,P21095,P124,P02,0
2025,P02,P21095,P126,P01,0
2025,P02,P21095,P126,P02,0
2025,P02,P21096,P119,P01,0
2025,P02,P21096,P119,P02,0
2025,P02,P21096,P124,P01,0
2025,P02,P21096,P124,P02,0
2025,P02,P21096,P126,P01,0
2025,P02,P21096,P126,P02,0
2025,P02,P21097,P119,P01,0
2025,P02,P21097,P119,P02,0
2025,P02,P21097,P124,P01,0
2025,P02,P21097,P124,P02,0
2025,P02,P21097,P126,P01,0
2025,P02,P21097,P126,P02,0
2025,P02,P21098,P119,P01,0
2025,P02,P21098,P119,P02,0
2025,P02,P21098,P124,P01,0
2025,P02,P21098,P124,P02,0
2025,P02,P21098,P126,P01,0
2025,P02,P21098,P126,P02,0
2025,P02,P21099,P119,P01,0
2025,P02,P21099,P119,P02,0
2025,P02,P21099,P124,P01,0
2025,P02,P21099,P124,P02,0
2025,P02,P21099,P126,P01,0
2025,P02,P21099,P126,P02,0
2025,P02,P21100,P119,P01,0
2025,P02,P21100,P119,P02,0
2025,P02,P21100,P124,P01,0
2025,P02,P21100,P124,P02,0
2025,P02,P21100,P126,P01,0
2025,P02,P21100,P126,P02,0
2025,P02,P21101,P119,P01,0
2025,P02,P21101,P119,P02,0
2025,P02,P21101,P124,P01,0
2025,P02,P21101,P124,P02,0
2025,P02,P21101,P126,P01,0
2025,P02,P21101,P126,P02,0
2025,P02,P21102,P119,P01,0
2025,P02,P21102,P119,P02,0
2025,P02,P21102,P124,P01,0
2025,P02,P21102,P124,P02,0
2025,P02,P21102,P126,P01,0
2025,P02,P21102,P126,P02,0
2025,P02,P21103,P119,P01,0
2025,P02,P21103,P119,P02,0
2025,P02,P21103,P124,P01,0
2025,P02,P21103,P124,P02,0
2025,P02,P21103,P126,P01,0
2025,P02,P21103,P126,P02,0
2025,P02,P21104,P119,P01,100
2025,P02,P21104,P119,P02,0
2025,P02,P21104,P124,P01,0
2025,P02,P21104,P124,P02,0
2025,P02,P21104,P126,P01,1
2025,P02,P21104,P126,P02,0
2025,P02,P21105,P119,P01,0
2025,P02,P21105,P119,P02,0
2025,P02,P21105,P124,P01,0
2025,P02,P21105,P124,P02,0
2025,P02,P21105,P126,P01,0
2025,P02,P21105,P126,P02,0
2025,P02,P21106,P119,P01,47
2025,P02,P21106,P119,P02,0
2025,P02,P21106,P124,P01,0
2025,P02,P21106,P124,P02,0
2025,P02,P21106,P126,P01,0
2025,P02,P21106,P126,P02,0
2025,P02,P21107,P119,P01,0
2025,P02,P21107,P119,P02,0
2025,P02,P21107,P124,P01,0
2025,P02,P21107,P124,P02,0
2025,P02,P21107,P126,P01,0
2025,P02,P21107,P126,P02,0
2025,P02,P21108,P119,P01,0
2025,P02,P21108,P119,P02,0
2025,P02,P21108,P124,P01,0
2025,P02,P21108,P124,P02,0
2025,P02,P21108,P126,P01,0
2025,P02,P21108,P126,P02,0
2025,P02,P21109,P119,P01,8
2025,P02,P21109,P119,P02,0
2025,P02,P21109,P124,P01,0
2025,P02,P21109,P124,P02,0
2025,P02,P21109,P126,P01,0
2025,P02,P21109,P126,P02,0
2025,P02,P21110,P119,P01,0
2025,P02,P21110,P119,P02,0
2025,P02,P21110,P124,P01,0
2025,P02,P21110,P124,P02,0
2025,P02,P21110,P126,P01,0
2025,P02,P21110,P126,P02,0
2025,P02,P21111,P119,P01,0
2025,P02,P21111,P119,P02,0
2025,P02,P21111,P124,P01,0
2025,P02,P21111,P124,P02,0
2025,P02,P21111,P126,P01,0
2025,P02,P21111,P126,P02,0
2025,P02,P21112,P119,P01,0
2025,P02,P21112,P119,P02,0
2025,P02,P21112,P124,P01,0
2025,P02,P21112,P124,P02,0
2025,P02,P21112,P126,P01,0
2025,P02,P21112,P126,P02,0
2025,P02,P21113,P119,P01,0
2025,P02,P21113,P119,P02,0
2025,P02,P21113,P124,P01,0
2025,P02,P21113,P124,P02,0
2025,P02,P21113,P126,P01,0
2025,P02,P21113,P126,P02,0
2025,P02,P21114,P119,P01,"2,060"
2025,P02,P21114,P119,P02,0
2025,P02,P21114,P124,P01,3
2025,P02,P21114,P124,P02,0
2025,P02,P21114,P126,P01,19
2025,P02,P21114,P126,P02,0
2025,P02,P21115,P119,P01,0
2025,P02,P21115,P119,P02,0
2025,P02,P21115,P124,P01,0
2025,P02,P21115,P124,P02,0
2025,P02,P21115,P126,P01,0
2025,P02,P21115,P126,P02,0
2025,P02,P21116,P119,P01,0
2025,P02,P21116,P119,P02,0
2025,P02,P21116,P124,P01,0
2025,P02,P21116,P124,P02,0
2025,P02,P21116,P126,P01,0
2025,P02,P21116,P126,P02,0
2025,P02,P21117,P119,P01,0
2025,P02,P21117,P119,P02,0
2025,P02,P21117,P124,P01,0
2025,P02,P21117,P124,P02,0
2025,P02,P21117,P126,P01,0
2025,P02,P21117,P126,P02,0
2025,P02,P21118,P119,P01,0
2025,P02,P21118,P119,P02,0
2025,P02,P21118,P124,P01,0
2025,P02,P21118,P124,P02,0
2025,P02,P21118,P126,P01,0
2025,P02,P21118,P126,P02,0
2025,P02,P21119,P119,P01,133
2025,P02,P21119,P119,P02,0
2025,P02,P21119,P124,P01,0
2025,P02,P21119,P124,P02,0
2025,P02,P21119,P126,P01,1
2025,P02,P21119,P126,P02,0
2025,P02,P21120,P119,P01,0
2025,P02,P21120,P119,P02,0
2025,P02,P21120,P124,P01,0
2025,P02,P21120,P124,P02,0
2025,P02,P21120,P126,P01,0
2025,P02,P21120,P126,P02,0
2025,P02,P21121,P119,P01,0
2025,P02,P21121,P119,P02,0
2025,P02,P21121,P124,P01,0
2025,P02,P21121,P124,P02,0
2025,P02,P21121,P126,P01,0
2025,P02,P21121,P126,P02,0
2025,P02,P21122,P119,P01,0
2025,P02,P21122,P119,P02,0
2025,P02,P21122,P124,P01,0
2025,P02,P21122,P124,P02,0
2025,P02,P21122,P126,P01,0
2025,P02,P21122,P126,P02,0
2025,P02,P21123,P119,P01,0
2025,P02,P21123,P119,P02,0
2025,P02,P21123,P124,P01,0
2025,P02,P21123,P124,P02,0
2025,P02,P21123,P126,P01,0
2025,P02,P21123,P126,P02,0
2025,P02,P21124,P119,P01,0
2025,P02,P21124,P119,P02,0
2025,P02,P21124,P124,P01,0
2025,P02,P21124,P124,P02,0
2025,P02,P21124,P126,P01,0
2025,P02,P21124,P126,P02,0
2025,P02,P21125,P119,P01,0
2025,P02,P21125,P119,P02,0
2025,P02,P21125,P124,P01,0
2025,P02,P21125,P124,P02,0
2025,P02,P21125,P126,P01,0
2025,P02,P21125,P126,P02,0
2025,P02,P21126,P119,P01,0
2025,P02,P21126,P119,P02,0
2025,P02,P21126,P124,P01,0
2025,P02,P21126,P124,P02,0
2025,P02,P21126,P126,P01,0
2025,P02,P21126,P126,P02,0
2025,P02,P21127,P119,P01,0
2025,P02,P21127,P119,P02,0
2025,P02,P21127,P124,P01,0
2025,P02,P21127,P124,P02,0
2025,P02,P21127,P126,P01,0
2025,P02,P21127,P126,P02,0
2025,P02,P21128,P119,P01,57
2025,P02,P21128,P119,P02,0
2025,P02,P21128,P124,P01,0
2025,P02,P21128,P124,P02,0
2025,P02,P21128,P126,P01,1
2025,P02,P21128,P126,P02,0
2025,P02,P21129,P119,P01,0
2025,P02,P21129,P119,P02,0
2025,P02,P21129,P124,P01,0
2025,P02,P21129,P124,P02,0
2025,P02,P21129,P126,P01,0
2025,P02,P21129,P126,P02,0
2025,P02,P21130,P119,P01,0
2025,P02,P21130,P119,P02,0
2025,P02,P21130,P124,P01,0
2025,P02,P21130,P124,P02,0
2025,P02,P21130,P126,P01,0
2025,P02,P21130,P126,P02,0
2025,P02,P21131,P119,P01,0
2025,P02,P21131,P119,P02,0
2025,P02,P21131,P124,P01,0
2025,P02,P21131,P124,P02,0
2025,P02,P21131,P126,P01,0
2025,P02,P21131,P126,P02,0
2025,P02,P21132,P119,P01,392
2025,P02,P21132,P119,P02,0
2025,P02,P21132,P124,P01,1
2025,P02,P21132,P124,P02,0
2025,P02,P21132,P126,P01,4
2025,P02,P21132,P126,P02,0
2025,P02,P21133,P119,P01,0
2025,P02,P21133,P119,P02,0
2025,P02,P21133,P124,P01,0
2025,P02,P21133,P124,P02,0
2025,P02,P21133,P126,P01,0
2025,P02,P21133,P126,P02,0
2025,P02,P21134,P119,P01,22
2025,P02,P21134,P119,P02,0
2025,P02,P21134,P124,P01,0
2025,P02,P21134,P124,P02,0
2025,P02,P21134,P126,P01,0
2025,P02,P21134,P126,P02,0
2025,P02,P21135,P119,P01,0
2025,P02,P21135,P119,P02,0
2025,P02,P21135,P124,P01,0
2025,P02,P21135,P124,P02,0
2025,P02,P21135,P126,P01,0
2025,P02,P21135,P126,P02,0
2025,P02,P21136,P119,P01,23
2025,P02,P21136,P119,P02,0
2025,P02,P21136,P124,P01,0
2025,P02,P21136,P124,P02,0
2025,P02,P21136,P126,P01,0
2025,P02,P21136,P126,P02,0
2025,P02,P21137,P119,P01,0
2025,P02,P21137,P119,P02,0
2025,P02,P21137,P124,P01,0
2025,P02,P21137,P124,P02,0
2025,P02,P21137,P126,P01,0
2025,P02,P21137,P126,P02,0
2025,P02,P21138,P119,P01,0
2025,P02,P21138,P119,P02,0
2025,P02,P21138,P124,P01,0
2025,P02,P21138,P124,P02,0
2025,P02,P21138,P126,P01,0
2025,P02,P21138,P126,P02,0
2025,P02,P21139,P119,P01,0
2025,P02,P21139,P119,P02,0
2025,P02,P21139,P124,P01,0
2025,P02,P21139,P124,P02,0
2025,P02,P21139,P126,P01,0
2025,P02,P21139,P126,P02,0
2025,P02,P21140,P119,P01,86
2025,P02,P21140,P119,P02,0
2025,P02,P21140,P124,P01,0
2025,P02,P21140,P124,P02,0
2025,P02,P21140,P126,P01,1
2025,P02,P21140,P126,P02,0
2025,P02,P21141,P119,P01,1
2025,P02,P21141,P119,P02,0
2025,P02,P21141,P124,P01,0
2025,P02,P21141,P124,P02,0
2025,P02,P21141,P126,P01,0
2025,P02,P21141,P126,P02,0
2025,P02,P21142,P119,P01,290
2025,P02,P21142,P119,P02,0
2025,P02,P21142,P124,P01,0
2025,P02,P21142,P124,P02,0
2025,P02,P21142,P126,P01,3
2025,P02,P21142,P126,P02,0
2025,P02,P21143,P119,P01,120
2025,P02,P21143,P119,P02,0
2025,P02,P21143,P124,P01,0
2025,P02,P21143,P124,P02,0
2025,P02,P21143,P126,P01,1
2025,P02,P21143,P126,P02,0
2025,P02,P21144,P119,P01,0
2025,P02,P21144,P119,P02,0
2025,P02,P21144,P124,P01,0
2025,P02,P21144,P124,P02,0
2025,P02,P21144,P126,P01,0
2025,P02,P21144,P126,P02,0
2025,P02,P21145,P119,P01,0
2025,P02,P21145,P119,P02,0
2025,P02,P21145,P124,P01,0
2025,P02,P21145,P124,P02,0
2025,P02,P21145,P126,P01,0
2025,P02,P21145,P126,P02,0
2025,P02,P21146,P119,P01,0
2025,P02,P21146,P119,P02,0
2025,P02,P21146,P124,P01,0
2025,P02,P21146,P124,P02,0
2025,P02,P21146,P126,P01,0
2025,P02,P21146,P126,P02,0
2025,P02,P21147,P119,P01,0
2025,P02,P21147,P119,P02,0
2025,P02,P21147,P124,P01,0
2025,P02,P21147,P124,P02,0
2025,P02,P21147,P126,P01,0
2025,P02,P21147,P126,P02,0
2025,P02,P21148,P119,P01,0
2025,P02,P21148,P119,P02,0
2025,P02,P21148,P124,P01,0
2025,P02,P21148,P124,P02,0
2025,P02,P21148,P126,P01,0
2025,P02,P21148,P126,P02,0
2025,P02,P21149,P119,P01,0
2025,P02,P21149,P119,P02,0
2025,P02,P21149,P124,P01,0
2025,P02,P21149,P124,P02,0
2025,P02,P21149,P126,P01,0
2025,P02,P21149,P126,P02,0
2025,P02,P21150,P119,P01,0
2025,P02,P21150,P119,P02,0
2025,P02,P21150,P124,P01,0
2025,P02,P21150,P124,P02,0
2025,P02,P21150,P126,P01,0
2025,P02,P21150,P126,P02,0
2025,P02,P21151,P119,P01,0
2025,P02,P21151,P119,P02,0
2025,P02,P21151,P124,P01,0
2025,P02,P21151,P124,P02,0
2025,P02,P21151,P126,P01,0
2025,P02,P21151,P126,P02,0
2025,P02,P21152,P119,P01,73
2025,P02,P21152,P119,P02,0
2025,P02,P21152,P124,P01,0
2025,P02,P21152,P124,P02,0
2025,P02,P21152,P126,P01,1
2025,P02,P21152,P126,P02,0
2025,P02,P21153,P119,P01,0
2025,P02,P21153,P119,P02,0
2025,P02,P21153,P124,P01,0
2025,P02,P21153,P124,P02,0
2025,P02,P21153,P126,P01,0
2025,P02,P21153,P126,P02,0
2025,P02,P21154,P119,P01,0
2025,P02,P21154,P119,P02,0
2025,P02,P21154,P124,P01,0
2025,P02,P21154,P124,P02,0
2025,P02,P21154,P126,P01,0
2025,P02,P21154,P126,P02,0
2025,P02,P21155,P119,P01,4
2025,P02,P21155,P119,P02,0
2025,P02,P21155,P124,P01,0
2025,P02,P21155,P124,P02,0
2025,P02,P21155,P126,P01,0
2025,P02,P21155,P126,P02,0
2025,P02,P21156,P119,P01,0
2025,P02,P21156,P119,P02,0
2025,P02,P21156,P124,P01,0
2025,P02,P21156,P124,P02,0
2025,P02,P21156,P126,P01,0
2025,P02,P21156,P126,P02,0
2025,P02,P21157,P119,P01,0
2025,P02,P21157,P119,P02,0
2025,P02,P21157,P124,P01,0
2025,P02,P21157,P124,P02,0
2025,P02,P21157,P126,P01,0
2025,P02,P21157,P126,P02,0
2025,P02,P21158,P119,P01,0
2025,P02,P21158,P119,P02,0
2025,P02,P21158,P124,P01,0
2025,P02,P21158,P124,P02,0
2025,P02,P21158,P126,P01,0
2025,P02,P21158,P126,P02,0
2025,P02,P21159,P119,P01,0
2025,P02,P21159,P119,P02,0
2025,P02,P21159,P124,P01,0
2025,P02,P21159,P124,P02,0
2025,P02,P21159,P126,P01,0
2025,P02,P21159,P126,P02,0
2025,P02,P21160,P119,P01,0
2025,P02,P21160,P119,P02,0
2025,P02,P21160,P124,P01,0
2025,P02,P21160,P124,P02,0
2025,P02,P21160,P126,P01,0
2025,P02,P21160,P126,P02,0
2025,P02,P21161,P119,P01,0
2025,P02,P21161,P119,P02,0
2025,P02,P21161,P124,P01,0
2025,P02,P21161,P124,P02,0
2025,P02,P21161,P126,P01,0
2025,P02,P21161,P126,P02,0
2025,P02,P21162,P119,P01,0
2025,P02,P21162,P119,P02,0
2025,P02,P21162,P124,P01,0
2025,P02,P21162,P124,P02,0
2025,P02,P21162,P126,P01,0
2025,P02,P21162,P126,P02,0
2025,P02,P21163,P119,P01,0
2025,P02,P21163,P119,P02,0
2025,P02,P21163,P124,P01,0
2025,P02,P21163,P124,P02,0
2025,P02,P21163,P126,P01,0
2025,P02,P21163,P126,P02,0
2025,P02,P21164,P119,P01,0
2025,P02,P21164,P119,P02,0
2025,P02,P21164,P124,P01,0
2025,P02,P21164,P124,P02,0
2025,P02,P21164,P126,P01,0
2025,P02,P21164,P126,P02,0
2025,P02,P21165,P119,P01,0
2025,P02,P21165,P119,P02,0
2025,P02,P21165,P124,P01,0
2025,P02,P21165,P124,P02,0
2025,P02,P21165,P126,P01,0
2025,P02,P21165,P126,P02,0
2025,P02,P21166,P119,P01,0
2025,P02,P21166,P119,P02,0
2025,P02,P21166,P124,P01,0
2025,P02,P21166,P124,P02,0
2025,P02,P21166,P126,P01,0
2025,P02,P21166,P126,P02,0
2025,P02,P21167,P119,P01,0
2025,P02,P21167,P119,P02,0
2025,P02,P21167,P124,P01,0
2025,P02,P21167,P124,P02,0
2025,P02,P21167,P126,P01,0
2025,P02,P21167,P126,P02,0
2025,P02,P21168,P119,P01,2
2025,P02,P21168,P119,P02,0
2025,P02,P21168,P124,P01,0
2025,P02,P21168,P124,P02,0
2025,P02,P21168,P126,P01,0
2025,P02,P21168,P126,P02,0
2025,P02,P21169,P119,P01,0
2025,P02,P21169,P119,P02,0
2025,P02,P21169,P124,P01,0
2025,P02,P21169,P124,P02,0
2025,P02,P21169,P126,P01,0
2025,P02,P21169,P126,P02,0
2025,P02,P21170,P119,P01,0
2025,P02,P21170,P119,P02,0
2025,P02,P21170,P124,P01,0
2025,P02,P21170,P124,P02,0
2025,P02,P21170,P126,P01,0
2025,P02,P21170,P126,P02,0
2025,P02,P21171,P119,P01,0
2025,P02,P21171,P119,P02,0
2025,P02,P21171,P124,P01,0
2025,P02,P21171,P124,P02,0
2025,P02,P21171,P126,P01,0
2025,P02,P21171,P126,P02,0
2025,P02,P21172,P119,P01,0
2025,P02,P21172,P119,P02,0
2025,P02,P21172,P124,P01,0
2025,P02,P21172,P124,P02,0
2025,P02,P21172,P126,P01,0
2025,P02,P21172,P126,P02,0
2025,P02,P21173,P119,P01,0
2025,P02,P21173,P119,P02,0
2025,P02,P21173,P124,P01,0
2025,P02,P21173,P124,P02,0
2025,P02,P21173,P126,P01,0
2025,P02,P21173,P126,P02,0
2025,P02,P21174,P119,P01,0
2025,P02,P21174,P119,P02,0
2025,P02,P21174,P124,P01,0
2025,P02,P21174,P124,P02,0
2025,P02,P21174,P126,P01,0
2025,P02,P21174,P126,P02,0
2025,P02,P21175,P119,P01,0
2025,P02,P21175,P119,P02,0
2025,P02,P21175,P124,P01,0
2025,P02,P21175,P124,P02,0
2025,P02,P21175,P126,P01,0
2025,P02,P21175,P126,P02,0
2025,P02,P21176,P119,P01,0
2025,P02,P21176,P119,P02,0
2025,P02,P21176,P124,P01,0
2025,P02,P21176,P124,P02,0
2025,P02,P21176,P126,P01,0
2025,P02,P21176,P126,P02,0
2025,P02,P21177,P119,P01,0
2025,P02,P21177,P119,P02,0
2025,P02,P21177,P124,P01,0
2025,P02,P21177,P124,P02,0
2025,P02,P21177,P126,P01,0
2025,P02,P21177,P126,P02,0
2025,P02,P21178,P119,P01,0
2025,P02,P21178,P119,P02,0
2025,P02,P21178,P124,P01,0
2025,P02,P21178,P124,P02,0
2025,P02,P21178,P126,P01,0
2025,P02,P21178,P126,P02,0
2025,P02,P21179,P119,P01,0
2025,P02,P21179,P119,P02,0
2025,P02,P21179,P124,P01,0
2025,P02,P21179,P124,P02,0
2025,P02,P21179,P126,P01,0
2025,P02,P21179,P126,P02,0
2025,P02,P21180,P119,P01,51
2025,P02,P21180,P119,P02,0
2025,P02,P21180,P124,P01,0
2025,P02,P21180,P124,P02,0
2025,P02,P21180,P126,P01,0
2025,P02,P21180,P126,P02,0
2025,P02,P21181,P119,P01,0
2025,P02,P21181,P119,P02,0
2025,P02,P21181,P124,P01,0
2025,P02,P21181,P124,P02,0
2025,P02,P21181,P126,P01,0
2025,P02,P21181,P126,P02,0
2025,P02,P21182,P119,P01,0
2025,P02,P21182,P119,P02,0
2025,P02,P21182,P124,P01,0
2025,P02,P21182,P124,P02,0
2025,P02,P21182,P126,P01,0
2025,P02,P21182,P126,P02,0
2025,P02,P21183,P119,P01,0
2025,P02,P21183,P119,P02,0
2025,P02,P21183,P124,P01,0
2025,P02,P21183,P124,P02,0
2025,P02,P21183,P126,P01,0
2025,P02,P21183,P126,P02,0
2025,P02,P21184,P119,P01,0
2025,P02,P21184,P119,P02,0
2025,P02,P21184,P124,P01,0
2025,P02,P21184,P124,P02,0
2025,P02,P21184,P126,P01,0
2025,P02,P21184,P126,P02,0
2025,P02,P21185,P119,P01,0
2025,P02,P21185,P119,P02,0
2025,P02,P21185,P124,P01,0
2025,P02,P21185,P124,P02,0
2025,P02,P21185,P126,P01,0
2025,P02,P21185,P126,P02,0
2025,P02,P21186,P119,P01,65
2025,P02,P21186,P119,P02,0
2025,P02,P21186,P124,P01,0
2025,P02,P21186,P124,P02,0
2025,P02,P21186,P126,P01,1
2025,P02,P21186,P126,P02,0
2025,P02,P21187,P119,P01,0
2025,P02,P21187,P119,P02,0
2025,P02,P21187,P124,P01,0
2025,P02,P21187,P124,P02,0
2025,P02,P21187,P126,P01,0
2025,P02,P21187,P126,P02,0
2025,P02,P21188,P119,P01,8
2025,P02,P21188,P119,P02,0
2025,P02,P21188,P124,P01,0
2025,P02,P21188,P124,P02,0
2025,P02,P21188,P126,P01,0
2025,P02,P21188,P126,P02,0
2025,P02,P21189,P119,P01,0
2025,P02,P21189,P119,P02,0
2025,P02,P21189,P124,P01,0
2025,P02,P21189,P124,P02,0
2025,P02,P21189,P126,P01,0
2025,P02,P21189,P126,P02,0
2025,P02,P21190,P119,P01,0
2025,P02,P21190,P119,P02,0
2025,P02,P21190,P124,P01,0
2025,P02,P21190,P124,P02,0
2025,P02,P21190,P126,P01,0
2025,P02,P21190,P126,P02,0
2025,P02,P21191,P119,P01,0
2025,P02,P21191,P119,P02,0
2025,P02,P21191,P124,P01,0
2025,P02,P21191,P124,P02,0
2025,P02,P21191,P126,P01,0
2025,P02,P21191,P126,P02,0
2025,P02,P21192,P119,P01,0
2025,P02,P21192,P119,P02,0
2025,P02,P21192,P124,P01,0
2025,P02,P21192,P124,P02,0
2025,P02,P21192,P126,P01,0
2025,P02,P21192,P126,P02,0
2025,P02,P21193,P119,P01,0
2025,P02,P21193,P119,P02,0
2025,P02,P21193,P124,P01,0
2025,P02,P21193,P124,P02,0
2025,P02,P21193,P126,P01,0
2025,P02,P21193,P126,P02,0
2025,P02,P21194,P119,P01,698
2025,P02,P21194,P119,P02,0
2025,P02,P21194,P124,P01,1
2025,P02,P21194,P124,P02,0
2025,P02,P21194,P126,P01,7
2025,P02,P21194,P126,P02,0
2025,P02,P21195,P119,P01,5
2025,P02,P21195,P119,P02,0
2025,P02,P21195,P124,P01,0
2025,P02,P21195,P124,P02,0
2025,P02,P21195,P126,P01,0
2025,P02,P21195,P126,P02,0
2025,P02,P21196,P119,P01,0
2025,P02,P21196,P119,P02,0
2025,P02,P21196,P124,P01,0
2025,P02,P21196,P124,P02,0
2025,P02,P21196,P126,P01,0
2025,P02,P21196,P126,P02,0
2025,P02,P21197,P119,P01,270
2025,P02,P21197,P119,P02,0
2025,P02,P21197,P124,P01,0
2025,P02,P21197,P124,P02,0
2025,P02,P21197,P126,P01,3
2025,P02,P21197,P126,P02,0
2025,P02,P21198,P119,P01,0
2025,P02,P21198,P119,P02,0
2025,P02,P21198,P124,P01,0
2025,P02,P21198,P124,P02,0
2025,P02,P21198,P126,P01,0
2025,P02,P21198,P126,P02,0
2025,P02,P21199,P119,P01,0
2025,P02,P21199,P119,P02,0
2025,P02,P21199,P124,P01,0
2025,P02,P21199,P124,P02,0
2025,P02,P21199,P126,P01,0
2025,P02,P21199,P126,P02,0
2025,P02,P21200,P119,P01,0
2025,P02,P21200,P119,P02,0
2025,P02,P21200,P124,P01,0
2025,P02,P21200,P124,P02,0
2025,P02,P21200,P126,P01,0
2025,P02,P21200,P126,P02,0
2025,P02,P21201,P119,P01,0
2025,P02,P21201,P119,P02,0
2025,P02,P21201,P124,P01,0
2025,P02,P21201,P124,P02,0
2025,P02,P21201,P126,P01,0
2025,P02,P21201,P126,P02,0
2025,P02,P21202,P119,P01,0
2025,P02,P21202,P119,P02,0
2025,P02,P21202,P124,P01,0
2025,P02,P21202,P124,P02,0
2025,P02,P21202,P126,P01,0
2025,P02,P21202,P126,P02,0
2025,P02,P21203,P119,P01,0
2025,P02,P21203,P119,P02,0
2025,P02,P21203,P124,P01,0
2025,P02,P21203,P124,P02,0
2025,P02,P21203,P126,P01,0
2025,P02,P21203,P126,P02,0
2025,P02,P21204,P119,P01,0
2025,P02,P21204,P119,P02,0
2025,P02,P21204,P124,P01,0
2025,P02,P21204,P124,P02,0
2025,P02,P21204,P126,P01,0
2025,P02,P21204,P126,P02,0
2025,P02,P21205,P119,P01,0
2025,P02,P21205,P119,P02,0
2025,P02,P21205,P124,P01,0
2025,P02,P21205,P124,P02,0
2025,P02,P21205,P126,P01,0
2025,P02,P21205,P126,P02,0
2025,P02,P21206,P119,P01,0
2025,P02,P21206,P119,P02,0
2025,P02,P21206,P124,P01,0
2025,P02,P21206,P124,P02,0
2025,P02,P21206,P126,P01,0
2025,P02,P21206,P126,P02,0
2025,P02,P21207,P119,P01,0
2025,P02,P21207,P119,P02,0
2025,P02,P21207,P124,P01,0
2025,P02,P21207,P124,P02,0
2025,P02,P21207,P126,P01,0
2025,P02,P21207,P126,P02,0
2025,P02,P21208,P119,P01,0
2025,P02,P21208,P119,P02,0
2025,P02,P21208,P124,P01,0
2025,P02,P21208,P124,P02,0
2025,P02,P21208,P126,P01,0
2025,P02,P21208,P126,P02,0
2025,P02,P21209,P119,P01,30
2025,P02,P21209,P119,P02,0
2025,P02,P21209,P124,P01,0
2025,P02,P21209,P124,P02,0
2025,P02,P21209,P126,P01,0
2025,P02,P21209,P126,P02,0
2025,P02,P21210,P119,P01,0
2025,P02,P21210,P119,P02,0
2025,P02,P21210,P124,P01,0
2025,P02,P21210,P124,P02,0
2025,P02,P21210,P126,P01,0
2025,P02,P21210,P126,P02,0
2025,P02,P21211,P119,P01,0
2025,P02,P21211,P119,P02,0
2025,P02,P21211,P124,P01,0
2025,P02,P21211,P124,P02,0
2025,P02,P21211,P126,P01,0
2025,P02,P21211,P126,P02,0
2025,P02,P21212,P119,P01,0
2025,P02,P21212,P119,P02,0
2025,P02,P21212,P124,P01,0
2025,P02,P21212,P124,P02,0
2025,P02,P21212,P126,P01,0
2025,P02,P21212,P126,P02,0
2025,P02,P21213,P119,P01,0
2025,P02,P21213,P119,P02,0
2025,P02,P21213,P124,P01,0
2025,P02,P21213,P124,P02,0
2025,P02,P21213,P126,P01,0
2025,P02,P21213,P126,P02,0
2025,P02,P21214,P119,P01,0
2025,P02,P21214,P119,P02,0
2025,P02,P21214,P124,P01,0
2025,P02,P21214,P124,P02,0
2025,P02,P21214,P126,P01,0
2025,P02,P21214,P126,P02,0
2025,P02,P21215,P119,P01,0
2025,P02,P21215,P119,P02,0
2025,P02,P21215,P124,P01,0
2025,P02,P21215,P124,P02,0
2025,P02,P21215,P126,P01,0
2025,P02,P21215,P126,P02,0
2025,P02,P21216,P119,P01,0
2025,P02,P21216,P119,P02,0
2025,P02,P21216,P124,P01,0
2025,P02,P21216,P124,P02,0
2025,P02,P21216,P126,P01,0
2025,P02,P21216,P126,P02,0
2025,P02,P21217,P119,P01,0
2025,P02,P21217,P119,P02,0
2025,P02,P21217,P124,P01,0
2025,P02,P21217,P124,P02,0
2025,P02,P21217,P126,P01,0
2025,P02,P21217,P126,P02,0
2025,P02,P22001,P119,P01,53
2025,P02,P22001,P119,P02,0
2025,P02,P22001,P124,P01,0
2025,P02,P22001,P124,P02,0
2025,P02,P22001,P126,P01,0
2025,P02,P22001,P126,P02,0
2025,P02,P22002,P119,P01,5
2025,P02,P22002,P119,P02,0
2025,P02,P22002,P124,P01,0
2025,P02,P22002,P124,P02,0
2025,P02,P22002,P126,P01,0
2025,P02,P22002,P126,P02,0
2025,P02,P22003,P119,P01,3
2025,P02,P22003,P119,P02,0
2025,P02,P22003,P124,P01,0
2025,P02,P22003,P124,P02,0
2025,P02,P22003,P126,P01,0
2025,P02,P22003,P126,P02,0
2025,P02,P22004,P119,P01,18
2025,P02,P22004,P119,P02,0
2025,P02,P22004,P124,P01,0
2025,P02,P22004,P124,P02,0
2025,P02,P22004,P126,P01,0
2025,P02,P22004,P126,P02,0
2025,P02,P22005,P119,P01,36
2025,P02,P22005,P119,P02,0
2025,P02,P22005,P124,P01,0
2025,P02,P22005,P124,P02,0
2025,P02,P22005,P126,P01,0
2025,P02,P22005,P126,P02,0
2025,P02,P22006,P119,P01,30
2025,P02,P22006,P119,P02,0
2025,P02,P22006,P124,P01,0
2025,P02,P22006,P124,P02,0
2025,P02,P22006,P126,P01,0
2025,P02,P22006,P126,P02,0
2025,P02,P22007,P119,P01,24
2025,P02,P22007,P119,P02,0
2025,P02,P22007,P124,P01,0
2025,P02,P22007,P124,P02,0
2025,P02,P22007,P126,P01,0
2025,P02,P22007,P126,P02,0
2025,P02,P22008,P119,P01,9
2025,P02,P22008,P119,P02,0
2025,P02,P22008,P124,P01,0
2025,P02,P22008,P124,P02,0
2025,P02,P22008,P126,P01,0
2025,P02,P22008,P126,P02,0
2025,P02,P22009,P119,P01,1
2025,P02,P22009,P119,P02,0
2025,P02,P22009,P124,P01,0
2025,P02,P22009,P124,P02,0
2025,P02,P22009,P126,P01,0
2025,P02,P22009,P126,P02,0
2025,P02,P22010,P119,P01,2
2025,P02,P22010,P119,P02,0
2025,P02,P22010,P124,P01,0
2025,P02,P22010,P124,P02,0
2025,P02,P22010,P126,P01,0
2025,P02,P22010,P126,P02,0
2025,P02,P22011,P119,P01,115
2025,P02,P22011,P119,P02,0
2025,P02,P22011,P124,P01,0
2025,P02,P22011,P124,P02,0
2025,P02,P22011,P126,P01,1
2025,P02,P22011,P126,P02,0
2025,P02,P22012,P119,P01,23
2025,P02,P22012,P119,P02,0
2025,P02,P22012,P124,P01,0
2025,P02,P22012,P124,P02,0
2025,P02,P22012,P126,P01,0
2025,P02,P22012,P126,P02,0
2025,P02,P22013,P119,P01,14
2025,P02,P22013,P119,P02,0
2025,P02,P22013,P124,P01,0
2025,P02,P22013,P124,P02,0
2025,P02,P22013,P126,P01,0
2025,P02,P22013,P126,P02,0
2025,P02,P22014,P119,P01,403
2025,P02,P22014,P119,P02,0
2025,P02,P22014,P124,P01,1
2025,P02,P22014,P124,P02,0
2025,P02,P22014,P126,P01,4
2025,P02,P22014,P126,P02,0
2025,P02,P22015,P119,P01,0
2025,P02,P22015,P119,P02,0
2025,P02,P22015,P124,P01,0
2025,P02,P22015,P124,P02,0
2025,P02,P22015,P126,P01,0
2025,P02,P22015,P126,P02,0
2025,P02,P22016,P119,P01,247
2025,P02,P22016,P119,P02,0
2025,P02,P22016,P124,P01,0
2025,P02,P22016,P124,P02,0
2025,P02,P22016,P126,P01,2
2025,P02,P22016,P126,P02,0
2025,P02,P22017,P119,P01,37
2025,P02,P22017,P119,P02,0
2025,P02,P22017,P124,P01,0
2025,P02,P22017,P124,P02,0
2025,P02,P22017,P126,P01,0
2025,P02,P22017,P126,P02,0
2025,P02,P22018,P119,P01,11
2025,P02,P22018,P119,P02,0
2025,P02,P22018,P124,P01,0
2025,P02,P22018,P124,P02,0
2025,P02,P22018,P126,P01,0
2025,P02,P22018,P126,P02,0
2025,P02,P23001,P119,P01,15
2025,P02,P23001,P119,P02,0
2025,P02,P23001,P124,P01,0
2025,P02,P23001,P124,P02,0
2025,P02,P23001,P126,P01,0
2025,P02,P23001,P126,P02,0
2025,P02,P23002,P119,P01,1
2025,P02,P23002,P119,P02,0
2025,P02,P23002,P124,P01,0
2025,P02,P23002,P124,P02,0
2025,P02,P23002,P126,P01,0
2025,P02,P23002,P126,P02,0
2025,P02,P23003,P119,P01,52
2025,P02,P23003,P119,P02,0
2025,P02,P23003,P124,P01,0
2025,P02,P23003,P124,P02,0
2025,P02,P23003,P126,P01,0
2025,P02,P23003,P126,P02,0
2025,P02,P23004,P119,P01,81
2025,P02,P23004,P119,P02,0
2025,P02,P23004,P124,P01,0
2025,P02,P23004,P124,P02,0
2025,P02,P23004,P126,P01,1
2025,P02,P23004,P126,P02,0
2025,P02,P23005,P119,P01,0
2025,P02,P23005,P119,P02,0
2025,P02,P23005,P124,P01,0
2025,P02,P23005,P124,P02,0
2025,P02,P23005,P126,P01,0
2025,P02,P23005,P126,P02,0
2025,P02,P23006,P119,P01,0
2025,P02,P23006,P119,P02,0
2025,P02,P23006,P124,P01,0
2025,P02,P23006,P124,P02,0
2025,P02,P23006,P126,P01,0
2025,P02,P23006,P126,P02,0
2025,P02,P23007,P119,P01,0
2025,P02,P23007,P119,P02,0
2025,P02,P23007,P124,P01,0
2025,P02,P23007,P124,P02,0
2025,P02,P23007,P126,P01,0
2025,P02,P23007,P126,P02,0
2025,P02,P23008,P119,P01,682
2025,P02,P23008,P119,P02,0
2025,P02,P23008,P124,P01,1
2025,P02,P23008,P124,P02,0
2025,P02,P23008,P126,P01,6
2025,P02,P23008,P126,P02,0
2025,P02,P23009,P119,P01,47
2025,P02,P23009,P119,P02,0
2025,P02,P23009,P124,P01,0
2025,P02,P23009,P124,P02,0
2025,P02,P23009,P126,P01,0
2025,P02,P23009,P126,P02,0
2025,P02,P23010,P119,P01,14
2025,P02,P23010,P119,P02,0
2025,P02,P23010,P124,P01,0
2025,P02,P23010,P124,P02,0
2025,P02,P23010,P126,P01,0
2025,P02,P23010,P126,P02,0
2025,P02,P23011,P119,P01,61
2025,P02,P23011,P119,P02,0
2025,P02,P23011,P124,P01,0
2025,P02,P23011,P124,P02,0
2025,P02,P23011,P126,P01,1
2025,P02,P23011,P126,P02,0
2025,P02,P24001,P119,P01,0
2025,P02,P24001,P119,P02,0
2025,P02,P24001,P124,P01,0
2025,P02,P24001,P124,P02,0
2025,P02,P24001,P126,P01,0
2025,P02,P24001,P126,P02,0
2025,P02,P24002,P119,P01,0
2025,P02,P24002,P119,P02,0
2025,P02,P24002,P124,P01,0
2025,P02,P24002,P124,P02,0
2025,P02,P24002,P126,P01,0
2025,P02,P24002,P126,P02,0
2025,P02,P24003,P119,P01,0
2025,P02,P24003,P119,P02,0
2025,P02,P24003,P124,P01,0
2025,P02,P24003,P124,P02,0
2025,P02,P24003,P126,P01,0
2025,P02,P24003,P126,P02,0
2025,P02,P24004,P119,P01,2
2025,P02,P24004,P119,P02,0
2025,P02,P24004,P124,P01,0
2025,P02,P24004,P124,P02,0
2025,P02,P24004,P126,P01,0
2025,P02,P24004,P126,P02,0
2025,P02,P24005,P119,P01,0
2025,P02,P24005,P119,P02,0
2025,P02,P24005,P124,P01,0
2025,P02,P24005,P124,P02,0
2025,P02,P24005,P126,P01,0
2025,P02,P24005,P126,P02,0
2025,P02,P24006,P119,P01,0
2025,P02,P24006,P119,P02,0
2025,P02,P24006,P124,P01,0
2025,P02,P24006,P124,P02,0
2025,P02,P24006,P126,P01,0
2025,P02,P24006,P126,P02,0
2025,P02,P24007,P119,P01,1
2025,P02,P24007,P119,P02,0
2025,P02,P24007,P124,P01,0
2025,P02,P24007,P124,P02,0
2025,P02,P24007,P126,P01,0
2025,P02,P24007,P126,P02,0
2025,P02,P24008,P119,P01,0
2025,P02,P24008,P119,P02,0
2025,P02,P24008,P124,P01,0
2025,P02,P24008,P124,P02,0
2025,P02,P24008,P126,P01,0
2025,P02,P24008,P126,P02,0
2025,P02,P24009,P119,P01,2
2025,P02,P24009,P119,P02,0
2025,P02,P24009,P124,P01,0
2025,P02,P24009,P124,P02,0
2025,P02,P24009,P126,P01,0
2025,P02,P24009,P126,P02,0
2025,P02,P24010,P119,P01,0
2025,P02,P24010,P119,P02,0
2025,P02,P24010,P124,P01,0
2025,P02,P24010,P124,P02,0
2025,P02,P24010,P126,P01,0
2025,P02,P24010,P126,P02,0
2025,P02,P24011,P119,P01,0
2025,P02,P24011,P119,P02,0
2025,P02,P24011,P124,P01,0
2025,P02,P24011,P124,P02,0
2025,P02,P24011,P126,P01,0
2025,P02,P24011,P126,P02,0
2025,P02,P24012,P119,P01,0
2025,P02,P24012,P119,P02,0
2025,P02,P24012,P124,P01,0
2025,P02,P24012,P124,P02,0
2025,P02,P24012,P126,P01,0
2025,P02,P24012,P126,P02,0
2025,P02,P24013,P119,P01,2
2025,P02,P24013,P119,P02,0
2025,P02,P24013,P124,P01,0
2025,P02,P24013,P124,P02,0
2025,P02,P24013,P126,P01,0
2025,P02,P24013,P126,P02,0
2025,P02,P24014,P119,P01,0
2025,P02,P24014,P119,P02,0
2025,P02,P24014,P124,P01,0
2025,P02,P24014,P124,P02,0
2025,P02,P24014,P126,P01,0
2025,P02,P24014,P126,P02,0
2025,P02,P24015,P119,P01,0
2025,P02,P24015,P119,P02,0
2025,P02,P24015,P124,P01,0
2025,P02,P24015,P124,P02,0
2025,P02,P24015,P126,P01,0
2025,P02,P24015,P126,P02,0
2025,P02,P24016,P119,P01,3
2025,P02,P24016,P119,P02,0
2025,P02,P24016,P124,P01,0
2025,P02,P24016,P124,P02,0
2025,P02,P24016,P126,P01,0
2025,P02,P24016,P126,P02,0
2025,P02,P24017,P119,P01,0
2025,P02,P24017,P119,P02,0
2025,P02,P24017,P124,P01,0
2025,P02,P24017,P124,P02,0
2025,P02,P24017,P126,P01,0
2025,P02,P24017,P126,P02,0
2025,P02,P24018,P119,P01,0
2025,P02,P24018,P119,P02,0
2025,P02,P24018,P124,P01,0
2025,P02,P24018,P124,P02,0
2025,P02,P24018,P126,P01,0
2025,P02,P24018,P126,P02,0
2025,P02,P24019,P119,P01,1
2025,P02,P24019,P119,P02,0
2025,P02,P24019,P124,P01,0
2025,P02,P24019,P124,P02,0
2025,P02,P24019,P126,P01,0
2025,P02,P24019,P126,P02,0
2025,P02,P24020,P119,P01,0
2025,P02,P24020,P119,P02,0
2025,P02,P24020,P124,P01,0
2025,P02,P24020,P124,P02,0
2025,P02,P24020,P126,P01,0
2025,P02,P24020,P126,P02,0
2025,P02,P24021,P119,P01,21
2025,P02,P24021,P119,P02,0
2025,P02,P24021,P124,P01,0
2025,P02,P24021,P124,P02,0
2025,P02,P24021,P126,P01,0
2025,P02,P24021,P126,P02,0
2025,P02,P24022,P119,P01,0
2025,P02,P24022,P119,P02,0
2025,P02,P24022,P124,P01,0
2025,P02,P24022,P124,P02,0
2025,P02,P24022,P126,P01,0
2025,P02,P24022,P126,P02,0
2025,P02,P24023,P119,P01,0
2025,P02,P24023,P119,P02,0
2025,P02,P24023,P124,P01,0
2025,P02,P24023,P124,P02,0
2025,P02,P24023,P126,P01,0
2025,P02,P24023,P126,P02,0
2025,P02,P24024,P119,P01,0
2025,P02,P24024,P119,P02,0
2025,P02,P24024,P124,P01,0
2025,P02,P24024,P124,P02,0
2025,P02,P24024,P126,P01,0
2025,P02,P24024,P126,P02,0
2025,P02,P24025,P119,P01,0
2025,P02,P24025,P119,P02,0
2025,P02,P24025,P124,P01,0
2025,P02,P24025,P124,P02,0
2025,P02,P24025,P126,P01,0
2025,P02,P24025,P126,P02,0
2025,P02,P24026,P119,P01,0
2025,P02,P24026,P119,P02,0
2025,P02,P24026,P124,P01,0
2025,P02,P24026,P124,P02,0
2025,P02,P24026,P126,P01,0
2025,P02,P24026,P126,P02,0
2025,P02,P24027,P119,P01,0
2025,P02,P24027,P119,P02,0
2025,P02,P24027,P124,P01,0
2025,P02,P24027,P124,P02,0
2025,P02,P24027,P126,P01,0
2025,P02,P24027,P126,P02,0
2025,P02,P24028,P119,P01,940
2025,P02,P24028,P119,P02,0
2025,P02,P24028,P124,P01,1
2025,P02,P24028,P124,P02,0
2025,P02,P24028,P126,P01,9
2025,P02,P24028,P126,P02,0
2025,P02,P24029,P119,P01,2
2025,P02,P24029,P119,P02,0
2025,P02,P24029,P124,P01,0
2025,P02,P24029,P124,P02,0
2025,P02,P24029,P126,P01,0
2025,P02,P24029,P126,P02,0
2025,P02,P24030,P119,P01,0
2025,P02,P24030,P119,P02,0
2025,P02,P24030,P124,P01,0
2025,P02,P24030,P124,P02,0
2025,P02,P24030,P126,P01,0
2025,P02,P24030,P126,P02,0
2025,P02,P24031,P119,P01,44
2025,P02,P24031,P119,P02,0
2025,P02,P24031,P124,P01,0
2025,P02,P24031,P124,P02,0
2025,P02,P24031,P126,P01,0
2025,P02,P24031,P126,P02,0
2025,P02,P24032,P119,P01,0
2025,P02,P24032,P119,P02,0
2025,P02,P24032,P124,P01,0
2025,P02,P24032,P124,P02,0
2025,P02,P24032,P126,P01,0
2025,P02,P24032,P126,P02,0
2025,P02,P24033,P119,P01,0
2025,P02,P24033,P119,P02,0
2025,P02,P24033,P124,P01,0
2025,P02,P24033,P124,P02,0
2025,P02,P24033,P126,P01,0
2025,P02,P24033,P126,P02,0
2025,P02,P24034,P119,P01,2
2025,P02,P24034,P119,P02,0
2025,P02,P24034,P124,P01,0
2025,P02,P24034,P124,P02,0
2025,P02,P24034,P126,P01,0
2025,P02,P24034,P126,P02,0
2025,P02,P24035,P119,P01,307
2025,P02,P24035,P119,P02,0
2025,P02,P24035,P124,P01,0
2025,P02,P24035,P124,P02,0
2025,P02,P24035,P126,P01,3
2025,P02,P24035,P126,P02,0
2025,P02,P24036,P119,P01,0
2025,P02,P24036,P119,P02,0
2025,P02,P24036,P124,P01,0
2025,P02,P24036,P124,P02,0
2025,P02,P24036,P126,P01,0
2025,P02,P24036,P126,P02,0
2025,P02,P24037,P119,P01,2
2025,P02,P24037,P119,P02,0
2025,P02,P24037,P124,P01,0
2025,P02,P24037,P124,P02,0
2025,P02,P24037,P126,P01,0
2025,P02,P24037,P126,P02,0
2025,P02,P24038,P119,P01,5
2025,P02,P24038,P119,P02,0
2025,P02,P24038,P124,P01,0
2025,P02,P24038,P124,P02,0
2025,P02,P24038,P126,P01,0
2025,P02,P24038,P126,P02,0
2025,P02,P24039,P119,P01,2
2025,P02,P24039,P119,P02,0
2025,P02,P24039,P124,P01,0
2025,P02,P24039,P124,P02,0
2025,P02,P24039,P126,P01,0
2025,P02,P24039,P126,P02,0
2025,P02,P24040,P119,P01,2
2025,P02,P24040,P119,P02,0
2025,P02,P24040,P124,P01,0
2025,P02,P24040,P124,P02,0
2025,P02,P24040,P126,P01,0
2025,P02,P24040,P126,P02,0
2025,P02,P24041,P119,P01,5
2025,P02,P24041,P119,P02,0
2025,P02,P24041,P124,P01,0
2025,P02,P24041,P124,P02,0
2025,P02,P24041,P126,P01,0
2025,P02,P24041,P126,P02,0
2025,P02,P24042,P119,P01,0
2025,P02,P24042,P119,P02,0
2025,P02,P24042,P124,P01,0
2025,P02,P24042,P124,P02,0
2025,P02,P24042,P126,P01,0
2025,P02,P24042,P126,P02,0
2025,P02,P24043,P119,P01,0
2025,P02,P24043,P119,P02,0
2025,P02,P24043,P124,P01,0
2025,P02,P24043,P124,P02,0
2025,P02,P24043,P126,P01,0
2025,P02,P24043,P126,P02,0
2025,P02,P24044,P119,P01,0
2025,P02,P24044,P119,P02,0
2025,P02,P24044,P124,P01,0
2025,P02,P24044,P124,P02,0
2025,P02,P24044,P126,P01,0
2025,P02,P24044,P126,P02,0
2025,P02,P24045,P119,P01,0
2025,P02,P24045,P119,P02,0
2025,P02,P24045,P124,P01,0
2025,P02,P24045,P124,P02,0
2025,P02,P24045,P126,P01,0
2025,P02,P24045,P126,P02,0
2025,P02,P24046,P119,P01,0
2025,P02,P24046,P119,P02,0
2025,P02,P24046,P124,P01,0
2025,P02,P24046,P124,P02,0
2025,P02,P24046,P126,P01,0
2025,P02,P24046,P126,P02,0
2025,P02,P24047,P119,P01,6
2025,P02,P24047,P119,P02,0
2025,P02,P24047,P124,P01,0
2025,P02,P24047,P124,P02,0
2025,P02,P24047,P126,P01,0
2025,P02,P24047,P126,P02,0
2025,P02,P24048,P119,P01,0
2025,P02,P24048,P119,P02,0
2025,P02,P24048,P124,P01,0
2025,P02,P24048,P124,P02,0
2025,P02,P24048,P126,P01,0
2025,P02,P24048,P126,P02,0
2025,P02,P24049,P119,P01,3
2025,P02,P24049,P119,P02,0
2025,P02,P24049,P124,P01,0
2025,P02,P24049,P124,P02,0
2025,P02,P24049,P126,P01,0
2025,P02,P24049,P126,P02,0
2025,P02,P24050,P119,P01,32
2025,P02,P24050,P119,P02,0
2025,P02,P24050,P124,P01,0
2025,P02,P24050,P124,P02,0
2025,P02,P24050,P126,P01,0
2025,P02,P24050,P126,P02,0
2025,P02,P24051,P119,P01,0
2025,P02,P24051,P119,P02,0
2025,P02,P24051,P124,P01,0
2025,P02,P24051,P124,P02,0
2025,P02,P24051,P126,P01,0
2025,P02,P24051,P126,P02,0
2025,P02,P24052,P119,P01,0
2025,P02,P24052,P119,P02,0
2025,P02,P24052,P124,P01,0
2025,P02,P24052,P124,P02,0
2025,P02,P24052,P126,P01,0
2025,P02,P24052,P126,P02,0
2025,P02,P24053,P119,P01,1
2025,P02,P24053,P119,P02,0
2025,P02,P24053,P124,P01,0
2025,P02,P24053,P124,P02,0
2025,P02,P24053,P126,P01,0
2025,P02,P24053,P126,P02,0
2025,P02,P24054,P119,P01,3
2025,P02,P24054,P119,P02,0
2025,P02,P24054,P124,P01,0
2025,P02,P24054,P124,P02,0
2025,P02,P24054,P126,P01,0
2025,P02,P24054,P126,P02,0
2025,P02,P24055,P119,P01,0
2025,P02,P24055,P119,P02,0
2025,P02,P24055,P124,P01,0
2025,P02,P24055,P124,P02,0
2025,P02,P24055,P126,P01,0
2025,P02,P24055,P126,P02,0
2025,P02,P24056,P119,P01,0
2025,P02,P24056,P119,P02,0
2025,P02,P24056,P124,P01,0
2025,P02,P24056,P124,P02,0
2025,P02,P24056,P126,P01,0
2025,P02,P24056,P126,P02,0
2025,P02,P24057,P119,P01,3
2025,P02,P24057,P119,P02,0
2025,P02,P24057,P124,P01,0
2025,P02,P24057,P124,P02,0
2025,P02,P24057,P126,P01,0
2025,P02,P24057,P126,P02,0
2025,P02,P24058,P119,P01,2
2025,P02,P24058,P119,P02,0
2025,P02,P24058,P124,P01,0
2025,P02,P24058,P124,P02,0
2025,P02,P24058,P126,P01,0
2025,P02,P24058,P126,P02,0
2025,P02,P25001,P119,P01,76
2025,P02,P25001,P119,P02,0
2025,P02,P25001,P124,P01,0
2025,P02,P25001,P124,P02,0
2025,P02,P25001,P126,P01,1
2025,P02,P25001,P126,P02,0
2025,P02,P25002,P119,P01,1
2025,P02,P25002,P119,P02,0
2025,P02,P25002,P124,P01,0
2025,P02,P25002,P124,P02,0
2025,P02,P25002,P126,P01,0
2025,P02,P25002,P126,P02,0
2025,P02,P25003,P119,P01,0
2025,P02,P25003,P119,P02,0
2025,P02,P25003,P124,P01,0
2025,P02,P25003,P124,P02,0
2025,P02,P25003,P126,P01,0
2025,P02,P25003,P126,P02,0
2025,P02,P25004,P119,P01,2
2025,P02,P25004,P119,P02,0
2025,P02,P25004,P124,P01,0
2025,P02,P25004,P124,P02,0
2025,P02,P25004,P126,P01,0
2025,P02,P25004,P126,P02,0
2025,P02,P25005,P119,P01,1
2025,P02,P25005,P119,P02,0
2025,P02,P25005,P124,P01,0
2025,P02,P25005,P124,P02,0
2025,P02,P25005,P126,P01,0
2025,P02,P25005,P126,P02,0
2025,P02,P25006,P119,P01,743
2025,P02,P25006,P119,P02,0
2025,P02,P25006,P124,P01,1
2025,P02,P25006,P124,P02,0
2025,P02,P25006,P126,P01,7
2025,P02,P25006,P126,P02,0
2025,P02,P25007,P119,P01,0
2025,P02,P25007,P119,P02,0
2025,P02,P25007,P124,P01,0
2025,P02,P25007,P124,P02,0
2025,P02,P25007,P126,P01,0
2025,P02,P25007,P126,P02,0
2025,P02,P25008,P119,P01,0
2025,P02,P25008,P119,P02,0
2025,P02,P25008,P124,P01,0
2025,P02,P25008,P124,P02,0
2025,P02,P25008,P126,P01,0
2025,P02,P25008,P126,P02,0
2025,P02,P25009,P119,P01,6
2025,P02,P25009,P119,P02,0
2025,P02,P25009,P124,P01,0
2025,P02,P25009,P124,P02,0
2025,P02,P25009,P126,P01,0
2025,P02,P25009,P126,P02,0
2025,P02,P25010,P119,P01,10
2025,P02,P25010,P119,P02,0
2025,P02,P25010,P124,P01,0
2025,P02,P25010,P124,P02,0
2025,P02,P25010,P126,P01,0
2025,P02,P25010,P126,P02,0
2025,P02,P25011,P119,P01,19
2025,P02,P25011,P119,P02,0
2025,P02,P25011,P124,P01,0
2025,P02,P25011,P124,P02,0
2025,P02,P25011,P126,P01,0
2025,P02,P25011,P126,P02,0
2025,P02,P25012,P119,P01,263
2025,P02,P25012,P119,P02,0
2025,P02,P25012,P124,P01,0
2025,P02,P25012,P124,P02,0
2025,P02,P25012,P126,P01,2
2025,P02,P25012,P126,P02,0
2025,P02,P25013,P119,P01,2
2025,P02,P25013,P119,P02,0
2025,P02,P25013,P124,P01,0
2025,P02,P25013,P124,P02,0
2025,P02,P25013,P126,P01,0
2025,P02,P25013,P126,P02,0
2025,P02,P25014,P119,P01,0
2025,P02,P25014,P119,P02,0
2025,P02,P25014,P124,P01,0
2025,P02,P25014,P124,P02,0
2025,P02,P25014,P126,P01,0
2025,P02,P25014,P126,P02,0
2025,P02,P25015,P119,P01,2
2025,P02,P25015,P119,P02,0
2025,P02,P25015,P124,P01,0
2025,P02,P25015,P124,P02,0
2025,P02,P25015,P126,P01,0
2025,P02,P25015,P126,P02,0
2025,P02,P25016,P119,P01,0
2025,P02,P25016,P119,P02,0
2025,P02,P25016,P124,P01,0
2025,P02,P25016,P124,P02,0
2025,P02,P25016,P126,P01,0
2025,P02,P25016,P126,P02,0
2025,P02,P25017,P119,P01,1
2025,P02,P25017,P119,P02,0
2025,P02,P25017,P124,P01,0
2025,P02,P25017,P124,P02,0
2025,P02,P25017,P126,P01,0
2025,P02,P25017,P126,P02,0
2025,P02,P25018,P119,P01,12
2025,P02,P25018,P119,P02,0
2025,P02,P25018,P124,P01,0
2025,P02,P25018,P124,P02,0
2025,P02,P25018,P126,P01,0
2025,P02,P25018,P126,P02,0
2025,P02,P26001,P119,P01,0
2025,P02,P26001,P119,P02,0
2025,P02,P26001,P124,P01,0
2025,P02,P26001,P124,P02,0
2025,P02,P26001,P126,P01,0
2025,P02,P26001,P126,P02,0
2025,P02,P26002,P119,P01,1
2025,P02,P26002,P119,P02,0
2025,P02,P26002,P124,P01,0
2025,P02,P26002,P124,P02,0
2025,P02,P26002,P126,P01,0
2025,P02,P26002,P126,P02,0
2025,P02,P26003,P119,P01,1
2025,P02,P26003,P119,P02,0
2025,P02,P26003,P124,P01,0
2025,P02,P26003,P124,P02,0
2025,P02,P26003,P126,P01,0
2025,P02,P26003,P126,P02,0
2025,P02,P26004,P119,P01,0
2025,P02,P26004,P119,P02,0
2025,P02,P26004,P124,P01,0
2025,P02,P26004,P124,P02,0
2025,P02,P26004,P126,P01,0
2025,P02,P26004,P126,P02,0
2025,P02,P26005,P119,P01,0
2025,P02,P26005,P119,P02,0
2025,P02,P26005,P124,P01,0
2025,P02,P26005,P124,P02,0
2025,P02,P26005,P126,P01,0
2025,P02,P26005,P126,P02,0
2025,P02,P26006,P119,P01,0
2025,P02,P26006,P119,P02,0
2025,P02,P26006,P124,P01,0
2025,P02,P26006,P124,P02,0
2025,P02,P26006,P126,P01,0
2025,P02,P26006,P126,P02,0
2025,P02,P26007,P119,P01,0
2025,P02,P26007,P119,P02,0
2025,P02,P26007,P124,P01,0
2025,P02,P26007,P124,P02,0
2025,P02,P26007,P126,P01,0
2025,P02,P26007,P126,P02,0
2025,P02,P26008,P119,P01,0
2025,P02,P26008,P119,P02,0
2025,P02,P26008,P124,P01,0
2025,P02,P26008,P124,P02,0
2025,P02,P26008,P126,P01,0
2025,P02,P26008,P126,P02,0
2025,P02,P26009,P119,P01,0
2025,P02,P26009,P119,P02,0
2025,P02,P26009,P124,P01,0
2025,P02,P26009,P124,P02,0
2025,P02,P26009,P126,P01,0
2025,P02,P26009,P126,P02,0
2025,P02,P26010,P119,P01,0
2025,P02,P26010,P119,P02,0
2025,P02,P26010,P124,P01,0
2025,P02,P26010,P124,P02,0
2025,P02,P26010,P126,P01,0
2025,P02,P26010,P126,P02,0
2025,P02,P26011,P119,P01,0
2025,P02,P26011,P119,P02,0
2025,P02,P26011,P124,P01,0
2025,P02,P26011,P124,P02,0
2025,P02,P26011,P126,P01,0
2025,P02,P26011,P126,P02,0
2025,P02,P26012,P119,P01,3
2025,P02,P26012,P119,P02,0
2025,P02,P26012,P124,P01,0
2025,P02,P26012,P124,P02,0
2025,P02,P26012,P126,P01,0
2025,P02,P26012,P126,P02,0
2025,P02,P26013,P119,P01,0
2025,P02,P26013,P119,P02,0
2025,P02,P26013,P124,P01,0
2025,P02,P26013,P124,P02,0
2025,P02,P26013,P126,P01,0
2025,P02,P26013,P126,P02,0
2025,P02,P26014,P119,P01,0
2025,P02,P26014,P119,P02,0
2025,P02,P26014,P124,P01,0
2025,P02,P26014,P124,P02,0
2025,P02,P26014,P126,P01,0
2025,P02,P26014,P126,P02,0
2025,P02,P26015,P119,P01,0
2025,P02,P26015,P119,P02,0
2025,P02,P26015,P124,P01,0
2025,P02,P26015,P124,P02,0
2025,P02,P26015,P126,P01,0
2025,P02,P26015,P126,P02,0
2025,P02,P26016,P119,P01,0
2025,P02,P26016,P119,P02,0
2025,P02,P26016,P124,P01,0
2025,P02,P26016,P124,P02,0
2025,P02,P26016,P126,P01,0
2025,P02,P26016,P126,P02,0
2025,P02,P26017,P119,P01,0
2025,P02,P26017,P119,P02,0
2025,P02,P26017,P124,P01,0
2025,P02,P26017,P124,P02,0
2025,P02,P26017,P126,P01,0
2025,P02,P26017,P126,P02,0
2025,P02,P26018,P119,P01,34
2025,P02,P26018,P119,P02,0
2025,P02,P26018,P124,P01,0
2025,P02,P26018,P124,P02,0
2025,P02,P26018,P126,P01,0
2025,P02,P26018,P126,P02,0
2025,P02,P26019,P119,P01,4
2025,P02,P26019,P119,P02,0
2025,P02,P26019,P124,P01,0
2025,P02,P26019,P124,P02,0
2025,P02,P26019,P126,P01,0
2025,P02,P26019,P126,P02,0
2025,P02,P26020,P119,P01,4
2025,P02,P26020,P119,P02,0
2025,P02,P26020,P124,P01,0
2025,P02,P26020,P124,P02,0
2025,P02,P26020,P126,P01,0
2025,P02,P26020,P126,P02,0
2025,P02,P26021,P119,P01,0
2025,P02,P26021,P119,P02,0
2025,P02,P26021,P124,P01,0
2025,P02,P26021,P124,P02,0
2025,P02,P26021,P126,P01,0
2025,P02,P26021,P126,P02,0
2025,P02,P26022,P119,P01,0
2025,P02,P26022,P119,P02,0
2025,P02,P26022,P124,P01,0
2025,P02,P26022,P124,P02,0
2025,P02,P26022,P126,P01,0
2025,P02,P26022,P126,P02,0
2025,P02,P26023,P119,P01,0
2025,P02,P26023,P119,P02,0
2025,P02,P26023,P124,P01,0
2025,P02,P26023,P124,P02,0
2025,P02,P26023,P126,P01,0
2025,P02,P26023,P126,P02,0
2025,P02,P26024,P119,P01,0
2025,P02,P26024,P119,P02,0
2025,P02,P26024,P124,P01,0
2025,P02,P26024,P124,P02,0
2025,P02,P26024,P126,P01,0
2025,P02,P26024,P126,P02,0
2025,P02,P26025,P119,P01,14
2025,P02,P26025,P119,P02,0
2025,P02,P26025,P124,P01,0
2025,P02,P26025,P124,P02,0
2025,P02,P26025,P126,P01,0
2025,P02,P26025,P126,P02,0
2025,P02,P26026,P119,P01,2
2025,P02,P26026,P119,P02,0
2025,P02,P26026,P124,P01,0
2025,P02,P26026,P124,P02,0
2025,P02,P26026,P126,P01,0
2025,P02,P26026,P126,P02,0
2025,P02,P26027,P119,P01,0
2025,P02,P26027,P119,P02,0
2025,P02,P26027,P124,P01,0
2025,P02,P26027,P124,P02,0
2025,P02,P26027,P126,P01,0
2025,P02,P26027,P126,P02,0
2025,P02,P26028,P119,P01,0
2025,P02,P26028,P119,P02,0
2025,P02,P26028,P124,P01,0
2025,P02,P26028,P124,P02,0
2025,P02,P26028,P126,P01,0
2025,P02,P26028,P126,P02,0
2025,P02,P26029,P119,P01,10
2025,P02,P26029,P119,P02,0
2025,P02,P26029,P124,P01,0
2025,P02,P26029,P124,P02,0
2025,P02,P26029,P126,P01,0
2025,P02,P26029,P126,P02,0
2025,P02,P26030,P119,P01,115
2025,P02,P26030,P119,P02,0
2025,P02,P26030,P124,P01,0
2025,P02,P26030,P124,P02,0
2025,P02,P26030,P126,P01,1
2025,P02,P26030,P126,P02,0
2025,P02,P26031,P119,P01,0
2025,P02,P26031,P119,P02,0
2025,P02,P26031,P124,P01,0
2025,P02,P26031,P124,P02,0
2025,P02,P26031,P126,P01,0
2025,P02,P26031,P126,P02,0
2025,P02,P26032,P119,P01,0
2025,P02,P26032,P119,P02,0
2025,P02,P26032,P124,P01,0
2025,P02,P26032,P124,P02,0
2025,P02,P26032,P126,P01,0
2025,P02,P26032,P126,P02,0
2025,P02,P26033,P119,P01,3
2025,P02,P26033,P119,P02,0
2025,P02,P26033,P124,P01,0
2025,P02,P26033,P124,P02,0
2025,P02,P26033,P126,P01,0
2025,P02,P26033,P126,P02,0
2025,P02,P26034,P119,P01,0
2025,P02,P26034,P119,P02,0
2025,P02,P26034,P124,P01,0
2025,P02,P26034,P124,P02,0
2025,P02,P26034,P126,P01,0
2025,P02,P26034,P126,P02,0
2025,P02,P26035,P119,P01,0
2025,P02,P26035,P119,P02,0
2025,P02,P26035,P124,P01,0
2025,P02,P26035,P124,P02,0
2025,P02,P26035,P126,P01,0
2025,P02,P26035,P126,P02,0
2025,P02,P26036,P119,P01,0
2025,P02,P26036,P119,P02,0
2025,P02,P26036,P124,P01,0
2025,P02,P26036,P124,P02,0
2025,P02,P26036,P126,P01,0
2025,P02,P26036,P126,P02,0
2025,P02,P26037,P119,P01,0
2025,P02,P26037,P119,P02,0
2025,P02,P26037,P124,P01,0
2025,P02,P26037,P124,P02,0
2025,P02,P26037,P126,P01,0
2025,P02,P26037,P126,P02,0
2025,P02,P26038,P119,P01,10
2025,P02,P26038,P119,P02,0
2025,P02,P26038,P124,P01,0
2025,P02,P26038,P124,P02,0
2025,P02,P26038,P126,P01,0
2025,P02,P26038,P126,P02,0
2025,P02,P26039,P119,P01,0
2025,P02,P26039,P119,P02,0
2025,P02,P26039,P124,P01,0
2025,P02,P26039,P124,P02,0
2025,P02,P26039,P126,P01,0
2025,P02,P26039,P126,P02,0
2025,P02,P26040,P119,P01,0
2025,P02,P26040,P119,P02,0
2025,P02,P26040,P124,P01,0
2025,P02,P26040,P124,P02,0
2025,P02,P26040,P126,P01,0
2025,P02,P26040,P126,P02,0
2025,P02,P26041,P119,P01,0
2025,P02,P26041,P119,P02,0
2025,P02,P26041,P124,P01,0
2025,P02,P26041,P124,P02,0
2025,P02,P26041,P126,P01,0
2025,P02,P26041,P126,P02,0
2025,P02,P26042,P119,P01,22
2025,P02,P26042,P119,P02,0
2025,P02,P26042,P124,P01,0
2025,P02,P26042,P124,P02,0
2025,P02,P26042,P126,P01,0
2025,P02,P26042,P126,P02,0
2025,P02,P26043,P119,P01,0
2025,P02,P26043,P119,P02,0
2025,P02,P26043,P124,P01,0
2025,P02,P26043,P124,P02,0
2025,P02,P26043,P126,P01,0
2025,P02,P26043,P126,P02,0
2025,P02,P26044,P119,P01,0
2025,P02,P26044,P119,P02,0
2025,P02,P26044,P124,P01,0
2025,P02,P26044,P124,P02,0
2025,P02,P26044,P126,P01,0
2025,P02,P26044,P126,P02,0
2025,P02,P26045,P119,P01,0
2025,P02,P26045,P119,P02,0
2025,P02,P26045,P124,P01,0
2025,P02,P26045,P124,P02,0
2025,P02,P26045,P126,P01,0
2025,P02,P26045,P126,P02,0
2025,P02,P26046,P119,P01,0
2025,P02,P26046,P119,P02,0
2025,P02,P26046,P124,P01,0
2025,P02,P26046,P124,P02,0
2025,P02,P26046,P126,P01,0
2025,P02,P26046,P126,P02,0
2025,P02,P26047,P119,P01,0
2025,P02,P26047,P119,P02,0
2025,P02,P26047,P124,P01,0
2025,P02,P26047,P124,P02,0
2025,P02,P26047,P126,P01,0
2025,P02,P26047,P126,P02,0
2025,P02,P26048,P119,P01,3
2025,P02,P26048,P119,P02,0
2025,P02,P26048,P124,P01,0
2025,P02,P26048,P124,P02,0
2025,P02,P26048,P126,P01,0
2025,P02,P26048,P126,P02,0
2025,P02,P26049,P119,P01,0
2025,P02,P26049,P119,P02,0
2025,P02,P26049,P124,P01,0
2025,P02,P26049,P124,P02,0
2025,P02,P26049,P126,P01,0
2025,P02,P26049,P126,P02,0
2025,P02,P26050,P119,P01,1
2025,P02,P26050,P119,P02,0
2025,P02,P26050,P124,P01,0
2025,P02,P26050,P124,P02,0
2025,P02,P26050,P126,P01,0
2025,P02,P26050,P126,P02,0
2025,P02,P26051,P119,P01,17
2025,P02,P26051,P119,P02,0
2025,P02,P26051,P124,P01,0
2025,P02,P26051,P124,P02,0
2025,P02,P26051,P126,P01,0
2025,P02,P26051,P126,P02,0
2025,P02,P26052,P119,P01,0
2025,P02,P26052,P119,P02,0
2025,P02,P26052,P124,P01,0
2025,P02,P26052,P124,P02,0
2025,P02,P26052,P126,P01,0
2025,P02,P26052,P126,P02,0
2025,P02,P26053,P119,P01,0
2025,P02,P26053,P119,P02,0
2025,P02,P26053,P124,P01,0
2025,P02,P26053,P124,P02,0
2025,P02,P26053,P126,P01,0
2025,P02,P26053,P126,P02,0
2025,P02,P26054,P119,P01,0
2025,P02,P26054,P119,P02,0
2025,P02,P26054,P124,P01,0
2025,P02,P26054,P124,P02,0
2025,P02,P26054,P126,P01,0
2025,P02,P26054,P126,P02,0
2025,P02,P26055,P119,P01,5
2025,P02,P26055,P119,P02,0
2025,P02,P26055,P124,P01,0
2025,P02,P26055,P124,P02,0
2025,P02,P26055,P126,P01,0
2025,P02,P26055,P126,P02,0
2025,P02,P26056,P119,P01,0
2025,P02,P26056,P119,P02,0
2025,P02,P26056,P124,P01,0
2025,P02,P26056,P124,P02,0
2025,P02,P26056,P126,P01,0
2025,P02,P26056,P126,P02,0
2025,P02,P26057,P119,P01,0
2025,P02,P26057,P119,P02,0
2025,P02,P26057,P124,P01,0
2025,P02,P26057,P124,P02,0
2025,P02,P26057,P126,P01,0
2025,P02,P26057,P126,P02,0
2025,P02,P26058,P119,P01,0
2025,P02,P26058,P119,P02,0
2025,P02,P26058,P124,P01,0
2025,P02,P26058,P124,P02,0
2025,P02,P26058,P126,P01,0
2025,P02,P26058,P126,P02,0
2025,P02,P26059,P119,P01,0
2025,P02,P26059,P119,P02,0
2025,P02,P26059,P124,P01,0
2025,P02,P26059,P124,P02,0
2025,P02,P26059,P126,P01,0
2025,P02,P26059,P126,P02,0
2025,P02,P26060,P119,P01,0
2025,P02,P26060,P119,P02,0
2025,P02,P26060,P124,P01,0
2025,P02,P26060,P124,P02,0
2025,P02,P26060,P126,P01,0
2025,P02,P26060,P126,P02,0
2025,P02,P26061,P119,P01,0
2025,P02,P26061,P119,P02,0
2025,P02,P26061,P124,P01,0
2025,P02,P26061,P124,P02,0
2025,P02,P26061,P126,P01,0
2025,P02,P26061,P126,P02,0
2025,P02,P26062,P119,P01,0
2025,P02,P26062,P119,P02,0
2025,P02,P26062,P124,P01,0
2025,P02,P26062,P124,P02,0
2025,P02,P26062,P126,P01,0
2025,P02,P26062,P126,P02,0
2025,P02,P26063,P119,P01,0
2025,P02,P26063,P119,P02,0
2025,P02,P26063,P124,P01,0
2025,P02,P26063,P124,P02,0
2025,P02,P26063,P126,P01,0
2025,P02,P26063,P126,P02,0
2025,P02,P26064,P119,P01,0
2025,P02,P26064,P119,P02,0
2025,P02,P26064,P124,P01,0
2025,P02,P26064,P124,P02,0
2025,P02,P26064,P126,P01,0
2025,P02,P26064,P126,P02,0
2025,P02,P26065,P119,P01,0
2025,P02,P26065,P119,P02,0
2025,P02,P26065,P124,P01,0
2025,P02,P26065,P124,P02,0
2025,P02,P26065,P126,P01,0
2025,P02,P26065,P126,P02,0
2025,P02,P26066,P119,P01,0
2025,P02,P26066,P119,P02,0
2025,P02,P26066,P124,P01,0
2025,P02,P26066,P124,P02,0
2025,P02,P26066,P126,P01,0
2025,P02,P26066,P126,P02,0
2025,P02,P26067,P119,P01,0
2025,P02,P26067,P119,P02,0
2025,P02,P26067,P124,P01,0
2025,P02,P26067,P124,P02,0
2025,P02,P26067,P126,P01,0
2025,P02,P26067,P126,P02,0
2025,P02,P26068,P119,P01,0
2025,P02,P26068,P119,P02,0
2025,P02,P26068,P124,P01,0
2025,P02,P26068,P124,P02,0
2025,P02,P26068,P126,P01,0
2025,P02,P26068,P126,P02,0
2025,P02,P26069,P119,P01,0
2025,P02,P26069,P119,P02,0
2025,P02,P26069,P124,P01,0
2025,P02,P26069,P124,P02,0
2025,P02,P26069,P126,P01,0
2025,P02,P26069,P126,P02,0
2025,P02,P26070,P119,P01,0
2025,P02,P26070,P119,P02,0
2025,P02,P26070,P124,P01,0
2025,P02,P26070,P124,P02,0
2025,P02,P26070,P126,P01,0
2025,P02,P26070,P126,P02,0
2025,P02,P26071,P119,P01,0
2025,P02,P26071,P119,P02,0
2025,P02,P26071,P124,P01,0
2025,P02,P26071,P124,P02,0
2025,P02,P26071,P126,P01,0
2025,P02,P26071,P126,P02,0
2025,P02,P26072,P119,P01,1
2025,P02,P26072,P119,P02,0
2025,P02,P26072,P124,P01,0
2025,P02,P26072,P124,P02,0
2025,P02,P26072,P126,P01,0
2025,P02,P26072,P126,P02,0
2025,P02,P27001,P119,P01,0
2025,P02,P27001,P119,P02,0
2025,P02,P27001,P124,P01,0
2025,P02,P27001,P124,P02,0
2025,P02,P27001,P126,P01,0
2025,P02,P27001,P126,P02,0
2025,P02,P27002,P119,P01,130
2025,P02,P27002,P119,P02,0
2025,P02,P27002,P124,P01,0
2025,P02,P27002,P124,P02,0
2025,P02,P27002,P126,P01,1
2025,P02,P27002,P126,P02,0
2025,P02,P27003,P119,P01,0
2025,P02,P27003,P119,P02,0
2025,P02,P27003,P124,P01,0
2025,P02,P27003,P124,P02,0
2025,P02,P27003,P126,P01,0
2025,P02,P27003,P126,P02,0
2025,P02,P27004,P119,P01,565
2025,P02,P27004,P119,P02,0
2025,P02,P27004,P124,P01,1
2025,P02,P27004,P124,P02,0
2025,P02,P27004,P126,P01,5
2025,P02,P27004,P126,P02,0
2025,P02,P27005,P119,P01,0
2025,P02,P27005,P119,P02,0
2025,P02,P27005,P124,P01,0
2025,P02,P27005,P124,P02,0
2025,P02,P27005,P126,P01,0
2025,P02,P27005,P126,P02,0
2025,P02,P27006,P119,P01,0
2025,P02,P27006,P119,P02,0
2025,P02,P27006,P124,P01,0
2025,P02,P27006,P124,P02,0
2025,P02,P27006,P126,P01,0
2025,P02,P27006,P126,P02,0
2025,P02,P27007,P119,P01,0
2025,P02,P27007,P119,P02,0
2025,P02,P27007,P124,P01,0
2025,P02,P27007,P124,P02,0
2025,P02,P27007,P126,P01,0
2025,P02,P27007,P126,P02,0
2025,P02,P27008,P119,P01,273
2025,P02,P27008,P119,P02,0
2025,P02,P27008,P124,P01,0
2025,P02,P27008,P124,P02,0
2025,P02,P27008,P126,P01,3
2025,P02,P27008,P126,P02,0
2025,P02,P27009,P119,P01,0
2025,P02,P27009,P119,P02,0
2025,P02,P27009,P124,P01,0
2025,P02,P27009,P124,P02,0
2025,P02,P27009,P126,P01,0
2025,P02,P27009,P126,P02,0
2025,P02,P27010,P119,P01,0
2025,P02,P27010,P119,P02,0
2025,P02,P27010,P124,P01,0
2025,P02,P27010,P124,P02,0
2025,P02,P27010,P126,P01,0
2025,P02,P27010,P126,P02,0
2025,P02,P27011,P119,P01,9
2025,P02,P27011,P119,P02,0
2025,P02,P27011,P124,P01,0
2025,P02,P27011,P124,P02,0
2025,P02,P27011,P126,P01,0
2025,P02,P27011,P126,P02,0
2025,P02,P27012,P119,P01,4
2025,P02,P27012,P119,P02,0
2025,P02,P27012,P124,P01,0
2025,P02,P27012,P124,P02,0
2025,P02,P27012,P126,P01,0
2025,P02,P27012,P126,P02,0
2025,P02,P27013,P119,P01,52
2025,P02,P27013,P119,P02,0
2025,P02,P27013,P124,P01,0
2025,P02,P27013,P124,P02,0
2025,P02,P27013,P126,P01,0
2025,P02,P27013,P126,P02,0
2025,P02,P27014,P119,P01,0
2025,P02,P27014,P119,P02,0
2025,P02,P27014,P124,P01,0
2025,P02,P27014,P124,P02,0
2025,P02,P27014,P126,P01,0
2025,P02,P27014,P126,P02,0
2025,P02,P27015,P119,P01,1
2025,P02,P27015,P119,P02,0
2025,P02,P27015,P124,P01,0
2025,P02,P27015,P124,P02,0
2025,P02,P27015,P126,P01,0
2025,P02,P27015,P126,P02,0
2025,P02,P27016,P119,P01,0
2025,P02,P27016,P119,P02,0
2025,P02,P27016,P124,P01,0
2025,P02,P27016,P124,P02,0
2025,P02,P27016,P126,P01,0
2025,P02,P27016,P126,P02,0
2025,P02,P27017,P119,P01,0
2025,P02,P27017,P119,P02,0
2025,P02,P27017,P124,P01,0
2025,P02,P27017,P124,P02,0
2025,P02,P27017,P126,P01,0
2025,P02,P27017,P126,P02,0
2025,P02,P28001,P119,P01,15
2025,P02,P28001,P119,P02,0
2025,P02,P28001,P124,P01,0
2025,P02,P28001,P124,P02,0
2025,P02,P28001,P126,P01,0
2025,P02,P28001,P126,P02,0
2025,P02,P28002,P119,P01,11
2025,P02,P28002,P119,P02,0
2025,P02,P28002,P124,P01,0
2025,P02,P28002,P124,P02,0
2025,P02,P28002,P126,P01,0
2025,P02,P28002,P126,P02,0
2025,P02,P28003,P119,P01,249
2025,P02,P28003,P119,P02,0
2025,P02,P28003,P124,P01,0
2025,P02,P28003,P124,P02,0
2025,P02,P28003,P126,P01,2
2025,P02,P28003,P126,P02,0
2025,P02,P28004,P119,P01,1
2025,P02,P28004,P119,P02,0
2025,P02,P28004,P124,P01,0
2025,P02,P28004,P124,P02,0
2025,P02,P28004,P126,P01,0
2025,P02,P28004,P126,P02,0
2025,P02,P28005,P119,P01,0
2025,P02,P28005,P119,P02,0
2025,P02,P28005,P124,P01,0
2025,P02,P28005,P124,P02,0
2025,P02,P28005,P126,P01,0
2025,P02,P28005,P126,P02,0
2025,P02,P28006,P119,P01,0
2025,P02,P28006,P119,P02,0
2025,P02,P28006,P124,P01,0
2025,P02,P28006,P124,P02,0
2025,P02,P28006,P126,P01,0
2025,P02,P28006,P126,P02,0
2025,P02,P28007,P119,P01,3
2025,P02,P28007,P119,P02,0
2025,P02,P28007,P124,P01,0
2025,P02,P28007,P124,P02,0
2025,P02,P28007,P126,P01,0
2025,P02,P28007,P126,P02,0
2025,P02,P28008,P119,P01,1
2025,P02,P28008,P119,P02,0
2025,P02,P28008,P124,P01,0
2025,P02,P28008,P124,P02,0
2025,P02,P28008,P126,P01,0
2025,P02,P28008,P126,P02,0
2025,P02,P28009,P119,P01,252
2025,P02,P28009,P119,P02,0
2025,P02,P28009,P124,P01,0
2025,P02,P28009,P124,P02,0
2025,P02,P28009,P126,P01,2
2025,P02,P28009,P126,P02,0
2025,P02,P28010,P119,P01,2
2025,P02,P28010,P119,P02,0
2025,P02,P28010,P124,P01,0
2025,P02,P28010,P124,P02,0
2025,P02,P28010,P126,P01,0
2025,P02,P28010,P126,P02,0
2025,P02,P28011,P119,P01,11
2025,P02,P28011,P119,P02,0
2025,P02,P28011,P124,P01,0
2025,P02,P28011,P124,P02,0
2025,P02,P28011,P126,P01,0
2025,P02,P28011,P126,P02,0
2025,P02,P28012,P119,P01,12
2025,P02,P28012,P119,P02,0
2025,P02,P28012,P124,P01,0
2025,P02,P28012,P124,P02,0
2025,P02,P28012,P126,P01,0
2025,P02,P28012,P126,P02,0
2025,P02,P28013,P119,P01,5
2025,P02,P28013,P119,P02,0
2025,P02,P28013,P124,P01,0
2025,P02,P28013,P124,P02,0
2025,P02,P28013,P126,P01,0
2025,P02,P28013,P126,P02,0
2025,P02,P28014,P119,P01,9
2025,P02,P28014,P119,P02,0
2025,P02,P28014,P124,P01,0
2025,P02,P28014,P124,P02,0
2025,P02,P28014,P126,P01,0
2025,P02,P28014,P126,P02,0
2025,P02,P28015,P119,P01,0
2025,P02,P28015,P119,P02,0
2025,P02,P28015,P124,P01,0
2025,P02,P28015,P124,P02,0
2025,P02,P28015,P126,P01,0
2025,P02,P28015,P126,P02,0
2025,P02,P28016,P119,P01,8
2025,P02,P28016,P119,P02,0
2025,P02,P28016,P124,P01,0
2025,P02,P28016,P124,P02,0
2025,P02,P28016,P126,P01,0
2025,P02,P28016,P126,P02,0
2025,P02,P28017,P119,P01,0
2025,P02,P28017,P119,P02,0
2025,P02,P28017,P124,P01,0
2025,P02,P28017,P124,P02,0
2025,P02,P28017,P126,P01,0
2025,P02,P28017,P126,P02,0
2025,P02,P28018,P119,P01,22
2025,P02,P28018,P119,P02,0
2025,P02,P28018,P124,P01,0
2025,P02,P28018,P124,P02,0
2025,P02,P28018,P126,P01,0
2025,P02,P28018,P126,P02,0
2025,P02,P28019,P119,P01,5
2025,P02,P28019,P119,P02,0
2025,P02,P28019,P124,P01,0
2025,P02,P28019,P124,P02,0
2025,P02,P28019,P126,P01,0
2025,P02,P28019,P126,P02,0
2025,P02,P28020,P119,P01,2
2025,P02,P28020,P119,P02,0
2025,P02,P28020,P124,P01,0
2025,P02,P28020,P124,P02,0
2025,P02,P28020,P126,P01,0
2025,P02,P28020,P126,P02,0
2025,P02,P28021,P119,P01,5
2025,P02,P28021,P119,P02,0
2025,P02,P28021,P124,P01,0
2025,P02,P28021,P124,P02,0
2025,P02,P28021,P126,P01,0
2025,P02,P28021,P126,P02,0
2025,P02,P28022,P119,P01,35
2025,P02,P28022,P119,P02,0
2025,P02,P28022,P124,P01,0
2025,P02,P28022,P124,P02,0
2025,P02,P28022,P126,P01,0
2025,P02,P28022,P126,P02,0
2025,P02,P28023,P119,P01,0
2025,P02,P28023,P119,P02,0
2025,P02,P28023,P124,P01,0
2025,P02,P28023,P124,P02,0
2025,P02,P28023,P126,P01,0
2025,P02,P28023,P126,P02,0
2025,P02,P28024,P119,P01,0
2025,P02,P28024,P119,P02,0
2025,P02,P28024,P124,P01,0
2025,P02,P28024,P124,P02,0
2025,P02,P28024,P126,P01,0
2025,P02,P28024,P126,P02,0
2025,P02,P28025,P119,P01,0
2025,P02,P28025,P119,P02,0
2025,P02,P28025,P124,P01,0
2025,P02,P28025,P124,P02,0
2025,P02,P28025,P126,P01,0
2025,P02,P28025,P126,P02,0
2025,P02,P28026,P119,P01,0
2025,P02,P28026,P119,P02,0
2025,P02,P28026,P124,P01,0
2025,P02,P28026,P124,P02,0
2025,P02,P28026,P126,P01,0
2025,P02,P28026,P126,P02,0
2025,P02,P28027,P119,P01,0
2025,P02,P28027,P119,P02,0
2025,P02,P28027,P124,P01,0
2025,P02,P28027,P124,P02,0
2025,P02,P28027,P126,P01,0
2025,P02,P28027,P126,P02,0
2025,P02,P28028,P119,P01,0
2025,P02,P28028,P119,P02,0
2025,P02,P28028,P124,P01,0
2025,P02,P28028,P124,P02,0
2025,P02,P28028,P126,P01,0
2025,P02,P28028,P126,P02,0
2025,P02,P28029,P119,P01,4
2025,P02,P28029,P119,P02,0
2025,P02,P28029,P124,P01,0
2025,P02,P28029,P124,P02,0
2025,P02,P28029,P126,P01,0
2025,P02,P28029,P126,P02,0
2025,P02,P28030,P119,P01,2
2025,P02,P28030,P119,P02,0
2025,P02,P28030,P124,P01,0
2025,P02,P28030,P124,P02,0
2025,P02,P28030,P126,P01,0
2025,P02,P28030,P126,P02,0
2025,P02,P28031,P119,P01,0
2025,P02,P28031,P119,P02,0
2025,P02,P28031,P124,P01,0
2025,P02,P28031,P124,P02,0
2025,P02,P28031,P126,P01,0
2025,P02,P28031,P126,P02,0
2025,P02,P28032,P119,P01,0
2025,P02,P28032,P119,P02,0
2025,P02,P28032,P124,P01,0
2025,P02,P28032,P124,P02,0
2025,P02,P28032,P126,P01,0
2025,P02,P28032,P126,P02,0
2025,P02,P28033,P119,P01,2
2025,P02,P28033,P119,P02,0
2025,P02,P28033,P124,P01,0
2025,P02,P28033,P124,P02,0
2025,P02,P28033,P126,P01,0
2025,P02,P28033,P126,P02,0
2025,P02,P28034,P119,P01,0
2025,P02,P28034,P119,P02,0
2025,P02,P28034,P124,P01,0
2025,P02,P28034,P124,P02,0
2025,P02,P28034,P126,P01,0
2025,P02,P28034,P126,P02,0
2025,P02,P28035,P119,P01,1
2025,P02,P28035,P119,P02,0
2025,P02,P28035,P124,P01,0
2025,P02,P28035,P124,P02,0
2025,P02,P28035,P126,P01,0
2025,P02,P28035,P126,P02,0
2025,P02,P28036,P119,P01,0
2025,P02,P28036,P119,P02,0
2025,P02,P28036,P124,P01,0
2025,P02,P28036,P124,P02,0
2025,P02,P28036,P126,P01,0
2025,P02,P28036,P126,P02,0
2025,P02,P28037,P119,P01,2
2025,P02,P28037,P119,P02,0
2025,P02,P28037,P124,P01,0
2025,P02,P28037,P124,P02,0
2025,P02,P28037,P126,P01,0
2025,P02,P28037,P126,P02,0
2025,P02,P28038,P119,P01,634
2025,P02,P28038,P119,P02,0
2025,P02,P28038,P124,P01,1
2025,P02,P28038,P124,P02,0
2025,P02,P28038,P126,P01,6
2025,P02,P28038,P126,P02,0
2025,P02,P28039,P119,P01,0
2025,P02,P28039,P119,P02,0
2025,P02,P28039,P124,P01,0
2025,P02,P28039,P124,P02,0
2025,P02,P28039,P126,P01,0
2025,P02,P28039,P126,P02,0
2025,P02,P28040,P119,P01,1
2025,P02,P28040,P119,P02,0
2025,P02,P28040,P124,P01,0
2025,P02,P28040,P124,P02,0
2025,P02,P28040,P126,P01,0
2025,P02,P28040,P126,P02,0
2025,P02,P28041,P119,P01,3
2025,P02,P28041,P119,P02,0
2025,P02,P28041,P124,P01,0
2025,P02,P28041,P124,P02,0
2025,P02,P28041,P126,P01,0
2025,P02,P28041,P126,P02,0
2025,P02,P28042,P119,P01,3
2025,P02,P28042,P119,P02,0
2025,P02,P28042,P124,P01,0
2025,P02,P28042,P124,P02,0
2025,P02,P28042,P126,P01,0
2025,P02,P28042,P126,P02,0
2025,P02,P28043,P119,P01,1
2025,P02,P28043,P119,P02,0
2025,P02,P28043,P124,P01,0
2025,P02,P28043,P124,P02,0
2025,P02,P28043,P126,P01,0
2025,P02,P28043,P126,P02,0
2025,P02,P29001,P119,P01,0
2025,P02,P29001,P119,P02,0
2025,P02,P29001,P124,P01,0
2025,P02,P29001,P124,P02,0
2025,P02,P29001,P126,P01,0
2025,P02,P29001,P126,P02,0
2025,P02,P29002,P119,P01,0
2025,P02,P29002,P119,P02,0
2025,P02,P29002,P124,P01,0
2025,P02,P29002,P124,P02,0
2025,P02,P29002,P126,P01,0
2025,P02,P29002,P126,P02,0
2025,P02,P29003,P119,P01,20
2025,P02,P29003,P119,P02,0
2025,P02,P29003,P124,P01,0
2025,P02,P29003,P124,P02,0
2025,P02,P29003,P126,P01,0
2025,P02,P29003,P126,P02,0
2025,P02,P29004,P119,P01,20
2025,P02,P29004,P119,P02,0
2025,P02,P29004,P124,P01,0
2025,P02,P29004,P124,P02,0
2025,P02,P29004,P126,P01,0
2025,P02,P29004,P126,P02,0
2025,P02,P29005,P119,P01,0
2025,P02,P29005,P119,P02,0
2025,P02,P29005,P124,P01,0
2025,P02,P29005,P124,P02,0
2025,P02,P29005,P126,P01,0
2025,P02,P29005,P126,P02,0
2025,P02,P29006,P119,P01,74
2025,P02,P29006,P119,P02,0
2025,P02,P29006,P124,P01,0
2025,P02,P29006,P124,P02,0
2025,P02,P29006,P126,P01,1
2025,P02,P29006,P126,P02,0
2025,P02,P29007,P119,P01,0
2025,P02,P29007,P119,P02,0
2025,P02,P29007,P124,P01,0
2025,P02,P29007,P124,P02,0
2025,P02,P29007,P126,P01,0
2025,P02,P29007,P126,P02,0
2025,P02,P29008,P119,P01,0
2025,P02,P29008,P119,P02,0
2025,P02,P29008,P124,P01,0
2025,P02,P29008,P124,P02,0
2025,P02,P29008,P126,P01,0
2025,P02,P29008,P126,P02,0
2025,P02,P29009,P119,P01,0
2025,P02,P29009,P119,P02,0
2025,P02,P29009,P124,P01,0
2025,P02,P29009,P124,P02,0
2025,P02,P29009,P126,P01,0
2025,P02,P29009,P126,P02,0
2025,P02,P29010,P119,P01,0
2025,P02,P29010,P119,P02,0
2025,P02,P29010,P124,P01,0
2025,P02,P29010,P124,P02,0
2025,P02,P29010,P126,P01,0
2025,P02,P29010,P126,P02,0
2025,P02,P29011,P119,P01,8
2025,P02,P29011,P119,P02,0
2025,P02,P29011,P124,P01,0
2025,P02,P29011,P124,P02,0
2025,P02,P29011,P126,P01,0
2025,P02,P29011,P126,P02,0
2025,P02,P29012,P119,P01,13
2025,P02,P29012,P119,P02,0
2025,P02,P29012,P124,P01,0
2025,P02,P29012,P124,P02,0
2025,P02,P29012,P126,P01,0
2025,P02,P29012,P126,P02,0
2025,P02,P29013,P119,P01,34
2025,P02,P29013,P119,P02,0
2025,P02,P29013,P124,P01,0
2025,P02,P29013,P124,P02,0
2025,P02,P29013,P126,P01,0
2025,P02,P29013,P126,P02,0
2025,P02,P29014,P119,P01,35
2025,P02,P29014,P119,P02,0
2025,P02,P29014,P124,P01,0
2025,P02,P29014,P124,P02,0
2025,P02,P29014,P126,P01,0
2025,P02,P29014,P126,P02,0
2025,P02,P29015,P119,P01,0
2025,P02,P29015,P119,P02,0
2025,P02,P29015,P124,P01,0
2025,P02,P29015,P124,P02,0
2025,P02,P29015,P126,P01,0
2025,P02,P29015,P126,P02,0
2025,P02,P29016,P119,P01,0
2025,P02,P29016,P119,P02,0
2025,P02,P29016,P124,P01,0
2025,P02,P29016,P124,P02,0
2025,P02,P29016,P126,P01,0
2025,P02,P29016,P126,P02,0
2025,P02,P29017,P119,P01,0
2025,P02,P29017,P119,P02,0
2025,P02,P29017,P124,P01,0
2025,P02,P29017,P124,P02,0
2025,P02,P29017,P126,P01,0
2025,P02,P29017,P126,P02,0
2025,P02,P29018,P119,P01,0
2025,P02,P29018,P119,P02,0
2025,P02,P29018,P124,P01,0
2025,P02,P29018,P124,P02,0
2025,P02,P29018,P126,P01,0
2025,P02,P29018,P126,P02,0
2025,P02,P29019,P119,P01,0
2025,P02,P29019,P119,P02,0
2025,P02,P29019,P124,P01,0
2025,P02,P29019,P124,P02,0
2025,P02,P29019,P126,P01,0
2025,P02,P29019,P126,P02,0
2025,P02,P29020,P119,P01,47
2025,P02,P29020,P119,P02,0
2025,P02,P29020,P124,P01,0
2025,P02,P29020,P124,P02,0
2025,P02,P29020,P126,P01,0
2025,P02,P29020,P126,P02,0
2025,P02,P29021,P119,P01,14
2025,P02,P29021,P119,P02,0
2025,P02,P29021,P124,P01,0
2025,P02,P29021,P124,P02,0
2025,P02,P29021,P126,P01,0
2025,P02,P29021,P126,P02,0
2025,P02,P29022,P119,P01,0
2025,P02,P29022,P119,P02,0
2025,P02,P29022,P124,P01,0
2025,P02,P29022,P124,P02,0
2025,P02,P29022,P126,P01,0
2025,P02,P29022,P126,P02,0
2025,P02,P29023,P119,P01,0
2025,P02,P29023,P119,P02,0
2025,P02,P29023,P124,P01,0
2025,P02,P29023,P124,P02,0
2025,P02,P29023,P126,P01,0
2025,P02,P29023,P126,P02,0
2025,P02,P29024,P119,P01,0
2025,P02,P29024,P119,P02,0
2025,P02,P29024,P124,P01,0
2025,P02,P29024,P124,P02,0
2025,P02,P29024,P126,P01,0
2025,P02,P29024,P126,P02,0
2025,P02,P29025,P119,P01,42
2025,P02,P29025,P119,P02,0
2025,P02,P29025,P124,P01,0
2025,P02,P29025,P124,P02,0
2025,P02,P29025,P126,P01,0
2025,P02,P29025,P126,P02,0
2025,P02,P29026,P119,P01,0
2025,P02,P29026,P119,P02,0
2025,P02,P29026,P124,P01,0
2025,P02,P29026,P124,P02,0
2025,P02,P29026,P126,P01,0
2025,P02,P29026,P126,P02,0
2025,P02,P29027,P119,P01,8
2025,P02,P29027,P119,P02,0
2025,P02,P29027,P124,P01,0
2025,P02,P29027,P124,P02,0
2025,P02,P29027,P126,P01,0
2025,P02,P29027,P126,P02,0
2025,P02,P29028,P119,P01,0
2025,P02,P29028,P119,P02,0
2025,P02,P29028,P124,P01,0
2025,P02,P29028,P124,P02,0
2025,P02,P29028,P126,P01,0
2025,P02,P29028,P126,P02,0
2025,P02,P29029,P119,P01,0
2025,P02,P29029,P119,P02,0
2025,P02,P29029,P124,P01,0
2025,P02,P29029,P124,P02,0
2025,P02,P29029,P126,P01,0
2025,P02,P29029,P126,P02,0
2025,P02,P29030,P119,P01,0
2025,P02,P29030,P119,P02,0
2025,P02,P29030,P124,P01,0
2025,P02,P29030,P124,P02,0
2025,P02,P29030,P126,P01,0
2025,P02,P29030,P126,P02,0
2025,P02,P29031,P119,P01,0
2025,P02,P29031,P119,P02,0
2025,P02,P29031,P124,P01,0
2025,P02,P29031,P124,P02,0
2025,P02,P29031,P126,P01,0
2025,P02,P29031,P126,P02,0
2025,P02,P29032,P119,P01,0
2025,P02,P29032,P119,P02,0
2025,P02,P29032,P124,P01,0
2025,P02,P29032,P124,P02,0
2025,P02,P29032,P126,P01,0
2025,P02,P29032,P126,P02,0
2025,P02,P29033,P119,P01,0
2025,P02,P29033,P119,P02,0
2025,P02,P29033,P124,P01,0
2025,P02,P29033,P124,P02,0
2025,P02,P29033,P126,P01,0
2025,P02,P29033,P126,P02,0
2025,P02,P29034,P119,P01,62
2025,P02,P29034,P119,P02,0
2025,P02,P29034,P124,P01,0
2025,P02,P29034,P124,P02,0
2025,P02,P29034,P126,P01,1
2025,P02,P29034,P126,P02,0
2025,P02,P29035,P119,P01,19
2025,P02,P29035,P119,P02,0
2025,P02,P29035,P124,P01,0
2025,P02,P29035,P124,P02,0
2025,P02,P29035,P126,P01,0
2025,P02,P29035,P126,P02,0
2025,P02,P29036,P119,P01,0
2025,P02,P29036,P119,P02,0
2025,P02,P29036,P124,P01,0
2025,P02,P29036,P124,P02,0
2025,P02,P29036,P126,P01,0
2025,P02,P29036,P126,P02,0
2025,P02,P29037,P119,P01,0
2025,P02,P29037,P119,P02,0
2025,P02,P29037,P124,P01,0
2025,P02,P29037,P124,P02,0
2025,P02,P29037,P126,P01,0
2025,P02,P29037,P126,P02,0
2025,P02,P29038,P119,P01,0
2025,P02,P29038,P119,P02,0
2025,P02,P29038,P124,P01,0
2025,P02,P29038,P124,P02,0
2025,P02,P29038,P126,P01,0
2025,P02,P29038,P126,P02,0
2025,P02,P29039,P119,P01,0
2025,P02,P29039,P119,P02,0
2025,P02,P29039,P124,P01,0
2025,P02,P29039,P124,P02,0
2025,P02,P29039,P126,P01,0
2025,P02,P29039,P126,P02,0
2025,P02,P29040,P119,P01,0
2025,P02,P29040,P119,P02,0
2025,P02,P29040,P124,P01,0
2025,P02,P29040,P124,P02,0
2025,P02,P29040,P126,P01,0
2025,P02,P29040,P126,P02,0
2025,P02,P29041,P119,P01,21
2025,P02,P29041,P119,P02,0
2025,P02,P29041,P124,P01,0
2025,P02,P29041,P124,P02,0
2025,P02,P29041,P126,P01,0
2025,P02,P29041,P126,P02,0
2025,P02,P29042,P119,P01,0
2025,P02,P29042,P119,P02,0
2025,P02,P29042,P124,P01,0
2025,P02,P29042,P124,P02,0
2025,P02,P29042,P126,P01,0
2025,P02,P29042,P126,P02,0
2025,P02,P29043,P119,P01,0
2025,P02,P29043,P119,P02,0
2025,P02,P29043,P124,P01,0
2025,P02,P29043,P124,P02,0
2025,P02,P29043,P126,P01,0
2025,P02,P29043,P126,P02,0
2025,P02,P29044,P119,P01,0
2025,P02,P29044,P119,P02,0
2025,P02,P29044,P124,P01,0
2025,P02,P29044,P124,P02,0
2025,P02,P29044,P126,P01,0
2025,P02,P29044,P126,P02,0
2025,P02,P29045,P119,P01,0
2025,P02,P29045,P119,P02,0
2025,P02,P29045,P124,P01,0
2025,P02,P29045,P124,P02,0
2025,P02,P29045,P126,P01,0
2025,P02,P29045,P126,P02,0
2025,P02,P29046,P119,P01,0
2025,P02,P29046,P119,P02,0
2025,P02,P29046,P124,P01,0
2025,P02,P29046,P124,P02,0
2025,P02,P29046,P126,P01,0
2025,P02,P29046,P126,P02,0
2025,P02,P29047,P119,P01,9
2025,P02,P29047,P119,P02,0
2025,P02,P29047,P124,P01,0
2025,P02,P29047,P124,P02,0
2025,P02,P29047,P126,P01,0
2025,P02,P29047,P126,P02,0
2025,P02,P29048,P119,P01,0
2025,P02,P29048,P119,P02,0
2025,P02,P29048,P124,P01,0
2025,P02,P29048,P124,P02,0
2025,P02,P29048,P126,P01,0
2025,P02,P29048,P126,P02,0
2025,P02,P29049,P119,P01,0
2025,P02,P29049,P119,P02,0
2025,P02,P29049,P124,P01,0
2025,P02,P29049,P124,P02,0
2025,P02,P29049,P126,P01,0
2025,P02,P29049,P126,P02,0
2025,P02,P29050,P119,P01,0
2025,P02,P29050,P119,P02,0
2025,P02,P29050,P124,P01,0
2025,P02,P29050,P124,P02,0
2025,P02,P29050,P126,P01,0
2025,P02,P29050,P126,P02,0
2025,P02,P29051,P119,P01,0
2025,P02,P29051,P119,P02,0
2025,P02,P29051,P124,P01,0
2025,P02,P29051,P124,P02,0
2025,P02,P29051,P126,P01,0
2025,P02,P29051,P126,P02,0
2025,P02,P29052,P119,P01,0
2025,P02,P29052,P119,P02,0
2025,P02,P29052,P124,P01,0
2025,P02,P29052,P124,P02,0
2025,P02,P29052,P126,P01,0
2025,P02,P29052,P126,P02,0
2025,P02,P29053,P119,P01,0
2025,P02,P29053,P119,P02,0
2025,P02,P29053,P124,P01,0
2025,P02,P29053,P124,P02,0
2025,P02,P29053,P126,P01,0
2025,P02,P29053,P126,P02,0
2025,P02,P29054,P119,P01,0
2025,P02,P29054,P119,P02,0
2025,P02,P29054,P124,P01,0
2025,P02,P29054,P124,P02,0
2025,P02,P29054,P126,P01,0
2025,P02,P29054,P126,P02,0
2025,P02,P29055,P119,P01,0
2025,P02,P29055,P119,P02,0
2025,P02,P29055,P124,P01,0
2025,P02,P29055,P124,P02,0
2025,P02,P29055,P126,P01,0
2025,P02,P29055,P126,P02,0
2025,P02,P29056,P119,P01,0
2025,P02,P29056,P119,P02,0
2025,P02,P29056,P124,P01,0
2025,P02,P29056,P124,P02,0
2025,P02,P29056,P126,P01,0
2025,P02,P29056,P126,P02,0
2025,P02,P29057,P119,P01,0
2025,P02,P29057,P119,P02,0
2025,P02,P29057,P124,P01,0
2025,P02,P29057,P124,P02,0
2025,P02,P29057,P126,P01,0
2025,P02,P29057,P126,P02,0
2025,P02,P29058,P119,P01,0
2025,P02,P29058,P119,P02,0
2025,P02,P29058,P124,P01,0
2025,P02,P29058,P124,P02,0
2025,P02,P29058,P126,P01,0
2025,P02,P29058,P126,P02,0
2025,P02,P29059,P119,P01,0
2025,P02,P29059,P119,P02,0
2025,P02,P29059,P124,P01,0
2025,P02,P29059,P124,P02,0
2025,P02,P29059,P126,P01,0
2025,P02,P29059,P126,P02,0
2025,P02,P29060,P119,P01,0
2025,P02,P29060,P119,P02,0
2025,P02,P29060,P124,P01,0
2025,P02,P29060,P124,P02,0
2025,P02,P29060,P126,P01,0
2025,P02,P29060,P126,P02,0
2025,P02,P30001,P119,P01,165
2025,P02,P30001,P119,P02,0
2025,P02,P30001,P124,P01,0
2025,P02,P30001,P124,P02,0
2025,P02,P30001,P126,P01,2
2025,P02,P30001,P126,P02,0
2025,P02,P30002,P119,P01,11
2025,P02,P30002,P119,P02,0
2025,P02,P30002,P124,P01,0
2025,P02,P30002,P124,P02,0
2025,P02,P30002,P126,P01,0
2025,P02,P30002,P126,P02,0
2025,P02,P30003,P119,P01,392
2025,P02,P30003,P119,P02,0
2025,P02,P30003,P124,P01,1
2025,P02,P30003,P124,P02,0
2025,P02,P30003,P126,P01,4
2025,P02,P30003,P126,P02,0
2025,P02,P30004,P119,P01,110
2025,P02,P30004,P119,P02,0
2025,P02,P30004,P124,P01,0
2025,P02,P30004,P124,P02,0
2025,P02,P30004,P126,P01,1
2025,P02,P30004,P126,P02,0
2025,P02,P30005,P119,P01,211
2025,P02,P30005,P119,P02,0
2025,P02,P30005,P124,P01,0
2025,P02,P30005,P124,P02,0
2025,P02,P30005,P126,P01,2
2025,P02,P30005,P126,P02,0
2025,P02,P30006,P119,P01,0
2025,P02,P30006,P119,P02,0
2025,P02,P30006,P124,P01,0
2025,P02,P30006,P124,P02,0
2025,P02,P30006,P126,P01,0
2025,P02,P30006,P126,P02,0
2025,P02,P30007,P119,P01,35
2025,P02,P30007,P119,P02,0
2025,P02,P30007,P124,P01,0
2025,P02,P30007,P124,P02,0
2025,P02,P30007,P126,P01,0
2025,P02,P30007,P126,P02,0
2025,P02,P30008,P119,P01,0
2025,P02,P30008,P119,P02,0
2025,P02,P30008,P124,P01,0
2025,P02,P30008,P124,P02,0
2025,P02,P30008,P126,P01,0
2025,P02,P30008,P126,P02,0
2025,P02,P30009,P119,P01,197
2025,P02,P30009,P119,P02,0
2025,P02,P30009,P124,P01,0
2025,P02,P30009,P124,P02,0
2025,P02,P30009,P126,P01,2
2025,P02,P30009,P126,P02,0
2025,P02,P30010,P119,P01,40
2025,P02,P30010,P119,P02,0
2025,P02,P30010,P124,P01,0
2025,P02,P30010,P124,P02,0
2025,P02,P30010,P126,P01,0
2025,P02,P30010,P126,P02,0
2025,P02,P30011,P119,P01,438
2025,P02,P30011,P119,P02,0
2025,P02,P30011,P124,P01,1
2025,P02,P30011,P124,P02,0
2025,P02,P30011,P126,P01,4
2025,P02,P30011,P126,P02,0
2025,P02,P30012,P119,P01,0
2025,P02,P30012,P119,P02,0
2025,P02,P30012,P124,P01,0
2025,P02,P30012,P124,P02,0
2025,P02,P30012,P126,P01,0
2025,P02,P30012,P126,P02,0
2025,P02,P30013,P119,P01,0
2025,P02,P30013,P119,P02,0
2025,P02,P30013,P124,P01,0
2025,P02,P30013,P124,P02,0
2025,P02,P30013,P126,P01,0
2025,P02,P30013,P126,P02,0
2025,P02,P30014,P119,P01,23
2025,P02,P30014,P119,P02,0
2025,P02,P30014,P124,P01,0
2025,P02,P30014,P124,P02,0
2025,P02,P30014,P126,P01,0
2025,P02,P30014,P126,P02,0
2025,P02,P30015,P119,P01,5
2025,P02,P30015,P119,P02,0
2025,P02,P30015,P124,P01,0
2025,P02,P30015,P124,P02,0
2025,P02,P30015,P126,P01,0
2025,P02,P30015,P126,P02,0
2025,P02,P30016,P119,P01,50
2025,P02,P30016,P119,P02,0
2025,P02,P30016,P124,P01,0
2025,P02,P30016,P124,P02,0
2025,P02,P30016,P126,P01,0
2025,P02,P30016,P126,P02,0
2025,P02,P30017,P119,P01,0
2025,P02,P30017,P119,P02,0
2025,P02,P30017,P124,P01,0
2025,P02,P30017,P124,P02,0
2025,P02,P30017,P126,P01,0
2025,P02,P30017,P126,P02,0
2025,P02,P30018,P119,P01,39
2025,P02,P30018,P119,P02,0
2025,P02,P30018,P124,P01,0
2025,P02,P30018,P124,P02,0
2025,P02,P30018,P126,P01,0
2025,P02,P30018,P126,P02,0
2025,P02,P30019,P119,P01,0
2025,P02,P30019,P119,P02,0
2025,P02,P30019,P124,P01,0
2025,P02,P30019,P124,P02,0
2025,P02,P30019,P126,P01,0
2025,P02,P30019,P126,P02,0
2025,P02,P30020,P119,P01,0
2025,P02,P30020,P119,P02,0
2025,P02,P30020,P124,P01,0
2025,P02,P30020,P124,P02,0
2025,P02,P30020,P126,P01,0
2025,P02,P30020,P126,P02,0
2025,P02,P30021,P119,P01,161
2025,P02,P30021,P119,P02,0
2025,P02,P30021,P124,P01,0
2025,P02,P30021,P124,P02,0
2025,P02,P30021,P126,P01,2
2025,P02,P30021,P126,P02,0
2025,P02,P30022,P119,P01,0
2025,P02,P30022,P119,P02,0
2025,P02,P30022,P124,P01,0
2025,P02,P30022,P124,P02,0
2025,P02,P30022,P126,P01,0
2025,P02,P30022,P126,P02,0
2025,P02,P30023,P119,P01,108
2025,P02,P30023,P119,P02,0
2025,P02,P30023,P124,P01,0
2025,P02,P30023,P124,P02,0
2025,P02,P30023,P126,P01,1
2025,P02,P30023,P126,P02,0
2025,P02,P30024,P119,P01,20
2025,P02,P30024,P119,P02,0
2025,P02,P30024,P124,P01,0
2025,P02,P30024,P124,P02,0
2025,P02,P30024,P126,P01,0
2025,P02,P30024,P126,P02,0
2025,P02,P30025,P119,P01,0
2025,P02,P30025,P119,P02,0
2025,P02,P30025,P124,P01,0
2025,P02,P30025,P124,P02,0
2025,P02,P30025,P126,P01,0
2025,P02,P30025,P126,P02,0
2025,P02,P30026,P119,P01,179
2025,P02,P30026,P119,P02,0
2025,P02,P30026,P124,P01,0
2025,P02,P30026,P124,P02,0
2025,P02,P30026,P126,P01,2
2025,P02,P30026,P126,P02,0
2025,P02,P30027,P119,P01,0
2025,P02,P30027,P119,P02,0
2025,P02,P30027,P124,P01,0
2025,P02,P30027,P124,P02,0
2025,P02,P30027,P126,P01,0
2025,P02,P30027,P126,P02,0
2025,P02,P30028,P119,P01,"1,608"
2025,P02,P30028,P119,P02,0
2025,P02,P30028,P124,P01,3
2025,P02,P30028,P124,P02,0
2025,P02,P30028,P126,P01,15
2025,P02,P30028,P126,P02,0
2025,P02,P30029,P119,P01,0
2025,P02,P30029,P119,P02,0
2025,P02,P30029,P124,P01,0
2025,P02,P30029,P124,P02,0
2025,P02,P30029,P126,P01,0
2025,P02,P30029,P126,P02,0
2025,P02,P30030,P119,P01,0
2025,P02,P30030,P119,P02,0
2025,P02,P30030,P124,P01,0
2025,P02,P30030,P124,P02,0
2025,P02,P30030,P126,P01,0
2025,P02,P30030,P126,P02,0
2025,P02,P30031,P119,P01,366
2025,P02,P30031,P119,P02,0
2025,P02,P30031,P124,P01,1
2025,P02,P30031,P124,P02,0
2025,P02,P30031,P126,P01,3
2025,P02,P30031,P126,P02,0
2025,P02,P30032,P119,P01,9
2025,P02,P30032,P119,P02,0
2025,P02,P30032,P124,P01,0
2025,P02,P30032,P124,P02,0
2025,P02,P30032,P126,P01,0
2025,P02,P30032,P126,P02,0
2025,P02,P30033,P119,P01,376
2025,P02,P30033,P119,P02,0
2025,P02,P30033,P124,P01,1
2025,P02,P30033,P124,P02,0
2025,P02,P30033,P126,P01,4
2025,P02,P30033,P126,P02,0
2025,P02,P30034,P119,P01,0
2025,P02,P30034,P119,P02,0
2025,P02,P30034,P124,P01,0
2025,P02,P30034,P124,P02,0
2025,P02,P30034,P126,P01,0
2025,P02,P30034,P126,P02,0
2025,P02,P30035,P119,P01,2
2025,P02,P30035,P119,P02,0
2025,P02,P30035,P124,P01,0
2025,P02,P30035,P124,P02,0
2025,P02,P30035,P126,P01,0
2025,P02,P30035,P126,P02,0
2025,P02,P30036,P119,P01,0
2025,P02,P30036,P119,P02,0
2025,P02,P30036,P124,P01,0
2025,P02,P30036,P124,P02,0
2025,P02,P30036,P126,P01,0
2025,P02,P30036,P126,P02,0
2025,P02,P30037,P119,P01,0
2025,P02,P30037,P119,P02,0
2025,P02,P30037,P124,P01,0
2025,P02,P30037,P124,P02,0
2025,P02,P30037,P126,P01,0
2025,P02,P30037,P126,P02,0
2025,P02,P30038,P119,P01,214
2025,P02,P30038,P119,P02,0
2025,P02,P30038,P124,P01,0
2025,P02,P30038,P124,P02,0
2025,P02,P30038,P126,P01,2
2025,P02,P30038,P126,P02,0
2025,P02,P30039,P119,P01,521
2025,P02,P30039,P119,P02,0
2025,P02,P30039,P124,P01,1
2025,P02,P30039,P124,P02,0
2025,P02,P30039,P126,P01,5
2025,P02,P30039,P126,P02,0
2025,P02,P30040,P119,P01,82
2025,P02,P30040,P119,P02,0
2025,P02,P30040,P124,P01,0
2025,P02,P30040,P124,P02,0
2025,P02,P30040,P126,P01,1
2025,P02,P30040,P126,P02,0
2025,P02,P30041,P119,P01,0
2025,P02,P30041,P119,P02,0
2025,P02,P30041,P124,P01,0
2025,P02,P30041,P124,P02,0
2025,P02,P30041,P126,P01,0
2025,P02,P30041,P126,P02,0
2025,P02,P30042,P119,P01,0
2025,P02,P30042,P119,P02,0
2025,P02,P30042,P124,P01,0
2025,P02,P30042,P124,P02,0
2025,P02,P30042,P126,P01,0
2025,P02,P30042,P126,P02,0
2025,P02,P30043,P119,P01,0
2025,P02,P30043,P119,P02,0
2025,P02,P30043,P124,P01,0
2025,P02,P30043,P124,P02,0
2025,P02,P30043,P126,P01,0
2025,P02,P30043,P126,P02,0
2025,P02,P30044,P119,P01,130
2025,P02,P30044,P119,P02,0
2025,P02,P30044,P124,P01,0
2025,P02,P30044,P124,P02,0
2025,P02,P30044,P126,P01,1
2025,P02,P30044,P126,P02,0
2025,P02,P30045,P119,P01,0
2025,P02,P30045,P119,P02,0
2025,P02,P30045,P124,P01,0
2025,P02,P30045,P124,P02,0
2025,P02,P30045,P126,P01,0
2025,P02,P30045,P126,P02,0
2025,P02,P30046,P119,P01,60
2025,P02,P30046,P119,P02,0
2025,P02,P30046,P124,P01,0
2025,P02,P30046,P124,P02,0
2025,P02,P30046,P126,P01,1
2025,P02,P30046,P126,P02,0
2025,P02,P30047,P119,P01,18
2025,P02,P30047,P119,P02,0
2025,P02,P30047,P124,P01,0
2025,P02,P30047,P124,P02,0
2025,P02,P30047,P126,P01,0
2025,P02,P30047,P126,P02,0
2025,P02,P30048,P119,P01,323
2025,P02,P30048,P119,P02,0
2025,P02,P30048,P124,P01,1
2025,P02,P30048,P124,P02,0
2025,P02,P30048,P126,P01,3
2025,P02,P30048,P126,P02,0
2025,P02,P30049,P119,P01,"5,720"
2025,P02,P30049,P119,P02,0
2025,P02,P30049,P124,P01,9
2025,P02,P30049,P124,P02,0
2025,P02,P30049,P126,P01,54
2025,P02,P30049,P126,P02,0
2025,P02,P30050,P119,P01,7
2025,P02,P30050,P119,P02,0
2025,P02,P30050,P124,P01,0
2025,P02,P30050,P124,P02,0
2025,P02,P30050,P126,P01,0
2025,P02,P30050,P126,P02,0
2025,P02,P30051,P119,P01,0
2025,P02,P30051,P119,P02,0
2025,P02,P30051,P124,P01,0
2025,P02,P30051,P124,P02,0
2025,P02,P30051,P126,P01,0
2025,P02,P30051,P126,P02,0
2025,P02,P30052,P119,P01,0
2025,P02,P30052,P119,P02,0
2025,P02,P30052,P124,P01,0
2025,P02,P30052,P124,P02,0
2025,P02,P30052,P126,P01,0
2025,P02,P30052,P126,P02,0
2025,P02,P30053,P119,P01,53
2025,P02,P30053,P119,P02,0
2025,P02,P30053,P124,P01,0
2025,P02,P30053,P124,P02,0
2025,P02,P30053,P126,P01,0
2025,P02,P30053,P126,P02,0
2025,P02,P30054,P119,P01,0
2025,P02,P30054,P119,P02,0
2025,P02,P30054,P124,P01,0
2025,P02,P30054,P124,P02,0
2025,P02,P30054,P126,P01,0
2025,P02,P30054,P126,P02,0
2025,P02,P30055,P119,P01,0
2025,P02,P30055,P119,P02,0
2025,P02,P30055,P124,P01,0
2025,P02,P30055,P124,P02,0
2025,P02,P30055,P126,P01,0
2025,P02,P30055,P126,P02,0
2025,P02,P30056,P119,P01,1
2025,P02,P30056,P119,P02,0
2025,P02,P30056,P124,P01,0
2025,P02,P30056,P124,P02,0
2025,P02,P30056,P126,P01,0
2025,P02,P30056,P126,P02,0
2025,P02,P30057,P119,P01,38
2025,P02,P30057,P119,P02,0
2025,P02,P30057,P124,P01,0
2025,P02,P30057,P124,P02,0
2025,P02,P30057,P126,P01,0
2025,P02,P30057,P126,P02,0
2025,P02,P30058,P119,P01,0
2025,P02,P30058,P119,P02,0
2025,P02,P30058,P124,P01,0
2025,P02,P30058,P124,P02,0
2025,P02,P30058,P126,P01,0
2025,P02,P30058,P126,P02,0
2025,P02,P30059,P119,P01,231
2025,P02,P30059,P119,P02,0
2025,P02,P30059,P124,P01,0
2025,P02,P30059,P124,P02,0
2025,P02,P30059,P126,P01,2
2025,P02,P30059,P126,P02,0
2025,P02,P30060,P119,P01,0
2025,P02,P30060,P119,P02,0
2025,P02,P30060,P124,P01,0
2025,P02,P30060,P124,P02,0
2025,P02,P30060,P126,P01,0
2025,P02,P30060,P126,P02,0
2025,P02,P30061,P119,P01,42
2025,P02,P30061,P119,P02,0
2025,P02,P30061,P124,P01,0
2025,P02,P30061,P124,P02,0
2025,P02,P30061,P126,P01,0
2025,P02,P30061,P126,P02,0
2025,P02,P30062,P119,P01,0
2025,P02,P30062,P119,P02,0
2025,P02,P30062,P124,P01,0
2025,P02,P30062,P124,P02,0
2025,P02,P30062,P126,P01,0
2025,P02,P30062,P126,P02,0
2025,P02,P30063,P119,P01,21
2025,P02,P30063,P119,P02,0
2025,P02,P30063,P124,P01,0
2025,P02,P30063,P124,P02,0
2025,P02,P30063,P126,P01,0
2025,P02,P30063,P126,P02,0
2025,P02,P30064,P119,P01,0
2025,P02,P30064,P119,P02,0
2025,P02,P30064,P124,P01,0
2025,P02,P30064,P124,P02,0
2025,P02,P30064,P126,P01,0
2025,P02,P30064,P126,P02,0
2025,P02,P30065,P119,P01,942
2025,P02,P30065,P119,P02,0
2025,P02,P30065,P124,P01,1
2025,P02,P30065,P124,P02,0
2025,P02,P30065,P126,P01,9
2025,P02,P30065,P126,P02,0
2025,P02,P30066,P119,P01,29
2025,P02,P30066,P119,P02,0
2025,P02,P30066,P124,P01,0
2025,P02,P30066,P124,P02,0
2025,P02,P30066,P126,P01,0
2025,P02,P30066,P126,P02,0
2025,P02,P30067,P119,P01,169
2025,P02,P30067,P119,P02,0
2025,P02,P30067,P124,P01,0
2025,P02,P30067,P124,P02,0
2025,P02,P30067,P126,P01,2
2025,P02,P30067,P126,P02,0
2025,P02,P30068,P119,P01,0
2025,P02,P30068,P119,P02,0
2025,P02,P30068,P124,P01,0
2025,P02,P30068,P124,P02,0
2025,P02,P30068,P126,P01,0
2025,P02,P30068,P126,P02,0
2025,P02,P30069,P119,P01,0
2025,P02,P30069,P119,P02,0
2025,P02,P30069,P124,P01,0
2025,P02,P30069,P124,P02,0
2025,P02,P30069,P126,P01,0
2025,P02,P30069,P126,P02,0
2025,P02,P30070,P119,P01,980
2025,P02,P30070,P119,P02,0
2025,P02,P30070,P124,P01,2
2025,P02,P30070,P124,P02,0
2025,P02,P30070,P126,P01,9
2025,P02,P30070,P126,P02,0
2025,P02,P30071,P119,P01,37
2025,P02,P30071,P119,P02,0
2025,P02,P30071,P124,P01,0
2025,P02,P30071,P124,P02,0
2025,P02,P30071,P126,P01,0
2025,P02,P30071,P126,P02,0
2025,P02,P30072,P119,P01,26
2025,P02,P30072,P119,P02,0
2025,P02,P30072,P124,P01,0
2025,P02,P30072,P124,P02,0
2025,P02,P30072,P126,P01,0
2025,P02,P30072,P126,P02,0
2025,P02,P30073,P119,P01,121
2025,P02,P30073,P119,P02,0
2025,P02,P30073,P124,P01,0
2025,P02,P30073,P124,P02,0
2025,P02,P30073,P126,P01,1
2025,P02,P30073,P126,P02,0
2025,P02,P30074,P119,P01,0
2025,P02,P30074,P119,P02,0
2025,P02,P30074,P124,P01,0
2025,P02,P30074,P124,P02,0
2025,P02,P30074,P126,P01,0
2025,P02,P30074,P126,P02,0
2025,P02,P30075,P119,P01,"1,550"
2025,P02,P30075,P119,P02,0
2025,P02,P30075,P124,P01,2
2025,P02,P30075,P124,P02,0
2025,P02,P30075,P126,P01,15
2025,P02,P30075,P126,P02,0
2025,P02,P30076,P119,P01,0
2025,P02,P30076,P119,P02,0
2025,P02,P30076,P124,P01,0
2025,P02,P30076,P124,P02,0
2025,P02,P30076,P126,P01,0
2025,P02,P30076,P126,P02,0
2025,P02,P30077,P119,P01,0
2025,P02,P30077,P119,P02,0
2025,P02,P30077,P124,P01,0
2025,P02,P30077,P124,P02,0
2025,P02,P30077,P126,P01,0
2025,P02,P30077,P126,P02,0
2025,P02,P30078,P119,P01,0
2025,P02,P30078,P119,P02,0
2025,P02,P30078,P124,P01,0
2025,P02,P30078,P124,P02,0
2025,P02,P30078,P126,P01,0
2025,P02,P30078,P126,P02,0
2025,P02,P30079,P119,P01,0
2025,P02,P30079,P119,P02,0
2025,P02,P30079,P124,P01,0
2025,P02,P30079,P124,P02,0
2025,P02,P30079,P126,P01,0
2025,P02,P30079,P126,P02,0
2025,P02,P30080,P119,P01,0
2025,P02,P30080,P119,P02,0
2025,P02,P30080,P124,P01,0
2025,P02,P30080,P124,P02,0
2025,P02,P30080,P126,P01,0
2025,P02,P30080,P126,P02,0
2025,P02,P30081,P119,P01,0
2025,P02,P30081,P119,P02,0
2025,P02,P30081,P124,P01,0
2025,P02,P30081,P124,P02,0
2025,P02,P30081,P126,P01,0
2025,P02,P30081,P126,P02,0
2025,P02,P30082,P119,P01,0
2025,P02,P30082,P119,P02,0
2025,P02,P30082,P124,P01,0
2025,P02,P30082,P124,P02,0
2025,P02,P30082,P126,P01,0
2025,P02,P30082,P126,P02,0
2025,P02,P30083,P119,P01,19
2025,P02,P30083,P119,P02,0
2025,P02,P30083,P124,P01,0
2025,P02,P30083,P124,P02,0
2025,P02,P30083,P126,P01,0
2025,P02,P30083,P126,P02,0
2025,P02,P30084,P119,P01,0
2025,P02,P30084,P119,P02,0
2025,P02,P30084,P124,P01,0
2025,P02,P30084,P124,P02,0
2025,P02,P30084,P126,P01,0
2025,P02,P30084,P126,P02,0
2025,P02,P30085,P119,P01,7
2025,P02,P30085,P119,P02,0
2025,P02,P30085,P124,P01,0
2025,P02,P30085,P124,P02,0
2025,P02,P30085,P126,P01,0
2025,P02,P30085,P126,P02,0
2025,P02,P30086,P119,P01,0
2025,P02,P30086,P119,P02,0
2025,P02,P30086,P124,P01,0
2025,P02,P30086,P124,P02,0
2025,P02,P30086,P126,P01,0
2025,P02,P30086,P126,P02,0
2025,P02,P30087,P119,P01,"1,831"
2025,P02,P30087,P119,P02,0
2025,P02,P30087,P124,P01,3
2025,P02,P30087,P124,P02,0
2025,P02,P30087,P126,P01,17
2025,P02,P30087,P126,P02,0
2025,P02,P30088,P119,P01,0
2025,P02,P30088,P119,P02,0
2025,P02,P30088,P124,P01,0
2025,P02,P30088,P124,P02,0
2025,P02,P30088,P126,P01,0
2025,P02,P30088,P126,P02,0
2025,P02,P30089,P119,P01,287
2025,P02,P30089,P119,P02,0
2025,P02,P30089,P124,P01,0
2025,P02,P30089,P124,P02,0
2025,P02,P30089,P126,P01,3
2025,P02,P30089,P126,P02,0
2025,P02,P30090,P119,P01,"4,209"
2025,P02,P30090,P119,P02,0
2025,P02,P30090,P124,P01,7
2025,P02,P30090,P124,P02,0
2025,P02,P30090,P126,P01,40
2025,P02,P30090,P126,P02,0
2025,P02,P30091,P119,P01,23
2025,P02,P30091,P119,P02,0
2025,P02,P30091,P124,P01,0
2025,P02,P30091,P124,P02,0
2025,P02,P30091,P126,P01,0
2025,P02,P30091,P126,P02,0
2025,P02,P30092,P119,P01,27
2025,P02,P30092,P119,P02,0
2025,P02,P30092,P124,P01,0
2025,P02,P30092,P124,P02,0
2025,P02,P30092,P126,P01,0
2025,P02,P30092,P126,P02,0
2025,P02,P30093,P119,P01,67
2025,P02,P30093,P119,P02,0
2025,P02,P30093,P124,P01,0
2025,P02,P30093,P124,P02,0
2025,P02,P30093,P126,P01,1
2025,P02,P30093,P126,P02,0
2025,P02,P30094,P119,P01,0
2025,P02,P30094,P119,P02,0
2025,P02,P30094,P124,P01,0
2025,P02,P30094,P124,P02,0
2025,P02,P30094,P126,P01,0
2025,P02,P30094,P126,P02,0
2025,P02,P30095,P119,P01,14
2025,P02,P30095,P119,P02,0
2025,P02,P30095,P124,P01,0
2025,P02,P30095,P124,P02,0
2025,P02,P30095,P126,P01,0
2025,P02,P30095,P126,P02,0
2025,P02,P30096,P119,P01,0
2025,P02,P30096,P119,P02,0
2025,P02,P30096,P124,P01,0
2025,P02,P30096,P124,P02,0
2025,P02,P30096,P126,P01,0
2025,P02,P30096,P126,P02,0
2025,P02,P30097,P119,P01,0
2025,P02,P30097,P119,P02,0
2025,P02,P30097,P124,P01,0
2025,P02,P30097,P124,P02,0
2025,P02,P30097,P126,P01,0
2025,P02,P30097,P126,P02,0
2025,P02,P30098,P119,P01,0
2025,P02,P30098,P119,P02,0
2025,P02,P30098,P124,P01,0
2025,P02,P30098,P124,P02,0
2025,P02,P30098,P126,P01,0
2025,P02,P30098,P126,P02,0
2025,P02,P30099,P119,P01,0
2025,P02,P30099,P119,P02,0
2025,P02,P30099,P124,P01,0
2025,P02,P30099,P124,P02,0
2025,P02,P30099,P126,P01,0
2025,P02,P30099,P126,P02,0
2025,P02,P30100,P119,P01,682
2025,P02,P30100,P119,P02,0
2025,P02,P30100,P124,P01,1
2025,P02,P30100,P124,P02,0
2025,P02,P30100,P126,P01,6
2025,P02,P30100,P126,P02,0
2025,P02,P30101,P119,P01,13
2025,P02,P30101,P119,P02,0
2025,P02,P30101,P124,P01,0
2025,P02,P30101,P124,P02,0
2025,P02,P30101,P126,P01,0
2025,P02,P30101,P126,P02,0
2025,P02,P30102,P119,P01,0
2025,P02,P30102,P119,P02,0
2025,P02,P30102,P124,P01,0
2025,P02,P30102,P124,P02,0
2025,P02,P30102,P126,P01,0
2025,P02,P30102,P126,P02,0
2025,P02,P30103,P119,P01,89
2025,P02,P30103,P119,P02,0
2025,P02,P30103,P124,P01,0
2025,P02,P30103,P124,P02,0
2025,P02,P30103,P126,P01,1
2025,P02,P30103,P126,P02,0
2025,P02,P30104,P119,P01,519
2025,P02,P30104,P119,P02,0
2025,P02,P30104,P124,P01,1
2025,P02,P30104,P124,P02,0
2025,P02,P30104,P126,P01,5
2025,P02,P30104,P126,P02,0
2025,P02,P30105,P119,P01,"1,315"
2025,P02,P30105,P119,P02,0
2025,P02,P30105,P124,P01,2
2025,P02,P30105,P124,P02,0
2025,P02,P30105,P126,P01,12
2025,P02,P30105,P126,P02,0
2025,P02,P30106,P119,P01,0
2025,P02,P30106,P119,P02,0
2025,P02,P30106,P124,P01,0
2025,P02,P30106,P124,P02,0
2025,P02,P30106,P126,P01,0
2025,P02,P30106,P126,P02,0
2025,P02,P30107,P119,P01,0
2025,P02,P30107,P119,P02,0
2025,P02,P30107,P124,P01,0
2025,P02,P30107,P124,P02,0
2025,P02,P30107,P126,P01,0
2025,P02,P30107,P126,P02,0
2025,P02,P30108,P119,P01,"2,325"
2025,P02,P30108,P119,P02,0
2025,P02,P30108,P124,P01,4
2025,P02,P30108,P124,P02,0
2025,P02,P30108,P126,P01,22
2025,P02,P30108,P126,P02,0
2025,P02,P30109,P119,P01,129
2025,P02,P30109,P119,P02,0
2025,P02,P30109,P124,P01,0
2025,P02,P30109,P124,P02,0
2025,P02,P30109,P126,P01,1
2025,P02,P30109,P126,P02,0
2025,P02,P30110,P119,P01,0
2025,P02,P30110,P119,P02,0
2025,P02,P30110,P124,P01,0
2025,P02,P30110,P124,P02,0
2025,P02,P30110,P126,P01,0
2025,P02,P30110,P126,P02,0
2025,P02,P30111,P119,P01,888
2025,P02,P30111,P119,P02,0
2025,P02,P30111,P124,P01,1
2025,P02,P30111,P124,P02,0
2025,P02,P30111,P126,P01,8
2025,P02,P30111,P126,P02,0
2025,P02,P30112,P119,P01,107
2025,P02,P30112,P119,P02,0
2025,P02,P30112,P124,P01,0
2025,P02,P30112,P124,P02,0
2025,P02,P30112,P126,P01,1
2025,P02,P30112,P126,P02,0
2025,P02,P30113,P119,P01,0
2025,P02,P30113,P119,P02,0
2025,P02,P30113,P124,P01,0
2025,P02,P30113,P124,P02,0
2025,P02,P30113,P126,P01,0
2025,P02,P30113,P126,P02,0
2025,P02,P30114,P119,P01,0
2025,P02,P30114,P119,P02,0
2025,P02,P30114,P124,P01,0
2025,P02,P30114,P124,P02,0
2025,P02,P30114,P126,P01,0
2025,P02,P30114,P126,P02,0
2025,P02,P30115,P119,P01,0
2025,P02,P30115,P119,P02,0
2025,P02,P30115,P124,P01,0
2025,P02,P30115,P124,P02,0
2025,P02,P30115,P126,P01,0
2025,P02,P30115,P126,P02,0
2025,P02,P30116,P119,P01,82
2025,P02,P30116,P119,P02,0
2025,P02,P30116,P124,P01,0
2025,P02,P30116,P124,P02,0
2025,P02,P30116,P126,P01,1
2025,P02,P30116,P126,P02,0
2025,P02,P30117,P119,P01,29
2025,P02,P30117,P119,P02,0
2025,P02,P30117,P124,P01,0
2025,P02,P30117,P124,P02,0
2025,P02,P30117,P126,P01,0
2025,P02,P30117,P126,P02,0
2025,P02,P30118,P119,P01,277
2025,P02,P30118,P119,P02,0
2025,P02,P30118,P124,P01,0
2025,P02,P30118,P124,P02,0
2025,P02,P30118,P126,P01,3
2025,P02,P30118,P126,P02,0
2025,P02,P30119,P119,P01,0
2025,P02,P30119,P119,P02,0
2025,P02,P30119,P124,P01,0
2025,P02,P30119,P124,P02,0
2025,P02,P30119,P126,P01,0
2025,P02,P30119,P126,P02,0
2025,P02,P30120,P119,P01,0
2025,P02,P30120,P119,P02,0
2025,P02,P30120,P124,P01,0
2025,P02,P30120,P124,P02,0
2025,P02,P30120,P126,P01,0
2025,P02,P30120,P126,P02,0
2025,P02,P30121,P119,P01,11
2025,P02,P30121,P119,P02,0
2025,P02,P30121,P124,P01,0
2025,P02,P30121,P124,P02,0
2025,P02,P30121,P126,P01,0
2025,P02,P30121,P126,P02,0
2025,P02,P30122,P119,P01,0
2025,P02,P30122,P119,P02,0
2025,P02,P30122,P124,P01,0
2025,P02,P30122,P124,P02,0
2025,P02,P30122,P126,P01,0
2025,P02,P30122,P126,P02,0
2025,P02,P30123,P119,P01,0
2025,P02,P30123,P119,P02,0
2025,P02,P30123,P124,P01,0
2025,P02,P30123,P124,P02,0
2025,P02,P30123,P126,P01,0
2025,P02,P30123,P126,P02,0
2025,P02,P30124,P119,P01,264
2025,P02,P30124,P119,P02,0
2025,P02,P30124,P124,P01,0
2025,P02,P30124,P124,P02,0
2025,P02,P30124,P126,P01,2
2025,P02,P30124,P126,P02,0
2025,P02,P30125,P119,P01,88
2025,P02,P30125,P119,P02,0
2025,P02,P30125,P124,P01,0
2025,P02,P30125,P124,P02,0
2025,P02,P30125,P126,P01,1
2025,P02,P30125,P126,P02,0
2025,P02,P30126,P119,P01,11
2025,P02,P30126,P119,P02,0
2025,P02,P30126,P124,P01,0
2025,P02,P30126,P124,P02,0
2025,P02,P30126,P126,P01,0
2025,P02,P30126,P126,P02,0
2025,P02,P30127,P119,P01,45
2025,P02,P30127,P119,P02,0
2025,P02,P30127,P124,P01,0
2025,P02,P30127,P124,P02,0
2025,P02,P30127,P126,P01,0
2025,P02,P30127,P126,P02,0
2025,P02,P30128,P119,P01,0
2025,P02,P30128,P119,P02,0
2025,P02,P30128,P124,P01,0
2025,P02,P30128,P124,P02,0
2025,P02,P30128,P126,P01,0
2025,P02,P30128,P126,P02,0
2025,P02,P30129,P119,P01,8
2025,P02,P30129,P119,P02,0
2025,P02,P30129,P124,P01,0
2025,P02,P30129,P124,P02,0
2025,P02,P30129,P126,P01,0
2025,P02,P30129,P126,P02,0
2025,P02,P30130,P119,P01,5
2025,P02,P30130,P119,P02,0
2025,P02,P30130,P124,P01,0
2025,P02,P30130,P124,P02,0
2025,P02,P30130,P126,P01,0
2025,P02,P30130,P126,P02,0
2025,P02,P30131,P119,P01,74
2025,P02,P30131,P119,P02,0
2025,P02,P30131,P124,P01,0
2025,P02,P30131,P124,P02,0
2025,P02,P30131,P126,P01,1
2025,P02,P30131,P126,P02,0
2025,P02,P30132,P119,P01,520
2025,P02,P30132,P119,P02,0
2025,P02,P30132,P124,P01,1
2025,P02,P30132,P124,P02,0
2025,P02,P30132,P126,P01,5
2025,P02,P30132,P126,P02,0
2025,P02,P30133,P119,P01,22
2025,P02,P30133,P119,P02,0
2025,P02,P30133,P124,P01,0
2025,P02,P30133,P124,P02,0
2025,P02,P30133,P126,P01,0
2025,P02,P30133,P126,P02,0
2025,P02,P30134,P119,P01,54
2025,P02,P30134,P119,P02,0
2025,P02,P30134,P124,P01,0
2025,P02,P30134,P124,P02,0
2025,P02,P30134,P126,P01,1
2025,P02,P30134,P126,P02,0
2025,P02,P30135,P119,P01,0
2025,P02,P30135,P119,P02,0
2025,P02,P30135,P124,P01,0
2025,P02,P30135,P124,P02,0
2025,P02,P30135,P126,P01,0
2025,P02,P30135,P126,P02,0
2025,P02,P30136,P119,P01,0
2025,P02,P30136,P119,P02,0
2025,P02,P30136,P124,P01,0
2025,P02,P30136,P124,P02,0
2025,P02,P30136,P126,P01,0
2025,P02,P30136,P126,P02,0
2025,P02,P30137,P119,P01,0
2025,P02,P30137,P119,P02,0
2025,P02,P30137,P124,P01,0
2025,P02,P30137,P124,P02,0
2025,P02,P30137,P126,P01,0
2025,P02,P30137,P126,P02,0
2025,P02,P30138,P119,P01,0
2025,P02,P30138,P119,P02,0
2025,P02,P30138,P124,P01,0
2025,P02,P30138,P124,P02,0
2025,P02,P30138,P126,P01,0
2025,P02,P30138,P126,P02,0
2025,P02,P30139,P119,P01,42
2025,P02,P30139,P119,P02,0
2025,P02,P30139,P124,P01,0
2025,P02,P30139,P124,P02,0
2025,P02,P30139,P126,P01,0
2025,P02,P30139,P126,P02,0
2025,P02,P30140,P119,P01,0
2025,P02,P30140,P119,P02,0
2025,P02,P30140,P124,P01,0
2025,P02,P30140,P124,P02,0
2025,P02,P30140,P126,P01,0
2025,P02,P30140,P126,P02,0
2025,P02,P30141,P119,P01,94
2025,P02,P30141,P119,P02,0
2025,P02,P30141,P124,P01,0
2025,P02,P30141,P124,P02,0
2025,P02,P30141,P126,P01,1
2025,P02,P30141,P126,P02,0
2025,P02,P30142,P119,P01,224
2025,P02,P30142,P119,P02,0
2025,P02,P30142,P124,P01,0
2025,P02,P30142,P124,P02,0
2025,P02,P30142,P126,P01,2
2025,P02,P30142,P126,P02,0
2025,P02,P30143,P119,P01,42
2025,P02,P30143,P119,P02,0
2025,P02,P30143,P124,P01,0
2025,P02,P30143,P124,P02,0
2025,P02,P30143,P126,P01,0
2025,P02,P30143,P126,P02,0
2025,P02,P30144,P119,P01,70
2025,P02,P30144,P119,P02,0
2025,P02,P30144,P124,P01,0
2025,P02,P30144,P124,P02,0
2025,P02,P30144,P126,P01,1
2025,P02,P30144,P126,P02,0
2025,P02,P30145,P119,P01,31
2025,P02,P30145,P119,P02,0
2025,P02,P30145,P124,P01,0
2025,P02,P30145,P124,P02,0
2025,P02,P30145,P126,P01,0
2025,P02,P30145,P126,P02,0
2025,P02,P30146,P119,P01,0
2025,P02,P30146,P119,P02,0
2025,P02,P30146,P124,P01,0
2025,P02,P30146,P124,P02,0
2025,P02,P30146,P126,P01,0
2025,P02,P30146,P126,P02,0
2025,P02,P30147,P119,P01,0
2025,P02,P30147,P119,P02,0
2025,P02,P30147,P124,P01,0
2025,P02,P30147,P124,P02,0
2025,P02,P30147,P126,P01,0
2025,P02,P30147,P126,P02,0
2025,P02,P30148,P119,P01,676
2025,P02,P30148,P119,P02,0
2025,P02,P30148,P124,P01,1
2025,P02,P30148,P124,P02,0
2025,P02,P30148,P126,P01,6
2025,P02,P30148,P126,P02,0
2025,P02,P30149,P119,P01,305
2025,P02,P30149,P119,P02,0
2025,P02,P30149,P124,P01,0
2025,P02,P30149,P124,P02,0
2025,P02,P30149,P126,P01,3
2025,P02,P30149,P126,P02,0
2025,P02,P30150,P119,P01,4
2025,P02,P30150,P119,P02,0
2025,P02,P30150,P124,P01,0
2025,P02,P30150,P124,P02,0
2025,P02,P30150,P126,P01,0
2025,P02,P30150,P126,P02,0
2025,P02,P30151,P119,P01,10
2025,P02,P30151,P119,P02,0
2025,P02,P30151,P124,P01,0
2025,P02,P30151,P124,P02,0
2025,P02,P30151,P126,P01,0
2025,P02,P30151,P126,P02,0
2025,P02,P30152,P119,P01,9
2025,P02,P30152,P119,P02,0
2025,P02,P30152,P124,P01,0
2025,P02,P30152,P124,P02,0
2025,P02,P30152,P126,P01,0
2025,P02,P30152,P126,P02,0
2025,P02,P30153,P119,P01,4
2025,P02,P30153,P119,P02,0
2025,P02,P30153,P124,P01,0
2025,P02,P30153,P124,P02,0
2025,P02,P30153,P126,P01,0
2025,P02,P30153,P126,P02,0
2025,P02,P30154,P119,P01,5
2025,P02,P30154,P119,P02,0
2025,P02,P30154,P124,P01,0
2025,P02,P30154,P124,P02,0
2025,P02,P30154,P126,P01,0
2025,P02,P30154,P126,P02,0
2025,P02,P30155,P119,P01,0
2025,P02,P30155,P119,P02,0
2025,P02,P30155,P124,P01,0
2025,P02,P30155,P124,P02,0
2025,P02,P30155,P126,P01,0
2025,P02,P30155,P126,P02,0
2025,P02,P30156,P119,P01,0
2025,P02,P30156,P119,P02,0
2025,P02,P30156,P124,P01,0
2025,P02,P30156,P124,P02,0
2025,P02,P30156,P126,P01,0
2025,P02,P30156,P126,P02,0
2025,P02,P30157,P119,P01,81
2025,P02,P30157,P119,P02,0
2025,P02,P30157,P124,P01,0
2025,P02,P30157,P124,P02,0
2025,P02,P30157,P126,P01,1
2025,P02,P30157,P126,P02,0
2025,P02,P30158,P119,P01,7
2025,P02,P30158,P119,P02,0
2025,P02,P30158,P124,P01,0
2025,P02,P30158,P124,P02,0
2025,P02,P30158,P126,P01,0
2025,P02,P30158,P126,P02,0
2025,P02,P30159,P119,P01,9
2025,P02,P30159,P119,P02,0
2025,P02,P30159,P124,P01,0
2025,P02,P30159,P124,P02,0
2025,P02,P30159,P126,P01,0
2025,P02,P30159,P126,P02,0
2025,P02,P30160,P119,P01,136
2025,P02,P30160,P119,P02,0
2025,P02,P30160,P124,P01,0
2025,P02,P30160,P124,P02,0
2025,P02,P30160,P126,P01,1
2025,P02,P30160,P126,P02,0
2025,P02,P30161,P119,P01,3
2025,P02,P30161,P119,P02,0
2025,P02,P30161,P124,P01,0
2025,P02,P30161,P124,P02,0
2025,P02,P30161,P126,P01,0
2025,P02,P30161,P126,P02,0
2025,P02,P30162,P119,P01,0
2025,P02,P30162,P119,P02,0
2025,P02,P30162,P124,P01,0
2025,P02,P30162,P124,P02,0
2025,P02,P30162,P126,P01,0
2025,P02,P30162,P126,P02,0
2025,P02,P30163,P119,P01,16
2025,P02,P30163,P119,P02,0
2025,P02,P30163,P124,P01,0
2025,P02,P30163,P124,P02,0
2025,P02,P30163,P126,P01,0
2025,P02,P30163,P126,P02,0
2025,P02,P30164,P119,P01,0
2025,P02,P30164,P119,P02,0
2025,P02,P30164,P124,P01,0
2025,P02,P30164,P124,P02,0
2025,P02,P30164,P126,P01,0
2025,P02,P30164,P126,P02,0
2025,P02,P30165,P119,P01,0
2025,P02,P30165,P119,P02,0
2025,P02,P30165,P124,P01,0
2025,P02,P30165,P124,P02,0
2025,P02,P30165,P126,P01,0
2025,P02,P30165,P126,P02,0
2025,P02,P30166,P119,P01,9
2025,P02,P30166,P119,P02,0
2025,P02,P30166,P124,P01,0
2025,P02,P30166,P124,P02,0
2025,P02,P30166,P126,P01,0
2025,P02,P30166,P126,P02,0
2025,P02,P30167,P119,P01,51
2025,P02,P30167,P119,P02,0
2025,P02,P30167,P124,P01,0
2025,P02,P30167,P124,P02,0
2025,P02,P30167,P126,P01,0
2025,P02,P30167,P126,P02,0
2025,P02,P30168,P119,P01,39
2025,P02,P30168,P119,P02,0
2025,P02,P30168,P124,P01,0
2025,P02,P30168,P124,P02,0
2025,P02,P30168,P126,P01,0
2025,P02,P30168,P126,P02,0
2025,P02,P30169,P119,P01,0
2025,P02,P30169,P119,P02,0
2025,P02,P30169,P124,P01,0
2025,P02,P30169,P124,P02,0
2025,P02,P30169,P126,P01,0
2025,P02,P30169,P126,P02,0
2025,P02,P30170,P119,P01,1
2025,P02,P30170,P119,P02,0
2025,P02,P30170,P124,P01,0
2025,P02,P30170,P124,P02,0
2025,P02,P30170,P126,P01,0
2025,P02,P30170,P126,P02,0
2025,P02,P30171,P119,P01,84
2025,P02,P30171,P119,P02,0
2025,P02,P30171,P124,P01,0
2025,P02,P30171,P124,P02,0
2025,P02,P30171,P126,P01,1
2025,P02,P30171,P126,P02,0
2025,P02,P30172,P119,P01,189
2025,P02,P30172,P119,P02,0
2025,P02,P30172,P124,P01,0
2025,P02,P30172,P124,P02,0
2025,P02,P30172,P126,P01,2
2025,P02,P30172,P126,P02,0
2025,P02,P30173,P119,P01,0
2025,P02,P30173,P119,P02,0
2025,P02,P30173,P124,P01,0
2025,P02,P30173,P124,P02,0
2025,P02,P30173,P126,P01,0
2025,P02,P30173,P126,P02,0
2025,P02,P30174,P119,P01,67
2025,P02,P30174,P119,P02,0
2025,P02,P30174,P124,P01,0
2025,P02,P30174,P124,P02,0
2025,P02,P30174,P126,P01,1
2025,P02,P30174,P126,P02,0
2025,P02,P30175,P119,P01,231
2025,P02,P30175,P119,P02,0
2025,P02,P30175,P124,P01,0
2025,P02,P30175,P124,P02,0
2025,P02,P30175,P126,P01,2
2025,P02,P30175,P126,P02,0
2025,P02,P30176,P119,P01,0
2025,P02,P30176,P119,P02,0
2025,P02,P30176,P124,P01,0
2025,P02,P30176,P124,P02,0
2025,P02,P30176,P126,P01,0
2025,P02,P30176,P126,P02,0
2025,P02,P30177,P119,P01,0
2025,P02,P30177,P119,P02,0
2025,P02,P30177,P124,P01,0
2025,P02,P30177,P124,P02,0
2025,P02,P30177,P126,P01,0
2025,P02,P30177,P126,P02,0
2025,P02,P30178,P119,P01,66
2025,P02,P30178,P119,P02,0
2025,P02,P30178,P124,P01,0
2025,P02,P30178,P124,P02,0
2025,P02,P30178,P126,P01,1
2025,P02,P30178,P126,P02,0
2025,P02,P30179,P119,P01,137
2025,P02,P30179,P119,P02,0
2025,P02,P30179,P124,P01,0
2025,P02,P30179,P124,P02,0
2025,P02,P30179,P126,P01,1
2025,P02,P30179,P126,P02,0
2025,P02,P30180,P119,P01,0
2025,P02,P30180,P119,P02,0
2025,P02,P30180,P124,P01,0
2025,P02,P30180,P124,P02,0
2025,P02,P30180,P126,P01,0
2025,P02,P30180,P126,P02,0
2025,P02,P30181,P119,P01,"2,385"
2025,P02,P30181,P119,P02,0
2025,P02,P30181,P124,P01,4
2025,P02,P30181,P124,P02,0
2025,P02,P30181,P126,P01,23
2025,P02,P30181,P126,P02,0
2025,P02,P30182,P119,P01,0
2025,P02,P30182,P119,P02,0
2025,P02,P30182,P124,P01,0
2025,P02,P30182,P124,P02,0
2025,P02,P30182,P126,P01,0
2025,P02,P30182,P126,P02,0
2025,P02,P30183,P119,P01,0
2025,P02,P30183,P119,P02,0
2025,P02,P30183,P124,P01,0
2025,P02,P30183,P124,P02,0
2025,P02,P30183,P126,P01,0
2025,P02,P30183,P126,P02,0
2025,P02,P30184,P119,P01,5
2025,P02,P30184,P119,P02,0
2025,P02,P30184,P124,P01,0
2025,P02,P30184,P124,P02,0
2025,P02,P30184,P126,P01,0
2025,P02,P30184,P126,P02,0
2025,P02,P30185,P119,P01,10
2025,P02,P30185,P119,P02,0
2025,P02,P30185,P124,P01,0
2025,P02,P30185,P124,P02,0
2025,P02,P30185,P126,P01,0
2025,P02,P30185,P126,P02,0
2025,P02,P30186,P119,P01,0
2025,P02,P30186,P119,P02,0
2025,P02,P30186,P124,P01,0
2025,P02,P30186,P124,P02,0
2025,P02,P30186,P126,P01,0
2025,P02,P30186,P126,P02,0
2025,P02,P30187,P119,P01,0
2025,P02,P30187,P119,P02,0
2025,P02,P30187,P124,P01,0
2025,P02,P30187,P124,P02,0
2025,P02,P30187,P126,P01,0
2025,P02,P30187,P126,P02,0
2025,P02,P30188,P119,P01,8
2025,P02,P30188,P119,P02,0
2025,P02,P30188,P124,P01,0
2025,P02,P30188,P124,P02,0
2025,P02,P30188,P126,P01,0
2025,P02,P30188,P126,P02,0
2025,P02,P30189,P119,P01,355
2025,P02,P30189,P119,P02,0
2025,P02,P30189,P124,P01,1
2025,P02,P30189,P124,P02,0
2025,P02,P30189,P126,P01,3
2025,P02,P30189,P126,P02,0
2025,P02,P30190,P119,P01,0
2025,P02,P30190,P119,P02,0
2025,P02,P30190,P124,P01,0
2025,P02,P30190,P124,P02,0
2025,P02,P30190,P126,P01,0
2025,P02,P30190,P126,P02,0
2025,P02,P30191,P119,P01,0
2025,P02,P30191,P119,P02,0
2025,P02,P30191,P124,P01,0
2025,P02,P30191,P124,P02,0
2025,P02,P30191,P126,P01,0
2025,P02,P30191,P126,P02,0
2025,P02,P30192,P119,P01,27
2025,P02,P30192,P119,P02,0
2025,P02,P30192,P124,P01,0
2025,P02,P30192,P124,P02,0
2025,P02,P30192,P126,P01,0
2025,P02,P30192,P126,P02,0
2025,P02,P30193,P119,P01,"6,094"
2025,P02,P30193,P119,P02,0
2025,P02,P30193,P124,P01,50
2025,P02,P30193,P124,P02,0
2025,P02,P30193,P126,P01,129
2025,P02,P30193,P126,P02,0
2025,P02,P30194,P119,P01,0
2025,P02,P30194,P119,P02,0
2025,P02,P30194,P124,P01,0
2025,P02,P30194,P124,P02,0
2025,P02,P30194,P126,P01,0
2025,P02,P30194,P126,P02,0
2025,P02,P30195,P119,P01,7
2025,P02,P30195,P119,P02,0
2025,P02,P30195,P124,P01,0
2025,P02,P30195,P124,P02,0
2025,P02,P30195,P126,P01,0
2025,P02,P30195,P126,P02,0
2025,P02,P30196,P119,P01,0
2025,P02,P30196,P119,P02,0
2025,P02,P30196,P124,P01,0
2025,P02,P30196,P124,P02,0
2025,P02,P30196,P126,P01,0
2025,P02,P30196,P126,P02,0
2025,P02,P30197,P119,P01,38
2025,P02,P30197,P119,P02,0
2025,P02,P30197,P124,P01,0
2025,P02,P30197,P124,P02,0
2025,P02,P30197,P126,P01,0
2025,P02,P30197,P126,P02,0
2025,P02,P30198,P119,P01,18
2025,P02,P30198,P119,P02,0
2025,P02,P30198,P124,P01,0
2025,P02,P30198,P124,P02,0
2025,P02,P30198,P126,P01,0
2025,P02,P30198,P126,P02,0
2025,P02,P30199,P119,P01,9
2025,P02,P30199,P119,P02,0
2025,P02,P30199,P124,P01,0
2025,P02,P30199,P124,P02,0
2025,P02,P30199,P126,P01,0
2025,P02,P30199,P126,P02,0
2025,P02,P30200,P119,P01,0
2025,P02,P30200,P119,P02,0
2025,P02,P30200,P124,P01,0
2025,P02,P30200,P124,P02,0
2025,P02,P30200,P126,P01,0
2025,P02,P30200,P126,P02,0
2025,P02,P30201,P119,P01,138
2025,P02,P30201,P119,P02,0
2025,P02,P30201,P124,P01,0
2025,P02,P30201,P124,P02,0
2025,P02,P30201,P126,P01,1
2025,P02,P30201,P126,P02,0
2025,P02,P30202,P119,P01,0
2025,P02,P30202,P119,P02,0
2025,P02,P30202,P124,P01,0
2025,P02,P30202,P124,P02,0
2025,P02,P30202,P126,P01,0
2025,P02,P30202,P126,P02,0
2025,P02,P30203,P119,P01,29
2025,P02,P30203,P119,P02,0
2025,P02,P30203,P124,P01,0
2025,P02,P30203,P124,P02,0
2025,P02,P30203,P126,P01,0
2025,P02,P30203,P126,P02,0
2025,P02,P30204,P119,P01,67
2025,P02,P30204,P119,P02,0
2025,P02,P30204,P124,P01,0
2025,P02,P30204,P124,P02,0
2025,P02,P30204,P126,P01,1
2025,P02,P30204,P126,P02,0
2025,P02,P30205,P119,P01,1
2025,P02,P30205,P119,P02,0
2025,P02,P30205,P124,P01,0
2025,P02,P30205,P124,P02,0
2025,P02,P30205,P126,P01,0
2025,P02,P30205,P126,P02,0
2025,P02,P30206,P119,P01,0
2025,P02,P30206,P119,P02,0
2025,P02,P30206,P124,P01,0
2025,P02,P30206,P124,P02,0
2025,P02,P30206,P126,P01,0
2025,P02,P30206,P126,P02,0
2025,P02,P30207,P119,P01,0
2025,P02,P30207,P119,P02,0
2025,P02,P30207,P124,P01,0
2025,P02,P30207,P124,P02,0
2025,P02,P30207,P126,P01,0
2025,P02,P30207,P126,P02,0
2025,P02,P30208,P119,P01,73
2025,P02,P30208,P119,P02,0
2025,P02,P30208,P124,P01,0
2025,P02,P30208,P124,P02,0
2025,P02,P30208,P126,P01,1
2025,P02,P30208,P126,P02,0
2025,P02,P30209,P119,P01,0
2025,P02,P30209,P119,P02,0
2025,P02,P30209,P124,P01,0
2025,P02,P30209,P124,P02,0
2025,P02,P30209,P126,P01,0
2025,P02,P30209,P126,P02,0
2025,P02,P30210,P119,P01,0
2025,P02,P30210,P119,P02,0
2025,P02,P30210,P124,P01,0
2025,P02,P30210,P124,P02,0
2025,P02,P30210,P126,P01,0
2025,P02,P30210,P126,P02,0
2025,P02,P30211,P119,P01,0
2025,P02,P30211,P119,P02,0
2025,P02,P30211,P124,P01,0
2025,P02,P30211,P124,P02,0
2025,P02,P30211,P126,P01,0
2025,P02,P30211,P126,P02,0
2025,P02,P30212,P119,P01,0
2025,P02,P30212,P119,P02,0
2025,P02,P30212,P124,P01,0
2025,P02,P30212,P124,P02,0
2025,P02,P30212,P126,P01,0
2025,P02,P30212,P126,P02,0
2025,P02,P31001,P119,P01,3
2025,P02,P31001,P119,P02,0
2025,P02,P31001,P124,P01,0
2025,P02,P31001,P124,P02,0
2025,P02,P31001,P126,P01,0
2025,P02,P31001,P126,P02,0
2025,P02,P31002,P119,P01,31
2025,P02,P31002,P119,P02,0
2025,P02,P31002,P124,P01,0
2025,P02,P31002,P124,P02,0
2025,P02,P31002,P126,P01,0
2025,P02,P31002,P126,P02,0
2025,P02,P31003,P119,P01,0
2025,P02,P31003,P119,P02,0
2025,P02,P31003,P124,P01,0
2025,P02,P31003,P124,P02,0
2025,P02,P31003,P126,P01,0
2025,P02,P31003,P126,P02,0
2025,P02,P31004,P119,P01,14
2025,P02,P31004,P119,P02,0
2025,P02,P31004,P124,P01,0
2025,P02,P31004,P124,P02,0
2025,P02,P31004,P126,P01,0
2025,P02,P31004,P126,P02,0
2025,P02,P31005,P119,P01,0
2025,P02,P31005,P119,P02,0
2025,P02,P31005,P124,P01,0
2025,P02,P31005,P124,P02,0
2025,P02,P31005,P126,P01,0
2025,P02,P31005,P126,P02,0
2025,P02,P31006,P119,P01,9
2025,P02,P31006,P119,P02,0
2025,P02,P31006,P124,P01,0
2025,P02,P31006,P124,P02,0
2025,P02,P31006,P126,P01,0
2025,P02,P31006,P126,P02,0
2025,P02,P31007,P119,P01,0
2025,P02,P31007,P119,P02,0
2025,P02,P31007,P124,P01,0
2025,P02,P31007,P124,P02,0
2025,P02,P31007,P126,P01,0
2025,P02,P31007,P126,P02,0
2025,P02,P31008,P119,P01,6
2025,P02,P31008,P119,P02,0
2025,P02,P31008,P124,P01,0
2025,P02,P31008,P124,P02,0
2025,P02,P31008,P126,P01,0
2025,P02,P31008,P126,P02,0
2025,P02,P31009,P119,P01,0
2025,P02,P31009,P119,P02,0
2025,P02,P31009,P124,P01,0
2025,P02,P31009,P124,P02,0
2025,P02,P31009,P126,P01,0
2025,P02,P31009,P126,P02,0
2025,P02,P31010,P119,P01,0
2025,P02,P31010,P119,P02,0
2025,P02,P31010,P124,P01,0
2025,P02,P31010,P124,P02,0
2025,P02,P31010,P126,P01,0
2025,P02,P31010,P126,P02,0
2025,P02,P31011,P119,P01,0
2025,P02,P31011,P119,P02,0
2025,P02,P31011,P124,P01,0
2025,P02,P31011,P124,P02,0
2025,P02,P31011,P126,P01,0
2025,P02,P31011,P126,P02,0
2025,P02,P31012,P119,P01,3
2025,P02,P31012,P119,P02,0
2025,P02,P31012,P124,P01,0
2025,P02,P31012,P124,P02,0
2025,P02,P31012,P126,P01,0
2025,P02,P31012,P126,P02,0
2025,P02,P31013,P119,P01,9
2025,P02,P31013,P119,P02,0
2025,P02,P31013,P124,P01,0
2025,P02,P31013,P124,P02,0
2025,P02,P31013,P126,P01,0
2025,P02,P31013,P126,P02,0
2025,P02,P31014,P119,P01,2
2025,P02,P31014,P119,P02,0
2025,P02,P31014,P124,P01,0
2025,P02,P31014,P124,P02,0
2025,P02,P31014,P126,P01,0
2025,P02,P31014,P126,P02,0
2025,P02,P31015,P119,P01,0
2025,P02,P31015,P119,P02,0
2025,P02,P31015,P124,P01,0
2025,P02,P31015,P124,P02,0
2025,P02,P31015,P126,P01,0
2025,P02,P31015,P126,P02,0
2025,P02,P31016,P119,P01,0
2025,P02,P31016,P119,P02,0
2025,P02,P31016,P124,P01,0
2025,P02,P31016,P124,P02,0
2025,P02,P31016,P126,P01,0
2025,P02,P31016,P126,P02,0
2025,P02,P31017,P119,P01,6
2025,P02,P31017,P119,P02,0
2025,P02,P31017,P124,P01,0
2025,P02,P31017,P124,P02,0
2025,P02,P31017,P126,P01,0
2025,P02,P31017,P126,P02,0
2025,P02,P31018,P119,P01,0
2025,P02,P31018,P119,P02,0
2025,P02,P31018,P124,P01,0
2025,P02,P31018,P124,P02,0
2025,P02,P31018,P126,P01,0
2025,P02,P31018,P126,P02,0
2025,P02,P31019,P119,P01,13
2025,P02,P31019,P119,P02,0
2025,P02,P31019,P124,P01,0
2025,P02,P31019,P124,P02,0
2025,P02,P31019,P126,P01,0
2025,P02,P31019,P126,P02,0
2025,P02,P31020,P119,P01,16
2025,P02,P31020,P119,P02,0
2025,P02,P31020,P124,P01,0
2025,P02,P31020,P124,P02,0
2025,P02,P31020,P126,P01,0
2025,P02,P31020,P126,P02,0
2025,P02,P31021,P119,P01,7
2025,P02,P31021,P119,P02,0
2025,P02,P31021,P124,P01,0
2025,P02,P31021,P124,P02,0
2025,P02,P31021,P126,P01,0
2025,P02,P31021,P126,P02,0
2025,P02,P31022,P119,P01,0
2025,P02,P31022,P119,P02,0
2025,P02,P31022,P124,P01,0
2025,P02,P31022,P124,P02,0
2025,P02,P31022,P126,P01,0
2025,P02,P31022,P126,P02,0
2025,P02,P31023,P119,P01,17
2025,P02,P31023,P119,P02,0
2025,P02,P31023,P124,P01,0
2025,P02,P31023,P124,P02,0
2025,P02,P31023,P126,P01,0
2025,P02,P31023,P126,P02,0
2025,P02,P31024,P119,P01,0
2025,P02,P31024,P119,P02,0
2025,P02,P31024,P124,P01,0
2025,P02,P31024,P124,P02,0
2025,P02,P31024,P126,P01,0
2025,P02,P31024,P126,P02,0
2025,P02,P31025,P119,P01,0
2025,P02,P31025,P119,P02,0
2025,P02,P31025,P124,P01,0
2025,P02,P31025,P124,P02,0
2025,P02,P31025,P126,P01,0
2025,P02,P31025,P126,P02,0
2025,P02,P31026,P119,P01,0
2025,P02,P31026,P119,P02,0
2025,P02,P31026,P124,P01,0
2025,P02,P31026,P124,P02,0
2025,P02,P31026,P126,P01,0
2025,P02,P31026,P126,P02,0
2025,P02,P31027,P119,P01,1
2025,P02,P31027,P119,P02,0
2025,P02,P31027,P124,P01,0
2025,P02,P31027,P124,P02,0
2025,P02,P31027,P126,P01,0
2025,P02,P31027,P126,P02,0
2025,P02,P31028,P119,P01,5
2025,P02,P31028,P119,P02,0
2025,P02,P31028,P124,P01,0
2025,P02,P31028,P124,P02,0
2025,P02,P31028,P126,P01,0
2025,P02,P31028,P126,P02,0
2025,P02,P31029,P119,P01,0
2025,P02,P31029,P119,P02,0
2025,P02,P31029,P124,P01,0
2025,P02,P31029,P124,P02,0
2025,P02,P31029,P126,P01,0
2025,P02,P31029,P126,P02,0
2025,P02,P31030,P119,P01,3
2025,P02,P31030,P119,P02,0
2025,P02,P31030,P124,P01,0
2025,P02,P31030,P124,P02,0
2025,P02,P31030,P126,P01,0
2025,P02,P31030,P126,P02,0
2025,P02,P31031,P119,P01,0
2025,P02,P31031,P119,P02,0
2025,P02,P31031,P124,P01,0
2025,P02,P31031,P124,P02,0
2025,P02,P31031,P126,P01,0
2025,P02,P31031,P126,P02,0
2025,P02,P31032,P119,P01,6
2025,P02,P31032,P119,P02,0
2025,P02,P31032,P124,P01,0
2025,P02,P31032,P124,P02,0
2025,P02,P31032,P126,P01,0
2025,P02,P31032,P126,P02,0
2025,P02,P31033,P119,P01,0
2025,P02,P31033,P119,P02,0
2025,P02,P31033,P124,P01,0
2025,P02,P31033,P124,P02,0
2025,P02,P31033,P126,P01,0
2025,P02,P31033,P126,P02,0
2025,P02,P31034,P119,P01,0
2025,P02,P31034,P119,P02,0
2025,P02,P31034,P124,P01,0
2025,P02,P31034,P124,P02,0
2025,P02,P31034,P126,P01,0
2025,P02,P31034,P126,P02,0
2025,P02,P31035,P119,P01,0
2025,P02,P31035,P119,P02,0
2025,P02,P31035,P124,P01,0
2025,P02,P31035,P124,P02,0
2025,P02,P31035,P126,P01,0
2025,P02,P31035,P126,P02,0
2025,P02,P31036,P119,P01,0
2025,P02,P31036,P119,P02,0
2025,P02,P31036,P124,P01,0
2025,P02,P31036,P124,P02,0
2025,P02,P31036,P126,P01,0
2025,P02,P31036,P126,P02,0
2025,P02,P31037,P119,P01,0
2025,P02,P31037,P119,P02,0
2025,P02,P31037,P124,P01,0
2025,P02,P31037,P124,P02,0
2025,P02,P31037,P126,P01,0
2025,P02,P31037,P126,P02,0
2025,P02,P31038,P119,P01,5
2025,P02,P31038,P119,P02,0
2025,P02,P31038,P124,P01,0
2025,P02,P31038,P124,P02,0
2025,P02,P31038,P126,P01,0
2025,P02,P31038,P126,P02,0
2025,P02,P31039,P119,P01,0
2025,P02,P31039,P119,P02,0
2025,P02,P31039,P124,P01,0
2025,P02,P31039,P124,P02,0
2025,P02,P31039,P126,P01,0
2025,P02,P31039,P126,P02,0
2025,P02,P31040,P119,P01,60
2025,P02,P31040,P119,P02,0
2025,P02,P31040,P124,P01,0
2025,P02,P31040,P124,P02,0
2025,P02,P31040,P126,P01,1
2025,P02,P31040,P126,P02,0
2025,P02,P31041,P119,P01,638
2025,P02,P31041,P119,P02,0
2025,P02,P31041,P124,P01,1
2025,P02,P31041,P124,P02,0
2025,P02,P31041,P126,P01,6
2025,P02,P31041,P126,P02,0
2025,P02,P31042,P119,P01,8
2025,P02,P31042,P119,P02,0
2025,P02,P31042,P124,P01,0
2025,P02,P31042,P124,P02,0
2025,P02,P31042,P126,P01,0
2025,P02,P31042,P126,P02,0
2025,P02,P31043,P119,P01,4
2025,P02,P31043,P119,P02,0
2025,P02,P31043,P124,P01,0
2025,P02,P31043,P124,P02,0
2025,P02,P31043,P126,P01,0
2025,P02,P31043,P126,P02,0
2025,P02,P31044,P119,P01,3
2025,P02,P31044,P119,P02,0
2025,P02,P31044,P124,P01,0
2025,P02,P31044,P124,P02,0
2025,P02,P31044,P126,P01,0
2025,P02,P31044,P126,P02,0
2025,P02,P31045,P119,P01,4
2025,P02,P31045,P119,P02,0
2025,P02,P31045,P124,P01,0
2025,P02,P31045,P124,P02,0
2025,P02,P31045,P126,P01,0
2025,P02,P31045,P126,P02,0
2025,P02,P31046,P119,P01,0
2025,P02,P31046,P119,P02,0
2025,P02,P31046,P124,P01,0
2025,P02,P31046,P124,P02,0
2025,P02,P31046,P126,P01,0
2025,P02,P31046,P126,P02,0
2025,P02,P31047,P119,P01,0
2025,P02,P31047,P119,P02,0
2025,P02,P31047,P124,P01,0
2025,P02,P31047,P124,P02,0
2025,P02,P31047,P126,P01,0
2025,P02,P31047,P126,P02,0
2025,P02,P31048,P119,P01,38
2025,P02,P31048,P119,P02,0
2025,P02,P31048,P124,P01,0
2025,P02,P31048,P124,P02,0
2025,P02,P31048,P126,P01,0
2025,P02,P31048,P126,P02,0
2025,P02,P31049,P119,P01,0
2025,P02,P31049,P119,P02,0
2025,P02,P31049,P124,P01,0
2025,P02,P31049,P124,P02,0
2025,P02,P31049,P126,P01,0
2025,P02,P31049,P126,P02,0
2025,P02,P31050,P119,P01,"5,243"
2025,P02,P31050,P119,P02,0
2025,P02,P31050,P124,P01,8
2025,P02,P31050,P124,P02,0
2025,P02,P31050,P126,P01,50
2025,P02,P31050,P126,P02,0
2025,P02,P31051,P119,P01,5
2025,P02,P31051,P119,P02,0
2025,P02,P31051,P124,P01,0
2025,P02,P31051,P124,P02,0
2025,P02,P31051,P126,P01,0
2025,P02,P31051,P126,P02,0
2025,P02,P31052,P119,P01,24
2025,P02,P31052,P119,P02,0
2025,P02,P31052,P124,P01,0
2025,P02,P31052,P124,P02,0
2025,P02,P31052,P126,P01,0
2025,P02,P31052,P126,P02,0
2025,P02,P31053,P119,P01,11
2025,P02,P31053,P119,P02,0
2025,P02,P31053,P124,P01,0
2025,P02,P31053,P124,P02,0
2025,P02,P31053,P126,P01,0
2025,P02,P31053,P126,P02,0
2025,P02,P31054,P119,P01,2
2025,P02,P31054,P119,P02,0
2025,P02,P31054,P124,P01,0
2025,P02,P31054,P124,P02,0
2025,P02,P31054,P126,P01,0
2025,P02,P31054,P126,P02,0
2025,P02,P31055,P119,P01,0
2025,P02,P31055,P119,P02,0
2025,P02,P31055,P124,P01,0
2025,P02,P31055,P124,P02,0
2025,P02,P31055,P126,P01,0
2025,P02,P31055,P126,P02,0
2025,P02,P31056,P119,P01,0
2025,P02,P31056,P119,P02,0
2025,P02,P31056,P124,P01,0
2025,P02,P31056,P124,P02,0
2025,P02,P31056,P126,P01,0
2025,P02,P31056,P126,P02,0
2025,P02,P31057,P119,P01,7
2025,P02,P31057,P119,P02,0
2025,P02,P31057,P124,P01,0
2025,P02,P31057,P124,P02,0
2025,P02,P31057,P126,P01,0
2025,P02,P31057,P126,P02,0
2025,P02,P31058,P119,P01,22
2025,P02,P31058,P119,P02,0
2025,P02,P31058,P124,P01,0
2025,P02,P31058,P124,P02,0
2025,P02,P31058,P126,P01,0
2025,P02,P31058,P126,P02,0
2025,P02,P31059,P119,P01,172
2025,P02,P31059,P119,P02,0
2025,P02,P31059,P124,P01,0
2025,P02,P31059,P124,P02,0
2025,P02,P31059,P126,P01,2
2025,P02,P31059,P126,P02,0
2025,P02,P31060,P119,P01,2
2025,P02,P31060,P119,P02,0
2025,P02,P31060,P124,P01,0
2025,P02,P31060,P124,P02,0
2025,P02,P31060,P126,P01,0
2025,P02,P31060,P126,P02,0
2025,P02,P31061,P119,P01,4
2025,P02,P31061,P119,P02,0
2025,P02,P31061,P124,P01,0
2025,P02,P31061,P124,P02,0
2025,P02,P31061,P126,P01,0
2025,P02,P31061,P126,P02,0
2025,P02,P31062,P119,P01,1
2025,P02,P31062,P119,P02,0
2025,P02,P31062,P124,P01,0
2025,P02,P31062,P124,P02,0
2025,P02,P31062,P126,P01,0
2025,P02,P31062,P126,P02,0
2025,P02,P31063,P119,P01,2
2025,P02,P31063,P119,P02,0
2025,P02,P31063,P124,P01,0
2025,P02,P31063,P124,P02,0
2025,P02,P31063,P126,P01,0
2025,P02,P31063,P126,P02,0
2025,P02,P31064,P119,P01,0
2025,P02,P31064,P119,P02,0
2025,P02,P31064,P124,P01,0
2025,P02,P31064,P124,P02,0
2025,P02,P31064,P126,P01,0
2025,P02,P31064,P126,P02,0
2025,P02,P31065,P119,P01,89
2025,P02,P31065,P119,P02,0
2025,P02,P31065,P124,P01,0
2025,P02,P31065,P124,P02,0
2025,P02,P31065,P126,P01,1
2025,P02,P31065,P126,P02,0
2025,P02,P31066,P119,P01,1
2025,P02,P31066,P119,P02,0
2025,P02,P31066,P124,P01,0
2025,P02,P31066,P124,P02,0
2025,P02,P31066,P126,P01,0
2025,P02,P31066,P126,P02,0
2025,P02,P31067,P119,P01,6
2025,P02,P31067,P119,P02,0
2025,P02,P31067,P124,P01,0
2025,P02,P31067,P124,P02,0
2025,P02,P31067,P126,P01,0
2025,P02,P31067,P126,P02,0
2025,P02,P31068,P119,P01,8
2025,P02,P31068,P119,P02,0
2025,P02,P31068,P124,P01,0
2025,P02,P31068,P124,P02,0
2025,P02,P31068,P126,P01,0
2025,P02,P31068,P126,P02,0
2025,P02,P31069,P119,P01,0
2025,P02,P31069,P119,P02,0
2025,P02,P31069,P124,P01,0
2025,P02,P31069,P124,P02,0
2025,P02,P31069,P126,P01,0
2025,P02,P31069,P126,P02,0
2025,P02,P31070,P119,P01,6
2025,P02,P31070,P119,P02,0
2025,P02,P31070,P124,P01,0
2025,P02,P31070,P124,P02,0
2025,P02,P31070,P126,P01,0
2025,P02,P31070,P126,P02,0
2025,P02,P31071,P119,P01,8
2025,P02,P31071,P119,P02,0
2025,P02,P31071,P124,P01,0
2025,P02,P31071,P124,P02,0
2025,P02,P31071,P126,P01,0
2025,P02,P31071,P126,P02,0
2025,P02,P31072,P119,P01,0
2025,P02,P31072,P119,P02,0
2025,P02,P31072,P124,P01,0
2025,P02,P31072,P124,P02,0
2025,P02,P31072,P126,P01,0
2025,P02,P31072,P126,P02,0
2025,P02,P31073,P119,P01,1
2025,P02,P31073,P119,P02,0
2025,P02,P31073,P124,P01,0
2025,P02,P31073,P124,P02,0
2025,P02,P31073,P126,P01,0
2025,P02,P31073,P126,P02,0
2025,P02,P31074,P119,P01,19
2025,P02,P31074,P119,P02,0
2025,P02,P31074,P124,P01,0
2025,P02,P31074,P124,P02,0
2025,P02,P31074,P126,P01,0
2025,P02,P31074,P126,P02,0
2025,P02,P31075,P119,P01,9
2025,P02,P31075,P119,P02,0
2025,P02,P31075,P124,P01,0
2025,P02,P31075,P124,P02,0
2025,P02,P31075,P126,P01,0
2025,P02,P31075,P126,P02,0
2025,P02,P31076,P119,P01,13
2025,P02,P31076,P119,P02,0
2025,P02,P31076,P124,P01,0
2025,P02,P31076,P124,P02,0
2025,P02,P31076,P126,P01,0
2025,P02,P31076,P126,P02,0
2025,P02,P31077,P119,P01,4
2025,P02,P31077,P119,P02,0
2025,P02,P31077,P124,P01,0
2025,P02,P31077,P124,P02,0
2025,P02,P31077,P126,P01,0
2025,P02,P31077,P126,P02,0
2025,P02,P31078,P119,P01,15
2025,P02,P31078,P119,P02,0
2025,P02,P31078,P124,P01,0
2025,P02,P31078,P124,P02,0
2025,P02,P31078,P126,P01,0
2025,P02,P31078,P126,P02,0
2025,P02,P31079,P119,P01,0
2025,P02,P31079,P119,P02,0
2025,P02,P31079,P124,P01,0
2025,P02,P31079,P124,P02,0
2025,P02,P31079,P126,P01,0
2025,P02,P31079,P126,P02,0
2025,P02,P31080,P119,P01,0
2025,P02,P31080,P119,P02,0
2025,P02,P31080,P124,P01,0
2025,P02,P31080,P124,P02,0
2025,P02,P31080,P126,P01,0
2025,P02,P31080,P126,P02,0
2025,P02,P31081,P119,P01,0
2025,P02,P31081,P119,P02,0
2025,P02,P31081,P124,P01,0
2025,P02,P31081,P124,P02,0
2025,P02,P31081,P126,P01,0
2025,P02,P31081,P126,P02,0
2025,P02,P31082,P119,P01,0
2025,P02,P31082,P119,P02,0
2025,P02,P31082,P124,P01,0
2025,P02,P31082,P124,P02,0
2025,P02,P31082,P126,P01,0
2025,P02,P31082,P126,P02,0
2025,P02,P31083,P119,P01,30
2025,P02,P31083,P119,P02,0
2025,P02,P31083,P124,P01,0
2025,P02,P31083,P124,P02,0
2025,P02,P31083,P126,P01,0
2025,P02,P31083,P126,P02,0
2025,P02,P31084,P119,P01,5
2025,P02,P31084,P119,P02,0
2025,P02,P31084,P124,P01,0
2025,P02,P31084,P124,P02,0
2025,P02,P31084,P126,P01,0
2025,P02,P31084,P126,P02,0
2025,P02,P31085,P119,P01,23
2025,P02,P31085,P119,P02,0
2025,P02,P31085,P124,P01,0
2025,P02,P31085,P124,P02,0
2025,P02,P31085,P126,P01,0
2025,P02,P31085,P126,P02,0
2025,P02,P31086,P119,P01,0
2025,P02,P31086,P119,P02,0
2025,P02,P31086,P124,P01,0
2025,P02,P31086,P124,P02,0
2025,P02,P31086,P126,P01,0
2025,P02,P31086,P126,P02,0
2025,P02,P31087,P119,P01,1
2025,P02,P31087,P119,P02,0
2025,P02,P31087,P124,P01,0
2025,P02,P31087,P124,P02,0
2025,P02,P31087,P126,P01,0
2025,P02,P31087,P126,P02,0
2025,P02,P31088,P119,P01,0
2025,P02,P31088,P119,P02,0
2025,P02,P31088,P124,P01,0
2025,P02,P31088,P124,P02,0
2025,P02,P31088,P126,P01,0
2025,P02,P31088,P126,P02,0
2025,P02,P31089,P119,P01,11
2025,P02,P31089,P119,P02,0
2025,P02,P31089,P124,P01,0
2025,P02,P31089,P124,P02,0
2025,P02,P31089,P126,P01,0
2025,P02,P31089,P126,P02,0
2025,P02,P31090,P119,P01,12
2025,P02,P31090,P119,P02,0
2025,P02,P31090,P124,P01,0
2025,P02,P31090,P124,P02,0
2025,P02,P31090,P126,P01,0
2025,P02,P31090,P126,P02,0
2025,P02,P31091,P119,P01,4
2025,P02,P31091,P119,P02,0
2025,P02,P31091,P124,P01,0
2025,P02,P31091,P124,P02,0
2025,P02,P31091,P126,P01,0
2025,P02,P31091,P126,P02,0
2025,P02,P31092,P119,P01,1
2025,P02,P31092,P119,P02,0
2025,P02,P31092,P124,P01,0
2025,P02,P31092,P124,P02,0
2025,P02,P31092,P126,P01,0
2025,P02,P31092,P126,P02,0
2025,P02,P31093,P119,P01,26
2025,P02,P31093,P119,P02,0
2025,P02,P31093,P124,P01,0
2025,P02,P31093,P124,P02,0
2025,P02,P31093,P126,P01,0
2025,P02,P31093,P126,P02,0
2025,P02,P31094,P119,P01,1
2025,P02,P31094,P119,P02,0
2025,P02,P31094,P124,P01,0
2025,P02,P31094,P124,P02,0
2025,P02,P31094,P126,P01,0
2025,P02,P31094,P126,P02,0
2025,P02,P31095,P119,P01,25
2025,P02,P31095,P119,P02,0
2025,P02,P31095,P124,P01,0
2025,P02,P31095,P124,P02,0
2025,P02,P31095,P126,P01,0
2025,P02,P31095,P126,P02,0
2025,P02,P31096,P119,P01,85
2025,P02,P31096,P119,P02,0
2025,P02,P31096,P124,P01,0
2025,P02,P31096,P124,P02,0
2025,P02,P31096,P126,P01,1
2025,P02,P31096,P126,P02,0
2025,P02,P31097,P119,P01,5
2025,P02,P31097,P119,P02,0
2025,P02,P31097,P124,P01,0
2025,P02,P31097,P124,P02,0
2025,P02,P31097,P126,P01,0
2025,P02,P31097,P126,P02,0
2025,P02,P31098,P119,P01,17
2025,P02,P31098,P119,P02,0
2025,P02,P31098,P124,P01,0
2025,P02,P31098,P124,P02,0
2025,P02,P31098,P126,P01,0
2025,P02,P31098,P126,P02,0
2025,P02,P31099,P119,P01,7
2025,P02,P31099,P119,P02,0
2025,P02,P31099,P124,P01,0
2025,P02,P31099,P124,P02,0
2025,P02,P31099,P126,P01,0
2025,P02,P31099,P126,P02,0
2025,P02,P31100,P119,P01,29
2025,P02,P31100,P119,P02,0
2025,P02,P31100,P124,P01,0
2025,P02,P31100,P124,P02,0
2025,P02,P31100,P126,P01,0
2025,P02,P31100,P126,P02,0
2025,P02,P31101,P119,P01,203
2025,P02,P31101,P119,P02,0
2025,P02,P31101,P124,P01,0
2025,P02,P31101,P124,P02,0
2025,P02,P31101,P126,P01,2
2025,P02,P31101,P126,P02,0
2025,P02,P31102,P119,P01,31
2025,P02,P31102,P119,P02,0
2025,P02,P31102,P124,P01,0
2025,P02,P31102,P124,P02,0
2025,P02,P31102,P126,P01,0
2025,P02,P31102,P126,P02,0
2025,P02,P31103,P119,P01,0
2025,P02,P31103,P119,P02,0
2025,P02,P31103,P124,P01,0
2025,P02,P31103,P124,P02,0
2025,P02,P31103,P126,P01,0
2025,P02,P31103,P126,P02,0
2025,P02,P31104,P119,P01,34
2025,P02,P31104,P119,P02,0
2025,P02,P31104,P124,P01,0
2025,P02,P31104,P124,P02,0
2025,P02,P31104,P126,P01,0
2025,P02,P31104,P126,P02,0
2025,P02,P31105,P119,P01,0
2025,P02,P31105,P119,P02,0
2025,P02,P31105,P124,P01,0
2025,P02,P31105,P124,P02,0
2025,P02,P31105,P126,P01,0
2025,P02,P31105,P126,P02,0
2025,P02,P31106,P119,P01,0
2025,P02,P31106,P119,P02,0
2025,P02,P31106,P124,P01,0
2025,P02,P31106,P124,P02,0
2025,P02,P31106,P126,P01,0
2025,P02,P31106,P126,P02,0
2025,P02,P32001,P119,P01,0
2025,P02,P32001,P119,P02,0
2025,P02,P32001,P124,P01,0
2025,P02,P32001,P124,P02,0
2025,P02,P32001,P126,P01,0
2025,P02,P32001,P126,P02,0
2025,P02,P32002,P119,P01,1
2025,P02,P32002,P119,P02,0
2025,P02,P32002,P124,P01,0
2025,P02,P32002,P124,P02,0
2025,P02,P32002,P126,P01,0
2025,P02,P32002,P126,P02,0
2025,P02,P32003,P119,P01,1
2025,P02,P32003,P119,P02,0
2025,P02,P32003,P124,P01,0
2025,P02,P32003,P124,P02,0
2025,P02,P32003,P126,P01,0
2025,P02,P32003,P126,P02,0
2025,P02,P32004,P119,P01,"2,037"
2025,P02,P32004,P119,P02,0
2025,P02,P32004,P124,P01,3
2025,P02,P32004,P124,P02,0
2025,P02,P32004,P126,P01,19
2025,P02,P32004,P126,P02,0
2025,P02,P32005,P119,P01,5
2025,P02,P32005,P119,P02,0
2025,P02,P32005,P124,P01,0
2025,P02,P32005,P124,P02,0
2025,P02,P32005,P126,P01,0
2025,P02,P32005,P126,P02,0
2025,P02,P32006,P119,P01,0
2025,P02,P32006,P119,P02,0
2025,P02,P32006,P124,P01,0
2025,P02,P32006,P124,P02,0
2025,P02,P32006,P126,P01,0
2025,P02,P32006,P126,P02,0
2025,P02,P32007,P119,P01,0
2025,P02,P32007,P119,P02,0
2025,P02,P32007,P124,P01,0
2025,P02,P32007,P124,P02,0
2025,P02,P32007,P126,P01,0
2025,P02,P32007,P126,P02,0
2025,P02,P32008,P119,P01,498
2025,P02,P32008,P119,P02,0
2025,P02,P32008,P124,P01,1
2025,P02,P32008,P124,P02,0
2025,P02,P32008,P126,P01,5
2025,P02,P32008,P126,P02,0
2025,P02,P32009,P119,P01,0
2025,P02,P32009,P119,P02,0
2025,P02,P32009,P124,P01,0
2025,P02,P32009,P124,P02,0
2025,P02,P32009,P126,P01,0
2025,P02,P32009,P126,P02,0
2025,P02,P32010,P119,P01,35
2025,P02,P32010,P119,P02,0
2025,P02,P32010,P124,P01,0
2025,P02,P32010,P124,P02,0
2025,P02,P32010,P126,P01,0
2025,P02,P32010,P126,P02,0
2025,P02,P32011,P119,P01,29
2025,P02,P32011,P119,P02,0
2025,P02,P32011,P124,P01,0
2025,P02,P32011,P124,P02,0
2025,P02,P32011,P126,P01,0
2025,P02,P32011,P126,P02,0
2025,P02,P32012,P119,P01,6
2025,P02,P32012,P119,P02,0
2025,P02,P32012,P124,P01,0
2025,P02,P32012,P124,P02,0
2025,P02,P32012,P126,P01,0
2025,P02,P32012,P126,P02,0
2025,P02,P32013,P119,P01,3
2025,P02,P32013,P119,P02,0
2025,P02,P32013,P124,P01,0
2025,P02,P32013,P124,P02,0
2025,P02,P32013,P126,P01,0
2025,P02,P32013,P126,P02,0
2025,P02,P32014,P119,P01,1
2025,P02,P32014,P119,P02,0
2025,P02,P32014,P124,P01,0
2025,P02,P32014,P124,P02,0
2025,P02,P32014,P126,P01,0
2025,P02,P32014,P126,P02,0
2025,P02,P32015,P119,P01,1
2025,P02,P32015,P119,P02,0
2025,P02,P32015,P124,P01,0
2025,P02,P32015,P124,P02,0
2025,P02,P32015,P126,P01,0
2025,P02,P32015,P126,P02,0
2025,P02,P32016,P119,P01,0
2025,P02,P32016,P119,P02,0
2025,P02,P32016,P124,P01,0
2025,P02,P32016,P124,P02,0
2025,P02,P32016,P126,P01,0
2025,P02,P32016,P126,P02,0
2025,P02,P32017,P119,P01,161
2025,P02,P32017,P119,P02,0
2025,P02,P32017,P124,P01,0
2025,P02,P32017,P124,P02,0
2025,P02,P32017,P126,P01,2
2025,P02,P32017,P126,P02,0
2025,P02,P32018,P119,P01,0
2025,P02,P32018,P119,P02,0
2025,P02,P32018,P124,P01,0
2025,P02,P32018,P124,P02,0
2025,P02,P32018,P126,P01,0
2025,P02,P32018,P126,P02,0
2025,P02,P32019,P119,P01,11
2025,P02,P32019,P119,P02,0
2025,P02,P32019,P124,P01,0
2025,P02,P32019,P124,P02,0
2025,P02,P32019,P126,P01,0
2025,P02,P32019,P126,P02,0
2025,P02,P32020,P119,P01,121
2025,P02,P32020,P119,P02,0
2025,P02,P32020,P124,P01,0
2025,P02,P32020,P124,P02,0
2025,P02,P32020,P126,P01,1
2025,P02,P32020,P126,P02,0
2025,P02,P32021,P119,P01,0
2025,P02,P32021,P119,P02,0
2025,P02,P32021,P124,P01,0
2025,P02,P32021,P124,P02,0
2025,P02,P32021,P126,P01,0
2025,P02,P32021,P126,P02,0
2025,P02,P32022,P119,P01,0
2025,P02,P32022,P119,P02,0
2025,P02,P32022,P124,P01,0
2025,P02,P32022,P124,P02,0
2025,P02,P32022,P126,P01,0
2025,P02,P32022,P126,P02,0
2025,P02,P32023,P119,P01,0
2025,P02,P32023,P119,P02,0
2025,P02,P32023,P124,P01,0
2025,P02,P32023,P124,P02,0
2025,P02,P32023,P126,P01,0
2025,P02,P32023,P126,P02,0
2025,P02,P32024,P119,P01,0
2025,P02,P32024,P119,P02,0
2025,P02,P32024,P124,P01,0
2025,P02,P32024,P124,P02,0
2025,P02,P32024,P126,P01,0
2025,P02,P32024,P126,P02,0
2025,P02,P32025,P119,P01,16
2025,P02,P32025,P119,P02,0
2025,P02,P32025,P124,P01,0
2025,P02,P32025,P124,P02,0
2025,P02,P32025,P126,P01,0
2025,P02,P32025,P126,P02,0
2025,P02,P32026,P119,P01,0
2025,P02,P32026,P119,P02,0
2025,P02,P32026,P124,P01,0
2025,P02,P32026,P124,P02,0
2025,P02,P32026,P126,P01,0
2025,P02,P32026,P126,P02,0
2025,P02,P32027,P119,P01,36
2025,P02,P32027,P119,P02,0
2025,P02,P32027,P124,P01,0
2025,P02,P32027,P124,P02,0
2025,P02,P32027,P126,P01,0
2025,P02,P32027,P126,P02,0
2025,P02,P32028,P119,P01,18
2025,P02,P32028,P119,P02,0
2025,P02,P32028,P124,P01,0
2025,P02,P32028,P124,P02,0
2025,P02,P32028,P126,P01,0
2025,P02,P32028,P126,P02,0
2025,P02,P32029,P119,P01,1
2025,P02,P32029,P119,P02,0
2025,P02,P32029,P124,P01,0
2025,P02,P32029,P124,P02,0
2025,P02,P32029,P126,P01,0
2025,P02,P32029,P126,P02,0
2025,P02,P32030,P119,P01,0
2025,P02,P32030,P119,P02,0
2025,P02,P32030,P124,P01,0
2025,P02,P32030,P124,P02,0
2025,P02,P32030,P126,P01,0
2025,P02,P32030,P126,P02,0
2025,P02,P32031,P119,P01,1
2025,P02,P32031,P119,P02,0
2025,P02,P32031,P124,P01,0
2025,P02,P32031,P124,P02,0
2025,P02,P32031,P126,P01,0
2025,P02,P32031,P126,P02,0
2025,P02,P32032,P119,P01,5
2025,P02,P32032,P119,P02,0
2025,P02,P32032,P124,P01,0
2025,P02,P32032,P124,P02,0
2025,P02,P32032,P126,P01,0
2025,P02,P32032,P126,P02,0
2025,P02,P32033,P119,P01,0
2025,P02,P32033,P119,P02,0
2025,P02,P32033,P124,P01,0
2025,P02,P32033,P124,P02,0
2025,P02,P32033,P126,P01,0
2025,P02,P32033,P126,P02,0
2025,P02,P32034,P119,P01,6
2025,P02,P32034,P119,P02,0
2025,P02,P32034,P124,P01,0
2025,P02,P32034,P124,P02,0
2025,P02,P32034,P126,P01,0
2025,P02,P32034,P126,P02,0
2025,P02,P32035,P119,P01,1
2025,P02,P32035,P119,P02,0
2025,P02,P32035,P124,P01,0
2025,P02,P32035,P124,P02,0
2025,P02,P32035,P126,P01,0
2025,P02,P32035,P126,P02,0
2025,P02,P32036,P119,P01,19
2025,P02,P32036,P119,P02,0
2025,P02,P32036,P124,P01,0
2025,P02,P32036,P124,P02,0
2025,P02,P32036,P126,P01,0
2025,P02,P32036,P126,P02,0
2025,P02,P32037,P119,P01,38
2025,P02,P32037,P119,P02,0
2025,P02,P32037,P124,P01,0
2025,P02,P32037,P124,P02,0
2025,P02,P32037,P126,P01,0
2025,P02,P32037,P126,P02,0
2025,P02,P32038,P119,P01,48
2025,P02,P32038,P119,P02,0
2025,P02,P32038,P124,P01,0
2025,P02,P32038,P124,P02,0
2025,P02,P32038,P126,P01,0
2025,P02,P32038,P126,P02,0
2025,P02,P32039,P119,P01,0
2025,P02,P32039,P119,P02,0
2025,P02,P32039,P124,P01,0
2025,P02,P32039,P124,P02,0
2025,P02,P32039,P126,P01,0
2025,P02,P32039,P126,P02,0
2025,P02,P32040,P119,P01,1
2025,P02,P32040,P119,P02,0
2025,P02,P32040,P124,P01,0
2025,P02,P32040,P124,P02,0
2025,P02,P32040,P126,P01,0
2025,P02,P32040,P126,P02,0
2025,P02,P32041,P119,P01,0
2025,P02,P32041,P119,P02,0
2025,P02,P32041,P124,P01,0
2025,P02,P32041,P124,P02,0
2025,P02,P32041,P126,P01,0
2025,P02,P32041,P126,P02,0
2025,P02,P32042,P119,P01,0
2025,P02,P32042,P119,P02,0
2025,P02,P32042,P124,P01,0
2025,P02,P32042,P124,P02,0
2025,P02,P32042,P126,P01,0
2025,P02,P32042,P126,P02,0
2025,P02,P32043,P119,P01,0
2025,P02,P32043,P119,P02,0
2025,P02,P32043,P124,P01,0
2025,P02,P32043,P124,P02,0
2025,P02,P32043,P126,P01,0
2025,P02,P32043,P126,P02,0
2025,P02,P32044,P119,P01,0
2025,P02,P32044,P119,P02,0
2025,P02,P32044,P124,P01,0
2025,P02,P32044,P124,P02,0
2025,P02,P32044,P126,P01,0
2025,P02,P32044,P126,P02,0
2025,P02,P32045,P119,P01,36
2025,P02,P32045,P119,P02,0
2025,P02,P32045,P124,P01,0
2025,P02,P32045,P124,P02,0
2025,P02,P32045,P126,P01,0
2025,P02,P32045,P126,P02,0
2025,P02,P32046,P119,P01,9
2025,P02,P32046,P119,P02,0
2025,P02,P32046,P124,P01,0
2025,P02,P32046,P124,P02,0
2025,P02,P32046,P126,P01,0
2025,P02,P32046,P126,P02,0
2025,P02,P32047,P119,P01,316
2025,P02,P32047,P119,P02,0
2025,P02,P32047,P124,P01,0
2025,P02,P32047,P124,P02,0
2025,P02,P32047,P126,P01,3
2025,P02,P32047,P126,P02,0
2025,P02,P32048,P119,P01,6
2025,P02,P32048,P119,P02,0
2025,P02,P32048,P124,P01,0
2025,P02,P32048,P124,P02,0
2025,P02,P32048,P126,P01,0
2025,P02,P32048,P126,P02,0
2025,P02,P32049,P119,P01,0
2025,P02,P32049,P119,P02,0
2025,P02,P32049,P124,P01,0
2025,P02,P32049,P124,P02,0
2025,P02,P32049,P126,P01,0
2025,P02,P32049,P126,P02,0
2025,P02,P32050,P119,P01,0
2025,P02,P32050,P119,P02,0
2025,P02,P32050,P124,P01,0
2025,P02,P32050,P124,P02,0
2025,P02,P32050,P126,P01,0
2025,P02,P32050,P126,P02,0
2025,P02,P32051,P119,P01,13
2025,P02,P32051,P119,P02,0
2025,P02,P32051,P124,P01,0
2025,P02,P32051,P124,P02,0
2025,P02,P32051,P126,P01,0
2025,P02,P32051,P126,P02,0
2025,P02,P32052,P119,P01,325
2025,P02,P32052,P119,P02,0
2025,P02,P32052,P124,P01,1
2025,P02,P32052,P124,P02,0
2025,P02,P32052,P126,P01,3
2025,P02,P32052,P126,P02,0
2025,P02,P32053,P119,P01,0
2025,P02,P32053,P119,P02,0
2025,P02,P32053,P124,P01,0
2025,P02,P32053,P124,P02,0
2025,P02,P32053,P126,P01,0
2025,P02,P32053,P126,P02,0
2025,P02,P32054,P119,P01,0
2025,P02,P32054,P119,P02,0
2025,P02,P32054,P124,P01,0
2025,P02,P32054,P124,P02,0
2025,P02,P32054,P126,P01,0
2025,P02,P32054,P126,P02,0
2025,P02,P32055,P119,P01,1
2025,P02,P32055,P119,P02,0
2025,P02,P32055,P124,P01,0
2025,P02,P32055,P124,P02,0
2025,P02,P32055,P126,P01,0
2025,P02,P32055,P126,P02,0
2025,P02,P32056,P119,P01,14
2025,P02,P32056,P119,P02,0
2025,P02,P32056,P124,P01,0
2025,P02,P32056,P124,P02,0
2025,P02,P32056,P126,P01,0
2025,P02,P32056,P126,P02,0
2025,P02,P32057,P119,P01,0
2025,P02,P32057,P119,P02,0
2025,P02,P32057,P124,P01,0
2025,P02,P32057,P124,P02,0
2025,P02,P32057,P126,P01,0
2025,P02,P32057,P126,P02,0
2025,P02,P32058,P119,P01,12
2025,P02,P32058,P119,P02,0
2025,P02,P32058,P124,P01,0
2025,P02,P32058,P124,P02,0
2025,P02,P32058,P126,P01,0
2025,P02,P32058,P126,P02,0
